# https://github.com/mikedh/trimesh
v -0.34384615 -0.34000000 -0.00541026
v -0.34000000 -0.34384615 -0.00541026
v -0.34000000 -0.34000000 -0.00925641
v -0.34466666 -0.34000000 0.00458974
v -0.34000000 -0.34466666 0.00458974
v -0.34000000 -0.34000000 0.00925641
v -0.34384615 -0.33000000 -0.00541026
v -0.34000000 -0.33000000 -0.00925641
v -0.34466666 -0.33000000 0.00458974
v -0.34000000 -0.33000000 0.00925641
v -0.34384615 -0.32000000 -0.00541026
v -0.34000000 -0.32000000 -0.00925641
v -0.34466666 -0.32000000 0.00458974
v -0.34000000 -0.32000000 0.00925641
v -0.34384615 -0.31000000 -0.00541026
v -0.34000000 -0.31000000 -0.00925641
v -0.34466666 -0.31000000 0.00458974
v -0.34000000 -0.31000000 0.00925641
v -0.34384615 -0.30000000 -0.00541026
v -0.34000000 -0.30000000 -0.00925641
v -0.34466666 -0.30000000 0.00458974
v -0.34000000 -0.30000000 0.00925641
v -0.34384615 -0.29000000 -0.00541026
v -0.34000000 -0.29000000 -0.00925641
v -0.34466666 -0.29000000 0.00458974
v -0.34000000 -0.29000000 0.00925641
v -0.34384615 -0.28000000 -0.00541026
v -0.34000000 -0.28000000 -0.00925641
v -0.34466666 -0.28000000 0.00458974
v -0.34000000 -0.28000000 0.00925641
v -0.34384615 -0.27000000 -0.00541026
v -0.34000000 -0.27000000 -0.00925641
v -0.34466666 -0.27000000 0.00458974
v -0.34000000 -0.27000000 0.00925641
v -0.34384615 -0.26000000 -0.00541026
v -0.34000000 -0.26000000 -0.00925641
v -0.34466666 -0.26000000 0.00458974
v -0.34000000 -0.26000000 0.00925641
v -0.34384615 -0.25000000 -0.00541026
v -0.34000000 -0.25000000 -0.00925641
v -0.34466666 -0.25000000 0.00458974
v -0.34000000 -0.25000000 0.00925641
v -0.34384615 -0.24000000 -0.00541026
v -0.34000000 -0.24000000 -0.00925641
v -0.34466666 -0.24000000 0.00458974
v -0.34000000 -0.24000000 0.00925641
v -0.34384615 -0.23000000 -0.00541026
v -0.34000000 -0.23000000 -0.00925641
v -0.34466666 -0.23000000 0.00458974
v -0.34000000 -0.23000000 0.00925641
v -0.34384615 -0.22000000 -0.00541026
v -0.34000000 -0.22000000 -0.00925641
v -0.34466666 -0.22000000 0.00458974
v -0.34000000 -0.22000000 0.00925641
v -0.34384615 -0.21000000 -0.00541026
v -0.34000000 -0.21000000 -0.00925641
v -0.34466666 -0.21000000 0.00458974
v -0.34000000 -0.21000000 0.00925641
v -0.34384615 -0.20000000 -0.00541026
v -0.34000000 -0.20000000 -0.00925641
v -0.34466666 -0.20000000 0.00458974
v -0.34000000 -0.20000000 0.00925641
v -0.34384615 -0.19000000 -0.00541026
v -0.34000000 -0.19000000 -0.00925641
v -0.34466666 -0.19000000 0.00458974
v -0.34000000 -0.19000000 0.00925641
v -0.34384615 -0.18000000 -0.00541026
v -0.34000000 -0.18000000 -0.00925641
v -0.34466666 -0.18000000 0.00458974
v -0.34000000 -0.18000000 0.00925641
v -0.34384615 -0.17000000 -0.00541026
v -0.34000000 -0.17000000 -0.00925641
v -0.34466666 -0.17000000 0.00458974
v -0.34000000 -0.17000000 0.00925641
v -0.34384615 -0.16000000 -0.00541026
v -0.34000000 -0.16000000 -0.00925641
v -0.34466666 -0.16000000 0.00458974
v -0.34000000 -0.16000000 0.00925641
v -0.34384615 -0.15000000 -0.00541026
v -0.34000000 -0.15000000 -0.00925641
v -0.34466666 -0.15000000 0.00458974
v -0.34000000 -0.15000000 0.00925641
v -0.34384615 -0.14000000 -0.00541026
v -0.34000000 -0.14000000 -0.00925641
v -0.34466666 -0.14000000 0.00458974
v -0.34000000 -0.14000000 0.00925641
v -0.34384615 -0.13000000 -0.00541026
v -0.34000000 -0.13000000 -0.00925641
v -0.34466666 -0.13000000 0.00458974
v -0.34000000 -0.13000000 0.00925641
v -0.34384615 -0.12000000 -0.00541026
v -0.34000000 -0.12000000 -0.00925641
v -0.34466666 -0.12000000 0.00458974
v -0.34000000 -0.12000000 0.00925641
v -0.34384615 -0.11000000 -0.00541026
v -0.34000000 -0.11000000 -0.00925641
v -0.34466666 -0.11000000 0.00458974
v -0.34000000 -0.11000000 0.00925641
v -0.34384615 -0.10000000 -0.00541026
v -0.34000000 -0.10000000 -0.00925641
v -0.34466666 -0.10000000 0.00458974
v -0.34000000 -0.10000000 0.00925641
v -0.34384615 -0.09000000 -0.00541026
v -0.34000000 -0.09000000 -0.00925641
v -0.34466666 -0.09000000 0.00458974
v -0.34000000 -0.09000000 0.00925641
v -0.34384615 -0.08000000 -0.00541026
v -0.34000000 -0.08000000 -0.00925641
v -0.34466666 -0.08000000 0.00458974
v -0.34000000 -0.08000000 0.00925641
v -0.34384615 -0.07000000 -0.00541026
v -0.34000000 -0.07000000 -0.00925641
v -0.34466666 -0.07000000 0.00458974
v -0.34000000 -0.07000000 0.00925641
v -0.34384615 -0.06000000 -0.00541026
v -0.34000000 -0.06000000 -0.00925641
v -0.34466666 -0.06000000 0.00458974
v -0.34000000 -0.06000000 0.00925641
v -0.34384615 -0.05000000 -0.00541026
v -0.34000000 -0.05000000 -0.00925641
v -0.34466666 -0.05000000 0.00458974
v -0.34000000 -0.05000000 0.00925641
v -0.34384615 -0.04000000 -0.00541026
v -0.34000000 -0.04000000 -0.00925641
v -0.34466666 -0.04000000 0.00458974
v -0.34000000 -0.04000000 0.00925641
v -0.34384615 -0.03000000 -0.00541026
v -0.34000000 -0.03000000 -0.00925641
v -0.34466666 -0.03000000 0.00458974
v -0.34000000 -0.03000000 0.00925641
v -0.34384615 -0.02000000 -0.00541026
v -0.34000000 -0.02000000 -0.00925641
v -0.34466666 -0.02000000 0.00458974
v -0.34000000 -0.02000000 0.00925641
v -0.34384615 -0.01000000 -0.00541026
v -0.34000000 -0.01000000 -0.00925641
v -0.34466666 -0.01000000 0.00458974
v -0.34000000 -0.01000000 0.00925641
v -0.34384615 -0.00000000 -0.00541026
v -0.34000000 -0.00000000 -0.00925641
v -0.34466666 -0.00000000 0.00458974
v -0.34000000 -0.00000000 0.00925641
v -0.34384615 0.01000000 -0.00541026
v -0.34000000 0.01000000 -0.00925641
v -0.34466666 0.01000000 0.00458974
v -0.34000000 0.01000000 0.00925641
v -0.34384615 0.02000000 -0.00541026
v -0.34000000 0.02000000 -0.00925641
v -0.34466666 0.02000000 0.00458974
v -0.34000000 0.02000000 0.00925641
v -0.34384615 0.03000000 -0.00541026
v -0.34000000 0.03000000 -0.00925641
v -0.34466666 0.03000000 0.00458974
v -0.34000000 0.03000000 0.00925641
v -0.34384615 0.04000000 -0.00541026
v -0.34000000 0.04000000 -0.00925641
v -0.34466666 0.04000000 0.00458974
v -0.34000000 0.04000000 0.00925641
v -0.34384615 0.05000000 -0.00541026
v -0.34000000 0.05000000 -0.00925641
v -0.34466666 0.05000000 0.00458974
v -0.34000000 0.05000000 0.00925641
v -0.34384615 0.06000000 -0.00541026
v -0.34000000 0.06000000 -0.00925641
v -0.34466666 0.06000000 0.00458974
v -0.34000000 0.06000000 0.00925641
v -0.34384615 0.07000000 -0.00541026
v -0.34000000 0.07000000 -0.00925641
v -0.34466666 0.07000000 0.00458974
v -0.34000000 0.07000000 0.00925641
v -0.34384615 0.08000000 -0.00541026
v -0.34000000 0.08000000 -0.00925641
v -0.34466666 0.08000000 0.00458974
v -0.34000000 0.08000000 0.00925641
v -0.34384615 0.09000000 -0.00541026
v -0.34000000 0.09000000 -0.00925641
v -0.34466666 0.09000000 0.00458974
v -0.34000000 0.09000000 0.00925641
v -0.34384615 0.10000000 -0.00541026
v -0.34000000 0.10000000 -0.00925641
v -0.34466666 0.10000000 0.00458974
v -0.34000000 0.10000000 0.00925641
v -0.34384615 0.11000000 -0.00541026
v -0.34000000 0.11000000 -0.00925641
v -0.34466666 0.11000000 0.00458974
v -0.34000000 0.11000000 0.00925641
v -0.34384615 0.12000000 -0.00541026
v -0.34000000 0.12000000 -0.00925641
v -0.34466666 0.12000000 0.00458974
v -0.34000000 0.12000000 0.00925641
v -0.34384615 0.13000000 -0.00541026
v -0.34000000 0.13000000 -0.00925641
v -0.34466666 0.13000000 0.00458974
v -0.34000000 0.13000000 0.00925641
v -0.34384615 0.14000000 -0.00541026
v -0.34000000 0.14000000 -0.00925641
v -0.34466666 0.14000000 0.00458974
v -0.34000000 0.14000000 0.00925641
v -0.34384615 0.15000000 -0.00541026
v -0.34000000 0.15000000 -0.00925641
v -0.34466666 0.15000000 0.00458974
v -0.34000000 0.15000000 0.00925641
v -0.34384615 0.16000000 -0.00541026
v -0.34000000 0.16000000 -0.00925641
v -0.34466666 0.16000000 0.00458974
v -0.34000000 0.16000000 0.00925641
v -0.34384615 0.17000000 -0.00541026
v -0.34000000 0.17000000 -0.00925641
v -0.34466666 0.17000000 0.00458974
v -0.34000000 0.17000000 0.00925641
v -0.34384615 0.18000000 -0.00541026
v -0.34000000 0.18000000 -0.00925641
v -0.34466666 0.18000000 0.00458974
v -0.34000000 0.18000000 0.00925641
v -0.34384615 0.19000000 -0.00541026
v -0.34000000 0.19000000 -0.00925641
v -0.34466666 0.19000000 0.00458974
v -0.34000000 0.19000000 0.00925641
v -0.34384615 0.20000000 -0.00541026
v -0.34000000 0.20000000 -0.00925641
v -0.34466666 0.20000000 0.00458974
v -0.34000000 0.20000000 0.00925641
v -0.34384615 0.21000000 -0.00541026
v -0.34000000 0.21000000 -0.00925641
v -0.34466666 0.21000000 0.00458974
v -0.34000000 0.21000000 0.00925641
v -0.34384615 0.22000000 -0.00541026
v -0.34000000 0.22000000 -0.00925641
v -0.34466666 0.22000000 0.00458974
v -0.34000000 0.22000000 0.00925641
v -0.34384615 0.23000000 -0.00541026
v -0.34000000 0.23000000 -0.00925641
v -0.34466666 0.23000000 0.00458974
v -0.34000000 0.23000000 0.00925641
v -0.34384615 0.24000000 -0.00541026
v -0.34000000 0.24000000 -0.00925641
v -0.34466666 0.24000000 0.00458974
v -0.34000000 0.24000000 0.00925641
v -0.34384615 0.25000000 -0.00541026
v -0.34000000 0.25000000 -0.00925641
v -0.34466666 0.25000000 0.00458974
v -0.34000000 0.25000000 0.00925641
v -0.34384615 0.26000000 -0.00541026
v -0.34000000 0.26000000 -0.00925641
v -0.34466666 0.26000000 0.00458974
v -0.34000000 0.26000000 0.00925641
v -0.34384615 0.27000000 -0.00541026
v -0.34000000 0.27000000 -0.00925641
v -0.34466666 0.27000000 0.00458974
v -0.34000000 0.27000000 0.00925641
v -0.34384615 0.28000000 -0.00541026
v -0.34000000 0.28000000 -0.00925641
v -0.34466666 0.28000000 0.00458974
v -0.34000000 0.28000000 0.00925641
v -0.34384615 0.29000000 -0.00541026
v -0.34000000 0.29000000 -0.00925641
v -0.34466666 0.29000000 0.00458974
v -0.34000000 0.29000000 0.00925641
v -0.34384615 0.30000000 -0.00541026
v -0.34000000 0.30000000 -0.00925641
v -0.34466666 0.30000000 0.00458974
v -0.34000000 0.30000000 0.00925641
v -0.34384615 0.31000000 -0.00541026
v -0.34000000 0.31000000 -0.00925641
v -0.34466666 0.31000000 0.00458974
v -0.34000000 0.31000000 0.00925641
v -0.34384615 0.32000000 -0.00541026
v -0.34000000 0.32000000 -0.00925641
v -0.34466666 0.32000000 0.00458974
v -0.34000000 0.32000000 0.00925641
v -0.34384615 0.33000000 -0.00541026
v -0.34000000 0.33000000 -0.00925641
v -0.34466666 0.33000000 0.00458974
v -0.34000000 0.33000000 0.00925641
v -0.34384615 0.34000000 -0.00541026
v -0.34000000 0.34000000 -0.00925641
v -0.34466666 0.34000000 0.00458974
v -0.34000000 0.34000000 0.00925641
v -0.34000000 0.34384615 -0.00541026
v -0.34000000 0.34466666 0.00458974
v -0.33000000 -0.34384615 -0.00541026
v -0.33000000 -0.34000000 -0.00925641
v -0.33000000 -0.34466666 0.00458974
v -0.33000000 -0.34000000 0.00925641
v -0.33000000 -0.33000000 -0.00925641
v -0.33000000 -0.33000000 0.00925641
v -0.33000000 -0.32000000 -0.00925641
v -0.33000000 -0.32000000 0.00925641
v -0.33000000 -0.31000000 -0.00925641
v -0.33000000 -0.31000000 0.00925641
v -0.33000000 -0.30000000 -0.00925641
v -0.33000000 -0.30000000 0.00925641
v -0.33000000 -0.29000000 -0.00925641
v -0.33000000 -0.29000000 0.00925641
v -0.33000000 -0.28000000 -0.00925641
v -0.33000000 -0.28000000 0.00925641
v -0.33000000 -0.27000000 -0.00925641
v -0.33000000 -0.27000000 0.00925641
v -0.33000000 -0.26000000 -0.00925641
v -0.33000000 -0.26000000 0.00925641
v -0.33000000 -0.25000000 -0.00925641
v -0.33000000 -0.25000000 0.00925641
v -0.33000000 -0.24000000 -0.00925641
v -0.33000000 -0.24000000 0.00925641
v -0.33000000 -0.23000000 -0.00925641
v -0.33000000 -0.23000000 0.00925641
v -0.33000000 -0.22000000 -0.00925641
v -0.33000000 -0.22000000 0.00925641
v -0.33000000 -0.21000000 -0.00925641
v -0.33000000 -0.21000000 0.00925641
v -0.33000000 -0.20000000 -0.00925641
v -0.33000000 -0.20000000 0.00925641
v -0.33000000 -0.19000000 -0.00925641
v -0.33000000 -0.19000000 0.00925641
v -0.33000000 -0.18000000 -0.00925641
v -0.33000000 -0.18000000 0.00925641
v -0.33000000 -0.17000000 -0.00925641
v -0.33000000 -0.17000000 0.00925641
v -0.33000000 -0.16000000 -0.00925641
v -0.33000000 -0.16000000 0.00925641
v -0.33000000 -0.15000000 -0.00925641
v -0.33000000 -0.15000000 0.00925641
v -0.33000000 -0.14000000 -0.00925641
v -0.33000000 -0.14000000 0.00925641
v -0.33000000 -0.13000000 -0.00925641
v -0.33000000 -0.13000000 0.00925641
v -0.33000000 -0.12000000 -0.00925641
v -0.33000000 -0.12000000 0.00925641
v -0.33000000 -0.11000000 -0.00925641
v -0.33000000 -0.11000000 0.00925641
v -0.33000000 -0.10000000 -0.00925641
v -0.33000000 -0.10000000 0.00925641
v -0.33000000 -0.09000000 -0.00925641
v -0.33000000 -0.09000000 0.00925641
v -0.33000000 -0.08000000 -0.00925641
v -0.33000000 -0.08000000 0.00925641
v -0.33000000 -0.07000000 -0.00925641
v -0.33000000 -0.07000000 0.00925641
v -0.33000000 -0.06000000 -0.00925641
v -0.33000000 -0.06000000 0.00925641
v -0.33000000 -0.05000000 -0.00925641
v -0.33000000 -0.05000000 0.00925641
v -0.33000000 -0.04000000 -0.00925641
v -0.33000000 -0.04000000 0.00925641
v -0.33000000 -0.03000000 -0.00925641
v -0.33000000 -0.03000000 0.00925641
v -0.33000000 -0.02000000 -0.00925641
v -0.33000000 -0.02000000 0.00925641
v -0.33000000 -0.01000000 -0.00925641
v -0.33000000 -0.01000000 0.00925641
v -0.33000000 -0.00000000 -0.00925641
v -0.33000000 -0.00000000 0.00925641
v -0.33000000 0.01000000 -0.00925641
v -0.33000000 0.01000000 0.00925641
v -0.33000000 0.02000000 -0.00925641
v -0.33000000 0.02000000 0.00925641
v -0.33000000 0.03000000 -0.00925641
v -0.33000000 0.03000000 0.00925641
v -0.33000000 0.04000000 -0.00925641
v -0.33000000 0.04000000 0.00925641
v -0.33000000 0.05000000 -0.00925641
v -0.33000000 0.05000000 0.00925641
v -0.33000000 0.06000000 -0.00925641
v -0.33000000 0.06000000 0.00925641
v -0.33000000 0.07000000 -0.00925641
v -0.33000000 0.07000000 0.00925641
v -0.33000000 0.08000000 -0.00925641
v -0.33000000 0.08000000 0.00925641
v -0.33000000 0.09000000 -0.00925641
v -0.33000000 0.09000000 0.00925641
v -0.33000000 0.10000000 -0.00925641
v -0.33000000 0.10000000 0.00925641
v -0.33000000 0.11000000 -0.00925641
v -0.33000000 0.11000000 0.00925641
v -0.33000000 0.12000000 -0.00925641
v -0.33000000 0.12000000 0.00925641
v -0.33000000 0.13000000 -0.00925641
v -0.33000000 0.13000000 0.00925641
v -0.33000000 0.14000000 -0.00925641
v -0.33000000 0.14000000 0.00925641
v -0.33000000 0.15000000 -0.00925641
v -0.33000000 0.15000000 0.00925641
v -0.33000000 0.16000000 -0.00925641
v -0.33000000 0.16000000 0.00925641
v -0.33000000 0.17000000 -0.00925641
v -0.33000000 0.17000000 0.00925641
v -0.33000000 0.18000000 -0.00925641
v -0.33000000 0.18000000 0.00925641
v -0.33000000 0.19000000 -0.00925641
v -0.33000000 0.19000000 0.00925641
v -0.33000000 0.20000000 -0.00925641
v -0.33000000 0.20000000 0.00925641
v -0.33000000 0.21000000 -0.00925641
v -0.33000000 0.21000000 0.00925641
v -0.33000000 0.22000000 -0.00925641
v -0.33000000 0.22000000 0.00925641
v -0.33000000 0.23000000 -0.00925641
v -0.33000000 0.23000000 0.00925641
v -0.33000000 0.24000000 -0.00925641
v -0.33000000 0.24000000 0.00925641
v -0.33000000 0.25000000 -0.00925641
v -0.33000000 0.25000000 0.00925641
v -0.33000000 0.26000000 -0.00925641
v -0.33000000 0.26000000 0.00925641
v -0.33000000 0.27000000 -0.00925641
v -0.33000000 0.27000000 0.00925641
v -0.33000000 0.28000000 -0.00925641
v -0.33000000 0.28000000 0.00925641
v -0.33000000 0.29000000 -0.00925641
v -0.33000000 0.29000000 0.00925641
v -0.33000000 0.30000000 -0.00925641
v -0.33000000 0.30000000 0.00925641
v -0.33000000 0.31000000 -0.00925641
v -0.33000000 0.31000000 0.00925641
v -0.33000000 0.32000000 -0.00925641
v -0.33000000 0.32000000 0.00925641
v -0.33000000 0.33000000 -0.00925641
v -0.33000000 0.33000000 0.00925641
v -0.33000000 0.34000000 -0.00925641
v -0.33000000 0.34000000 0.00925641
v -0.33000000 0.34384615 -0.00541026
v -0.33000000 0.34466666 0.00458974
v -0.32000000 -0.34384615 -0.00541026
v -0.32000000 -0.34000000 -0.00925641
v -0.32000000 -0.34466666 0.00458974
v -0.32000000 -0.34000000 0.00925641
v -0.32000000 -0.33000000 -0.00925641
v -0.32000000 -0.33000000 0.00925641
v -0.32000000 -0.32000000 -0.00925641
v -0.32000000 -0.32000000 0.00925641
v -0.32000000 -0.31000000 -0.00925641
v -0.32000000 -0.31000000 0.00925641
v -0.32000000 -0.30000000 -0.00925641
v -0.32000000 -0.30000000 0.00925641
v -0.32000000 -0.29000000 -0.00925641
v -0.32000000 -0.29000000 0.00925641
v -0.32000000 -0.28000000 -0.00925641
v -0.32000000 -0.28000000 0.00925641
v -0.32000000 -0.27000000 -0.00925641
v -0.32000000 -0.27000000 0.00925641
v -0.32000000 -0.26000000 -0.00925641
v -0.32000000 -0.26000000 0.00925641
v -0.32000000 -0.25000000 -0.00925641
v -0.32000000 -0.25000000 0.00925641
v -0.32000000 -0.24000000 -0.00925641
v -0.32000000 -0.24000000 0.00925641
v -0.32000000 -0.23000000 -0.00925641
v -0.32000000 -0.23000000 0.00925641
v -0.32000000 -0.22000000 -0.00925641
v -0.32000000 -0.22000000 0.00925641
v -0.32000000 -0.21000000 -0.00925641
v -0.32000000 -0.21000000 0.00925641
v -0.32000000 -0.20000000 -0.00925641
v -0.32000000 -0.20000000 0.00925641
v -0.32000000 -0.19000000 -0.00925641
v -0.32000000 -0.19000000 0.00925641
v -0.32000000 -0.18000000 -0.00925641
v -0.32000000 -0.18000000 0.00925641
v -0.32000000 -0.17000000 -0.00925641
v -0.32000000 -0.17000000 0.00925641
v -0.32000000 -0.16000000 -0.00925641
v -0.32000000 -0.16000000 0.00925641
v -0.32000000 -0.15000000 -0.00925641
v -0.32000000 -0.15000000 0.00925641
v -0.32000000 -0.14000000 -0.00925641
v -0.32000000 -0.14000000 0.00925641
v -0.32000000 -0.13000000 -0.00925641
v -0.32000000 -0.13000000 0.00925641
v -0.32000000 -0.12000000 -0.00925641
v -0.32000000 -0.12000000 0.00925641
v -0.32000000 -0.11000000 -0.00925641
v -0.32000000 -0.11000000 0.00925641
v -0.32000000 -0.10000000 -0.00925641
v -0.32000000 -0.10000000 0.00925641
v -0.32000000 -0.09000000 -0.00925641
v -0.32000000 -0.09000000 0.00925641
v -0.32000000 -0.08000000 -0.00925641
v -0.32000000 -0.08000000 0.00925641
v -0.32000000 -0.07000000 -0.00925641
v -0.32000000 -0.07000000 0.00925641
v -0.32000000 -0.06000000 -0.00925641
v -0.32000000 -0.06000000 0.00925641
v -0.32000000 -0.05000000 -0.00925641
v -0.32000000 -0.05000000 0.00925641
v -0.32000000 -0.04000000 -0.00925641
v -0.32000000 -0.04000000 0.00925641
v -0.32000000 -0.03000000 -0.00925641
v -0.32000000 -0.03000000 0.00925641
v -0.32000000 -0.02000000 -0.00925641
v -0.32000000 -0.02000000 0.00925641
v -0.32000000 -0.01000000 -0.00925641
v -0.32000000 -0.01000000 0.00925641
v -0.32000000 -0.00000000 -0.00925641
v -0.32000000 -0.00000000 0.00925641
v -0.32000000 0.01000000 -0.00925641
v -0.32000000 0.01000000 0.00925641
v -0.32000000 0.02000000 -0.00925641
v -0.32000000 0.02000000 0.00925641
v -0.32000000 0.03000000 -0.00925641
v -0.32000000 0.03000000 0.00925641
v -0.32000000 0.04000000 -0.00925641
v -0.32000000 0.04000000 0.00925641
v -0.32000000 0.05000000 -0.00925641
v -0.32000000 0.05000000 0.00925641
v -0.32000000 0.06000000 -0.00925641
v -0.32000000 0.06000000 0.00925641
v -0.32000000 0.07000000 -0.00925641
v -0.32000000 0.07000000 0.00925641
v -0.32000000 0.08000000 -0.00925641
v -0.32000000 0.08000000 0.00925641
v -0.32000000 0.09000000 -0.00925641
v -0.32000000 0.09000000 0.00925641
v -0.32000000 0.10000000 -0.00925641
v -0.32000000 0.10000000 0.00925641
v -0.32000000 0.11000000 -0.00925641
v -0.32000000 0.11000000 0.00925641
v -0.32000000 0.12000000 -0.00925641
v -0.32000000 0.12000000 0.00925641
v -0.32000000 0.13000000 -0.00925641
v -0.32000000 0.13000000 0.00925641
v -0.32000000 0.14000000 -0.00925641
v -0.32000000 0.14000000 0.00925641
v -0.32000000 0.15000000 -0.00925641
v -0.32000000 0.15000000 0.00925641
v -0.32000000 0.16000000 -0.00925641
v -0.32000000 0.16000000 0.00925641
v -0.32000000 0.17000000 -0.00925641
v -0.32000000 0.17000000 0.00925641
v -0.32000000 0.18000000 -0.00925641
v -0.32000000 0.18000000 0.00925641
v -0.32000000 0.19000000 -0.00925641
v -0.32000000 0.19000000 0.00925641
v -0.32000000 0.20000000 -0.00925641
v -0.32000000 0.20000000 0.00925641
v -0.32000000 0.21000000 -0.00925641
v -0.32000000 0.21000000 0.00925641
v -0.32000000 0.22000000 -0.00925641
v -0.32000000 0.22000000 0.00925641
v -0.32000000 0.23000000 -0.00925641
v -0.32000000 0.23000000 0.00925641
v -0.32000000 0.24000000 -0.00925641
v -0.32000000 0.24000000 0.00925641
v -0.32000000 0.25000000 -0.00925641
v -0.32000000 0.25000000 0.00925641
v -0.32000000 0.26000000 -0.00925641
v -0.32000000 0.26000000 0.00925641
v -0.32000000 0.27000000 -0.00925641
v -0.32000000 0.27000000 0.00925641
v -0.32000000 0.28000000 -0.00925641
v -0.32000000 0.28000000 0.00925641
v -0.32000000 0.29000000 -0.00925641
v -0.32000000 0.29000000 0.00925641
v -0.32000000 0.30000000 -0.00925641
v -0.32000000 0.30000000 0.00925641
v -0.32000000 0.31000000 -0.00925641
v -0.32000000 0.31000000 0.00925641
v -0.32000000 0.32000000 -0.00925641
v -0.32000000 0.32000000 0.00925641
v -0.32000000 0.33000000 -0.00925641
v -0.32000000 0.33000000 0.00925641
v -0.32000000 0.34000000 -0.00925641
v -0.32000000 0.34000000 0.00925641
v -0.32000000 0.34384615 -0.00541026
v -0.32000000 0.34466666 0.00458974
v -0.31000000 -0.34384615 -0.00541026
v -0.31000000 -0.34000000 -0.00925641
v -0.31000000 -0.34466666 0.00458974
v -0.31000000 -0.34000000 0.00925641
v -0.31000000 -0.33000000 -0.00925641
v -0.31000000 -0.33000000 0.00925641
v -0.31000000 -0.32000000 -0.00925641
v -0.31000000 -0.32000000 0.00925641
v -0.31000000 -0.31000000 -0.00925641
v -0.31000000 -0.31000000 0.00925641
v -0.31000000 -0.30000000 -0.00925641
v -0.31000000 -0.30000000 0.00925641
v -0.31000000 -0.29000000 -0.00925641
v -0.31000000 -0.29000000 0.00925641
v -0.31000000 -0.28000000 -0.00925641
v -0.31000000 -0.28000000 0.00925641
v -0.31000000 -0.27000000 -0.00925641
v -0.31000000 -0.27000000 0.00925641
v -0.31000000 -0.26000000 -0.00925641
v -0.31000000 -0.26000000 0.00925641
v -0.31000000 -0.25000000 -0.00925641
v -0.31000000 -0.25000000 0.00925641
v -0.31000000 -0.24000000 -0.00925641
v -0.31000000 -0.24000000 0.00925641
v -0.31000000 -0.23000000 -0.00925641
v -0.31000000 -0.23000000 0.00925641
v -0.31000000 -0.22000000 -0.00925641
v -0.31000000 -0.22000000 0.00925641
v -0.31000000 -0.21000000 -0.00925641
v -0.31000000 -0.21000000 0.00925641
v -0.31000000 -0.20000000 -0.00925641
v -0.31000000 -0.20000000 0.00925641
v -0.31000000 -0.19000000 -0.00925641
v -0.31000000 -0.19000000 0.00925641
v -0.31000000 -0.18000000 -0.00925641
v -0.31000000 -0.18000000 0.00925641
v -0.31000000 -0.17000000 -0.00925641
v -0.31000000 -0.17000000 0.00925641
v -0.31000000 -0.16000000 -0.00925641
v -0.31000000 -0.16000000 0.00925641
v -0.31000000 -0.15000000 -0.00925641
v -0.31000000 -0.15000000 0.00925641
v -0.31000000 -0.14000000 -0.00925641
v -0.31000000 -0.14000000 0.00925641
v -0.31000000 -0.13000000 -0.00925641
v -0.31000000 -0.13000000 0.00925641
v -0.31000000 -0.12000000 -0.00925641
v -0.31000000 -0.12000000 0.00925641
v -0.31000000 -0.11000000 -0.00925641
v -0.31000000 -0.11000000 0.00925641
v -0.31000000 -0.10000000 -0.00925641
v -0.31000000 -0.10000000 0.00925641
v -0.31000000 -0.09000000 -0.00925641
v -0.31000000 -0.09000000 0.00925641
v -0.31000000 -0.08000000 -0.00925641
v -0.31000000 -0.08000000 0.00925641
v -0.31000000 -0.07000000 -0.00925641
v -0.31000000 -0.07000000 0.00925641
v -0.31000000 -0.06000000 -0.00925641
v -0.31000000 -0.06000000 0.00925641
v -0.31000000 -0.05000000 -0.00925641
v -0.31000000 -0.05000000 0.00925641
v -0.31000000 -0.04000000 -0.00925641
v -0.31000000 -0.04000000 0.00925641
v -0.31000000 -0.03000000 -0.00925641
v -0.31000000 -0.03000000 0.00925641
v -0.31000000 -0.02000000 -0.00925641
v -0.31000000 -0.02000000 0.00925641
v -0.31000000 -0.01000000 -0.00925641
v -0.31000000 -0.01000000 0.00925641
v -0.31000000 -0.00000000 -0.00925641
v -0.31000000 -0.00000000 0.00925641
v -0.31000000 0.01000000 -0.00925641
v -0.31000000 0.01000000 0.00925641
v -0.31000000 0.02000000 -0.00925641
v -0.31000000 0.02000000 0.00925641
v -0.31000000 0.03000000 -0.00925641
v -0.31000000 0.03000000 0.00925641
v -0.31000000 0.04000000 -0.00925641
v -0.31000000 0.04000000 0.00925641
v -0.31000000 0.05000000 -0.00925641
v -0.31000000 0.05000000 0.00925641
v -0.31000000 0.06000000 -0.00925641
v -0.31000000 0.06000000 0.00925641
v -0.31000000 0.07000000 -0.00925641
v -0.31000000 0.07000000 0.00925641
v -0.31000000 0.08000000 -0.00925641
v -0.31000000 0.08000000 0.00925641
v -0.31000000 0.09000000 -0.00925641
v -0.31000000 0.09000000 0.00925641
v -0.31000000 0.10000000 -0.00925641
v -0.31000000 0.10000000 0.00925641
v -0.31000000 0.11000000 -0.00925641
v -0.31000000 0.11000000 0.00925641
v -0.31000000 0.12000000 -0.00925641
v -0.31000000 0.12000000 0.00925641
v -0.31000000 0.13000000 -0.00925641
v -0.31000000 0.13000000 0.00925641
v -0.31000000 0.14000000 -0.00925641
v -0.31000000 0.14000000 0.00925641
v -0.31000000 0.15000000 -0.00925641
v -0.31000000 0.15000000 0.00925641
v -0.31000000 0.16000000 -0.00925641
v -0.31000000 0.16000000 0.00925641
v -0.31000000 0.17000000 -0.00925641
v -0.31000000 0.17000000 0.00925641
v -0.31000000 0.18000000 -0.00925641
v -0.31000000 0.18000000 0.00925641
v -0.31000000 0.19000000 -0.00925641
v -0.31000000 0.19000000 0.00925641
v -0.31000000 0.20000000 -0.00925641
v -0.31000000 0.20000000 0.00925641
v -0.31000000 0.21000000 -0.00925641
v -0.31000000 0.21000000 0.00925641
v -0.31000000 0.22000000 -0.00925641
v -0.31000000 0.22000000 0.00925641
v -0.31000000 0.23000000 -0.00925641
v -0.31000000 0.23000000 0.00925641
v -0.31000000 0.24000000 -0.00925641
v -0.31000000 0.24000000 0.00925641
v -0.31000000 0.25000000 -0.00925641
v -0.31000000 0.25000000 0.00925641
v -0.31000000 0.26000000 -0.00925641
v -0.31000000 0.26000000 0.00925641
v -0.31000000 0.27000000 -0.00925641
v -0.31000000 0.27000000 0.00925641
v -0.31000000 0.28000000 -0.00925641
v -0.31000000 0.28000000 0.00925641
v -0.31000000 0.29000000 -0.00925641
v -0.31000000 0.29000000 0.00925641
v -0.31000000 0.30000000 -0.00925641
v -0.31000000 0.30000000 0.00925641
v -0.31000000 0.31000000 -0.00925641
v -0.31000000 0.31000000 0.00925641
v -0.31000000 0.32000000 -0.00925641
v -0.31000000 0.32000000 0.00925641
v -0.31000000 0.33000000 -0.00925641
v -0.31000000 0.33000000 0.00925641
v -0.31000000 0.34000000 -0.00925641
v -0.31000000 0.34000000 0.00925641
v -0.31000000 0.34384615 -0.00541026
v -0.31000000 0.34466666 0.00458974
v -0.30000000 -0.34384615 -0.00541026
v -0.30000000 -0.34000000 -0.00925641
v -0.30000000 -0.34466666 0.00458974
v -0.30000000 -0.34000000 0.00925641
v -0.30000000 -0.33000000 -0.00925641
v -0.30000000 -0.33000000 0.00925641
v -0.30000000 -0.32000000 -0.00925641
v -0.30000000 -0.32000000 0.00925641
v -0.30000000 -0.31000000 -0.00925641
v -0.30000000 -0.31000000 0.00925641
v -0.30000000 -0.30000000 -0.00925641
v -0.30000000 -0.30000000 0.00925641
v -0.30000000 -0.29000000 -0.00925641
v -0.30000000 -0.29000000 0.00925641
v -0.30000000 -0.28000000 -0.00925641
v -0.30000000 -0.28000000 0.00925641
v -0.30000000 -0.27000000 -0.00925641
v -0.30000000 -0.27000000 0.00925641
v -0.30000000 -0.26000000 -0.00925641
v -0.30000000 -0.26000000 0.00925641
v -0.30000000 -0.25000000 -0.00925641
v -0.30000000 -0.25000000 0.00925641
v -0.30000000 -0.24000000 -0.00925641
v -0.30000000 -0.24000000 0.00925641
v -0.30000000 -0.23000000 -0.00925641
v -0.30000000 -0.23000000 0.00925641
v -0.30000000 -0.22000000 -0.00925641
v -0.30000000 -0.22000000 0.00925641
v -0.30000000 -0.21000000 -0.00925641
v -0.30000000 -0.21000000 0.00925641
v -0.30000000 -0.20000000 -0.00925641
v -0.30000000 -0.20000000 0.00925641
v -0.30000000 -0.19000000 -0.00925641
v -0.30000000 -0.19000000 0.00925641
v -0.30000000 -0.18000000 -0.00925641
v -0.30000000 -0.18000000 0.00925641
v -0.30000000 -0.17000000 -0.00925641
v -0.30000000 -0.17000000 0.00925641
v -0.30000000 -0.16000000 -0.00925641
v -0.30000000 -0.16000000 0.00925641
v -0.30000000 -0.15000000 -0.00925641
v -0.30000000 -0.15000000 0.00925641
v -0.30000000 -0.14000000 -0.00925641
v -0.30000000 -0.14000000 0.00925641
v -0.30000000 -0.13000000 -0.00925641
v -0.30000000 -0.13000000 0.00925641
v -0.30000000 -0.12000000 -0.00925641
v -0.30000000 -0.12000000 0.00925641
v -0.30000000 -0.11000000 -0.00925641
v -0.30000000 -0.11000000 0.00925641
v -0.30000000 -0.10000000 -0.00925641
v -0.30000000 -0.10000000 0.00925641
v -0.30000000 -0.09000000 -0.00925641
v -0.30000000 -0.09000000 0.00925641
v -0.30000000 -0.08000000 -0.00925641
v -0.30000000 -0.08000000 0.00925641
v -0.30000000 -0.07000000 -0.00925641
v -0.30000000 -0.07000000 0.00925641
v -0.30000000 -0.06000000 -0.00925641
v -0.30000000 -0.06000000 0.00925641
v -0.30000000 -0.05000000 -0.00925641
v -0.30000000 -0.05000000 0.00925641
v -0.30000000 -0.04000000 -0.00925641
v -0.30000000 -0.04000000 0.00925641
v -0.30000000 -0.03000000 -0.00925641
v -0.30000000 -0.03000000 0.00925641
v -0.30000000 -0.02000000 -0.00925641
v -0.30000000 -0.02000000 0.00925641
v -0.30000000 -0.01000000 -0.00925641
v -0.30000000 -0.01000000 0.00925641
v -0.30000000 -0.00000000 -0.00925641
v -0.30000000 -0.00000000 0.00925641
v -0.30000000 0.01000000 -0.00925641
v -0.30000000 0.01000000 0.00925641
v -0.30000000 0.02000000 -0.00925641
v -0.30000000 0.02000000 0.00925641
v -0.30000000 0.03000000 -0.00925641
v -0.30000000 0.03000000 0.00925641
v -0.30000000 0.04000000 -0.00925641
v -0.30000000 0.04000000 0.00925641
v -0.30000000 0.05000000 -0.00925641
v -0.30000000 0.05000000 0.00925641
v -0.30000000 0.06000000 -0.00925641
v -0.30000000 0.06000000 0.00925641
v -0.30000000 0.07000000 -0.00925641
v -0.30000000 0.07000000 0.00925641
v -0.30000000 0.08000000 -0.00925641
v -0.30000000 0.08000000 0.00925641
v -0.30000000 0.09000000 -0.00925641
v -0.30000000 0.09000000 0.00925641
v -0.30000000 0.10000000 -0.00925641
v -0.30000000 0.10000000 0.00925641
v -0.30000000 0.11000000 -0.00925641
v -0.30000000 0.11000000 0.00925641
v -0.30000000 0.12000000 -0.00925641
v -0.30000000 0.12000000 0.00925641
v -0.30000000 0.13000000 -0.00925641
v -0.30000000 0.13000000 0.00925641
v -0.30000000 0.14000000 -0.00925641
v -0.30000000 0.14000000 0.00925641
v -0.30000000 0.15000000 -0.00925641
v -0.30000000 0.15000000 0.00925641
v -0.30000000 0.16000000 -0.00925641
v -0.30000000 0.16000000 0.00925641
v -0.30000000 0.17000000 -0.00925641
v -0.30000000 0.17000000 0.00925641
v -0.30000000 0.18000000 -0.00925641
v -0.30000000 0.18000000 0.00925641
v -0.30000000 0.19000000 -0.00925641
v -0.30000000 0.19000000 0.00925641
v -0.30000000 0.20000000 -0.00925641
v -0.30000000 0.20000000 0.00925641
v -0.30000000 0.21000000 -0.00925641
v -0.30000000 0.21000000 0.00925641
v -0.30000000 0.22000000 -0.00925641
v -0.30000000 0.22000000 0.00925641
v -0.30000000 0.23000000 -0.00925641
v -0.30000000 0.23000000 0.00925641
v -0.30000000 0.24000000 -0.00925641
v -0.30000000 0.24000000 0.00925641
v -0.30000000 0.25000000 -0.00925641
v -0.30000000 0.25000000 0.00925641
v -0.30000000 0.26000000 -0.00925641
v -0.30000000 0.26000000 0.00925641
v -0.30000000 0.27000000 -0.00925641
v -0.30000000 0.27000000 0.00925641
v -0.30000000 0.28000000 -0.00925641
v -0.30000000 0.28000000 0.00925641
v -0.30000000 0.29000000 -0.00925641
v -0.30000000 0.29000000 0.00925641
v -0.30000000 0.30000000 -0.00925641
v -0.30000000 0.30000000 0.00925641
v -0.30000000 0.31000000 -0.00925641
v -0.30000000 0.31000000 0.00925641
v -0.30000000 0.32000000 -0.00925641
v -0.30000000 0.32000000 0.00925641
v -0.30000000 0.33000000 -0.00925641
v -0.30000000 0.33000000 0.00925641
v -0.30000000 0.34000000 -0.00925641
v -0.30000000 0.34000000 0.00925641
v -0.30000000 0.34384615 -0.00541026
v -0.30000000 0.34466666 0.00458974
v -0.29000000 -0.34384615 -0.00541026
v -0.29000000 -0.34000000 -0.00925641
v -0.29000000 -0.34466666 0.00458974
v -0.29000000 -0.34000000 0.00925641
v -0.29000000 -0.33000000 -0.00925641
v -0.29000000 -0.33000000 0.00925641
v -0.29000000 -0.32000000 -0.00925641
v -0.29000000 -0.32000000 0.00925641
v -0.29000000 -0.31000000 -0.00925641
v -0.29000000 -0.31000000 0.00925641
v -0.29000000 -0.30000000 -0.00925641
v -0.29000000 -0.30000000 0.00925641
v -0.29000000 -0.29000000 -0.00925641
v -0.29000000 -0.29000000 0.00925641
v -0.29000000 -0.28000000 -0.00925641
v -0.29000000 -0.28000000 0.00925641
v -0.29000000 -0.27000000 -0.00925641
v -0.29000000 -0.27000000 0.00925641
v -0.29000000 -0.26000000 -0.00925641
v -0.29000000 -0.26000000 0.00925641
v -0.29000000 -0.25000000 -0.00925641
v -0.29000000 -0.25000000 0.00925641
v -0.29000000 -0.24000000 -0.00925641
v -0.29000000 -0.24000000 0.00925641
v -0.29000000 -0.23000000 -0.00925641
v -0.29000000 -0.23000000 0.00925641
v -0.29000000 -0.22000000 -0.00925641
v -0.29000000 -0.22000000 0.00925641
v -0.29000000 -0.21000000 -0.00925641
v -0.29000000 -0.21000000 0.00925641
v -0.29000000 -0.20000000 -0.00925641
v -0.29000000 -0.20000000 0.00925641
v -0.29000000 -0.19000000 -0.00925641
v -0.29000000 -0.19000000 0.00925641
v -0.29000000 -0.18000000 -0.00925641
v -0.29000000 -0.18000000 0.00925641
v -0.29000000 -0.17000000 -0.00925641
v -0.29000000 -0.17000000 0.00925641
v -0.29000000 -0.16000000 -0.00925641
v -0.29000000 -0.16000000 0.00925641
v -0.29000000 -0.15000000 -0.00925641
v -0.29000000 -0.15000000 0.00925641
v -0.29000000 -0.14000000 -0.00925641
v -0.29000000 -0.14000000 0.00925641
v -0.29000000 -0.13000000 -0.00925641
v -0.29000000 -0.13000000 0.00925641
v -0.29000000 -0.12000000 -0.00925641
v -0.29000000 -0.12000000 0.00925641
v -0.29000000 -0.11000000 -0.00925641
v -0.29000000 -0.11000000 0.00925641
v -0.29000000 -0.10000000 -0.00925641
v -0.29000000 -0.10000000 0.00925641
v -0.29000000 -0.09000000 -0.00925641
v -0.29000000 -0.09000000 0.00925641
v -0.29000000 -0.08000000 -0.00925641
v -0.29000000 -0.08000000 0.00925641
v -0.29000000 -0.07000000 -0.00925641
v -0.29000000 -0.07000000 0.00925641
v -0.29000000 -0.06000000 -0.00925641
v -0.29000000 -0.06000000 0.00925641
v -0.29000000 -0.05000000 -0.00925641
v -0.29000000 -0.05000000 0.00925641
v -0.29000000 -0.04000000 -0.00925641
v -0.29000000 -0.04000000 0.00925641
v -0.29000000 -0.03000000 -0.00925641
v -0.29000000 -0.03000000 0.00925641
v -0.29000000 -0.02000000 -0.00925641
v -0.29000000 -0.02000000 0.00925641
v -0.29000000 -0.01000000 -0.00925641
v -0.29000000 -0.01000000 0.00925641
v -0.29000000 -0.00000000 -0.00925641
v -0.29000000 -0.00000000 0.00925641
v -0.29000000 0.01000000 -0.00925641
v -0.29000000 0.01000000 0.00925641
v -0.29000000 0.02000000 -0.00925641
v -0.29000000 0.02000000 0.00925641
v -0.29000000 0.03000000 -0.00925641
v -0.29000000 0.03000000 0.00925641
v -0.29000000 0.04000000 -0.00925641
v -0.29000000 0.04000000 0.00925641
v -0.29000000 0.05000000 -0.00925641
v -0.29000000 0.05000000 0.00925641
v -0.29000000 0.06000000 -0.00925641
v -0.29000000 0.06000000 0.00925641
v -0.29000000 0.07000000 -0.00925641
v -0.29000000 0.07000000 0.00925641
v -0.29000000 0.08000000 -0.00925641
v -0.29000000 0.08000000 0.00925641
v -0.29000000 0.09000000 -0.00925641
v -0.29000000 0.09000000 0.00925641
v -0.29000000 0.10000000 -0.00925641
v -0.29000000 0.10000000 0.00925641
v -0.29000000 0.11000000 -0.00925641
v -0.29000000 0.11000000 0.00925641
v -0.29000000 0.12000000 -0.00925641
v -0.29000000 0.12000000 0.00925641
v -0.29000000 0.13000000 -0.00925641
v -0.29000000 0.13000000 0.00925641
v -0.29000000 0.14000000 -0.00925641
v -0.29000000 0.14000000 0.00925641
v -0.29000000 0.15000000 -0.00925641
v -0.29000000 0.15000000 0.00925641
v -0.29000000 0.16000000 -0.00925641
v -0.29000000 0.16000000 0.00925641
v -0.29000000 0.17000000 -0.00925641
v -0.29000000 0.17000000 0.00925641
v -0.29000000 0.18000000 -0.00925641
v -0.29000000 0.18000000 0.00925641
v -0.29000000 0.19000000 -0.00925641
v -0.29000000 0.19000000 0.00925641
v -0.29000000 0.20000000 -0.00925641
v -0.29000000 0.20000000 0.00925641
v -0.29000000 0.21000000 -0.00925641
v -0.29000000 0.21000000 0.00925641
v -0.29000000 0.22000000 -0.00925641
v -0.29000000 0.22000000 0.00925641
v -0.29000000 0.23000000 -0.00925641
v -0.29000000 0.23000000 0.00925641
v -0.29000000 0.24000000 -0.00925641
v -0.29000000 0.24000000 0.00925641
v -0.29000000 0.25000000 -0.00925641
v -0.29000000 0.25000000 0.00925641
v -0.29000000 0.26000000 -0.00925641
v -0.29000000 0.26000000 0.00925641
v -0.29000000 0.27000000 -0.00925641
v -0.29000000 0.27000000 0.00925641
v -0.29000000 0.28000000 -0.00925641
v -0.29000000 0.28000000 0.00925641
v -0.29000000 0.29000000 -0.00925641
v -0.29000000 0.29000000 0.00925641
v -0.29000000 0.30000000 -0.00925641
v -0.29000000 0.30000000 0.00925641
v -0.29000000 0.31000000 -0.00925641
v -0.29000000 0.31000000 0.00925641
v -0.29000000 0.32000000 -0.00925641
v -0.29000000 0.32000000 0.00925641
v -0.29000000 0.33000000 -0.00925641
v -0.29000000 0.33000000 0.00925641
v -0.29000000 0.34000000 -0.00925641
v -0.29000000 0.34000000 0.00925641
v -0.29000000 0.34384615 -0.00541026
v -0.29000000 0.34466666 0.00458974
v -0.28000000 -0.34384615 -0.00541026
v -0.28000000 -0.34000000 -0.00925641
v -0.28000000 -0.34466666 0.00458974
v -0.28000000 -0.34000000 0.00925641
v -0.28000000 -0.33000000 -0.00925641
v -0.28000000 -0.33000000 0.00925641
v -0.28000000 -0.32000000 -0.00925641
v -0.28000000 -0.32000000 0.00925641
v -0.28000000 -0.31000000 -0.00925641
v -0.28000000 -0.31000000 0.00925641
v -0.28000000 -0.30000000 -0.00925641
v -0.28000000 -0.30000000 0.00925641
v -0.28000000 -0.29000000 -0.00925641
v -0.28000000 -0.29000000 0.00925641
v -0.28000000 -0.28000000 -0.00925641
v -0.28000000 -0.28000000 0.00925641
v -0.28000000 -0.27000000 -0.00925641
v -0.28000000 -0.27000000 0.00925641
v -0.28000000 -0.26000000 -0.00925641
v -0.28000000 -0.26000000 0.00925641
v -0.28000000 -0.25000000 -0.00925641
v -0.28000000 -0.25000000 0.00925641
v -0.28000000 -0.24000000 -0.00925641
v -0.28000000 -0.24000000 0.00925641
v -0.28000000 -0.23000000 -0.00925641
v -0.28000000 -0.23000000 0.00925641
v -0.28000000 -0.22000000 -0.00925641
v -0.28000000 -0.22000000 0.00925641
v -0.28000000 -0.21000000 -0.00925641
v -0.28000000 -0.21000000 0.00925641
v -0.28000000 -0.20000000 -0.00925641
v -0.28000000 -0.20000000 0.00925641
v -0.28000000 -0.19000000 -0.00925641
v -0.28000000 -0.19000000 0.00925641
v -0.28000000 -0.18000000 -0.00925641
v -0.28000000 -0.18000000 0.00925641
v -0.28000000 -0.17000000 -0.00925641
v -0.28000000 -0.17000000 0.00925641
v -0.28000000 -0.16000000 -0.00925641
v -0.28000000 -0.16000000 0.00925641
v -0.28000000 -0.15000000 -0.00925641
v -0.28000000 -0.15000000 0.00925641
v -0.28000000 -0.14000000 -0.00925641
v -0.28000000 -0.14000000 0.00925641
v -0.28000000 -0.13000000 -0.00925641
v -0.28000000 -0.13000000 0.00925641
v -0.28000000 -0.12000000 -0.00925641
v -0.28000000 -0.12000000 0.00925641
v -0.28000000 -0.11000000 -0.00925641
v -0.28000000 -0.11000000 0.00925641
v -0.28000000 -0.10000000 -0.00925641
v -0.28000000 -0.10000000 0.00925641
v -0.28000000 -0.09000000 -0.00925641
v -0.28000000 -0.09000000 0.00925641
v -0.28000000 -0.08000000 -0.00925641
v -0.28000000 -0.08000000 0.00925641
v -0.28000000 -0.07000000 -0.00925641
v -0.28000000 -0.07000000 0.00925641
v -0.28000000 -0.06000000 -0.00925641
v -0.28000000 -0.06000000 0.00925641
v -0.28000000 -0.05000000 -0.00925641
v -0.28000000 -0.05000000 0.00925641
v -0.28000000 -0.04000000 -0.00925641
v -0.28000000 -0.04000000 0.00925641
v -0.28000000 -0.03000000 -0.00925641
v -0.28000000 -0.03000000 0.00925641
v -0.28000000 -0.02000000 -0.00925641
v -0.28000000 -0.02000000 0.00925641
v -0.28000000 -0.01000000 -0.00925641
v -0.28000000 -0.01000000 0.00925641
v -0.28000000 -0.00000000 -0.00925641
v -0.28000000 -0.00000000 0.00925641
v -0.28000000 0.01000000 -0.00925641
v -0.28000000 0.01000000 0.00925641
v -0.28000000 0.02000000 -0.00925641
v -0.28000000 0.02000000 0.00925641
v -0.28000000 0.03000000 -0.00925641
v -0.28000000 0.03000000 0.00925641
v -0.28000000 0.04000000 -0.00925641
v -0.28000000 0.04000000 0.00925641
v -0.28000000 0.05000000 -0.00925641
v -0.28000000 0.05000000 0.00925641
v -0.28000000 0.06000000 -0.00925641
v -0.28000000 0.06000000 0.00925641
v -0.28000000 0.07000000 -0.00925641
v -0.28000000 0.07000000 0.00925641
v -0.28000000 0.08000000 -0.00925641
v -0.28000000 0.08000000 0.00925641
v -0.28000000 0.09000000 -0.00925641
v -0.28000000 0.09000000 0.00925641
v -0.28000000 0.10000000 -0.00925641
v -0.28000000 0.10000000 0.00925641
v -0.28000000 0.11000000 -0.00925641
v -0.28000000 0.11000000 0.00925641
v -0.28000000 0.12000000 -0.00925641
v -0.28000000 0.12000000 0.00925641
v -0.28000000 0.13000000 -0.00925641
v -0.28000000 0.13000000 0.00925641
v -0.28000000 0.14000000 -0.00925641
v -0.28000000 0.14000000 0.00925641
v -0.28000000 0.15000000 -0.00925641
v -0.28000000 0.15000000 0.00925641
v -0.28000000 0.16000000 -0.00925641
v -0.28000000 0.16000000 0.00925641
v -0.28000000 0.17000000 -0.00925641
v -0.28000000 0.17000000 0.00925641
v -0.28000000 0.18000000 -0.00925641
v -0.28000000 0.18000000 0.00925641
v -0.28000000 0.19000000 -0.00925641
v -0.28000000 0.19000000 0.00925641
v -0.28000000 0.20000000 -0.00925641
v -0.28000000 0.20000000 0.00925641
v -0.28000000 0.21000000 -0.00925641
v -0.28000000 0.21000000 0.00925641
v -0.28000000 0.22000000 -0.00925641
v -0.28000000 0.22000000 0.00925641
v -0.28000000 0.23000000 -0.00925641
v -0.28000000 0.23000000 0.00925641
v -0.28000000 0.24000000 -0.00925641
v -0.28000000 0.24000000 0.00925641
v -0.28000000 0.25000000 -0.00925641
v -0.28000000 0.25000000 0.00925641
v -0.28000000 0.26000000 -0.00925641
v -0.28000000 0.26000000 0.00925641
v -0.28000000 0.27000000 -0.00925641
v -0.28000000 0.27000000 0.00925641
v -0.28000000 0.28000000 -0.00925641
v -0.28000000 0.28000000 0.00925641
v -0.28000000 0.29000000 -0.00925641
v -0.28000000 0.29000000 0.00925641
v -0.28000000 0.30000000 -0.00925641
v -0.28000000 0.30000000 0.00925641
v -0.28000000 0.31000000 -0.00925641
v -0.28000000 0.31000000 0.00925641
v -0.28000000 0.32000000 -0.00925641
v -0.28000000 0.32000000 0.00925641
v -0.28000000 0.33000000 -0.00925641
v -0.28000000 0.33000000 0.00925641
v -0.28000000 0.34000000 -0.00925641
v -0.28000000 0.34000000 0.00925641
v -0.28000000 0.34384615 -0.00541026
v -0.28000000 0.34466666 0.00458974
v -0.27000000 -0.34384615 -0.00541026
v -0.27000000 -0.34000000 -0.00925641
v -0.27000000 -0.34466666 0.00458974
v -0.27000000 -0.34000000 0.00925641
v -0.27000000 -0.33000000 -0.00925641
v -0.27000000 -0.33000000 0.00925641
v -0.27000000 -0.32000000 -0.00925641
v -0.27000000 -0.32000000 0.00925641
v -0.27000000 -0.31000000 -0.00925641
v -0.27000000 -0.31000000 0.00925641
v -0.27000000 -0.30000000 -0.00925641
v -0.27000000 -0.30000000 0.00925641
v -0.27000000 -0.29000000 -0.00925641
v -0.27000000 -0.29000000 0.00925641
v -0.27000000 -0.28000000 -0.00925641
v -0.27000000 -0.28000000 0.00925641
v -0.27000000 -0.27000000 -0.00925641
v -0.27000000 -0.27000000 0.00925641
v -0.27000000 -0.26000000 -0.00925641
v -0.27000000 -0.26000000 0.00925641
v -0.27000000 -0.25000000 -0.00925641
v -0.27000000 -0.25000000 0.00925641
v -0.27000000 -0.24000000 -0.00925641
v -0.27000000 -0.24000000 0.00925641
v -0.27000000 -0.23000000 -0.00925641
v -0.27000000 -0.23000000 0.00925641
v -0.27000000 -0.22000000 -0.00925641
v -0.27000000 -0.22000000 0.00925641
v -0.27000000 -0.21000000 -0.00925641
v -0.27000000 -0.21000000 0.00925641
v -0.27000000 -0.20000000 -0.00925641
v -0.27000000 -0.20000000 0.00925641
v -0.27000000 -0.19000000 -0.00925641
v -0.27000000 -0.19000000 0.00925641
v -0.27000000 -0.18000000 -0.00925641
v -0.27000000 -0.18000000 0.00925641
v -0.27000000 -0.17000000 -0.00925641
v -0.27000000 -0.17000000 0.00925641
v -0.27000000 -0.16000000 -0.00925641
v -0.27000000 -0.16000000 0.00925641
v -0.27000000 -0.15000000 -0.00925641
v -0.27000000 -0.15000000 0.00925641
v -0.27000000 -0.14000000 -0.00925641
v -0.27000000 -0.14000000 0.00925641
v -0.27000000 -0.13000000 -0.00925641
v -0.27000000 -0.13000000 0.00925641
v -0.27000000 -0.12000000 -0.00925641
v -0.27000000 -0.12000000 0.00925641
v -0.27000000 -0.11000000 -0.00925641
v -0.27000000 -0.11000000 0.00925641
v -0.27000000 -0.10000000 -0.00925641
v -0.27000000 -0.10000000 0.00925641
v -0.27000000 -0.09000000 -0.00925641
v -0.27000000 -0.09000000 0.00925641
v -0.27000000 -0.08000000 -0.00925641
v -0.27000000 -0.08000000 0.00925641
v -0.27000000 -0.07000000 -0.00925641
v -0.27000000 -0.07000000 0.00925641
v -0.27000000 -0.06000000 -0.00925641
v -0.27000000 -0.06000000 0.00925641
v -0.27000000 -0.05000000 -0.00925641
v -0.27000000 -0.05000000 0.00925641
v -0.27000000 -0.04000000 -0.00925641
v -0.27000000 -0.04000000 0.00925641
v -0.27000000 -0.03000000 -0.00925641
v -0.27000000 -0.03000000 0.00925641
v -0.27000000 -0.02000000 -0.00925641
v -0.27000000 -0.02000000 0.00925641
v -0.27000000 -0.01000000 -0.00925641
v -0.27000000 -0.01000000 0.00925641
v -0.27000000 -0.00000000 -0.00925641
v -0.27000000 -0.00000000 0.00925641
v -0.27000000 0.01000000 -0.00925641
v -0.27000000 0.01000000 0.00925641
v -0.27000000 0.02000000 -0.00925641
v -0.27000000 0.02000000 0.00925641
v -0.27000000 0.03000000 -0.00925641
v -0.27000000 0.03000000 0.00925641
v -0.27000000 0.04000000 -0.00925641
v -0.27000000 0.04000000 0.00925641
v -0.27000000 0.05000000 -0.00925641
v -0.27000000 0.05000000 0.00925641
v -0.27000000 0.06000000 -0.00925641
v -0.27000000 0.06000000 0.00925641
v -0.27000000 0.07000000 -0.00925641
v -0.27000000 0.07000000 0.00925641
v -0.27000000 0.08000000 -0.00925641
v -0.27000000 0.08000000 0.00925641
v -0.27000000 0.09000000 -0.00925641
v -0.27000000 0.09000000 0.00925641
v -0.27000000 0.10000000 -0.00925641
v -0.27000000 0.10000000 0.00925641
v -0.27000000 0.11000000 -0.00925641
v -0.27000000 0.11000000 0.00925641
v -0.27000000 0.12000000 -0.00925641
v -0.27000000 0.12000000 0.00925641
v -0.27000000 0.13000000 -0.00925641
v -0.27000000 0.13000000 0.00925641
v -0.27000000 0.14000000 -0.00925641
v -0.27000000 0.14000000 0.00925641
v -0.27000000 0.15000000 -0.00925641
v -0.27000000 0.15000000 0.00925641
v -0.27000000 0.16000000 -0.00925641
v -0.27000000 0.16000000 0.00925641
v -0.27000000 0.17000000 -0.00925641
v -0.27000000 0.17000000 0.00925641
v -0.27000000 0.18000000 -0.00925641
v -0.27000000 0.18000000 0.00925641
v -0.27000000 0.19000000 -0.00925641
v -0.27000000 0.19000000 0.00925641
v -0.27000000 0.20000000 -0.00925641
v -0.27000000 0.20000000 0.00925641
v -0.27000000 0.21000000 -0.00925641
v -0.27000000 0.21000000 0.00925641
v -0.27000000 0.22000000 -0.00925641
v -0.27000000 0.22000000 0.00925641
v -0.27000000 0.23000000 -0.00925641
v -0.27000000 0.23000000 0.00925641
v -0.27000000 0.24000000 -0.00925641
v -0.27000000 0.24000000 0.00925641
v -0.27000000 0.25000000 -0.00925641
v -0.27000000 0.25000000 0.00925641
v -0.27000000 0.26000000 -0.00925641
v -0.27000000 0.26000000 0.00925641
v -0.27000000 0.27000000 -0.00925641
v -0.27000000 0.27000000 0.00925641
v -0.27000000 0.28000000 -0.00925641
v -0.27000000 0.28000000 0.00925641
v -0.27000000 0.29000000 -0.00925641
v -0.27000000 0.29000000 0.00925641
v -0.27000000 0.30000000 -0.00925641
v -0.27000000 0.30000000 0.00925641
v -0.27000000 0.31000000 -0.00925641
v -0.27000000 0.31000000 0.00925641
v -0.27000000 0.32000000 -0.00925641
v -0.27000000 0.32000000 0.00925641
v -0.27000000 0.33000000 -0.00925641
v -0.27000000 0.33000000 0.00925641
v -0.27000000 0.34000000 -0.00925641
v -0.27000000 0.34000000 0.00925641
v -0.27000000 0.34384615 -0.00541026
v -0.27000000 0.34466666 0.00458974
v -0.26000000 -0.34384615 -0.00541026
v -0.26000000 -0.34000000 -0.00925641
v -0.26000000 -0.34466666 0.00458974
v -0.26000000 -0.34000000 0.00925641
v -0.26000000 -0.33000000 -0.00925641
v -0.26000000 -0.33000000 0.00925641
v -0.26000000 -0.32000000 -0.00925641
v -0.26000000 -0.32000000 0.00925641
v -0.26000000 -0.31000000 -0.00925641
v -0.26000000 -0.31000000 0.00925641
v -0.26000000 -0.30000000 -0.00925641
v -0.26000000 -0.30000000 0.00925641
v -0.26000000 -0.29000000 -0.00925641
v -0.26000000 -0.29000000 0.00925641
v -0.26000000 -0.28000000 -0.00925641
v -0.26000000 -0.28000000 0.00925641
v -0.26000000 -0.27000000 -0.00925641
v -0.26000000 -0.27000000 0.00925641
v -0.26000000 -0.26000000 -0.00925641
v -0.26000000 -0.26000000 0.00925641
v -0.26000000 -0.25000000 -0.00925641
v -0.26000000 -0.25000000 0.00925641
v -0.26000000 -0.24000000 -0.00925641
v -0.26000000 -0.24000000 0.00925641
v -0.26000000 -0.23000000 -0.00925641
v -0.26000000 -0.23000000 0.00925641
v -0.26000000 -0.22000000 -0.00925641
v -0.26000000 -0.22000000 0.00925641
v -0.26000000 -0.21000000 -0.00925641
v -0.26000000 -0.21000000 0.00925641
v -0.26000000 -0.20000000 -0.00925641
v -0.26000000 -0.20000000 0.00925641
v -0.26000000 -0.19000000 -0.00925641
v -0.26000000 -0.19000000 0.00925641
v -0.26000000 -0.18000000 -0.00925641
v -0.26000000 -0.18000000 0.00925641
v -0.26000000 -0.17000000 -0.00925641
v -0.26000000 -0.17000000 0.00925641
v -0.26000000 -0.16000000 -0.00925641
v -0.26000000 -0.16000000 0.00925641
v -0.26000000 -0.15000000 -0.00925641
v -0.26000000 -0.15000000 0.00925641
v -0.26000000 -0.14000000 -0.00925641
v -0.26000000 -0.14000000 0.00925641
v -0.26000000 -0.13000000 -0.00925641
v -0.26000000 -0.13000000 0.00925641
v -0.26000000 -0.12000000 -0.00925641
v -0.26000000 -0.12000000 0.00925641
v -0.26000000 -0.11000000 -0.00925641
v -0.26000000 -0.11000000 0.00925641
v -0.26000000 -0.10000000 -0.00925641
v -0.26000000 -0.10000000 0.00925641
v -0.26000000 -0.09000000 -0.00925641
v -0.26000000 -0.09000000 0.00925641
v -0.26000000 -0.08000000 -0.00925641
v -0.26000000 -0.08000000 0.00925641
v -0.26000000 -0.07000000 -0.00925641
v -0.26000000 -0.07000000 0.00925641
v -0.26000000 -0.06000000 -0.00925641
v -0.26000000 -0.06000000 0.00925641
v -0.26000000 -0.05000000 -0.00925641
v -0.26000000 -0.05000000 0.00925641
v -0.26000000 -0.04000000 -0.00925641
v -0.26000000 -0.04000000 0.00925641
v -0.26000000 -0.03000000 -0.00925641
v -0.26000000 -0.03000000 0.00925641
v -0.26000000 -0.02000000 -0.00925641
v -0.26000000 -0.02000000 0.00925641
v -0.26000000 -0.01000000 -0.00925641
v -0.26000000 -0.01000000 0.00925641
v -0.26000000 -0.00000000 -0.00925641
v -0.26000000 -0.00000000 0.00925641
v -0.26000000 0.01000000 -0.00925641
v -0.26000000 0.01000000 0.00925641
v -0.26000000 0.02000000 -0.00925641
v -0.26000000 0.02000000 0.00925641
v -0.26000000 0.03000000 -0.00925641
v -0.26000000 0.03000000 0.00925641
v -0.26000000 0.04000000 -0.00925641
v -0.26000000 0.04000000 0.00925641
v -0.26000000 0.05000000 -0.00925641
v -0.26000000 0.05000000 0.00925641
v -0.26000000 0.06000000 -0.00925641
v -0.26000000 0.06000000 0.00925641
v -0.26000000 0.07000000 -0.00925641
v -0.26000000 0.07000000 0.00925641
v -0.26000000 0.08000000 -0.00925641
v -0.26000000 0.08000000 0.00925641
v -0.26000000 0.09000000 -0.00925641
v -0.26000000 0.09000000 0.00925641
v -0.26000000 0.10000000 -0.00925641
v -0.26000000 0.10000000 0.00925641
v -0.26000000 0.11000000 -0.00925641
v -0.26000000 0.11000000 0.00925641
v -0.26000000 0.12000000 -0.00925641
v -0.26000000 0.12000000 0.00925641
v -0.26000000 0.13000000 -0.00925641
v -0.26000000 0.13000000 0.00925641
v -0.26000000 0.14000000 -0.00925641
v -0.26000000 0.14000000 0.00925641
v -0.26000000 0.15000000 -0.00925641
v -0.26000000 0.15000000 0.00925641
v -0.26000000 0.16000000 -0.00925641
v -0.26000000 0.16000000 0.00925641
v -0.26000000 0.17000000 -0.00925641
v -0.26000000 0.17000000 0.00925641
v -0.26000000 0.18000000 -0.00925641
v -0.26000000 0.18000000 0.00925641
v -0.26000000 0.19000000 -0.00925641
v -0.26000000 0.19000000 0.00925641
v -0.26000000 0.20000000 -0.00925641
v -0.26000000 0.20000000 0.00925641
v -0.26000000 0.21000000 -0.00925641
v -0.26000000 0.21000000 0.00925641
v -0.26000000 0.22000000 -0.00925641
v -0.26000000 0.22000000 0.00925641
v -0.26000000 0.23000000 -0.00925641
v -0.26000000 0.23000000 0.00925641
v -0.26000000 0.24000000 -0.00925641
v -0.26000000 0.24000000 0.00925641
v -0.26000000 0.25000000 -0.00925641
v -0.26000000 0.25000000 0.00925641
v -0.26000000 0.26000000 -0.00925641
v -0.26000000 0.26000000 0.00925641
v -0.26000000 0.27000000 -0.00925641
v -0.26000000 0.27000000 0.00925641
v -0.26000000 0.28000000 -0.00925641
v -0.26000000 0.28000000 0.00925641
v -0.26000000 0.29000000 -0.00925641
v -0.26000000 0.29000000 0.00925641
v -0.26000000 0.30000000 -0.00925641
v -0.26000000 0.30000000 0.00925641
v -0.26000000 0.31000000 -0.00925641
v -0.26000000 0.31000000 0.00925641
v -0.26000000 0.32000000 -0.00925641
v -0.26000000 0.32000000 0.00925641
v -0.26000000 0.33000000 -0.00925641
v -0.26000000 0.33000000 0.00925641
v -0.26000000 0.34000000 -0.00925641
v -0.26000000 0.34000000 0.00925641
v -0.26000000 0.34384615 -0.00541026
v -0.26000000 0.34466666 0.00458974
v -0.25000000 -0.34384615 -0.00541026
v -0.25000000 -0.34000000 -0.00925641
v -0.25000000 -0.34466666 0.00458974
v -0.25000000 -0.34000000 0.00925641
v -0.25000000 -0.33000000 -0.00925641
v -0.25000000 -0.33000000 0.00925641
v -0.25000000 -0.32000000 -0.00925641
v -0.25000000 -0.32000000 0.00925641
v -0.25000000 -0.31000000 -0.00925641
v -0.25000000 -0.31000000 0.00925641
v -0.25000000 -0.30000000 -0.00925641
v -0.25000000 -0.30000000 0.00925641
v -0.25000000 -0.29000000 -0.00925641
v -0.25000000 -0.29000000 0.00925641
v -0.25000000 -0.28000000 -0.00925641
v -0.25000000 -0.28000000 0.00925641
v -0.25000000 -0.27000000 -0.00925641
v -0.25000000 -0.27000000 0.00925641
v -0.25000000 -0.26000000 -0.00925641
v -0.25000000 -0.26000000 0.00925641
v -0.25000000 -0.25000000 -0.00925641
v -0.25000000 -0.25000000 0.00925641
v -0.25000000 -0.24000000 -0.00925641
v -0.25000000 -0.24000000 0.00925641
v -0.25000000 -0.23000000 -0.00925641
v -0.25000000 -0.23000000 0.00925641
v -0.25000000 -0.22000000 -0.00925641
v -0.25000000 -0.22000000 0.00925641
v -0.25000000 -0.21000000 -0.00925641
v -0.25000000 -0.21000000 0.00925641
v -0.25000000 -0.20000000 -0.00925641
v -0.25000000 -0.20000000 0.00925641
v -0.25000000 -0.19000000 -0.00925641
v -0.25000000 -0.19000000 0.00925641
v -0.25000000 -0.18000000 -0.00925641
v -0.25000000 -0.18000000 0.00925641
v -0.25000000 -0.17000000 -0.00925641
v -0.25000000 -0.17000000 0.00925641
v -0.25000000 -0.16000000 -0.00925641
v -0.25000000 -0.16000000 0.00925641
v -0.25000000 -0.15000000 -0.00925641
v -0.25000000 -0.15000000 0.00925641
v -0.25000000 -0.14000000 -0.00925641
v -0.25000000 -0.14000000 0.00925641
v -0.25000000 -0.13000000 -0.00925641
v -0.25000000 -0.13000000 0.00925641
v -0.25000000 -0.12000000 -0.00925641
v -0.25000000 -0.12000000 0.00925641
v -0.25000000 -0.11000000 -0.00925641
v -0.25000000 -0.11000000 0.00925641
v -0.25000000 -0.10000000 -0.00925641
v -0.25000000 -0.10000000 0.00925641
v -0.25000000 -0.09000000 -0.00925641
v -0.25000000 -0.09000000 0.00925641
v -0.25000000 -0.08000000 -0.00925641
v -0.25000000 -0.08000000 0.00925641
v -0.25000000 -0.07000000 -0.00925641
v -0.25000000 -0.07000000 0.00925641
v -0.25000000 -0.06000000 -0.00925641
v -0.25000000 -0.06000000 0.00925641
v -0.25000000 -0.05000000 -0.00925641
v -0.25000000 -0.05000000 0.00925641
v -0.25000000 -0.04000000 -0.00925641
v -0.25000000 -0.04000000 0.00925641
v -0.25000000 -0.03000000 -0.00925641
v -0.25000000 -0.03000000 0.00925641
v -0.25000000 -0.02000000 -0.00925641
v -0.25000000 -0.02000000 0.00925641
v -0.25000000 -0.01000000 -0.00925641
v -0.25000000 -0.01000000 0.00925641
v -0.25000000 -0.00000000 -0.00925641
v -0.25000000 -0.00000000 0.00925641
v -0.25000000 0.01000000 -0.00925641
v -0.25000000 0.01000000 0.00925641
v -0.25000000 0.02000000 -0.00925641
v -0.25000000 0.02000000 0.00925641
v -0.25000000 0.03000000 -0.00925641
v -0.25000000 0.03000000 0.00925641
v -0.25000000 0.04000000 -0.00925641
v -0.25000000 0.04000000 0.00925641
v -0.25000000 0.05000000 -0.00925641
v -0.25000000 0.05000000 0.00925641
v -0.25000000 0.06000000 -0.00925641
v -0.25000000 0.06000000 0.00925641
v -0.25000000 0.07000000 -0.00925641
v -0.25000000 0.07000000 0.00925641
v -0.25000000 0.08000000 -0.00925641
v -0.25000000 0.08000000 0.00925641
v -0.25000000 0.09000000 -0.00925641
v -0.25000000 0.09000000 0.00925641
v -0.25000000 0.10000000 -0.00925641
v -0.25000000 0.10000000 0.00925641
v -0.25000000 0.11000000 -0.00925641
v -0.25000000 0.11000000 0.00925641
v -0.25000000 0.12000000 -0.00925641
v -0.25000000 0.12000000 0.00925641
v -0.25000000 0.13000000 -0.00925641
v -0.25000000 0.13000000 0.00925641
v -0.25000000 0.14000000 -0.00925641
v -0.25000000 0.14000000 0.00925641
v -0.25000000 0.15000000 -0.00925641
v -0.25000000 0.15000000 0.00925641
v -0.25000000 0.16000000 -0.00925641
v -0.25000000 0.16000000 0.00925641
v -0.25000000 0.17000000 -0.00925641
v -0.25000000 0.17000000 0.00925641
v -0.25000000 0.18000000 -0.00925641
v -0.25000000 0.18000000 0.00925641
v -0.25000000 0.19000000 -0.00925641
v -0.25000000 0.19000000 0.00925641
v -0.25000000 0.20000000 -0.00925641
v -0.25000000 0.20000000 0.00925641
v -0.25000000 0.21000000 -0.00925641
v -0.25000000 0.21000000 0.00925641
v -0.25000000 0.22000000 -0.00925641
v -0.25000000 0.22000000 0.00925641
v -0.25000000 0.23000000 -0.00925641
v -0.25000000 0.23000000 0.00925641
v -0.25000000 0.24000000 -0.00925641
v -0.25000000 0.24000000 0.00925641
v -0.25000000 0.25000000 -0.00925641
v -0.25000000 0.25000000 0.00925641
v -0.25000000 0.26000000 -0.00925641
v -0.25000000 0.26000000 0.00925641
v -0.25000000 0.27000000 -0.00925641
v -0.25000000 0.27000000 0.00925641
v -0.25000000 0.28000000 -0.00925641
v -0.25000000 0.28000000 0.00925641
v -0.25000000 0.29000000 -0.00925641
v -0.25000000 0.29000000 0.00925641
v -0.25000000 0.30000000 -0.00925641
v -0.25000000 0.30000000 0.00925641
v -0.25000000 0.31000000 -0.00925641
v -0.25000000 0.31000000 0.00925641
v -0.25000000 0.32000000 -0.00925641
v -0.25000000 0.32000000 0.00925641
v -0.25000000 0.33000000 -0.00925641
v -0.25000000 0.33000000 0.00925641
v -0.25000000 0.34000000 -0.00925641
v -0.25000000 0.34000000 0.00925641
v -0.25000000 0.34384615 -0.00541026
v -0.25000000 0.34466666 0.00458974
v -0.24000000 -0.34384615 -0.00541026
v -0.24000000 -0.34000000 -0.00925641
v -0.24000000 -0.34466666 0.00458974
v -0.24000000 -0.34000000 0.00925641
v -0.24000000 -0.33000000 -0.00925641
v -0.24000000 -0.33000000 0.00925641
v -0.24000000 -0.32000000 -0.00925641
v -0.24000000 -0.32000000 0.00925641
v -0.24000000 -0.31000000 -0.00925641
v -0.24000000 -0.31000000 0.00925641
v -0.24000000 -0.30000000 -0.00925641
v -0.24000000 -0.30000000 0.00925641
v -0.24000000 -0.29000000 -0.00925641
v -0.24000000 -0.29000000 0.00925641
v -0.24000000 -0.28000000 -0.00925641
v -0.24000000 -0.28000000 0.00925641
v -0.24000000 -0.27000000 -0.00925641
v -0.24000000 -0.27000000 0.00925641
v -0.24000000 -0.26000000 -0.00925641
v -0.24000000 -0.26000000 0.00925641
v -0.24000000 -0.25000000 -0.00925641
v -0.24000000 -0.25000000 0.00925641
v -0.24000000 -0.24000000 -0.00925641
v -0.24000000 -0.24000000 0.00925641
v -0.24000000 -0.23000000 -0.00925641
v -0.24000000 -0.23000000 0.00925641
v -0.24000000 -0.22000000 -0.00925641
v -0.24000000 -0.22000000 0.00925641
v -0.24000000 -0.21000000 -0.00925641
v -0.24000000 -0.21000000 0.00925641
v -0.24000000 -0.20000000 -0.00925641
v -0.24000000 -0.20000000 0.00925641
v -0.24000000 -0.19000000 -0.00925641
v -0.24000000 -0.19000000 0.00925641
v -0.24000000 -0.18000000 -0.00925641
v -0.24000000 -0.18000000 0.00925641
v -0.24000000 -0.17000000 -0.00925641
v -0.24000000 -0.17000000 0.00925641
v -0.24000000 -0.16000000 -0.00925641
v -0.24000000 -0.16000000 0.00925641
v -0.24000000 -0.15000000 -0.00925641
v -0.24000000 -0.15000000 0.00925641
v -0.24000000 -0.14000000 -0.00925641
v -0.24000000 -0.14000000 0.00925641
v -0.24000000 -0.13000000 -0.00925641
v -0.24000000 -0.13000000 0.00925641
v -0.24000000 -0.12000000 -0.00925641
v -0.24000000 -0.12000000 0.00925641
v -0.24000000 -0.11000000 -0.00925641
v -0.24000000 -0.11000000 0.00925641
v -0.24000000 -0.10000000 -0.00925641
v -0.24000000 -0.10000000 0.00925641
v -0.24000000 -0.09000000 -0.00925641
v -0.24000000 -0.09000000 0.00925641
v -0.24000000 -0.08000000 -0.00925641
v -0.24000000 -0.08000000 0.00925641
v -0.24000000 -0.07000000 -0.00925641
v -0.24000000 -0.07000000 0.00925641
v -0.24000000 -0.06000000 -0.00925641
v -0.24000000 -0.06000000 0.00925641
v -0.24000000 -0.05000000 -0.00925641
v -0.24000000 -0.05000000 0.00925641
v -0.24000000 -0.04000000 -0.00925641
v -0.24000000 -0.04000000 0.00925641
v -0.24000000 -0.03000000 -0.00925641
v -0.24000000 -0.03000000 0.00925641
v -0.24000000 -0.02000000 -0.00925641
v -0.24000000 -0.02000000 0.00925641
v -0.24000000 -0.01000000 -0.00925641
v -0.24000000 -0.01000000 0.00925641
v -0.24000000 -0.00000000 -0.00925641
v -0.24000000 -0.00000000 0.00925641
v -0.24000000 0.01000000 -0.00925641
v -0.24000000 0.01000000 0.00925641
v -0.24000000 0.02000000 -0.00925641
v -0.24000000 0.02000000 0.00925641
v -0.24000000 0.03000000 -0.00925641
v -0.24000000 0.03000000 0.00925641
v -0.24000000 0.04000000 -0.00925641
v -0.24000000 0.04000000 0.00925641
v -0.24000000 0.05000000 -0.00925641
v -0.24000000 0.05000000 0.00925641
v -0.24000000 0.06000000 -0.00925641
v -0.24000000 0.06000000 0.00925641
v -0.24000000 0.07000000 -0.00925641
v -0.24000000 0.07000000 0.00925641
v -0.24000000 0.08000000 -0.00925641
v -0.24000000 0.08000000 0.00925641
v -0.24000000 0.09000000 -0.00925641
v -0.24000000 0.09000000 0.00925641
v -0.24000000 0.10000000 -0.00925641
v -0.24000000 0.10000000 0.00925641
v -0.24000000 0.11000000 -0.00925641
v -0.24000000 0.11000000 0.00925641
v -0.24000000 0.12000000 -0.00925641
v -0.24000000 0.12000000 0.00925641
v -0.24000000 0.13000000 -0.00925641
v -0.24000000 0.13000000 0.00925641
v -0.24000000 0.14000000 -0.00925641
v -0.24000000 0.14000000 0.00925641
v -0.24000000 0.15000000 -0.00925641
v -0.24000000 0.15000000 0.00925641
v -0.24000000 0.16000000 -0.00925641
v -0.24000000 0.16000000 0.00925641
v -0.24000000 0.17000000 -0.00925641
v -0.24000000 0.17000000 0.00925641
v -0.24000000 0.18000000 -0.00925641
v -0.24000000 0.18000000 0.00925641
v -0.24000000 0.19000000 -0.00925641
v -0.24000000 0.19000000 0.00925641
v -0.24000000 0.20000000 -0.00925641
v -0.24000000 0.20000000 0.00925641
v -0.24000000 0.21000000 -0.00925641
v -0.24000000 0.21000000 0.00925641
v -0.24000000 0.22000000 -0.00925641
v -0.24000000 0.22000000 0.00925641
v -0.24000000 0.23000000 -0.00925641
v -0.24000000 0.23000000 0.00925641
v -0.24000000 0.24000000 -0.00925641
v -0.24000000 0.24000000 0.00925641
v -0.24000000 0.25000000 -0.00925641
v -0.24000000 0.25000000 0.00925641
v -0.24000000 0.26000000 -0.00925641
v -0.24000000 0.26000000 0.00925641
v -0.24000000 0.27000000 -0.00925641
v -0.24000000 0.27000000 0.00925641
v -0.24000000 0.28000000 -0.00925641
v -0.24000000 0.28000000 0.00925641
v -0.24000000 0.29000000 -0.00925641
v -0.24000000 0.29000000 0.00925641
v -0.24000000 0.30000000 -0.00925641
v -0.24000000 0.30000000 0.00925641
v -0.24000000 0.31000000 -0.00925641
v -0.24000000 0.31000000 0.00925641
v -0.24000000 0.32000000 -0.00925641
v -0.24000000 0.32000000 0.00925641
v -0.24000000 0.33000000 -0.00925641
v -0.24000000 0.33000000 0.00925641
v -0.24000000 0.34000000 -0.00925641
v -0.24000000 0.34000000 0.00925641
v -0.24000000 0.34384615 -0.00541026
v -0.24000000 0.34466666 0.00458974
v -0.23000000 -0.34384615 -0.00541026
v -0.23000000 -0.34000000 -0.00925641
v -0.23000000 -0.34466666 0.00458974
v -0.23000000 -0.34000000 0.00925641
v -0.23000000 -0.33000000 -0.00925641
v -0.23000000 -0.33000000 0.00925641
v -0.23000000 -0.32000000 -0.00925641
v -0.23000000 -0.32000000 0.00925641
v -0.23000000 -0.31000000 -0.00925641
v -0.23000000 -0.31000000 0.00925641
v -0.23000000 -0.30000000 -0.00925641
v -0.23000000 -0.30000000 0.00925641
v -0.23000000 -0.29000000 -0.00925641
v -0.23000000 -0.29000000 0.00925641
v -0.23000000 -0.28000000 -0.00925641
v -0.23000000 -0.28000000 0.00925641
v -0.23000000 -0.27000000 -0.00925641
v -0.23000000 -0.27000000 0.00925641
v -0.23000000 -0.26000000 -0.00925641
v -0.23000000 -0.26000000 0.00925641
v -0.23000000 -0.25000000 -0.00925641
v -0.23000000 -0.25000000 0.00925641
v -0.23000000 -0.24000000 -0.00925641
v -0.23000000 -0.24000000 0.00925641
v -0.23000000 -0.23000000 -0.00925641
v -0.23000000 -0.23000000 0.00925641
v -0.23000000 -0.22000000 -0.00925641
v -0.23000000 -0.22000000 0.00925641
v -0.23000000 -0.21000000 -0.00925641
v -0.23000000 -0.21000000 0.00925641
v -0.23000000 -0.20000000 -0.00925641
v -0.23000000 -0.20000000 0.00925641
v -0.23000000 -0.19000000 -0.00925641
v -0.23000000 -0.19000000 0.00925641
v -0.23000000 -0.18000000 -0.00925641
v -0.23000000 -0.18000000 0.00925641
v -0.23000000 -0.17000000 -0.00925641
v -0.23000000 -0.17000000 0.00925641
v -0.23000000 -0.16000000 -0.00925641
v -0.23000000 -0.16000000 0.00925641
v -0.23000000 -0.15000000 -0.00925641
v -0.23000000 -0.15000000 0.00925641
v -0.23000000 -0.14000000 -0.00925641
v -0.23000000 -0.14000000 0.00925641
v -0.23000000 -0.13000000 -0.00925641
v -0.23000000 -0.13000000 0.00925641
v -0.23000000 -0.12000000 -0.00925641
v -0.23000000 -0.12000000 0.00925641
v -0.23000000 -0.11000000 -0.00925641
v -0.23000000 -0.11000000 0.00925641
v -0.23000000 -0.10000000 -0.00925641
v -0.23000000 -0.10000000 0.00925641
v -0.23000000 -0.09000000 -0.00925641
v -0.23000000 -0.09000000 0.00925641
v -0.23000000 -0.08000000 -0.00925641
v -0.23000000 -0.08000000 0.00925641
v -0.23000000 -0.07000000 -0.00925641
v -0.23000000 -0.07000000 0.00925641
v -0.23000000 -0.06000000 -0.00925641
v -0.23000000 -0.06000000 0.00925641
v -0.23000000 -0.05000000 -0.00925641
v -0.23000000 -0.05000000 0.00925641
v -0.23000000 -0.04000000 -0.00925641
v -0.23000000 -0.04000000 0.00925641
v -0.23000000 -0.03000000 -0.00925641
v -0.23000000 -0.03000000 0.00925641
v -0.23000000 -0.02000000 -0.00925641
v -0.23000000 -0.02000000 0.00925641
v -0.23000000 -0.01000000 -0.00925641
v -0.23000000 -0.01000000 0.00925641
v -0.23000000 -0.00000000 -0.00925641
v -0.23000000 -0.00000000 0.00925641
v -0.23000000 0.01000000 -0.00925641
v -0.23000000 0.01000000 0.00925641
v -0.23000000 0.02000000 -0.00925641
v -0.23000000 0.02000000 0.00925641
v -0.23000000 0.03000000 -0.00925641
v -0.23000000 0.03000000 0.00925641
v -0.23000000 0.04000000 -0.00925641
v -0.23000000 0.04000000 0.00925641
v -0.23000000 0.05000000 -0.00925641
v -0.23000000 0.05000000 0.00925641
v -0.23000000 0.06000000 -0.00925641
v -0.23000000 0.06000000 0.00925641
v -0.23000000 0.07000000 -0.00925641
v -0.23000000 0.07000000 0.00925641
v -0.23000000 0.08000000 -0.00925641
v -0.23000000 0.08000000 0.00925641
v -0.23000000 0.09000000 -0.00925641
v -0.23000000 0.09000000 0.00925641
v -0.23000000 0.10000000 -0.00925641
v -0.23000000 0.10000000 0.00925641
v -0.23000000 0.11000000 -0.00925641
v -0.23000000 0.11000000 0.00925641
v -0.23000000 0.12000000 -0.00925641
v -0.23000000 0.12000000 0.00925641
v -0.23000000 0.13000000 -0.00925641
v -0.23000000 0.13000000 0.00925641
v -0.23000000 0.14000000 -0.00925641
v -0.23000000 0.14000000 0.00925641
v -0.23000000 0.15000000 -0.00925641
v -0.23000000 0.15000000 0.00925641
v -0.23000000 0.16000000 -0.00925641
v -0.23000000 0.16000000 0.00925641
v -0.23000000 0.17000000 -0.00925641
v -0.23000000 0.17000000 0.00925641
v -0.23000000 0.18000000 -0.00925641
v -0.23000000 0.18000000 0.00925641
v -0.23000000 0.19000000 -0.00925641
v -0.23000000 0.19000000 0.00925641
v -0.23000000 0.20000000 -0.00925641
v -0.23000000 0.20000000 0.00925641
v -0.23000000 0.21000000 -0.00925641
v -0.23000000 0.21000000 0.00925641
v -0.23000000 0.22000000 -0.00925641
v -0.23000000 0.22000000 0.00925641
v -0.23000000 0.23000000 -0.00925641
v -0.23000000 0.23000000 0.00925641
v -0.23000000 0.24000000 -0.00925641
v -0.23000000 0.24000000 0.00925641
v -0.23000000 0.25000000 -0.00925641
v -0.23000000 0.25000000 0.00925641
v -0.23000000 0.26000000 -0.00925641
v -0.23000000 0.26000000 0.00925641
v -0.23000000 0.27000000 -0.00925641
v -0.23000000 0.27000000 0.00925641
v -0.23000000 0.28000000 -0.00925641
v -0.23000000 0.28000000 0.00925641
v -0.23000000 0.29000000 -0.00925641
v -0.23000000 0.29000000 0.00925641
v -0.23000000 0.30000000 -0.00925641
v -0.23000000 0.30000000 0.00925641
v -0.23000000 0.31000000 -0.00925641
v -0.23000000 0.31000000 0.00925641
v -0.23000000 0.32000000 -0.00925641
v -0.23000000 0.32000000 0.00925641
v -0.23000000 0.33000000 -0.00925641
v -0.23000000 0.33000000 0.00925641
v -0.23000000 0.34000000 -0.00925641
v -0.23000000 0.34000000 0.00925641
v -0.23000000 0.34384615 -0.00541026
v -0.23000000 0.34466666 0.00458974
v -0.22000000 -0.34384615 -0.00541026
v -0.22000000 -0.34000000 -0.00925641
v -0.22000000 -0.34466666 0.00458974
v -0.22000000 -0.34000000 0.00925641
v -0.22000000 -0.33000000 -0.00925641
v -0.22000000 -0.33000000 0.00925641
v -0.22000000 -0.32000000 -0.00925641
v -0.22000000 -0.32000000 0.00925641
v -0.22000000 -0.31000000 -0.00925641
v -0.22000000 -0.31000000 0.00925641
v -0.22000000 -0.30000000 -0.00925641
v -0.22000000 -0.30000000 0.00925641
v -0.22000000 -0.29000000 -0.00925641
v -0.22000000 -0.29000000 0.00925641
v -0.22000000 -0.28000000 -0.00925641
v -0.22000000 -0.28000000 0.00925641
v -0.22000000 -0.27000000 -0.00925641
v -0.22000000 -0.27000000 0.00925641
v -0.22000000 -0.26000000 -0.00925641
v -0.22000000 -0.26000000 0.00925641
v -0.22000000 -0.25000000 -0.00925641
v -0.22000000 -0.25000000 0.00925641
v -0.22000000 -0.24000000 -0.00925641
v -0.22000000 -0.24000000 0.00925641
v -0.22000000 -0.23000000 -0.00925641
v -0.22000000 -0.23000000 0.00925641
v -0.22000000 -0.22000000 -0.00925641
v -0.22000000 -0.22000000 0.00925641
v -0.22000000 -0.21000000 -0.00925641
v -0.22000000 -0.21000000 0.00925641
v -0.22000000 -0.20000000 -0.00925641
v -0.22000000 -0.20000000 0.00925641
v -0.22000000 -0.19000000 -0.00925641
v -0.22000000 -0.19000000 0.00925641
v -0.22000000 -0.18000000 -0.00925641
v -0.22000000 -0.18000000 0.00925641
v -0.22000000 -0.17000000 -0.00925641
v -0.22000000 -0.17000000 0.00925641
v -0.22000000 -0.16000000 -0.00925641
v -0.22000000 -0.16000000 0.00925641
v -0.22000000 -0.15000000 -0.00925641
v -0.22000000 -0.15000000 0.00925641
v -0.22000000 -0.14000000 -0.00925641
v -0.22000000 -0.14000000 0.00925641
v -0.22000000 -0.13000000 -0.00925641
v -0.22000000 -0.13000000 0.00925641
v -0.22000000 -0.12000000 -0.00925641
v -0.22000000 -0.12000000 0.00925641
v -0.22000000 -0.11000000 -0.00925641
v -0.22000000 -0.11000000 0.00925641
v -0.22000000 -0.10000000 -0.00925641
v -0.22000000 -0.10000000 0.00925641
v -0.22000000 -0.09000000 -0.00925641
v -0.22000000 -0.09000000 0.00925641
v -0.22000000 -0.08000000 -0.00925641
v -0.22000000 -0.08000000 0.00925641
v -0.22000000 -0.07000000 -0.00925641
v -0.22000000 -0.07000000 0.00925641
v -0.22000000 -0.06000000 -0.00925641
v -0.22000000 -0.06000000 0.00925641
v -0.22000000 -0.05000000 -0.00925641
v -0.22000000 -0.05000000 0.00925641
v -0.22000000 -0.04000000 -0.00925641
v -0.22000000 -0.04000000 0.00925641
v -0.22000000 -0.03000000 -0.00925641
v -0.22000000 -0.03000000 0.00925641
v -0.22000000 -0.02000000 -0.00925641
v -0.22000000 -0.02000000 0.00925641
v -0.22000000 -0.01000000 -0.00925641
v -0.22000000 -0.01000000 0.00925641
v -0.22000000 -0.00000000 -0.00925641
v -0.22000000 -0.00000000 0.00925641
v -0.22000000 0.01000000 -0.00925641
v -0.22000000 0.01000000 0.00925641
v -0.22000000 0.02000000 -0.00925641
v -0.22000000 0.02000000 0.00925641
v -0.22000000 0.03000000 -0.00925641
v -0.22000000 0.03000000 0.00925641
v -0.22000000 0.04000000 -0.00925641
v -0.22000000 0.04000000 0.00925641
v -0.22000000 0.05000000 -0.00925641
v -0.22000000 0.05000000 0.00925641
v -0.22000000 0.06000000 -0.00925641
v -0.22000000 0.06000000 0.00925641
v -0.22000000 0.07000000 -0.00925641
v -0.22000000 0.07000000 0.00925641
v -0.22000000 0.08000000 -0.00925641
v -0.22000000 0.08000000 0.00925641
v -0.22000000 0.09000000 -0.00925641
v -0.22000000 0.09000000 0.00925641
v -0.22000000 0.10000000 -0.00925641
v -0.22000000 0.10000000 0.00925641
v -0.22000000 0.11000000 -0.00925641
v -0.22000000 0.11000000 0.00925641
v -0.22000000 0.12000000 -0.00925641
v -0.22000000 0.12000000 0.00925641
v -0.22000000 0.13000000 -0.00925641
v -0.22000000 0.13000000 0.00925641
v -0.22000000 0.14000000 -0.00925641
v -0.22000000 0.14000000 0.00925641
v -0.22000000 0.15000000 -0.00925641
v -0.22000000 0.15000000 0.00925641
v -0.22000000 0.16000000 -0.00925641
v -0.22000000 0.16000000 0.00925641
v -0.22000000 0.17000000 -0.00925641
v -0.22000000 0.17000000 0.00925641
v -0.22000000 0.18000000 -0.00925641
v -0.22000000 0.18000000 0.00925641
v -0.22000000 0.19000000 -0.00925641
v -0.22000000 0.19000000 0.00925641
v -0.22000000 0.20000000 -0.00925641
v -0.22000000 0.20000000 0.00925641
v -0.22000000 0.21000000 -0.00925641
v -0.22000000 0.21000000 0.00925641
v -0.22000000 0.22000000 -0.00925641
v -0.22000000 0.22000000 0.00925641
v -0.22000000 0.23000000 -0.00925641
v -0.22000000 0.23000000 0.00925641
v -0.22000000 0.24000000 -0.00925641
v -0.22000000 0.24000000 0.00925641
v -0.22000000 0.25000000 -0.00925641
v -0.22000000 0.25000000 0.00925641
v -0.22000000 0.26000000 -0.00925641
v -0.22000000 0.26000000 0.00925641
v -0.22000000 0.27000000 -0.00925641
v -0.22000000 0.27000000 0.00925641
v -0.22000000 0.28000000 -0.00925641
v -0.22000000 0.28000000 0.00925641
v -0.22000000 0.29000000 -0.00925641
v -0.22000000 0.29000000 0.00925641
v -0.22000000 0.30000000 -0.00925641
v -0.22000000 0.30000000 0.00925641
v -0.22000000 0.31000000 -0.00925641
v -0.22000000 0.31000000 0.00925641
v -0.22000000 0.32000000 -0.00925641
v -0.22000000 0.32000000 0.00925641
v -0.22000000 0.33000000 -0.00925641
v -0.22000000 0.33000000 0.00925641
v -0.22000000 0.34000000 -0.00925641
v -0.22000000 0.34000000 0.00925641
v -0.22000000 0.34384615 -0.00541026
v -0.22000000 0.34466666 0.00458974
v -0.21000000 -0.34384615 -0.00541026
v -0.21000000 -0.34000000 -0.00925641
v -0.21000000 -0.34466666 0.00458974
v -0.21000000 -0.34000000 0.00925641
v -0.21000000 -0.33000000 -0.00925641
v -0.21000000 -0.33000000 0.00925641
v -0.21000000 -0.32000000 -0.00925641
v -0.21000000 -0.32000000 0.00925641
v -0.21000000 -0.31000000 -0.00925641
v -0.21000000 -0.31000000 0.00925641
v -0.21000000 -0.30000000 -0.00925641
v -0.21000000 -0.30000000 0.00925641
v -0.21000000 -0.29000000 -0.00925641
v -0.21000000 -0.29000000 0.00925641
v -0.21000000 -0.28000000 -0.00925641
v -0.21000000 -0.28000000 0.00925641
v -0.21000000 -0.27000000 -0.00925641
v -0.21000000 -0.27000000 0.00925641
v -0.21000000 -0.26000000 -0.00925641
v -0.21000000 -0.26000000 0.00925641
v -0.21000000 -0.25000000 -0.00925641
v -0.21000000 -0.25000000 0.00925641
v -0.21000000 -0.24000000 -0.00925641
v -0.21000000 -0.24000000 0.00925641
v -0.21000000 -0.23000000 -0.00925641
v -0.21000000 -0.23000000 0.00925641
v -0.21000000 -0.22000000 -0.00925641
v -0.21000000 -0.22000000 0.00925641
v -0.21000000 -0.21000000 -0.00925641
v -0.21000000 -0.21000000 0.00925641
v -0.21000000 -0.20000000 -0.00925641
v -0.21000000 -0.20000000 0.00925641
v -0.21000000 -0.19000000 -0.00925641
v -0.21000000 -0.19000000 0.00925641
v -0.21000000 -0.18000000 -0.00925641
v -0.21000000 -0.18000000 0.00925641
v -0.21000000 -0.17000000 -0.00925641
v -0.21000000 -0.17000000 0.00925641
v -0.21000000 -0.16000000 -0.00925641
v -0.21000000 -0.16000000 0.00925641
v -0.21000000 -0.15000000 -0.00925641
v -0.21000000 -0.15000000 0.00925641
v -0.21000000 -0.14000000 -0.00925641
v -0.21000000 -0.14000000 0.00925641
v -0.21000000 -0.13000000 -0.00925641
v -0.21000000 -0.13000000 0.00925641
v -0.21000000 -0.12000000 -0.00925641
v -0.21000000 -0.12000000 0.00925641
v -0.21000000 -0.11000000 -0.00925641
v -0.21000000 -0.11000000 0.00925641
v -0.21000000 -0.10000000 -0.00925641
v -0.21000000 -0.10000000 0.00925641
v -0.21000000 -0.09000000 -0.00925641
v -0.21000000 -0.09000000 0.00925641
v -0.21000000 -0.08000000 -0.00925641
v -0.21000000 -0.08000000 0.00925641
v -0.21000000 -0.07000000 -0.00925641
v -0.21000000 -0.07000000 0.00925641
v -0.21000000 -0.06000000 -0.00925641
v -0.21000000 -0.06000000 0.00925641
v -0.21000000 -0.05000000 -0.00925641
v -0.21000000 -0.05000000 0.00925641
v -0.21000000 -0.04000000 -0.00925641
v -0.21000000 -0.04000000 0.00925641
v -0.21000000 -0.03000000 -0.00925641
v -0.21000000 -0.03000000 0.00925641
v -0.21000000 -0.02000000 -0.00925641
v -0.21000000 -0.02000000 0.00925641
v -0.21000000 -0.01000000 -0.00925641
v -0.21000000 -0.01000000 0.00925641
v -0.21000000 -0.00000000 -0.00925641
v -0.21000000 -0.00000000 0.00925641
v -0.21000000 0.01000000 -0.00925641
v -0.21000000 0.01000000 0.00925641
v -0.21000000 0.02000000 -0.00925641
v -0.21000000 0.02000000 0.00925641
v -0.21000000 0.03000000 -0.00925641
v -0.21000000 0.03000000 0.00925641
v -0.21000000 0.04000000 -0.00925641
v -0.21000000 0.04000000 0.00925641
v -0.21000000 0.05000000 -0.00925641
v -0.21000000 0.05000000 0.00925641
v -0.21000000 0.06000000 -0.00925641
v -0.21000000 0.06000000 0.00925641
v -0.21000000 0.07000000 -0.00925641
v -0.21000000 0.07000000 0.00925641
v -0.21000000 0.08000000 -0.00925641
v -0.21000000 0.08000000 0.00925641
v -0.21000000 0.09000000 -0.00925641
v -0.21000000 0.09000000 0.00925641
v -0.21000000 0.10000000 -0.00925641
v -0.21000000 0.10000000 0.00925641
v -0.21000000 0.11000000 -0.00925641
v -0.21000000 0.11000000 0.00925641
v -0.21000000 0.12000000 -0.00925641
v -0.21000000 0.12000000 0.00925641
v -0.21000000 0.13000000 -0.00925641
v -0.21000000 0.13000000 0.00925641
v -0.21000000 0.14000000 -0.00925641
v -0.21000000 0.14000000 0.00925641
v -0.21000000 0.15000000 -0.00925641
v -0.21000000 0.15000000 0.00925641
v -0.21000000 0.16000000 -0.00925641
v -0.21000000 0.16000000 0.00925641
v -0.21000000 0.17000000 -0.00925641
v -0.21000000 0.17000000 0.00925641
v -0.21000000 0.18000000 -0.00925641
v -0.21000000 0.18000000 0.00925641
v -0.21000000 0.19000000 -0.00925641
v -0.21000000 0.19000000 0.00925641
v -0.21000000 0.20000000 -0.00925641
v -0.21000000 0.20000000 0.00925641
v -0.21000000 0.21000000 -0.00925641
v -0.21000000 0.21000000 0.00925641
v -0.21000000 0.22000000 -0.00925641
v -0.21000000 0.22000000 0.00925641
v -0.21000000 0.23000000 -0.00925641
v -0.21000000 0.23000000 0.00925641
v -0.21000000 0.24000000 -0.00925641
v -0.21000000 0.24000000 0.00925641
v -0.21000000 0.25000000 -0.00925641
v -0.21000000 0.25000000 0.00925641
v -0.21000000 0.26000000 -0.00925641
v -0.21000000 0.26000000 0.00925641
v -0.21000000 0.27000000 -0.00925641
v -0.21000000 0.27000000 0.00925641
v -0.21000000 0.28000000 -0.00925641
v -0.21000000 0.28000000 0.00925641
v -0.21000000 0.29000000 -0.00925641
v -0.21000000 0.29000000 0.00925641
v -0.21000000 0.30000000 -0.00925641
v -0.21000000 0.30000000 0.00925641
v -0.21000000 0.31000000 -0.00925641
v -0.21000000 0.31000000 0.00925641
v -0.21000000 0.32000000 -0.00925641
v -0.21000000 0.32000000 0.00925641
v -0.21000000 0.33000000 -0.00925641
v -0.21000000 0.33000000 0.00925641
v -0.21000000 0.34000000 -0.00925641
v -0.21000000 0.34000000 0.00925641
v -0.21000000 0.34384615 -0.00541026
v -0.21000000 0.34466666 0.00458974
v -0.20000000 -0.34384615 -0.00541026
v -0.20000000 -0.34000000 -0.00925641
v -0.20000000 -0.34466666 0.00458974
v -0.20000000 -0.34000000 0.00925641
v -0.20000000 -0.33000000 -0.00925641
v -0.20000000 -0.33000000 0.00925641
v -0.20000000 -0.32000000 -0.00925641
v -0.20000000 -0.32000000 0.00925641
v -0.20000000 -0.31000000 -0.00925641
v -0.20000000 -0.31000000 0.00925641
v -0.20000000 -0.30000000 -0.00925641
v -0.20000000 -0.30000000 0.00925641
v -0.20000000 -0.29000000 -0.00925641
v -0.20000000 -0.29000000 0.00925641
v -0.20000000 -0.28000000 -0.00925641
v -0.20000000 -0.28000000 0.00925641
v -0.20000000 -0.27000000 -0.00925641
v -0.20000000 -0.27000000 0.00925641
v -0.20000000 -0.26000000 -0.00925641
v -0.20000000 -0.26000000 0.00925641
v -0.20000000 -0.25000000 -0.00925641
v -0.20000000 -0.25000000 0.00925641
v -0.20000000 -0.24000000 -0.00925641
v -0.20000000 -0.24000000 0.00925641
v -0.20000000 -0.23000000 -0.00925641
v -0.20000000 -0.23000000 0.00925641
v -0.20000000 -0.22000000 -0.00925641
v -0.20000000 -0.22000000 0.00925641
v -0.20000000 -0.21000000 -0.00925641
v -0.20000000 -0.21000000 0.00925641
v -0.20000000 -0.20000000 -0.00925641
v -0.20000000 -0.20000000 0.00925641
v -0.20000000 -0.19000000 -0.00925641
v -0.20000000 -0.19000000 0.00925641
v -0.20000000 -0.18000000 -0.00925641
v -0.20000000 -0.18000000 0.00925641
v -0.20000000 -0.17000000 -0.00925641
v -0.20000000 -0.17000000 0.00925641
v -0.20000000 -0.16000000 -0.00925641
v -0.20000000 -0.16000000 0.00925641
v -0.20000000 -0.15000000 -0.00925641
v -0.20000000 -0.15000000 0.00925641
v -0.20000000 -0.14000000 -0.00925641
v -0.20000000 -0.14000000 0.00925641
v -0.20000000 -0.13000000 -0.00925641
v -0.20000000 -0.13000000 0.00925641
v -0.20000000 -0.12000000 -0.00925641
v -0.20000000 -0.12000000 0.00925641
v -0.20000000 -0.11000000 -0.00925641
v -0.20000000 -0.11000000 0.00925641
v -0.20000000 -0.10000000 -0.00925641
v -0.20000000 -0.10000000 0.00925641
v -0.20000000 -0.09000000 -0.00925641
v -0.20000000 -0.09000000 0.00925641
v -0.20000000 -0.08000000 -0.00925641
v -0.20000000 -0.08000000 0.00925641
v -0.20000000 -0.07000000 -0.00925641
v -0.20000000 -0.07000000 0.00925641
v -0.20000000 -0.06000000 -0.00925641
v -0.20000000 -0.06000000 0.00925641
v -0.20000000 -0.05000000 -0.00925641
v -0.20000000 -0.05000000 0.00925641
v -0.20000000 -0.04000000 -0.00925641
v -0.20000000 -0.04000000 0.00925641
v -0.20000000 -0.03000000 -0.00925641
v -0.20000000 -0.03000000 0.00925641
v -0.20000000 -0.02000000 -0.00925641
v -0.20000000 -0.02000000 0.00925641
v -0.20000000 -0.01000000 -0.00925641
v -0.20000000 -0.01000000 0.00925641
v -0.20000000 -0.00000000 -0.00925641
v -0.20000000 -0.00000000 0.00925641
v -0.20000000 0.01000000 -0.00925641
v -0.20000000 0.01000000 0.00925641
v -0.20000000 0.02000000 -0.00925641
v -0.20000000 0.02000000 0.00925641
v -0.20000000 0.03000000 -0.00925641
v -0.20000000 0.03000000 0.00925641
v -0.20000000 0.04000000 -0.00925641
v -0.20000000 0.04000000 0.00925641
v -0.20000000 0.05000000 -0.00925641
v -0.20000000 0.05000000 0.00925641
v -0.20000000 0.06000000 -0.00925641
v -0.20000000 0.06000000 0.00925641
v -0.20000000 0.07000000 -0.00925641
v -0.20000000 0.07000000 0.00925641
v -0.20000000 0.08000000 -0.00925641
v -0.20000000 0.08000000 0.00925641
v -0.20000000 0.09000000 -0.00925641
v -0.20000000 0.09000000 0.00925641
v -0.20000000 0.10000000 -0.00925641
v -0.20000000 0.10000000 0.00925641
v -0.20000000 0.11000000 -0.00925641
v -0.20000000 0.11000000 0.00925641
v -0.20000000 0.12000000 -0.00925641
v -0.20000000 0.12000000 0.00925641
v -0.20000000 0.13000000 -0.00925641
v -0.20000000 0.13000000 0.00925641
v -0.20000000 0.14000000 -0.00925641
v -0.20000000 0.14000000 0.00925641
v -0.20000000 0.15000000 -0.00925641
v -0.20000000 0.15000000 0.00925641
v -0.20000000 0.16000000 -0.00925641
v -0.20000000 0.16000000 0.00925641
v -0.20000000 0.17000000 -0.00925641
v -0.20000000 0.17000000 0.00925641
v -0.20000000 0.18000000 -0.00925641
v -0.20000000 0.18000000 0.00925641
v -0.20000000 0.19000000 -0.00925641
v -0.20000000 0.19000000 0.00925641
v -0.20000000 0.20000000 -0.00925641
v -0.20000000 0.20000000 0.00925641
v -0.20000000 0.21000000 -0.00925641
v -0.20000000 0.21000000 0.00925641
v -0.20000000 0.22000000 -0.00925641
v -0.20000000 0.22000000 0.00925641
v -0.20000000 0.23000000 -0.00925641
v -0.20000000 0.23000000 0.00925641
v -0.20000000 0.24000000 -0.00925641
v -0.20000000 0.24000000 0.00925641
v -0.20000000 0.25000000 -0.00925641
v -0.20000000 0.25000000 0.00925641
v -0.20000000 0.26000000 -0.00925641
v -0.20000000 0.26000000 0.00925641
v -0.20000000 0.27000000 -0.00925641
v -0.20000000 0.27000000 0.00925641
v -0.20000000 0.28000000 -0.00925641
v -0.20000000 0.28000000 0.00925641
v -0.20000000 0.29000000 -0.00925641
v -0.20000000 0.29000000 0.00925641
v -0.20000000 0.30000000 -0.00925641
v -0.20000000 0.30000000 0.00925641
v -0.20000000 0.31000000 -0.00925641
v -0.20000000 0.31000000 0.00925641
v -0.20000000 0.32000000 -0.00925641
v -0.20000000 0.32000000 0.00925641
v -0.20000000 0.33000000 -0.00925641
v -0.20000000 0.33000000 0.00925641
v -0.20000000 0.34000000 -0.00925641
v -0.20000000 0.34000000 0.00925641
v -0.20000000 0.34384615 -0.00541026
v -0.20000000 0.34466666 0.00458974
v -0.19000000 -0.34384615 -0.00541026
v -0.19000000 -0.34000000 -0.00925641
v -0.19000000 -0.34466666 0.00458974
v -0.19000000 -0.34000000 0.00925641
v -0.19000000 -0.33000000 -0.00925641
v -0.19000000 -0.33000000 0.00925641
v -0.19000000 -0.32000000 -0.00925641
v -0.19000000 -0.32000000 0.00925641
v -0.19000000 -0.31000000 -0.00925641
v -0.19000000 -0.31000000 0.00925641
v -0.19000000 -0.30000000 -0.00925641
v -0.19000000 -0.30000000 0.00925641
v -0.19000000 -0.29000000 -0.00925641
v -0.19000000 -0.29000000 0.00925641
v -0.19000000 -0.28000000 -0.00925641
v -0.19000000 -0.28000000 0.00925641
v -0.19000000 -0.27000000 -0.00925641
v -0.19000000 -0.27000000 0.00925641
v -0.19000000 -0.26000000 -0.00925641
v -0.19000000 -0.26000000 0.00925641
v -0.19000000 -0.25000000 -0.00925641
v -0.19000000 -0.25000000 0.00925641
v -0.19000000 -0.24000000 -0.00925641
v -0.19000000 -0.24000000 0.00925641
v -0.19000000 -0.23000000 -0.00925641
v -0.19000000 -0.23000000 0.00925641
v -0.19000000 -0.22000000 -0.00925641
v -0.19000000 -0.22000000 0.00925641
v -0.19000000 -0.21000000 -0.00925641
v -0.19000000 -0.21000000 0.00925641
v -0.19000000 -0.20000000 -0.00925641
v -0.19000000 -0.20000000 0.00925641
v -0.19000000 -0.19000000 -0.00925641
v -0.19000000 -0.19000000 0.00925641
v -0.19000000 -0.18000000 -0.00925641
v -0.19000000 -0.18000000 0.00925641
v -0.19000000 -0.17000000 -0.00925641
v -0.19000000 -0.17000000 0.00925641
v -0.19000000 -0.16000000 -0.00925641
v -0.19000000 -0.16000000 0.00925641
v -0.19000000 -0.15000000 -0.00925641
v -0.19000000 -0.15000000 0.00925641
v -0.19000000 -0.14000000 -0.00925641
v -0.19000000 -0.14000000 0.00925641
v -0.19000000 -0.13000000 -0.00925641
v -0.19000000 -0.13000000 0.00925641
v -0.19000000 -0.12000000 -0.00925641
v -0.19000000 -0.12000000 0.00925641
v -0.19000000 -0.11000000 -0.00925641
v -0.19000000 -0.11000000 0.00925641
v -0.19000000 -0.10000000 -0.00925641
v -0.19000000 -0.10000000 0.00925641
v -0.19000000 -0.09000000 -0.00925641
v -0.19000000 -0.09000000 0.00925641
v -0.19000000 -0.08000000 -0.00925641
v -0.19000000 -0.08000000 0.00925641
v -0.19000000 -0.07000000 -0.00925641
v -0.19000000 -0.07000000 0.00925641
v -0.19000000 -0.06000000 -0.00925641
v -0.19000000 -0.06000000 0.00925641
v -0.19000000 -0.05000000 -0.00925641
v -0.19000000 -0.05000000 0.00925641
v -0.19000000 -0.04000000 -0.00925641
v -0.19000000 -0.04000000 0.00925641
v -0.19000000 -0.03000000 -0.00925641
v -0.19000000 -0.03000000 0.00925641
v -0.19000000 -0.02000000 -0.00925641
v -0.19000000 -0.02000000 0.00925641
v -0.19000000 -0.01000000 -0.00925641
v -0.19000000 -0.01000000 0.00925641
v -0.19000000 -0.00000000 -0.00925641
v -0.19000000 -0.00000000 0.00925641
v -0.19000000 0.01000000 -0.00925641
v -0.19000000 0.01000000 0.00925641
v -0.19000000 0.02000000 -0.00925641
v -0.19000000 0.02000000 0.00925641
v -0.19000000 0.03000000 -0.00925641
v -0.19000000 0.03000000 0.00925641
v -0.19000000 0.04000000 -0.00925641
v -0.19000000 0.04000000 0.00925641
v -0.19000000 0.05000000 -0.00925641
v -0.19000000 0.05000000 0.00925641
v -0.19000000 0.06000000 -0.00925641
v -0.19000000 0.06000000 0.00925641
v -0.19000000 0.07000000 -0.00925641
v -0.19000000 0.07000000 0.00925641
v -0.19000000 0.08000000 -0.00925641
v -0.19000000 0.08000000 0.00925641
v -0.19000000 0.09000000 -0.00925641
v -0.19000000 0.09000000 0.00925641
v -0.19000000 0.10000000 -0.00925641
v -0.19000000 0.10000000 0.00925641
v -0.19000000 0.11000000 -0.00925641
v -0.19000000 0.11000000 0.00925641
v -0.19000000 0.12000000 -0.00925641
v -0.19000000 0.12000000 0.00925641
v -0.19000000 0.13000000 -0.00925641
v -0.19000000 0.13000000 0.00925641
v -0.19000000 0.14000000 -0.00925641
v -0.19000000 0.14000000 0.00925641
v -0.19000000 0.15000000 -0.00925641
v -0.19000000 0.15000000 0.00925641
v -0.19000000 0.16000000 -0.00925641
v -0.19000000 0.16000000 0.00925641
v -0.19000000 0.17000000 -0.00925641
v -0.19000000 0.17000000 0.00925641
v -0.19000000 0.18000000 -0.00925641
v -0.19000000 0.18000000 0.00925641
v -0.19000000 0.19000000 -0.00925641
v -0.19000000 0.19000000 0.00925641
v -0.19000000 0.20000000 -0.00925641
v -0.19000000 0.20000000 0.00925641
v -0.19000000 0.21000000 -0.00925641
v -0.19000000 0.21000000 0.00925641
v -0.19000000 0.22000000 -0.00925641
v -0.19000000 0.22000000 0.00925641
v -0.19000000 0.23000000 -0.00925641
v -0.19000000 0.23000000 0.00925641
v -0.19000000 0.24000000 -0.00925641
v -0.19000000 0.24000000 0.00925641
v -0.19000000 0.25000000 -0.00925641
v -0.19000000 0.25000000 0.00925641
v -0.19000000 0.26000000 -0.00925641
v -0.19000000 0.26000000 0.00925641
v -0.19000000 0.27000000 -0.00925641
v -0.19000000 0.27000000 0.00925641
v -0.19000000 0.28000000 -0.00925641
v -0.19000000 0.28000000 0.00925641
v -0.19000000 0.29000000 -0.00925641
v -0.19000000 0.29000000 0.00925641
v -0.19000000 0.30000000 -0.00925641
v -0.19000000 0.30000000 0.00925641
v -0.19000000 0.31000000 -0.00925641
v -0.19000000 0.31000000 0.00925641
v -0.19000000 0.32000000 -0.00925641
v -0.19000000 0.32000000 0.00925641
v -0.19000000 0.33000000 -0.00925641
v -0.19000000 0.33000000 0.00925641
v -0.19000000 0.34000000 -0.00925641
v -0.19000000 0.34000000 0.00925641
v -0.19000000 0.34384615 -0.00541026
v -0.19000000 0.34466666 0.00458974
v -0.18000000 -0.34384615 -0.00541026
v -0.18000000 -0.34000000 -0.00925641
v -0.18000000 -0.34466666 0.00458974
v -0.18000000 -0.34000000 0.00925641
v -0.18000000 -0.33000000 -0.00925641
v -0.18000000 -0.33000000 0.00925641
v -0.18000000 -0.32000000 -0.00925641
v -0.18000000 -0.32000000 0.00925641
v -0.18000000 -0.31000000 -0.00925641
v -0.18000000 -0.31000000 0.00925641
v -0.18000000 -0.30000000 -0.00925641
v -0.18000000 -0.30000000 0.00925641
v -0.18000000 -0.29000000 -0.00925641
v -0.18000000 -0.29000000 0.00925641
v -0.18000000 -0.28000000 -0.00925641
v -0.18000000 -0.28000000 0.00925641
v -0.18000000 -0.27000000 -0.00925641
v -0.18000000 -0.27000000 0.00925641
v -0.18000000 -0.26000000 -0.00925641
v -0.18000000 -0.26000000 0.00925641
v -0.18000000 -0.25000000 -0.00925641
v -0.18000000 -0.25000000 0.00925641
v -0.18000000 -0.24000000 -0.00925641
v -0.18000000 -0.24000000 0.00925641
v -0.18000000 -0.23000000 -0.00925641
v -0.18000000 -0.23000000 0.00925641
v -0.18000000 -0.22000000 -0.00925641
v -0.18000000 -0.22000000 0.00925641
v -0.18000000 -0.21000000 -0.00925641
v -0.18000000 -0.21000000 0.00925641
v -0.18000000 -0.20000000 -0.00925641
v -0.18000000 -0.20000000 0.00925641
v -0.18000000 -0.19000000 -0.00925641
v -0.18000000 -0.19000000 0.00925641
v -0.18000000 -0.18000000 -0.00925641
v -0.18000000 -0.18000000 0.00925641
v -0.18000000 -0.17000000 -0.00925641
v -0.18000000 -0.17000000 0.00925641
v -0.18000000 -0.16000000 -0.00925641
v -0.18000000 -0.16000000 0.00925641
v -0.18000000 -0.15000000 -0.00925641
v -0.18000000 -0.15000000 0.00925641
v -0.18000000 -0.14000000 -0.00925641
v -0.18000000 -0.14000000 0.00925641
v -0.18000000 -0.13000000 -0.00925641
v -0.18000000 -0.13000000 0.00925641
v -0.18000000 -0.12000000 -0.00925641
v -0.18000000 -0.12000000 0.00925641
v -0.18000000 -0.11000000 -0.00925641
v -0.18000000 -0.11000000 0.00925641
v -0.18000000 -0.10000000 -0.00925641
v -0.18000000 -0.10000000 0.00925641
v -0.18000000 -0.09000000 -0.00925641
v -0.18000000 -0.09000000 0.00925641
v -0.18000000 -0.08000000 -0.00925641
v -0.18000000 -0.08000000 0.00925641
v -0.18000000 -0.07000000 -0.00925641
v -0.18000000 -0.07000000 0.00925641
v -0.18000000 -0.06000000 -0.00925641
v -0.18000000 -0.06000000 0.00925641
v -0.18000000 -0.05000000 -0.00925641
v -0.18000000 -0.05000000 0.00925641
v -0.18000000 -0.04000000 -0.00925641
v -0.18000000 -0.04000000 0.00925641
v -0.18000000 -0.03000000 -0.00925641
v -0.18000000 -0.03000000 0.00925641
v -0.18000000 -0.02000000 -0.00925641
v -0.18000000 -0.02000000 0.00925641
v -0.18000000 -0.01000000 -0.00925641
v -0.18000000 -0.01000000 0.00925641
v -0.18000000 -0.00000000 -0.00925641
v -0.18000000 -0.00000000 0.00925641
v -0.18000000 0.01000000 -0.00925641
v -0.18000000 0.01000000 0.00925641
v -0.18000000 0.02000000 -0.00925641
v -0.18000000 0.02000000 0.00925641
v -0.18000000 0.03000000 -0.00925641
v -0.18000000 0.03000000 0.00925641
v -0.18000000 0.04000000 -0.00925641
v -0.18000000 0.04000000 0.00925641
v -0.18000000 0.05000000 -0.00925641
v -0.18000000 0.05000000 0.00925641
v -0.18000000 0.06000000 -0.00925641
v -0.18000000 0.06000000 0.00925641
v -0.18000000 0.07000000 -0.00925641
v -0.18000000 0.07000000 0.00925641
v -0.18000000 0.08000000 -0.00925641
v -0.18000000 0.08000000 0.00925641
v -0.18000000 0.09000000 -0.00925641
v -0.18000000 0.09000000 0.00925641
v -0.18000000 0.10000000 -0.00925641
v -0.18000000 0.10000000 0.00925641
v -0.18000000 0.11000000 -0.00925641
v -0.18000000 0.11000000 0.00925641
v -0.18000000 0.12000000 -0.00925641
v -0.18000000 0.12000000 0.00925641
v -0.18000000 0.13000000 -0.00925641
v -0.18000000 0.13000000 0.00925641
v -0.18000000 0.14000000 -0.00925641
v -0.18000000 0.14000000 0.00925641
v -0.18000000 0.15000000 -0.00925641
v -0.18000000 0.15000000 0.00925641
v -0.18000000 0.16000000 -0.00925641
v -0.18000000 0.16000000 0.00925641
v -0.18000000 0.17000000 -0.00925641
v -0.18000000 0.17000000 0.00925641
v -0.18000000 0.18000000 -0.00925641
v -0.18000000 0.18000000 0.00925641
v -0.18000000 0.19000000 -0.00925641
v -0.18000000 0.19000000 0.00925641
v -0.18000000 0.20000000 -0.00925641
v -0.18000000 0.20000000 0.00925641
v -0.18000000 0.21000000 -0.00925641
v -0.18000000 0.21000000 0.00925641
v -0.18000000 0.22000000 -0.00925641
v -0.18000000 0.22000000 0.00925641
v -0.18000000 0.23000000 -0.00925641
v -0.18000000 0.23000000 0.00925641
v -0.18000000 0.24000000 -0.00925641
v -0.18000000 0.24000000 0.00925641
v -0.18000000 0.25000000 -0.00925641
v -0.18000000 0.25000000 0.00925641
v -0.18000000 0.26000000 -0.00925641
v -0.18000000 0.26000000 0.00925641
v -0.18000000 0.27000000 -0.00925641
v -0.18000000 0.27000000 0.00925641
v -0.18000000 0.28000000 -0.00925641
v -0.18000000 0.28000000 0.00925641
v -0.18000000 0.29000000 -0.00925641
v -0.18000000 0.29000000 0.00925641
v -0.18000000 0.30000000 -0.00925641
v -0.18000000 0.30000000 0.00925641
v -0.18000000 0.31000000 -0.00925641
v -0.18000000 0.31000000 0.00925641
v -0.18000000 0.32000000 -0.00925641
v -0.18000000 0.32000000 0.00925641
v -0.18000000 0.33000000 -0.00925641
v -0.18000000 0.33000000 0.00925641
v -0.18000000 0.34000000 -0.00925641
v -0.18000000 0.34000000 0.00925641
v -0.18000000 0.34384615 -0.00541026
v -0.18000000 0.34466666 0.00458974
v -0.17000000 -0.34384615 -0.00541026
v -0.17000000 -0.34000000 -0.00925641
v -0.17000000 -0.34466666 0.00458974
v -0.17000000 -0.34000000 0.00925641
v -0.17000000 -0.33000000 -0.00925641
v -0.17000000 -0.33000000 0.00925641
v -0.17000000 -0.32000000 -0.00925641
v -0.17000000 -0.32000000 0.00925641
v -0.17000000 -0.31000000 -0.00925641
v -0.17000000 -0.31000000 0.00925641
v -0.17000000 -0.30000000 -0.00925641
v -0.17000000 -0.30000000 0.00925641
v -0.17000000 -0.29000000 -0.00925641
v -0.17000000 -0.29000000 0.00925641
v -0.17000000 -0.28000000 -0.00925641
v -0.17000000 -0.28000000 0.00925641
v -0.17000000 -0.27000000 -0.00925641
v -0.17000000 -0.27000000 0.00925641
v -0.17000000 -0.26000000 -0.00925641
v -0.17000000 -0.26000000 0.00925641
v -0.17000000 -0.25000000 -0.00925641
v -0.17000000 -0.25000000 0.00925641
v -0.17000000 -0.24000000 -0.00925641
v -0.17000000 -0.24000000 0.00925641
v -0.17000000 -0.23000000 -0.00925641
v -0.17000000 -0.23000000 0.00925641
v -0.17000000 -0.22000000 -0.00925641
v -0.17000000 -0.22000000 0.00925641
v -0.17000000 -0.21000000 -0.00925641
v -0.17000000 -0.21000000 0.00925641
v -0.17000000 -0.20000000 -0.00925641
v -0.17000000 -0.20000000 0.00925641
v -0.17000000 -0.19000000 -0.00925641
v -0.17000000 -0.19000000 0.00925641
v -0.17000000 -0.18000000 -0.00925641
v -0.17000000 -0.18000000 0.00925641
v -0.17000000 -0.17000000 -0.00925641
v -0.17000000 -0.17000000 0.00925641
v -0.17000000 -0.16000000 -0.00925641
v -0.17000000 -0.16000000 0.00925641
v -0.17000000 -0.15000000 -0.00925641
v -0.17000000 -0.15000000 0.00925641
v -0.17000000 -0.14000000 -0.00925641
v -0.17000000 -0.14000000 0.00925641
v -0.17000000 -0.13000000 -0.00925641
v -0.17000000 -0.13000000 0.00925641
v -0.17000000 -0.12000000 -0.00925641
v -0.17000000 -0.12000000 0.00925641
v -0.17000000 -0.11000000 -0.00925641
v -0.17000000 -0.11000000 0.00925641
v -0.17000000 -0.10000000 -0.00925641
v -0.17000000 -0.10000000 0.00925641
v -0.17000000 -0.09000000 -0.00925641
v -0.17000000 -0.09000000 0.00925641
v -0.17000000 -0.08000000 -0.00925641
v -0.17000000 -0.08000000 0.00925641
v -0.17000000 -0.07000000 -0.00925641
v -0.17000000 -0.07000000 0.00925641
v -0.17000000 -0.06000000 -0.00925641
v -0.17000000 -0.06000000 0.00925641
v -0.17000000 -0.05000000 -0.00925641
v -0.17000000 -0.05000000 0.00925641
v -0.17000000 -0.04000000 -0.00925641
v -0.17000000 -0.04000000 0.00925641
v -0.17000000 -0.03000000 -0.00925641
v -0.17000000 -0.03000000 0.00925641
v -0.17000000 -0.02000000 -0.00925641
v -0.17000000 -0.02000000 0.00925641
v -0.17000000 -0.01000000 -0.00925641
v -0.17000000 -0.01000000 0.00925641
v -0.17000000 -0.00000000 -0.00925641
v -0.17000000 -0.00000000 0.00925641
v -0.17000000 0.01000000 -0.00925641
v -0.17000000 0.01000000 0.00925641
v -0.17000000 0.02000000 -0.00925641
v -0.17000000 0.02000000 0.00925641
v -0.17000000 0.03000000 -0.00925641
v -0.17000000 0.03000000 0.00925641
v -0.17000000 0.04000000 -0.00925641
v -0.17000000 0.04000000 0.00925641
v -0.17000000 0.05000000 -0.00925641
v -0.17000000 0.05000000 0.00925641
v -0.17000000 0.06000000 -0.00925641
v -0.17000000 0.06000000 0.00925641
v -0.17000000 0.07000000 -0.00925641
v -0.17000000 0.07000000 0.00925641
v -0.17000000 0.08000000 -0.00925641
v -0.17000000 0.08000000 0.00925641
v -0.17000000 0.09000000 -0.00925641
v -0.17000000 0.09000000 0.00925641
v -0.17000000 0.10000000 -0.00925641
v -0.17000000 0.10000000 0.00925641
v -0.17000000 0.11000000 -0.00925641
v -0.17000000 0.11000000 0.00925641
v -0.17000000 0.12000000 -0.00925641
v -0.17000000 0.12000000 0.00925641
v -0.17000000 0.13000000 -0.00925641
v -0.17000000 0.13000000 0.00925641
v -0.17000000 0.14000000 -0.00925641
v -0.17000000 0.14000000 0.00925641
v -0.17000000 0.15000000 -0.00925641
v -0.17000000 0.15000000 0.00925641
v -0.17000000 0.16000000 -0.00925641
v -0.17000000 0.16000000 0.00925641
v -0.17000000 0.17000000 -0.00925641
v -0.17000000 0.17000000 0.00925641
v -0.17000000 0.18000000 -0.00925641
v -0.17000000 0.18000000 0.00925641
v -0.17000000 0.19000000 -0.00925641
v -0.17000000 0.19000000 0.00925641
v -0.17000000 0.20000000 -0.00925641
v -0.17000000 0.20000000 0.00925641
v -0.17000000 0.21000000 -0.00925641
v -0.17000000 0.21000000 0.00925641
v -0.17000000 0.22000000 -0.00925641
v -0.17000000 0.22000000 0.00925641
v -0.17000000 0.23000000 -0.00925641
v -0.17000000 0.23000000 0.00925641
v -0.17000000 0.24000000 -0.00925641
v -0.17000000 0.24000000 0.00925641
v -0.17000000 0.25000000 -0.00925641
v -0.17000000 0.25000000 0.00925641
v -0.17000000 0.26000000 -0.00925641
v -0.17000000 0.26000000 0.00925641
v -0.17000000 0.27000000 -0.00925641
v -0.17000000 0.27000000 0.00925641
v -0.17000000 0.28000000 -0.00925641
v -0.17000000 0.28000000 0.00925641
v -0.17000000 0.29000000 -0.00925641
v -0.17000000 0.29000000 0.00925641
v -0.17000000 0.30000000 -0.00925641
v -0.17000000 0.30000000 0.00925641
v -0.17000000 0.31000000 -0.00925641
v -0.17000000 0.31000000 0.00925641
v -0.17000000 0.32000000 -0.00925641
v -0.17000000 0.32000000 0.00925641
v -0.17000000 0.33000000 -0.00925641
v -0.17000000 0.33000000 0.00925641
v -0.17000000 0.34000000 -0.00925641
v -0.17000000 0.34000000 0.00925641
v -0.17000000 0.34384615 -0.00541026
v -0.17000000 0.34466666 0.00458974
v -0.16000000 -0.34384615 -0.00541026
v -0.16000000 -0.34000000 -0.00925641
v -0.16000000 -0.34466666 0.00458974
v -0.16000000 -0.34000000 0.00925641
v -0.16000000 -0.33000000 -0.00925641
v -0.16000000 -0.33000000 0.00925641
v -0.16000000 -0.32000000 -0.00925641
v -0.16000000 -0.32000000 0.00925641
v -0.16000000 -0.31000000 -0.00925641
v -0.16000000 -0.31000000 0.00925641
v -0.16000000 -0.30000000 -0.00925641
v -0.16000000 -0.30000000 0.00925641
v -0.16000000 -0.29000000 -0.00925641
v -0.16000000 -0.29000000 0.00925641
v -0.16000000 -0.28000000 -0.00925641
v -0.16000000 -0.28000000 0.00925641
v -0.16000000 -0.27000000 -0.00925641
v -0.16000000 -0.27000000 0.00925641
v -0.16000000 -0.26000000 -0.00925641
v -0.16000000 -0.26000000 0.00925641
v -0.16000000 -0.25000000 -0.00925641
v -0.16000000 -0.25000000 0.00925641
v -0.16000000 -0.24000000 -0.00925641
v -0.16000000 -0.24000000 0.00925641
v -0.16000000 -0.23000000 -0.00925641
v -0.16000000 -0.23000000 0.00925641
v -0.16000000 -0.22000000 -0.00925641
v -0.16000000 -0.22000000 0.00925641
v -0.16000000 -0.21000000 -0.00925641
v -0.16000000 -0.21000000 0.00925641
v -0.16000000 -0.20000000 -0.00925641
v -0.16000000 -0.20000000 0.00925641
v -0.16000000 -0.19000000 -0.00925641
v -0.16000000 -0.19000000 0.00925641
v -0.16000000 -0.18000000 -0.00925641
v -0.16000000 -0.18000000 0.00925641
v -0.16000000 -0.17000000 -0.00925641
v -0.16000000 -0.17000000 0.00925641
v -0.16000000 -0.16000000 -0.00925641
v -0.16000000 -0.16000000 0.00925641
v -0.16000000 -0.15000000 -0.00925641
v -0.16000000 -0.15000000 0.00925641
v -0.16000000 -0.14000000 -0.00925641
v -0.16000000 -0.14000000 0.00925641
v -0.16000000 -0.13000000 -0.00925641
v -0.16000000 -0.13000000 0.00925641
v -0.16000000 -0.12000000 -0.00925641
v -0.16000000 -0.12000000 0.00925641
v -0.16000000 -0.11000000 -0.00925641
v -0.16000000 -0.11000000 0.00925641
v -0.16000000 -0.10000000 -0.00925641
v -0.16000000 -0.10000000 0.00925641
v -0.16000000 -0.09000000 -0.00925641
v -0.16000000 -0.09000000 0.00925641
v -0.16000000 -0.08000000 -0.00925641
v -0.16000000 -0.08000000 0.00925641
v -0.16000000 -0.07000000 -0.00925641
v -0.16000000 -0.07000000 0.00925641
v -0.16000000 -0.06000000 -0.00925641
v -0.16000000 -0.06000000 0.00925641
v -0.16000000 -0.05000000 -0.00925641
v -0.16000000 -0.05000000 0.00925641
v -0.16000000 -0.04000000 -0.00925641
v -0.16000000 -0.04000000 0.00925641
v -0.16000000 -0.03000000 -0.00925641
v -0.16000000 -0.03000000 0.00925641
v -0.16000000 -0.02000000 -0.00925641
v -0.16000000 -0.02000000 0.00925641
v -0.16000000 -0.01000000 -0.00925641
v -0.16000000 -0.01000000 0.00925641
v -0.16000000 -0.00000000 -0.00925641
v -0.16000000 -0.00000000 0.00925641
v -0.16000000 0.01000000 -0.00925641
v -0.16000000 0.01000000 0.00925641
v -0.16000000 0.02000000 -0.00925641
v -0.16000000 0.02000000 0.00925641
v -0.16000000 0.03000000 -0.00925641
v -0.16000000 0.03000000 0.00925641
v -0.16000000 0.04000000 -0.00925641
v -0.16000000 0.04000000 0.00925641
v -0.16000000 0.05000000 -0.00925641
v -0.16000000 0.05000000 0.00925641
v -0.16000000 0.06000000 -0.00925641
v -0.16000000 0.06000000 0.00925641
v -0.16000000 0.07000000 -0.00925641
v -0.16000000 0.07000000 0.00925641
v -0.16000000 0.08000000 -0.00925641
v -0.16000000 0.08000000 0.00925641
v -0.16000000 0.09000000 -0.00925641
v -0.16000000 0.09000000 0.00925641
v -0.16000000 0.10000000 -0.00925641
v -0.16000000 0.10000000 0.00925641
v -0.16000000 0.11000000 -0.00925641
v -0.16000000 0.11000000 0.00925641
v -0.16000000 0.12000000 -0.00925641
v -0.16000000 0.12000000 0.00925641
v -0.16000000 0.13000000 -0.00925641
v -0.16000000 0.13000000 0.00925641
v -0.16000000 0.14000000 -0.00925641
v -0.16000000 0.14000000 0.00925641
v -0.16000000 0.15000000 -0.00925641
v -0.16000000 0.15000000 0.00925641
v -0.16000000 0.16000000 -0.00925641
v -0.16000000 0.16000000 0.00925641
v -0.16000000 0.17000000 -0.00925641
v -0.16000000 0.17000000 0.00925641
v -0.16000000 0.18000000 -0.00925641
v -0.16000000 0.18000000 0.00925641
v -0.16000000 0.19000000 -0.00925641
v -0.16000000 0.19000000 0.00925641
v -0.16000000 0.20000000 -0.00925641
v -0.16000000 0.20000000 0.00925641
v -0.16000000 0.21000000 -0.00925641
v -0.16000000 0.21000000 0.00925641
v -0.16000000 0.22000000 -0.00925641
v -0.16000000 0.22000000 0.00925641
v -0.16000000 0.23000000 -0.00925641
v -0.16000000 0.23000000 0.00925641
v -0.16000000 0.24000000 -0.00925641
v -0.16000000 0.24000000 0.00925641
v -0.16000000 0.25000000 -0.00925641
v -0.16000000 0.25000000 0.00925641
v -0.16000000 0.26000000 -0.00925641
v -0.16000000 0.26000000 0.00925641
v -0.16000000 0.27000000 -0.00925641
v -0.16000000 0.27000000 0.00925641
v -0.16000000 0.28000000 -0.00925641
v -0.16000000 0.28000000 0.00925641
v -0.16000000 0.29000000 -0.00925641
v -0.16000000 0.29000000 0.00925641
v -0.16000000 0.30000000 -0.00925641
v -0.16000000 0.30000000 0.00925641
v -0.16000000 0.31000000 -0.00925641
v -0.16000000 0.31000000 0.00925641
v -0.16000000 0.32000000 -0.00925641
v -0.16000000 0.32000000 0.00925641
v -0.16000000 0.33000000 -0.00925641
v -0.16000000 0.33000000 0.00925641
v -0.16000000 0.34000000 -0.00925641
v -0.16000000 0.34000000 0.00925641
v -0.16000000 0.34384615 -0.00541026
v -0.16000000 0.34466666 0.00458974
v -0.15000000 -0.34384615 -0.00541026
v -0.15000000 -0.34000000 -0.00925641
v -0.15000000 -0.34466666 0.00458974
v -0.15000000 -0.34000000 0.00925641
v -0.15000000 -0.33000000 -0.00925641
v -0.15000000 -0.33000000 0.00925641
v -0.15000000 -0.32000000 -0.00925641
v -0.15000000 -0.32000000 0.00925641
v -0.15000000 -0.31000000 -0.00925641
v -0.15000000 -0.31000000 0.00925641
v -0.15000000 -0.30000000 -0.00925641
v -0.15000000 -0.30000000 0.00925641
v -0.15000000 -0.29000000 -0.00925641
v -0.15000000 -0.29000000 0.00925641
v -0.15000000 -0.28000000 -0.00925641
v -0.15000000 -0.28000000 0.00925641
v -0.15000000 -0.27000000 -0.00925641
v -0.15000000 -0.27000000 0.00925641
v -0.15000000 -0.26000000 -0.00925641
v -0.15000000 -0.26000000 0.00925641
v -0.15000000 -0.25000000 -0.00925641
v -0.15000000 -0.25000000 0.00925641
v -0.15000000 -0.24000000 -0.00925641
v -0.15000000 -0.24000000 0.00925641
v -0.15000000 -0.23000000 -0.00925641
v -0.15000000 -0.23000000 0.00925641
v -0.15000000 -0.22000000 -0.00925641
v -0.15000000 -0.22000000 0.00925641
v -0.15000000 -0.21000000 -0.00925641
v -0.15000000 -0.21000000 0.00925641
v -0.15000000 -0.20000000 -0.00925641
v -0.15000000 -0.20000000 0.00925641
v -0.15000000 -0.19000000 -0.00925641
v -0.15000000 -0.19000000 0.00925641
v -0.15000000 -0.18000000 -0.00925641
v -0.15000000 -0.18000000 0.00925641
v -0.15000000 -0.17000000 -0.00925641
v -0.15000000 -0.17000000 0.00925641
v -0.15000000 -0.16000000 -0.00925641
v -0.15000000 -0.16000000 0.00925641
v -0.15000000 -0.15000000 -0.00925641
v -0.15000000 -0.15000000 0.00925641
v -0.15000000 -0.14000000 -0.00925641
v -0.15000000 -0.14000000 0.00925641
v -0.15000000 -0.13000000 -0.00925641
v -0.15000000 -0.13000000 0.00925641
v -0.15000000 -0.12000000 -0.00925641
v -0.15000000 -0.12000000 0.00925641
v -0.15000000 -0.11000000 -0.00925641
v -0.15000000 -0.11000000 0.00925641
v -0.15000000 -0.10000000 -0.00925641
v -0.15000000 -0.10000000 0.00925641
v -0.15000000 -0.09000000 -0.00925641
v -0.15000000 -0.09000000 0.00925641
v -0.15000000 -0.08000000 -0.00925641
v -0.15000000 -0.08000000 0.00925641
v -0.15000000 -0.07000000 -0.00925641
v -0.15000000 -0.07000000 0.00925641
v -0.15000000 -0.06000000 -0.00925641
v -0.15000000 -0.06000000 0.00925641
v -0.15000000 -0.05000000 -0.00925641
v -0.15000000 -0.05000000 0.00925641
v -0.15000000 -0.04000000 -0.00925641
v -0.15000000 -0.04000000 0.00925641
v -0.15000000 -0.03000000 -0.00925641
v -0.15000000 -0.03000000 0.00925641
v -0.15000000 -0.02000000 -0.00925641
v -0.15000000 -0.02000000 0.00925641
v -0.15000000 -0.01000000 -0.00925641
v -0.15000000 -0.01000000 0.00925641
v -0.15000000 -0.00000000 -0.00925641
v -0.15000000 -0.00000000 0.00925641
v -0.15000000 0.01000000 -0.00925641
v -0.15000000 0.01000000 0.00925641
v -0.15000000 0.02000000 -0.00925641
v -0.15000000 0.02000000 0.00925641
v -0.15000000 0.03000000 -0.00925641
v -0.15000000 0.03000000 0.00925641
v -0.15000000 0.04000000 -0.00925641
v -0.15000000 0.04000000 0.00925641
v -0.15000000 0.05000000 -0.00925641
v -0.15000000 0.05000000 0.00925641
v -0.15000000 0.06000000 -0.00925641
v -0.15000000 0.06000000 0.00925641
v -0.15000000 0.07000000 -0.00925641
v -0.15000000 0.07000000 0.00925641
v -0.15000000 0.08000000 -0.00925641
v -0.15000000 0.08000000 0.00925641
v -0.15000000 0.09000000 -0.00925641
v -0.15000000 0.09000000 0.00925641
v -0.15000000 0.10000000 -0.00925641
v -0.15000000 0.10000000 0.00925641
v -0.15000000 0.11000000 -0.00925641
v -0.15000000 0.11000000 0.00925641
v -0.15000000 0.12000000 -0.00925641
v -0.15000000 0.12000000 0.00925641
v -0.15000000 0.13000000 -0.00925641
v -0.15000000 0.13000000 0.00925641
v -0.15000000 0.14000000 -0.00925641
v -0.15000000 0.14000000 0.00925641
v -0.15000000 0.15000000 -0.00925641
v -0.15000000 0.15000000 0.00925641
v -0.15000000 0.16000000 -0.00925641
v -0.15000000 0.16000000 0.00925641
v -0.15000000 0.17000000 -0.00925641
v -0.15000000 0.17000000 0.00925641
v -0.15000000 0.18000000 -0.00925641
v -0.15000000 0.18000000 0.00925641
v -0.15000000 0.19000000 -0.00925641
v -0.15000000 0.19000000 0.00925641
v -0.15000000 0.20000000 -0.00925641
v -0.15000000 0.20000000 0.00925641
v -0.15000000 0.21000000 -0.00925641
v -0.15000000 0.21000000 0.00925641
v -0.15000000 0.22000000 -0.00925641
v -0.15000000 0.22000000 0.00925641
v -0.15000000 0.23000000 -0.00925641
v -0.15000000 0.23000000 0.00925641
v -0.15000000 0.24000000 -0.00925641
v -0.15000000 0.24000000 0.00925641
v -0.15000000 0.25000000 -0.00925641
v -0.15000000 0.25000000 0.00925641
v -0.15000000 0.26000000 -0.00925641
v -0.15000000 0.26000000 0.00925641
v -0.15000000 0.27000000 -0.00925641
v -0.15000000 0.27000000 0.00925641
v -0.15000000 0.28000000 -0.00925641
v -0.15000000 0.28000000 0.00925641
v -0.15000000 0.29000000 -0.00925641
v -0.15000000 0.29000000 0.00925641
v -0.15000000 0.30000000 -0.00925641
v -0.15000000 0.30000000 0.00925641
v -0.15000000 0.31000000 -0.00925641
v -0.15000000 0.31000000 0.00925641
v -0.15000000 0.32000000 -0.00925641
v -0.15000000 0.32000000 0.00925641
v -0.15000000 0.33000000 -0.00925641
v -0.15000000 0.33000000 0.00925641
v -0.15000000 0.34000000 -0.00925641
v -0.15000000 0.34000000 0.00925641
v -0.15000000 0.34384615 -0.00541026
v -0.15000000 0.34466666 0.00458974
v -0.14000000 -0.34384615 -0.00541026
v -0.14000000 -0.34000000 -0.00925641
v -0.14000000 -0.34466666 0.00458974
v -0.14000000 -0.34000000 0.00925641
v -0.14000000 -0.33000000 -0.00925641
v -0.14000000 -0.33000000 0.00925641
v -0.14000000 -0.32000000 -0.00925641
v -0.14000000 -0.32000000 0.00925641
v -0.14000000 -0.31000000 -0.00925641
v -0.14000000 -0.31000000 0.00925641
v -0.14000000 -0.30000000 -0.00925641
v -0.14000000 -0.30000000 0.00925641
v -0.14000000 -0.29000000 -0.00925641
v -0.14000000 -0.29000000 0.00925641
v -0.14000000 -0.28000000 -0.00925641
v -0.14000000 -0.28000000 0.00925641
v -0.14000000 -0.27000000 -0.00925641
v -0.14000000 -0.27000000 0.00925641
v -0.14000000 -0.26000000 -0.00925641
v -0.14000000 -0.26000000 0.00925641
v -0.14000000 -0.25000000 -0.00925641
v -0.14000000 -0.25000000 0.00925641
v -0.14000000 -0.24000000 -0.00925641
v -0.14000000 -0.24000000 0.00925641
v -0.14000000 -0.23000000 -0.00925641
v -0.14000000 -0.23000000 0.00925641
v -0.14000000 -0.22000000 -0.00925641
v -0.14000000 -0.22000000 0.00925641
v -0.14000000 -0.21000000 -0.00925641
v -0.14000000 -0.21000000 0.00925641
v -0.14000000 -0.20000000 -0.00925641
v -0.14000000 -0.20000000 0.00925641
v -0.14000000 -0.19000000 -0.00925641
v -0.14000000 -0.19000000 0.00925641
v -0.14000000 -0.18000000 -0.00925641
v -0.14000000 -0.18000000 0.00925641
v -0.14000000 -0.17000000 -0.00925641
v -0.14000000 -0.17000000 0.00925641
v -0.14000000 -0.16000000 -0.00925641
v -0.14000000 -0.16000000 0.00925641
v -0.14000000 -0.15000000 -0.00925641
v -0.14000000 -0.15000000 0.00925641
v -0.14000000 -0.14000000 -0.00925641
v -0.14000000 -0.14000000 0.00925641
v -0.14000000 -0.13000000 -0.00925641
v -0.14000000 -0.13000000 0.00925641
v -0.14000000 -0.12000000 -0.00925641
v -0.14000000 -0.12000000 0.00925641
v -0.14000000 -0.11000000 -0.00925641
v -0.14000000 -0.11000000 0.00925641
v -0.14000000 -0.10000000 -0.00925641
v -0.14000000 -0.10000000 0.00925641
v -0.14000000 -0.09000000 -0.00925641
v -0.14000000 -0.09000000 0.00925641
v -0.14000000 -0.08000000 -0.00925641
v -0.14000000 -0.08000000 0.00925641
v -0.14000000 -0.07000000 -0.00925641
v -0.14000000 -0.07000000 0.00925641
v -0.14000000 -0.06000000 -0.00925641
v -0.14000000 -0.06000000 0.00925641
v -0.14000000 -0.05000000 -0.00925641
v -0.14000000 -0.05000000 0.00925641
v -0.14000000 -0.04000000 -0.00925641
v -0.14000000 -0.04000000 0.00925641
v -0.14000000 -0.03000000 -0.00925641
v -0.14000000 -0.03000000 0.00925641
v -0.14000000 -0.02000000 -0.00925641
v -0.14000000 -0.02000000 0.00925641
v -0.14000000 -0.01000000 -0.00925641
v -0.14000000 -0.01000000 0.00925641
v -0.14000000 -0.00000000 -0.00925641
v -0.14000000 -0.00000000 0.00925641
v -0.14000000 0.01000000 -0.00925641
v -0.14000000 0.01000000 0.00925641
v -0.14000000 0.02000000 -0.00925641
v -0.14000000 0.02000000 0.00925641
v -0.14000000 0.03000000 -0.00925641
v -0.14000000 0.03000000 0.00925641
v -0.14000000 0.04000000 -0.00925641
v -0.14000000 0.04000000 0.00925641
v -0.14000000 0.05000000 -0.00925641
v -0.14000000 0.05000000 0.00925641
v -0.14000000 0.06000000 -0.00925641
v -0.14000000 0.06000000 0.00925641
v -0.14000000 0.07000000 -0.00925641
v -0.14000000 0.07000000 0.00925641
v -0.14000000 0.08000000 -0.00925641
v -0.14000000 0.08000000 0.00925641
v -0.14000000 0.09000000 -0.00925641
v -0.14000000 0.09000000 0.00925641
v -0.14000000 0.10000000 -0.00925641
v -0.14000000 0.10000000 0.00925641
v -0.14000000 0.11000000 -0.00925641
v -0.14000000 0.11000000 0.00925641
v -0.14000000 0.12000000 -0.00925641
v -0.14000000 0.12000000 0.00925641
v -0.14000000 0.13000000 -0.00925641
v -0.14000000 0.13000000 0.00925641
v -0.14000000 0.14000000 -0.00925641
v -0.14000000 0.14000000 0.00925641
v -0.14000000 0.15000000 -0.00925641
v -0.14000000 0.15000000 0.00925641
v -0.14000000 0.16000000 -0.00925641
v -0.14000000 0.16000000 0.00925641
v -0.14000000 0.17000000 -0.00925641
v -0.14000000 0.17000000 0.00925641
v -0.14000000 0.18000000 -0.00925641
v -0.14000000 0.18000000 0.00925641
v -0.14000000 0.19000000 -0.00925641
v -0.14000000 0.19000000 0.00925641
v -0.14000000 0.20000000 -0.00925641
v -0.14000000 0.20000000 0.00925641
v -0.14000000 0.21000000 -0.00925641
v -0.14000000 0.21000000 0.00925641
v -0.14000000 0.22000000 -0.00925641
v -0.14000000 0.22000000 0.00925641
v -0.14000000 0.23000000 -0.00925641
v -0.14000000 0.23000000 0.00925641
v -0.14000000 0.24000000 -0.00925641
v -0.14000000 0.24000000 0.00925641
v -0.14000000 0.25000000 -0.00925641
v -0.14000000 0.25000000 0.00925641
v -0.14000000 0.26000000 -0.00925641
v -0.14000000 0.26000000 0.00925641
v -0.14000000 0.27000000 -0.00925641
v -0.14000000 0.27000000 0.00925641
v -0.14000000 0.28000000 -0.00925641
v -0.14000000 0.28000000 0.00925641
v -0.14000000 0.29000000 -0.00925641
v -0.14000000 0.29000000 0.00925641
v -0.14000000 0.30000000 -0.00925641
v -0.14000000 0.30000000 0.00925641
v -0.14000000 0.31000000 -0.00925641
v -0.14000000 0.31000000 0.00925641
v -0.14000000 0.32000000 -0.00925641
v -0.14000000 0.32000000 0.00925641
v -0.14000000 0.33000000 -0.00925641
v -0.14000000 0.33000000 0.00925641
v -0.14000000 0.34000000 -0.00925641
v -0.14000000 0.34000000 0.00925641
v -0.14000000 0.34384615 -0.00541026
v -0.14000000 0.34466666 0.00458974
v -0.13000000 -0.34384615 -0.00541026
v -0.13000000 -0.34000000 -0.00925641
v -0.13000000 -0.34466666 0.00458974
v -0.13000000 -0.34000000 0.00925641
v -0.13000000 -0.33000000 -0.00925641
v -0.13000000 -0.33000000 0.00925641
v -0.13000000 -0.32000000 -0.00925641
v -0.13000000 -0.32000000 0.00925641
v -0.13000000 -0.31000000 -0.00925641
v -0.13000000 -0.31000000 0.00925641
v -0.13000000 -0.30000000 -0.00925641
v -0.13000000 -0.30000000 0.00925641
v -0.13000000 -0.29000000 -0.00925641
v -0.13000000 -0.29000000 0.00925641
v -0.13000000 -0.28000000 -0.00925641
v -0.13000000 -0.28000000 0.00925641
v -0.13000000 -0.27000000 -0.00925641
v -0.13000000 -0.27000000 0.00925641
v -0.13000000 -0.26000000 -0.00925641
v -0.13000000 -0.26000000 0.00925641
v -0.13000000 -0.25000000 -0.00925641
v -0.13000000 -0.25000000 0.00925641
v -0.13000000 -0.24000000 -0.00925641
v -0.13000000 -0.24000000 0.00925641
v -0.13000000 -0.23000000 -0.00925641
v -0.13000000 -0.23000000 0.00925641
v -0.13000000 -0.22000000 -0.00925641
v -0.13000000 -0.22000000 0.00925641
v -0.13000000 -0.21000000 -0.00925641
v -0.13000000 -0.21000000 0.00925641
v -0.13000000 -0.20000000 -0.00925641
v -0.13000000 -0.20000000 0.00925641
v -0.13000000 -0.19000000 -0.00925641
v -0.13000000 -0.19000000 0.00925641
v -0.13000000 -0.18000000 -0.00925641
v -0.13000000 -0.18000000 0.00925641
v -0.13000000 -0.17000000 -0.00925641
v -0.13000000 -0.17000000 0.00925641
v -0.13000000 -0.16000000 -0.00925641
v -0.13000000 -0.16000000 0.00925641
v -0.13000000 -0.15000000 -0.00925641
v -0.13000000 -0.15000000 0.00925641
v -0.13000000 -0.14000000 -0.00925641
v -0.13000000 -0.14000000 0.00925641
v -0.13000000 -0.13000000 -0.00925641
v -0.13000000 -0.13000000 0.00925641
v -0.13000000 -0.12000000 -0.00925641
v -0.13000000 -0.12000000 0.00925641
v -0.13000000 -0.11000000 -0.00925641
v -0.13000000 -0.11000000 0.00925641
v -0.13000000 -0.10000000 -0.00925641
v -0.13000000 -0.10000000 0.00925641
v -0.13000000 -0.09000000 -0.00925641
v -0.13000000 -0.09000000 0.00925641
v -0.13000000 -0.08000000 -0.00925641
v -0.13000000 -0.08000000 0.00925641
v -0.13000000 -0.07000000 -0.00925641
v -0.13000000 -0.07000000 0.00925641
v -0.13000000 -0.06000000 -0.00925641
v -0.13000000 -0.06000000 0.00925641
v -0.13000000 -0.05000000 -0.00925641
v -0.13000000 -0.05000000 0.00925641
v -0.13000000 -0.04000000 -0.00925641
v -0.13000000 -0.04000000 0.00925641
v -0.13000000 -0.03000000 -0.00925641
v -0.13000000 -0.03000000 0.00925641
v -0.13000000 -0.02000000 -0.00925641
v -0.13000000 -0.02000000 0.00925641
v -0.13000000 -0.01000000 -0.00925641
v -0.13000000 -0.01000000 0.00925641
v -0.13000000 -0.00000000 -0.00925641
v -0.13000000 -0.00000000 0.00925641
v -0.13000000 0.01000000 -0.00925641
v -0.13000000 0.01000000 0.00925641
v -0.13000000 0.02000000 -0.00925641
v -0.13000000 0.02000000 0.00925641
v -0.13000000 0.03000000 -0.00925641
v -0.13000000 0.03000000 0.00925641
v -0.13000000 0.04000000 -0.00925641
v -0.13000000 0.04000000 0.00925641
v -0.13000000 0.05000000 -0.00925641
v -0.13000000 0.05000000 0.00925641
v -0.13000000 0.06000000 -0.00925641
v -0.13000000 0.06000000 0.00925641
v -0.13000000 0.07000000 -0.00925641
v -0.13000000 0.07000000 0.00925641
v -0.13000000 0.08000000 -0.00925641
v -0.13000000 0.08000000 0.00925641
v -0.13000000 0.09000000 -0.00925641
v -0.13000000 0.09000000 0.00925641
v -0.13000000 0.10000000 -0.00925641
v -0.13000000 0.10000000 0.00925641
v -0.13000000 0.11000000 -0.00925641
v -0.13000000 0.11000000 0.00925641
v -0.13000000 0.12000000 -0.00925641
v -0.13000000 0.12000000 0.00925641
v -0.13000000 0.13000000 -0.00925641
v -0.13000000 0.13000000 0.00925641
v -0.13000000 0.14000000 -0.00925641
v -0.13000000 0.14000000 0.00925641
v -0.13000000 0.15000000 -0.00925641
v -0.13000000 0.15000000 0.00925641
v -0.13000000 0.16000000 -0.00925641
v -0.13000000 0.16000000 0.00925641
v -0.13000000 0.17000000 -0.00925641
v -0.13000000 0.17000000 0.00925641
v -0.13000000 0.18000000 -0.00925641
v -0.13000000 0.18000000 0.00925641
v -0.13000000 0.19000000 -0.00925641
v -0.13000000 0.19000000 0.00925641
v -0.13000000 0.20000000 -0.00925641
v -0.13000000 0.20000000 0.00925641
v -0.13000000 0.21000000 -0.00925641
v -0.13000000 0.21000000 0.00925641
v -0.13000000 0.22000000 -0.00925641
v -0.13000000 0.22000000 0.00925641
v -0.13000000 0.23000000 -0.00925641
v -0.13000000 0.23000000 0.00925641
v -0.13000000 0.24000000 -0.00925641
v -0.13000000 0.24000000 0.00925641
v -0.13000000 0.25000000 -0.00925641
v -0.13000000 0.25000000 0.00925641
v -0.13000000 0.26000000 -0.00925641
v -0.13000000 0.26000000 0.00925641
v -0.13000000 0.27000000 -0.00925641
v -0.13000000 0.27000000 0.00925641
v -0.13000000 0.28000000 -0.00925641
v -0.13000000 0.28000000 0.00925641
v -0.13000000 0.29000000 -0.00925641
v -0.13000000 0.29000000 0.00925641
v -0.13000000 0.30000000 -0.00925641
v -0.13000000 0.30000000 0.00925641
v -0.13000000 0.31000000 -0.00925641
v -0.13000000 0.31000000 0.00925641
v -0.13000000 0.32000000 -0.00925641
v -0.13000000 0.32000000 0.00925641
v -0.13000000 0.33000000 -0.00925641
v -0.13000000 0.33000000 0.00925641
v -0.13000000 0.34000000 -0.00925641
v -0.13000000 0.34000000 0.00925641
v -0.13000000 0.34384615 -0.00541026
v -0.13000000 0.34466666 0.00458974
v -0.12000000 -0.34384615 -0.00541026
v -0.12000000 -0.34000000 -0.00925641
v -0.12000000 -0.34466666 0.00458974
v -0.12000000 -0.34000000 0.00925641
v -0.12000000 -0.33000000 -0.00925641
v -0.12000000 -0.33000000 0.00925641
v -0.12000000 -0.32000000 -0.00925641
v -0.12000000 -0.32000000 0.00925641
v -0.12000000 -0.31000000 -0.00925641
v -0.12000000 -0.31000000 0.00925641
v -0.12000000 -0.30000000 -0.00925641
v -0.12000000 -0.30000000 0.00925641
v -0.12000000 -0.29000000 -0.00925641
v -0.12000000 -0.29000000 0.00925641
v -0.12000000 -0.28000000 -0.00925641
v -0.12000000 -0.28000000 0.00925641
v -0.12000000 -0.27000000 -0.00925641
v -0.12000000 -0.27000000 0.00925641
v -0.12000000 -0.26000000 -0.00925641
v -0.12000000 -0.26000000 0.00925641
v -0.12000000 -0.25000000 -0.00925641
v -0.12000000 -0.25000000 0.00925641
v -0.12000000 -0.24000000 -0.00925641
v -0.12000000 -0.24000000 0.00925641
v -0.12000000 -0.23000000 -0.00925641
v -0.12000000 -0.23000000 0.00925641
v -0.12000000 -0.22000000 -0.00925641
v -0.12000000 -0.22000000 0.00925641
v -0.12000000 -0.21000000 -0.00925641
v -0.12000000 -0.21000000 0.00925641
v -0.12000000 -0.20000000 -0.00925641
v -0.12000000 -0.20000000 0.00925641
v -0.12000000 -0.19000000 -0.00925641
v -0.12000000 -0.19000000 0.00925641
v -0.12000000 -0.18000000 -0.00925641
v -0.12000000 -0.18000000 0.00925641
v -0.12000000 -0.17000000 -0.00925641
v -0.12000000 -0.17000000 0.00925641
v -0.12000000 -0.16000000 -0.00925641
v -0.12000000 -0.16000000 0.00925641
v -0.12000000 -0.15000000 -0.00925641
v -0.12000000 -0.15000000 0.00925641
v -0.12000000 -0.14000000 -0.00925641
v -0.12000000 -0.14000000 0.00925641
v -0.12000000 -0.13000000 -0.00925641
v -0.12000000 -0.13000000 0.00925641
v -0.12000000 -0.12000000 -0.00925641
v -0.12000000 -0.12000000 0.00925641
v -0.12000000 -0.11000000 -0.00925641
v -0.12000000 -0.11000000 0.00925641
v -0.12000000 -0.10000000 -0.00925641
v -0.12000000 -0.10000000 0.00925641
v -0.12000000 -0.09000000 -0.00925641
v -0.12000000 -0.09000000 0.00925641
v -0.12000000 -0.08000000 -0.00925641
v -0.12000000 -0.08000000 0.00925641
v -0.12000000 -0.07000000 -0.00925641
v -0.12000000 -0.07000000 0.00925641
v -0.12000000 -0.06000000 -0.00925641
v -0.12000000 -0.06000000 0.00925641
v -0.12000000 -0.05000000 -0.00925641
v -0.12000000 -0.05000000 0.00925641
v -0.12000000 -0.04000000 -0.00925641
v -0.12000000 -0.04000000 0.00925641
v -0.12000000 -0.03000000 -0.00925641
v -0.12000000 -0.03000000 0.00925641
v -0.12000000 -0.02000000 -0.00925641
v -0.12000000 -0.02000000 0.00925641
v -0.12000000 -0.01000000 -0.00925641
v -0.12000000 -0.01000000 0.00925641
v -0.12000000 -0.00000000 -0.00925641
v -0.12000000 -0.00000000 0.00925641
v -0.12000000 0.01000000 -0.00925641
v -0.12000000 0.01000000 0.00925641
v -0.12000000 0.02000000 -0.00925641
v -0.12000000 0.02000000 0.00925641
v -0.12000000 0.03000000 -0.00925641
v -0.12000000 0.03000000 0.00925641
v -0.12000000 0.04000000 -0.00925641
v -0.12000000 0.04000000 0.00925641
v -0.12000000 0.05000000 -0.00925641
v -0.12000000 0.05000000 0.00925641
v -0.12000000 0.06000000 -0.00925641
v -0.12000000 0.06000000 0.00925641
v -0.12000000 0.07000000 -0.00925641
v -0.12000000 0.07000000 0.00925641
v -0.12000000 0.08000000 -0.00925641
v -0.12000000 0.08000000 0.00925641
v -0.12000000 0.09000000 -0.00925641
v -0.12000000 0.09000000 0.00925641
v -0.12000000 0.10000000 -0.00925641
v -0.12000000 0.10000000 0.00925641
v -0.12000000 0.11000000 -0.00925641
v -0.12000000 0.11000000 0.00925641
v -0.12000000 0.12000000 -0.00925641
v -0.12000000 0.12000000 0.00925641
v -0.12000000 0.13000000 -0.00925641
v -0.12000000 0.13000000 0.00925641
v -0.12000000 0.14000000 -0.00925641
v -0.12000000 0.14000000 0.00925641
v -0.12000000 0.15000000 -0.00925641
v -0.12000000 0.15000000 0.00925641
v -0.12000000 0.16000000 -0.00925641
v -0.12000000 0.16000000 0.00925641
v -0.12000000 0.17000000 -0.00925641
v -0.12000000 0.17000000 0.00925641
v -0.12000000 0.18000000 -0.00925641
v -0.12000000 0.18000000 0.00925641
v -0.12000000 0.19000000 -0.00925641
v -0.12000000 0.19000000 0.00925641
v -0.12000000 0.20000000 -0.00925641
v -0.12000000 0.20000000 0.00925641
v -0.12000000 0.21000000 -0.00925641
v -0.12000000 0.21000000 0.00925641
v -0.12000000 0.22000000 -0.00925641
v -0.12000000 0.22000000 0.00925641
v -0.12000000 0.23000000 -0.00925641
v -0.12000000 0.23000000 0.00925641
v -0.12000000 0.24000000 -0.00925641
v -0.12000000 0.24000000 0.00925641
v -0.12000000 0.25000000 -0.00925641
v -0.12000000 0.25000000 0.00925641
v -0.12000000 0.26000000 -0.00925641
v -0.12000000 0.26000000 0.00925641
v -0.12000000 0.27000000 -0.00925641
v -0.12000000 0.27000000 0.00925641
v -0.12000000 0.28000000 -0.00925641
v -0.12000000 0.28000000 0.00925641
v -0.12000000 0.29000000 -0.00925641
v -0.12000000 0.29000000 0.00925641
v -0.12000000 0.30000000 -0.00925641
v -0.12000000 0.30000000 0.00925641
v -0.12000000 0.31000000 -0.00925641
v -0.12000000 0.31000000 0.00925641
v -0.12000000 0.32000000 -0.00925641
v -0.12000000 0.32000000 0.00925641
v -0.12000000 0.33000000 -0.00925641
v -0.12000000 0.33000000 0.00925641
v -0.12000000 0.34000000 -0.00925641
v -0.12000000 0.34000000 0.00925641
v -0.12000000 0.34384615 -0.00541026
v -0.12000000 0.34466666 0.00458974
v -0.11000000 -0.34384615 -0.00541026
v -0.11000000 -0.34000000 -0.00925641
v -0.11000000 -0.34466666 0.00458974
v -0.11000000 -0.34000000 0.00925641
v -0.11000000 -0.33000000 -0.00925641
v -0.11000000 -0.33000000 0.00925641
v -0.11000000 -0.32000000 -0.00925641
v -0.11000000 -0.32000000 0.00925641
v -0.11000000 -0.31000000 -0.00925641
v -0.11000000 -0.31000000 0.00925641
v -0.11000000 -0.30000000 -0.00925641
v -0.11000000 -0.30000000 0.00925641
v -0.11000000 -0.29000000 -0.00925641
v -0.11000000 -0.29000000 0.00925641
v -0.11000000 -0.28000000 -0.00925641
v -0.11000000 -0.28000000 0.00925641
v -0.11000000 -0.27000000 -0.00925641
v -0.11000000 -0.27000000 0.00925641
v -0.11000000 -0.26000000 -0.00925641
v -0.11000000 -0.26000000 0.00925641
v -0.11000000 -0.25000000 -0.00925641
v -0.11000000 -0.25000000 0.00925641
v -0.11000000 -0.24000000 -0.00925641
v -0.11000000 -0.24000000 0.00925641
v -0.11000000 -0.23000000 -0.00925641
v -0.11000000 -0.23000000 0.00925641
v -0.11000000 -0.22000000 -0.00925641
v -0.11000000 -0.22000000 0.00925641
v -0.11000000 -0.21000000 -0.00925641
v -0.11000000 -0.21000000 0.00925641
v -0.11000000 -0.20000000 -0.00925641
v -0.11000000 -0.20000000 0.00925641
v -0.11000000 -0.19000000 -0.00925641
v -0.11000000 -0.19000000 0.00925641
v -0.11000000 -0.18000000 -0.00925641
v -0.11000000 -0.18000000 0.00925641
v -0.11000000 -0.17000000 -0.00925641
v -0.11000000 -0.17000000 0.00925641
v -0.11000000 -0.16000000 -0.00925641
v -0.11000000 -0.16000000 0.00925641
v -0.11000000 -0.15000000 -0.00925641
v -0.11000000 -0.15000000 0.00925641
v -0.11000000 -0.14000000 -0.00925641
v -0.11000000 -0.14000000 0.00925641
v -0.11000000 -0.13000000 -0.00925641
v -0.11000000 -0.13000000 0.00925641
v -0.11000000 -0.12000000 -0.00925641
v -0.11000000 -0.12000000 0.00925641
v -0.11000000 -0.11000000 -0.00925641
v -0.11000000 -0.11000000 0.00925641
v -0.11000000 -0.10000000 -0.00925641
v -0.11000000 -0.10000000 0.00925641
v -0.11000000 -0.09000000 -0.00925641
v -0.11000000 -0.09000000 0.00925641
v -0.11000000 -0.08000000 -0.00925641
v -0.11000000 -0.08000000 0.00925641
v -0.11000000 -0.07000000 -0.00925641
v -0.11000000 -0.07000000 0.00925641
v -0.11000000 -0.06000000 -0.00925641
v -0.11000000 -0.06000000 0.00925641
v -0.11000000 -0.05000000 -0.00925641
v -0.11000000 -0.05000000 0.00925641
v -0.11000000 -0.04000000 -0.00925641
v -0.11000000 -0.04000000 0.00925641
v -0.11000000 -0.03000000 -0.00925641
v -0.11000000 -0.03000000 0.00925641
v -0.11000000 -0.02000000 -0.00925641
v -0.11000000 -0.02000000 0.00925641
v -0.11000000 -0.01000000 -0.00925641
v -0.11000000 -0.01000000 0.00925641
v -0.11000000 -0.00000000 -0.00925641
v -0.11000000 -0.00000000 0.00925641
v -0.11000000 0.01000000 -0.00925641
v -0.11000000 0.01000000 0.00925641
v -0.11000000 0.02000000 -0.00925641
v -0.11000000 0.02000000 0.00925641
v -0.11000000 0.03000000 -0.00925641
v -0.11000000 0.03000000 0.00925641
v -0.11000000 0.04000000 -0.00925641
v -0.11000000 0.04000000 0.00925641
v -0.11000000 0.05000000 -0.00925641
v -0.11000000 0.05000000 0.00925641
v -0.11000000 0.06000000 -0.00925641
v -0.11000000 0.06000000 0.00925641
v -0.11000000 0.07000000 -0.00925641
v -0.11000000 0.07000000 0.00925641
v -0.11000000 0.08000000 -0.00925641
v -0.11000000 0.08000000 0.00925641
v -0.11000000 0.09000000 -0.00925641
v -0.11000000 0.09000000 0.00925641
v -0.11000000 0.10000000 -0.00925641
v -0.11000000 0.10000000 0.00925641
v -0.11000000 0.11000000 -0.00925641
v -0.11000000 0.11000000 0.00925641
v -0.11000000 0.12000000 -0.00925641
v -0.11000000 0.12000000 0.00925641
v -0.11000000 0.13000000 -0.00925641
v -0.11000000 0.13000000 0.00925641
v -0.11000000 0.14000000 -0.00925641
v -0.11000000 0.14000000 0.00925641
v -0.11000000 0.15000000 -0.00925641
v -0.11000000 0.15000000 0.00925641
v -0.11000000 0.16000000 -0.00925641
v -0.11000000 0.16000000 0.00925641
v -0.11000000 0.17000000 -0.00925641
v -0.11000000 0.17000000 0.00925641
v -0.11000000 0.18000000 -0.00925641
v -0.11000000 0.18000000 0.00925641
v -0.11000000 0.19000000 -0.00925641
v -0.11000000 0.19000000 0.00925641
v -0.11000000 0.20000000 -0.00925641
v -0.11000000 0.20000000 0.00925641
v -0.11000000 0.21000000 -0.00925641
v -0.11000000 0.21000000 0.00925641
v -0.11000000 0.22000000 -0.00925641
v -0.11000000 0.22000000 0.00925641
v -0.11000000 0.23000000 -0.00925641
v -0.11000000 0.23000000 0.00925641
v -0.11000000 0.24000000 -0.00925641
v -0.11000000 0.24000000 0.00925641
v -0.11000000 0.25000000 -0.00925641
v -0.11000000 0.25000000 0.00925641
v -0.11000000 0.26000000 -0.00925641
v -0.11000000 0.26000000 0.00925641
v -0.11000000 0.27000000 -0.00925641
v -0.11000000 0.27000000 0.00925641
v -0.11000000 0.28000000 -0.00925641
v -0.11000000 0.28000000 0.00925641
v -0.11000000 0.29000000 -0.00925641
v -0.11000000 0.29000000 0.00925641
v -0.11000000 0.30000000 -0.00925641
v -0.11000000 0.30000000 0.00925641
v -0.11000000 0.31000000 -0.00925641
v -0.11000000 0.31000000 0.00925641
v -0.11000000 0.32000000 -0.00925641
v -0.11000000 0.32000000 0.00925641
v -0.11000000 0.33000000 -0.00925641
v -0.11000000 0.33000000 0.00925641
v -0.11000000 0.34000000 -0.00925641
v -0.11000000 0.34000000 0.00925641
v -0.11000000 0.34384615 -0.00541026
v -0.11000000 0.34466666 0.00458974
v -0.10000000 -0.34384615 -0.00541026
v -0.10000000 -0.34000000 -0.00925641
v -0.10000000 -0.34466666 0.00458974
v -0.10000000 -0.34000000 0.00925641
v -0.10000000 -0.33000000 -0.00925641
v -0.10000000 -0.33000000 0.00925641
v -0.10000000 -0.32000000 -0.00925641
v -0.10000000 -0.32000000 0.00925641
v -0.10000000 -0.31000000 -0.00925641
v -0.10000000 -0.31000000 0.00925641
v -0.10000000 -0.30000000 -0.00925641
v -0.10000000 -0.30000000 0.00925641
v -0.10000000 -0.29000000 -0.00925641
v -0.10000000 -0.29000000 0.00925641
v -0.10000000 -0.28000000 -0.00925641
v -0.10000000 -0.28000000 0.00925641
v -0.10000000 -0.27000000 -0.00925641
v -0.10000000 -0.27000000 0.00925641
v -0.10000000 -0.26000000 -0.00925641
v -0.10000000 -0.26000000 0.00925641
v -0.10000000 -0.25000000 -0.00925641
v -0.10000000 -0.25000000 0.00925641
v -0.10000000 -0.24000000 -0.00925641
v -0.10000000 -0.24000000 0.00925641
v -0.10000000 -0.23000000 -0.00925641
v -0.10000000 -0.23000000 0.00925641
v -0.10000000 -0.22000000 -0.00925641
v -0.10000000 -0.22000000 0.00925641
v -0.10000000 -0.21000000 -0.00925641
v -0.10000000 -0.21000000 0.00925641
v -0.10000000 -0.20000000 -0.00925641
v -0.10000000 -0.20000000 0.00925641
v -0.10000000 -0.19000000 -0.00925641
v -0.10000000 -0.19000000 0.00925641
v -0.10000000 -0.18000000 -0.00925641
v -0.10000000 -0.18000000 0.00925641
v -0.10000000 -0.17000000 -0.00925641
v -0.10000000 -0.17000000 0.00925641
v -0.10000000 -0.16000000 -0.00925641
v -0.10000000 -0.16000000 0.00925641
v -0.10000000 -0.15000000 -0.00925641
v -0.10000000 -0.15000000 0.00925641
v -0.10000000 -0.14000000 -0.00925641
v -0.10000000 -0.14000000 0.00925641
v -0.10000000 -0.13000000 -0.00925641
v -0.10000000 -0.13000000 0.00925641
v -0.10000000 -0.12000000 -0.00925641
v -0.10000000 -0.12000000 0.00925641
v -0.10000000 -0.11000000 -0.00925641
v -0.10000000 -0.11000000 0.00925641
v -0.10000000 -0.10000000 -0.00925641
v -0.10000000 -0.10000000 0.00925641
v -0.10000000 -0.09000000 -0.00925641
v -0.10000000 -0.09000000 0.00925641
v -0.10000000 -0.08000000 -0.00925641
v -0.10000000 -0.08000000 0.00925641
v -0.10000000 -0.07000000 -0.00925641
v -0.10000000 -0.07000000 0.00925641
v -0.10000000 -0.06000000 -0.00925641
v -0.10000000 -0.06000000 0.00925641
v -0.10000000 -0.05000000 -0.00925641
v -0.10000000 -0.05000000 0.00925641
v -0.10000000 -0.04000000 -0.00925641
v -0.10000000 -0.04000000 0.00925641
v -0.10000000 -0.03000000 -0.00925641
v -0.10000000 -0.03000000 0.00925641
v -0.10000000 -0.02000000 -0.00925641
v -0.10000000 -0.02000000 0.00925641
v -0.10000000 -0.01000000 -0.00925641
v -0.10000000 -0.01000000 0.00925641
v -0.10000000 -0.00000000 -0.00925641
v -0.10000000 -0.00000000 0.00925641
v -0.10000000 0.01000000 -0.00925641
v -0.10000000 0.01000000 0.00925641
v -0.10000000 0.02000000 -0.00925641
v -0.10000000 0.02000000 0.00925641
v -0.10000000 0.03000000 -0.00925641
v -0.10000000 0.03000000 0.00925641
v -0.10000000 0.04000000 -0.00925641
v -0.10000000 0.04000000 0.00925641
v -0.10000000 0.05000000 -0.00925641
v -0.10000000 0.05000000 0.00925641
v -0.10000000 0.06000000 -0.00925641
v -0.10000000 0.06000000 0.00925641
v -0.10000000 0.07000000 -0.00925641
v -0.10000000 0.07000000 0.00925641
v -0.10000000 0.08000000 -0.00925641
v -0.10000000 0.08000000 0.00925641
v -0.10000000 0.09000000 -0.00925641
v -0.10000000 0.09000000 0.00925641
v -0.10000000 0.10000000 -0.00925641
v -0.10000000 0.10000000 0.00925641
v -0.10000000 0.11000000 -0.00925641
v -0.10000000 0.11000000 0.00925641
v -0.10000000 0.12000000 -0.00925641
v -0.10000000 0.12000000 0.00925641
v -0.10000000 0.13000000 -0.00925641
v -0.10000000 0.13000000 0.00925641
v -0.10000000 0.14000000 -0.00925641
v -0.10000000 0.14000000 0.00925641
v -0.10000000 0.15000000 -0.00925641
v -0.10000000 0.15000000 0.00925641
v -0.10000000 0.16000000 -0.00925641
v -0.10000000 0.16000000 0.00925641
v -0.10000000 0.17000000 -0.00925641
v -0.10000000 0.17000000 0.00925641
v -0.10000000 0.18000000 -0.00925641
v -0.10000000 0.18000000 0.00925641
v -0.10000000 0.19000000 -0.00925641
v -0.10000000 0.19000000 0.00925641
v -0.10000000 0.20000000 -0.00925641
v -0.10000000 0.20000000 0.00925641
v -0.10000000 0.21000000 -0.00925641
v -0.10000000 0.21000000 0.00925641
v -0.10000000 0.22000000 -0.00925641
v -0.10000000 0.22000000 0.00925641
v -0.10000000 0.23000000 -0.00925641
v -0.10000000 0.23000000 0.00925641
v -0.10000000 0.24000000 -0.00925641
v -0.10000000 0.24000000 0.00925641
v -0.10000000 0.25000000 -0.00925641
v -0.10000000 0.25000000 0.00925641
v -0.10000000 0.26000000 -0.00925641
v -0.10000000 0.26000000 0.00925641
v -0.10000000 0.27000000 -0.00925641
v -0.10000000 0.27000000 0.00925641
v -0.10000000 0.28000000 -0.00925641
v -0.10000000 0.28000000 0.00925641
v -0.10000000 0.29000000 -0.00925641
v -0.10000000 0.29000000 0.00925641
v -0.10000000 0.30000000 -0.00925641
v -0.10000000 0.30000000 0.00925641
v -0.10000000 0.31000000 -0.00925641
v -0.10000000 0.31000000 0.00925641
v -0.10000000 0.32000000 -0.00925641
v -0.10000000 0.32000000 0.00925641
v -0.10000000 0.33000000 -0.00925641
v -0.10000000 0.33000000 0.00925641
v -0.10000000 0.34000000 -0.00925641
v -0.10000000 0.34000000 0.00925641
v -0.10000000 0.34384615 -0.00541026
v -0.10000000 0.34466666 0.00458974
v -0.09000000 -0.34384615 -0.00541026
v -0.09000000 -0.34000000 -0.00925641
v -0.09000000 -0.34466666 0.00458974
v -0.09000000 -0.34000000 0.00925641
v -0.09000000 -0.33000000 -0.00925641
v -0.09000000 -0.33000000 0.00925641
v -0.09000000 -0.32000000 -0.00925641
v -0.09000000 -0.32000000 0.00925641
v -0.09000000 -0.31000000 -0.00925641
v -0.09000000 -0.31000000 0.00925641
v -0.09000000 -0.30000000 -0.00925641
v -0.09000000 -0.30000000 0.00925641
v -0.09000000 -0.29000000 -0.00925641
v -0.09000000 -0.29000000 0.00925641
v -0.09000000 -0.28000000 -0.00925641
v -0.09000000 -0.28000000 0.00925641
v -0.09000000 -0.27000000 -0.00925641
v -0.09000000 -0.27000000 0.00925641
v -0.09000000 -0.26000000 -0.00925641
v -0.09000000 -0.26000000 0.00925641
v -0.09000000 -0.25000000 -0.00925641
v -0.09000000 -0.25000000 0.00925641
v -0.09000000 -0.24000000 -0.00925641
v -0.09000000 -0.24000000 0.00925641
v -0.09000000 -0.23000000 -0.00925641
v -0.09000000 -0.23000000 0.00925641
v -0.09000000 -0.22000000 -0.00925641
v -0.09000000 -0.22000000 0.00925641
v -0.09000000 -0.21000000 -0.00925641
v -0.09000000 -0.21000000 0.00925641
v -0.09000000 -0.20000000 -0.00925641
v -0.09000000 -0.20000000 0.00925641
v -0.09000000 -0.19000000 -0.00925641
v -0.09000000 -0.19000000 0.00925641
v -0.09000000 -0.18000000 -0.00925641
v -0.09000000 -0.18000000 0.00925641
v -0.09000000 -0.17000000 -0.00925641
v -0.09000000 -0.17000000 0.00925641
v -0.09000000 -0.16000000 -0.00925641
v -0.09000000 -0.16000000 0.00925641
v -0.09000000 -0.15000000 -0.00925641
v -0.09000000 -0.15000000 0.00925641
v -0.09000000 -0.14000000 -0.00925641
v -0.09000000 -0.14000000 0.00925641
v -0.09000000 -0.13000000 -0.00925641
v -0.09000000 -0.13000000 0.00925641
v -0.09000000 -0.12000000 -0.00925641
v -0.09000000 -0.12000000 0.00925641
v -0.09000000 -0.11000000 -0.00925641
v -0.09000000 -0.11000000 0.00925641
v -0.09000000 -0.10000000 -0.00925641
v -0.09000000 -0.10000000 0.00925641
v -0.09000000 -0.09000000 -0.00925641
v -0.09000000 -0.09000000 0.00925641
v -0.09000000 -0.08000000 -0.00925641
v -0.09000000 -0.08000000 0.00925641
v -0.09000000 -0.07000000 -0.00925641
v -0.09000000 -0.07000000 0.00925641
v -0.09000000 -0.06000000 -0.00925641
v -0.09000000 -0.06000000 0.00925641
v -0.09000000 -0.05000000 -0.00925641
v -0.09000000 -0.05000000 0.00925641
v -0.09000000 -0.04000000 -0.00925641
v -0.09000000 -0.04000000 0.00925641
v -0.09000000 -0.03000000 -0.00925641
v -0.09000000 -0.03000000 0.00925641
v -0.09000000 -0.02000000 -0.00925641
v -0.09000000 -0.02000000 0.00925641
v -0.09000000 -0.01000000 -0.00925641
v -0.09000000 -0.01000000 0.00925641
v -0.09000000 -0.00000000 -0.00925641
v -0.09000000 -0.00000000 0.00925641
v -0.09000000 0.01000000 -0.00925641
v -0.09000000 0.01000000 0.00925641
v -0.09000000 0.02000000 -0.00925641
v -0.09000000 0.02000000 0.00925641
v -0.09000000 0.03000000 -0.00925641
v -0.09000000 0.03000000 0.00925641
v -0.09000000 0.04000000 -0.00925641
v -0.09000000 0.04000000 0.00925641
v -0.09000000 0.05000000 -0.00925641
v -0.09000000 0.05000000 0.00925641
v -0.09000000 0.06000000 -0.00925641
v -0.09000000 0.06000000 0.00925641
v -0.09000000 0.07000000 -0.00925641
v -0.09000000 0.07000000 0.00925641
v -0.09000000 0.08000000 -0.00925641
v -0.09000000 0.08000000 0.00925641
v -0.09000000 0.09000000 -0.00925641
v -0.09000000 0.09000000 0.00925641
v -0.09000000 0.10000000 -0.00925641
v -0.09000000 0.10000000 0.00925641
v -0.09000000 0.11000000 -0.00925641
v -0.09000000 0.11000000 0.00925641
v -0.09000000 0.12000000 -0.00925641
v -0.09000000 0.12000000 0.00925641
v -0.09000000 0.13000000 -0.00925641
v -0.09000000 0.13000000 0.00925641
v -0.09000000 0.14000000 -0.00925641
v -0.09000000 0.14000000 0.00925641
v -0.09000000 0.15000000 -0.00925641
v -0.09000000 0.15000000 0.00925641
v -0.09000000 0.16000000 -0.00925641
v -0.09000000 0.16000000 0.00925641
v -0.09000000 0.17000000 -0.00925641
v -0.09000000 0.17000000 0.00925641
v -0.09000000 0.18000000 -0.00925641
v -0.09000000 0.18000000 0.00925641
v -0.09000000 0.19000000 -0.00925641
v -0.09000000 0.19000000 0.00925641
v -0.09000000 0.20000000 -0.00925641
v -0.09000000 0.20000000 0.00925641
v -0.09000000 0.21000000 -0.00925641
v -0.09000000 0.21000000 0.00925641
v -0.09000000 0.22000000 -0.00925641
v -0.09000000 0.22000000 0.00925641
v -0.09000000 0.23000000 -0.00925641
v -0.09000000 0.23000000 0.00925641
v -0.09000000 0.24000000 -0.00925641
v -0.09000000 0.24000000 0.00925641
v -0.09000000 0.25000000 -0.00925641
v -0.09000000 0.25000000 0.00925641
v -0.09000000 0.26000000 -0.00925641
v -0.09000000 0.26000000 0.00925641
v -0.09000000 0.27000000 -0.00925641
v -0.09000000 0.27000000 0.00925641
v -0.09000000 0.28000000 -0.00925641
v -0.09000000 0.28000000 0.00925641
v -0.09000000 0.29000000 -0.00925641
v -0.09000000 0.29000000 0.00925641
v -0.09000000 0.30000000 -0.00925641
v -0.09000000 0.30000000 0.00925641
v -0.09000000 0.31000000 -0.00925641
v -0.09000000 0.31000000 0.00925641
v -0.09000000 0.32000000 -0.00925641
v -0.09000000 0.32000000 0.00925641
v -0.09000000 0.33000000 -0.00925641
v -0.09000000 0.33000000 0.00925641
v -0.09000000 0.34000000 -0.00925641
v -0.09000000 0.34000000 0.00925641
v -0.09000000 0.34384615 -0.00541026
v -0.09000000 0.34466666 0.00458974
v -0.08000000 -0.34384615 -0.00541026
v -0.08000000 -0.34000000 -0.00925641
v -0.08000000 -0.34466666 0.00458974
v -0.08000000 -0.34000000 0.00925641
v -0.08000000 -0.33000000 -0.00925641
v -0.08000000 -0.33000000 0.00925641
v -0.08000000 -0.32000000 -0.00925641
v -0.08000000 -0.32000000 0.00925641
v -0.08000000 -0.31000000 -0.00925641
v -0.08000000 -0.31000000 0.00925641
v -0.08000000 -0.30000000 -0.00925641
v -0.08000000 -0.30000000 0.00925641
v -0.08000000 -0.29000000 -0.00925641
v -0.08000000 -0.29000000 0.00925641
v -0.08000000 -0.28000000 -0.00925641
v -0.08000000 -0.28000000 0.00925641
v -0.08000000 -0.27000000 -0.00925641
v -0.08000000 -0.27000000 0.00925641
v -0.08000000 -0.26000000 -0.00925641
v -0.08000000 -0.26000000 0.00925641
v -0.08000000 -0.25000000 -0.00925641
v -0.08000000 -0.25000000 0.00925641
v -0.08000000 -0.24000000 -0.00925641
v -0.08000000 -0.24000000 0.00925641
v -0.08000000 -0.23000000 -0.00925641
v -0.08000000 -0.23000000 0.00925641
v -0.08000000 -0.22000000 -0.00925641
v -0.08000000 -0.22000000 0.00925641
v -0.08000000 -0.21000000 -0.00925641
v -0.08000000 -0.21000000 0.00925641
v -0.08000000 -0.20000000 -0.00925641
v -0.08000000 -0.20000000 0.00925641
v -0.08000000 -0.19000000 -0.00925641
v -0.08000000 -0.19000000 0.00925641
v -0.08000000 -0.18000000 -0.00925641
v -0.08000000 -0.18000000 0.00925641
v -0.08000000 -0.17000000 -0.00925641
v -0.08000000 -0.17000000 0.00925641
v -0.08000000 -0.16000000 -0.00925641
v -0.08000000 -0.16000000 0.00925641
v -0.08000000 -0.15000000 -0.00925641
v -0.08000000 -0.15000000 0.00925641
v -0.08000000 -0.14000000 -0.00925641
v -0.08000000 -0.14000000 0.00925641
v -0.08000000 -0.13000000 -0.00925641
v -0.08000000 -0.13000000 0.00925641
v -0.08000000 -0.12000000 -0.00925641
v -0.08000000 -0.12000000 0.00925641
v -0.08000000 -0.11000000 -0.00925641
v -0.08000000 -0.11000000 0.00925641
v -0.08000000 -0.10000000 -0.00925641
v -0.08000000 -0.10000000 0.00925641
v -0.08000000 -0.09000000 -0.00925641
v -0.08000000 -0.09000000 0.00925641
v -0.08000000 -0.08000000 -0.00925641
v -0.08000000 -0.08000000 0.00925641
v -0.08000000 -0.07000000 -0.00925641
v -0.08000000 -0.07000000 0.00925641
v -0.08000000 -0.06000000 -0.00925641
v -0.08000000 -0.06000000 0.00925641
v -0.08000000 -0.05000000 -0.00925641
v -0.08000000 -0.05000000 0.00925641
v -0.08000000 -0.04000000 -0.00925641
v -0.08000000 -0.04000000 0.00925641
v -0.08000000 -0.03000000 -0.00925641
v -0.08000000 -0.03000000 0.00925641
v -0.08000000 -0.02000000 -0.00925641
v -0.08000000 -0.02000000 0.00925641
v -0.08000000 -0.01000000 -0.00925641
v -0.08000000 -0.01000000 0.00925641
v -0.08000000 -0.00000000 -0.00925641
v -0.08000000 -0.00000000 0.00925641
v -0.08000000 0.01000000 -0.00925641
v -0.08000000 0.01000000 0.00925641
v -0.08000000 0.02000000 -0.00925641
v -0.08000000 0.02000000 0.00925641
v -0.08000000 0.03000000 -0.00925641
v -0.08000000 0.03000000 0.00925641
v -0.08000000 0.04000000 -0.00925641
v -0.08000000 0.04000000 0.00925641
v -0.08000000 0.05000000 -0.00925641
v -0.08000000 0.05000000 0.00925641
v -0.08000000 0.06000000 -0.00925641
v -0.08000000 0.06000000 0.00925641
v -0.08000000 0.07000000 -0.00925641
v -0.08000000 0.07000000 0.00925641
v -0.08000000 0.08000000 -0.00925641
v -0.08000000 0.08000000 0.00925641
v -0.08000000 0.09000000 -0.00925641
v -0.08000000 0.09000000 0.00925641
v -0.08000000 0.10000000 -0.00925641
v -0.08000000 0.10000000 0.00925641
v -0.08000000 0.11000000 -0.00925641
v -0.08000000 0.11000000 0.00925641
v -0.08000000 0.12000000 -0.00925641
v -0.08000000 0.12000000 0.00925641
v -0.08000000 0.13000000 -0.00925641
v -0.08000000 0.13000000 0.00925641
v -0.08000000 0.14000000 -0.00925641
v -0.08000000 0.14000000 0.00925641
v -0.08000000 0.15000000 -0.00925641
v -0.08000000 0.15000000 0.00925641
v -0.08000000 0.16000000 -0.00925641
v -0.08000000 0.16000000 0.00925641
v -0.08000000 0.17000000 -0.00925641
v -0.08000000 0.17000000 0.00925641
v -0.08000000 0.18000000 -0.00925641
v -0.08000000 0.18000000 0.00925641
v -0.08000000 0.19000000 -0.00925641
v -0.08000000 0.19000000 0.00925641
v -0.08000000 0.20000000 -0.00925641
v -0.08000000 0.20000000 0.00925641
v -0.08000000 0.21000000 -0.00925641
v -0.08000000 0.21000000 0.00925641
v -0.08000000 0.22000000 -0.00925641
v -0.08000000 0.22000000 0.00925641
v -0.08000000 0.23000000 -0.00925641
v -0.08000000 0.23000000 0.00925641
v -0.08000000 0.24000000 -0.00925641
v -0.08000000 0.24000000 0.00925641
v -0.08000000 0.25000000 -0.00925641
v -0.08000000 0.25000000 0.00925641
v -0.08000000 0.26000000 -0.00925641
v -0.08000000 0.26000000 0.00925641
v -0.08000000 0.27000000 -0.00925641
v -0.08000000 0.27000000 0.00925641
v -0.08000000 0.28000000 -0.00925641
v -0.08000000 0.28000000 0.00925641
v -0.08000000 0.29000000 -0.00925641
v -0.08000000 0.29000000 0.00925641
v -0.08000000 0.30000000 -0.00925641
v -0.08000000 0.30000000 0.00925641
v -0.08000000 0.31000000 -0.00925641
v -0.08000000 0.31000000 0.00925641
v -0.08000000 0.32000000 -0.00925641
v -0.08000000 0.32000000 0.00925641
v -0.08000000 0.33000000 -0.00925641
v -0.08000000 0.33000000 0.00925641
v -0.08000000 0.34000000 -0.00925641
v -0.08000000 0.34000000 0.00925641
v -0.08000000 0.34384615 -0.00541026
v -0.08000000 0.34466666 0.00458974
v -0.07000000 -0.34384615 -0.00541026
v -0.07000000 -0.34000000 -0.00925641
v -0.07000000 -0.34466666 0.00458974
v -0.07000000 -0.34000000 0.00925641
v -0.07000000 -0.33000000 -0.00925641
v -0.07000000 -0.33000000 0.00925641
v -0.07000000 -0.32000000 -0.00925641
v -0.07000000 -0.32000000 0.00925641
v -0.07000000 -0.31000000 -0.00925641
v -0.07000000 -0.31000000 0.00925641
v -0.07000000 -0.30000000 -0.00925641
v -0.07000000 -0.30000000 0.00925641
v -0.07000000 -0.29000000 -0.00925641
v -0.07000000 -0.29000000 0.00925641
v -0.07000000 -0.28000000 -0.00925641
v -0.07000000 -0.28000000 0.00925641
v -0.07000000 -0.27000000 -0.00925641
v -0.07000000 -0.27000000 0.00925641
v -0.07000000 -0.26000000 -0.00925641
v -0.07000000 -0.26000000 0.00925641
v -0.07000000 -0.25000000 -0.00925641
v -0.07000000 -0.25000000 0.00925641
v -0.07000000 -0.24000000 -0.00925641
v -0.07000000 -0.24000000 0.00925641
v -0.07000000 -0.23000000 -0.00925641
v -0.07000000 -0.23000000 0.00925641
v -0.07000000 -0.22000000 -0.00925641
v -0.07000000 -0.22000000 0.00925641
v -0.07000000 -0.21000000 -0.00925641
v -0.07000000 -0.21000000 0.00925641
v -0.07000000 -0.20000000 -0.00925641
v -0.07000000 -0.20000000 0.00925641
v -0.07000000 -0.19000000 -0.00925641
v -0.07000000 -0.19000000 0.00925641
v -0.07000000 -0.18000000 -0.00925641
v -0.07000000 -0.18000000 0.00925641
v -0.07000000 -0.17000000 -0.00925641
v -0.07000000 -0.17000000 0.00925641
v -0.07000000 -0.16000000 -0.00925641
v -0.07000000 -0.16000000 0.00925641
v -0.07000000 -0.15000000 -0.00925641
v -0.07000000 -0.15000000 0.00925641
v -0.07000000 -0.14000000 -0.00925641
v -0.07000000 -0.14000000 0.00925641
v -0.07000000 -0.13000000 -0.00925641
v -0.07000000 -0.13000000 0.00925641
v -0.07000000 -0.12000000 -0.00925641
v -0.07000000 -0.12000000 0.00925641
v -0.07000000 -0.11000000 -0.00925641
v -0.07000000 -0.11000000 0.00925641
v -0.07000000 -0.10000000 -0.00925641
v -0.07000000 -0.10000000 0.00925641
v -0.07000000 -0.09000000 -0.00925641
v -0.07000000 -0.09000000 0.00925641
v -0.07000000 -0.08000000 -0.00925641
v -0.07000000 -0.08000000 0.00925641
v -0.07000000 -0.07000000 -0.00925641
v -0.07000000 -0.07000000 0.00925641
v -0.07000000 -0.06000000 -0.00925641
v -0.07000000 -0.06000000 0.00925641
v -0.07000000 -0.05000000 -0.00925641
v -0.07000000 -0.05000000 0.00925641
v -0.07000000 -0.04000000 -0.00925641
v -0.07000000 -0.04000000 0.00925641
v -0.07000000 -0.03000000 -0.00925641
v -0.07000000 -0.03000000 0.00925641
v -0.07000000 -0.02000000 -0.00925641
v -0.07000000 -0.02000000 0.00925641
v -0.07000000 -0.01000000 -0.00925641
v -0.07000000 -0.01000000 0.00925641
v -0.07000000 -0.00000000 -0.00925641
v -0.07000000 -0.00000000 0.00925641
v -0.07000000 0.01000000 -0.00925641
v -0.07000000 0.01000000 0.00925641
v -0.07000000 0.02000000 -0.00925641
v -0.07000000 0.02000000 0.00925641
v -0.07000000 0.03000000 -0.00925641
v -0.07000000 0.03000000 0.00925641
v -0.07000000 0.04000000 -0.00925641
v -0.07000000 0.04000000 0.00925641
v -0.07000000 0.05000000 -0.00925641
v -0.07000000 0.05000000 0.00925641
v -0.07000000 0.06000000 -0.00925641
v -0.07000000 0.06000000 0.00925641
v -0.07000000 0.07000000 -0.00925641
v -0.07000000 0.07000000 0.00925641
v -0.07000000 0.08000000 -0.00925641
v -0.07000000 0.08000000 0.00925641
v -0.07000000 0.09000000 -0.00925641
v -0.07000000 0.09000000 0.00925641
v -0.07000000 0.10000000 -0.00925641
v -0.07000000 0.10000000 0.00925641
v -0.07000000 0.11000000 -0.00925641
v -0.07000000 0.11000000 0.00925641
v -0.07000000 0.12000000 -0.00925641
v -0.07000000 0.12000000 0.00925641
v -0.07000000 0.13000000 -0.00925641
v -0.07000000 0.13000000 0.00925641
v -0.07000000 0.14000000 -0.00925641
v -0.07000000 0.14000000 0.00925641
v -0.07000000 0.15000000 -0.00925641
v -0.07000000 0.15000000 0.00925641
v -0.07000000 0.16000000 -0.00925641
v -0.07000000 0.16000000 0.00925641
v -0.07000000 0.17000000 -0.00925641
v -0.07000000 0.17000000 0.00925641
v -0.07000000 0.18000000 -0.00925641
v -0.07000000 0.18000000 0.00925641
v -0.07000000 0.19000000 -0.00925641
v -0.07000000 0.19000000 0.00925641
v -0.07000000 0.20000000 -0.00925641
v -0.07000000 0.20000000 0.00925641
v -0.07000000 0.21000000 -0.00925641
v -0.07000000 0.21000000 0.00925641
v -0.07000000 0.22000000 -0.00925641
v -0.07000000 0.22000000 0.00925641
v -0.07000000 0.23000000 -0.00925641
v -0.07000000 0.23000000 0.00925641
v -0.07000000 0.24000000 -0.00925641
v -0.07000000 0.24000000 0.00925641
v -0.07000000 0.25000000 -0.00925641
v -0.07000000 0.25000000 0.00925641
v -0.07000000 0.26000000 -0.00925641
v -0.07000000 0.26000000 0.00925641
v -0.07000000 0.27000000 -0.00925641
v -0.07000000 0.27000000 0.00925641
v -0.07000000 0.28000000 -0.00925641
v -0.07000000 0.28000000 0.00925641
v -0.07000000 0.29000000 -0.00925641
v -0.07000000 0.29000000 0.00925641
v -0.07000000 0.30000000 -0.00925641
v -0.07000000 0.30000000 0.00925641
v -0.07000000 0.31000000 -0.00925641
v -0.07000000 0.31000000 0.00925641
v -0.07000000 0.32000000 -0.00925641
v -0.07000000 0.32000000 0.00925641
v -0.07000000 0.33000000 -0.00925641
v -0.07000000 0.33000000 0.00925641
v -0.07000000 0.34000000 -0.00925641
v -0.07000000 0.34000000 0.00925641
v -0.07000000 0.34384615 -0.00541026
v -0.07000000 0.34466666 0.00458974
v -0.06000000 -0.34384615 -0.00541026
v -0.06000000 -0.34000000 -0.00925641
v -0.06000000 -0.34466666 0.00458974
v -0.06000000 -0.34000000 0.00925641
v -0.06000000 -0.33000000 -0.00925641
v -0.06000000 -0.33000000 0.00925641
v -0.06000000 -0.32000000 -0.00925641
v -0.06000000 -0.32000000 0.00925641
v -0.06000000 -0.31000000 -0.00925641
v -0.06000000 -0.31000000 0.00925641
v -0.06000000 -0.30000000 -0.00925641
v -0.06000000 -0.30000000 0.00925641
v -0.06000000 -0.29000000 -0.00925641
v -0.06000000 -0.29000000 0.00925641
v -0.06000000 -0.28000000 -0.00925641
v -0.06000000 -0.28000000 0.00925641
v -0.06000000 -0.27000000 -0.00925641
v -0.06000000 -0.27000000 0.00925641
v -0.06000000 -0.26000000 -0.00925641
v -0.06000000 -0.26000000 0.00925641
v -0.06000000 -0.25000000 -0.00925641
v -0.06000000 -0.25000000 0.00925641
v -0.06000000 -0.24000000 -0.00925641
v -0.06000000 -0.24000000 0.00925641
v -0.06000000 -0.23000000 -0.00925641
v -0.06000000 -0.23000000 0.00925641
v -0.06000000 -0.22000000 -0.00925641
v -0.06000000 -0.22000000 0.00925641
v -0.06000000 -0.21000000 -0.00925641
v -0.06000000 -0.21000000 0.00925641
v -0.06000000 -0.20000000 -0.00925641
v -0.06000000 -0.20000000 0.00925641
v -0.06000000 -0.19000000 -0.00925641
v -0.06000000 -0.19000000 0.00925641
v -0.06000000 -0.18000000 -0.00925641
v -0.06000000 -0.18000000 0.00925641
v -0.06000000 -0.17000000 -0.00925641
v -0.06000000 -0.17000000 0.00925641
v -0.06000000 -0.16000000 -0.00925641
v -0.06000000 -0.16000000 0.00925641
v -0.06000000 -0.15000000 -0.00925641
v -0.06000000 -0.15000000 0.00925641
v -0.06000000 -0.14000000 -0.00925641
v -0.06000000 -0.14000000 0.00925641
v -0.06000000 -0.13000000 -0.00925641
v -0.06000000 -0.13000000 0.00925641
v -0.06000000 -0.12000000 -0.00925641
v -0.06000000 -0.12000000 0.00925641
v -0.06000000 -0.11000000 -0.00925641
v -0.06000000 -0.11000000 0.00925641
v -0.06000000 -0.10000000 -0.00925641
v -0.06000000 -0.10000000 0.00925641
v -0.06000000 -0.09000000 -0.00925641
v -0.06000000 -0.09000000 0.00925641
v -0.06000000 -0.08000000 -0.00925641
v -0.06000000 -0.08000000 0.00925641
v -0.06000000 -0.07000000 -0.00925641
v -0.06000000 -0.07000000 0.00925641
v -0.06000000 -0.06000000 -0.00925641
v -0.06000000 -0.06000000 0.00925641
v -0.06000000 -0.05000000 -0.00925641
v -0.06000000 -0.05000000 0.00925641
v -0.06000000 -0.04000000 -0.00925641
v -0.06000000 -0.04000000 0.00925641
v -0.06000000 -0.03000000 -0.00925641
v -0.06000000 -0.03000000 0.00925641
v -0.06000000 -0.02000000 -0.00925641
v -0.06000000 -0.02000000 0.00925641
v -0.06000000 -0.01000000 -0.00925641
v -0.06000000 -0.01000000 0.00925641
v -0.06000000 -0.00000000 -0.00925641
v -0.06000000 -0.00000000 0.00925641
v -0.06000000 0.01000000 -0.00925641
v -0.06000000 0.01000000 0.00925641
v -0.06000000 0.02000000 -0.00925641
v -0.06000000 0.02000000 0.00925641
v -0.06000000 0.03000000 -0.00925641
v -0.06000000 0.03000000 0.00925641
v -0.06000000 0.04000000 -0.00925641
v -0.06000000 0.04000000 0.00925641
v -0.06000000 0.05000000 -0.00925641
v -0.06000000 0.05000000 0.00925641
v -0.06000000 0.06000000 -0.00925641
v -0.06000000 0.06000000 0.00925641
v -0.06000000 0.07000000 -0.00925641
v -0.06000000 0.07000000 0.00925641
v -0.06000000 0.08000000 -0.00925641
v -0.06000000 0.08000000 0.00925641
v -0.06000000 0.09000000 -0.00925641
v -0.06000000 0.09000000 0.00925641
v -0.06000000 0.10000000 -0.00925641
v -0.06000000 0.10000000 0.00925641
v -0.06000000 0.11000000 -0.00925641
v -0.06000000 0.11000000 0.00925641
v -0.06000000 0.12000000 -0.00925641
v -0.06000000 0.12000000 0.00925641
v -0.06000000 0.13000000 -0.00925641
v -0.06000000 0.13000000 0.00925641
v -0.06000000 0.14000000 -0.00925641
v -0.06000000 0.14000000 0.00925641
v -0.06000000 0.15000000 -0.00925641
v -0.06000000 0.15000000 0.00925641
v -0.06000000 0.16000000 -0.00925641
v -0.06000000 0.16000000 0.00925641
v -0.06000000 0.17000000 -0.00925641
v -0.06000000 0.17000000 0.00925641
v -0.06000000 0.18000000 -0.00925641
v -0.06000000 0.18000000 0.00925641
v -0.06000000 0.19000000 -0.00925641
v -0.06000000 0.19000000 0.00925641
v -0.06000000 0.20000000 -0.00925641
v -0.06000000 0.20000000 0.00925641
v -0.06000000 0.21000000 -0.00925641
v -0.06000000 0.21000000 0.00925641
v -0.06000000 0.22000000 -0.00925641
v -0.06000000 0.22000000 0.00925641
v -0.06000000 0.23000000 -0.00925641
v -0.06000000 0.23000000 0.00925641
v -0.06000000 0.24000000 -0.00925641
v -0.06000000 0.24000000 0.00925641
v -0.06000000 0.25000000 -0.00925641
v -0.06000000 0.25000000 0.00925641
v -0.06000000 0.26000000 -0.00925641
v -0.06000000 0.26000000 0.00925641
v -0.06000000 0.27000000 -0.00925641
v -0.06000000 0.27000000 0.00925641
v -0.06000000 0.28000000 -0.00925641
v -0.06000000 0.28000000 0.00925641
v -0.06000000 0.29000000 -0.00925641
v -0.06000000 0.29000000 0.00925641
v -0.06000000 0.30000000 -0.00925641
v -0.06000000 0.30000000 0.00925641
v -0.06000000 0.31000000 -0.00925641
v -0.06000000 0.31000000 0.00925641
v -0.06000000 0.32000000 -0.00925641
v -0.06000000 0.32000000 0.00925641
v -0.06000000 0.33000000 -0.00925641
v -0.06000000 0.33000000 0.00925641
v -0.06000000 0.34000000 -0.00925641
v -0.06000000 0.34000000 0.00925641
v -0.06000000 0.34384615 -0.00541026
v -0.06000000 0.34466666 0.00458974
v -0.05000000 -0.34384615 -0.00541026
v -0.05000000 -0.34000000 -0.00925641
v -0.05000000 -0.34466666 0.00458974
v -0.05000000 -0.34000000 0.00925641
v -0.05000000 -0.33000000 -0.00925641
v -0.05000000 -0.33000000 0.00925641
v -0.05000000 -0.32000000 -0.00925641
v -0.05000000 -0.32000000 0.00925641
v -0.05000000 -0.31000000 -0.00925641
v -0.05000000 -0.31000000 0.00925641
v -0.05000000 -0.30000000 -0.00925641
v -0.05000000 -0.30000000 0.00925641
v -0.05000000 -0.29000000 -0.00925641
v -0.05000000 -0.29000000 0.00925641
v -0.05000000 -0.28000000 -0.00925641
v -0.05000000 -0.28000000 0.00925641
v -0.05000000 -0.27000000 -0.00925641
v -0.05000000 -0.27000000 0.00925641
v -0.05000000 -0.26000000 -0.00925641
v -0.05000000 -0.26000000 0.00925641
v -0.05000000 -0.25000000 -0.00925641
v -0.05000000 -0.25000000 0.00925641
v -0.05000000 -0.24000000 -0.00925641
v -0.05000000 -0.24000000 0.00925641
v -0.05000000 -0.23000000 -0.00925641
v -0.05000000 -0.23000000 0.00925641
v -0.05000000 -0.22000000 -0.00925641
v -0.05000000 -0.22000000 0.00925641
v -0.05000000 -0.21000000 -0.00925641
v -0.05000000 -0.21000000 0.00925641
v -0.05000000 -0.20000000 -0.00925641
v -0.05000000 -0.20000000 0.00925641
v -0.05000000 -0.19000000 -0.00925641
v -0.05000000 -0.19000000 0.00925641
v -0.05000000 -0.18000000 -0.00925641
v -0.05000000 -0.18000000 0.00925641
v -0.05000000 -0.17000000 -0.00925641
v -0.05000000 -0.17000000 0.00925641
v -0.05000000 -0.16000000 -0.00925641
v -0.05000000 -0.16000000 0.00925641
v -0.05000000 -0.15000000 -0.00925641
v -0.05000000 -0.15000000 0.00925641
v -0.05000000 -0.14000000 -0.00925641
v -0.05000000 -0.14000000 0.00925641
v -0.05000000 -0.13000000 -0.00925641
v -0.05000000 -0.13000000 0.00925641
v -0.05000000 -0.12000000 -0.00925641
v -0.05000000 -0.12000000 0.00925641
v -0.05000000 -0.11000000 -0.00925641
v -0.05000000 -0.11000000 0.00925641
v -0.05000000 -0.10000000 -0.00925641
v -0.05000000 -0.10000000 0.00925641
v -0.05000000 -0.09000000 -0.00925641
v -0.05000000 -0.09000000 0.00925641
v -0.05000000 -0.08000000 -0.00925641
v -0.05000000 -0.08000000 0.00925641
v -0.05000000 -0.07000000 -0.00925641
v -0.05000000 -0.07000000 0.00925641
v -0.05000000 -0.06000000 -0.00925641
v -0.05000000 -0.06000000 0.00925641
v -0.05000000 -0.05000000 -0.00925641
v -0.05000000 -0.05000000 0.00925641
v -0.05000000 -0.04000000 -0.00925641
v -0.05000000 -0.04000000 0.00925641
v -0.05000000 -0.03000000 -0.00925641
v -0.05000000 -0.03000000 0.00925641
v -0.05000000 -0.02000000 -0.00925641
v -0.05000000 -0.02000000 0.00925641
v -0.05000000 -0.01000000 -0.00925641
v -0.05000000 -0.01000000 0.00925641
v -0.05000000 -0.00000000 -0.00925641
v -0.05000000 -0.00000000 0.00925641
v -0.05000000 0.01000000 -0.00925641
v -0.05000000 0.01000000 0.00925641
v -0.05000000 0.02000000 -0.00925641
v -0.05000000 0.02000000 0.00925641
v -0.05000000 0.03000000 -0.00925641
v -0.05000000 0.03000000 0.00925641
v -0.05000000 0.04000000 -0.00925641
v -0.05000000 0.04000000 0.00925641
v -0.05000000 0.05000000 -0.00925641
v -0.05000000 0.05000000 0.00925641
v -0.05000000 0.06000000 -0.00925641
v -0.05000000 0.06000000 0.00925641
v -0.05000000 0.07000000 -0.00925641
v -0.05000000 0.07000000 0.00925641
v -0.05000000 0.08000000 -0.00925641
v -0.05000000 0.08000000 0.00925641
v -0.05000000 0.09000000 -0.00925641
v -0.05000000 0.09000000 0.00925641
v -0.05000000 0.10000000 -0.00925641
v -0.05000000 0.10000000 0.00925641
v -0.05000000 0.11000000 -0.00925641
v -0.05000000 0.11000000 0.00925641
v -0.05000000 0.12000000 -0.00925641
v -0.05000000 0.12000000 0.00925641
v -0.05000000 0.13000000 -0.00925641
v -0.05000000 0.13000000 0.00925641
v -0.05000000 0.14000000 -0.00925641
v -0.05000000 0.14000000 0.00925641
v -0.05000000 0.15000000 -0.00925641
v -0.05000000 0.15000000 0.00925641
v -0.05000000 0.16000000 -0.00925641
v -0.05000000 0.16000000 0.00925641
v -0.05000000 0.17000000 -0.00925641
v -0.05000000 0.17000000 0.00925641
v -0.05000000 0.18000000 -0.00925641
v -0.05000000 0.18000000 0.00925641
v -0.05000000 0.19000000 -0.00925641
v -0.05000000 0.19000000 0.00925641
v -0.05000000 0.20000000 -0.00925641
v -0.05000000 0.20000000 0.00925641
v -0.05000000 0.21000000 -0.00925641
v -0.05000000 0.21000000 0.00925641
v -0.05000000 0.22000000 -0.00925641
v -0.05000000 0.22000000 0.00925641
v -0.05000000 0.23000000 -0.00925641
v -0.05000000 0.23000000 0.00925641
v -0.05000000 0.24000000 -0.00925641
v -0.05000000 0.24000000 0.00925641
v -0.05000000 0.25000000 -0.00925641
v -0.05000000 0.25000000 0.00925641
v -0.05000000 0.26000000 -0.00925641
v -0.05000000 0.26000000 0.00925641
v -0.05000000 0.27000000 -0.00925641
v -0.05000000 0.27000000 0.00925641
v -0.05000000 0.28000000 -0.00925641
v -0.05000000 0.28000000 0.00925641
v -0.05000000 0.29000000 -0.00925641
v -0.05000000 0.29000000 0.00925641
v -0.05000000 0.30000000 -0.00925641
v -0.05000000 0.30000000 0.00925641
v -0.05000000 0.31000000 -0.00925641
v -0.05000000 0.31000000 0.00925641
v -0.05000000 0.32000000 -0.00925641
v -0.05000000 0.32000000 0.00925641
v -0.05000000 0.33000000 -0.00925641
v -0.05000000 0.33000000 0.00925641
v -0.05000000 0.34000000 -0.00925641
v -0.05000000 0.34000000 0.00925641
v -0.05000000 0.34384615 -0.00541026
v -0.05000000 0.34466666 0.00458974
v -0.04000000 -0.34384615 -0.00541026
v -0.04000000 -0.34000000 -0.00925641
v -0.04000000 -0.34466666 0.00458974
v -0.04000000 -0.34000000 0.00925641
v -0.04000000 -0.33000000 -0.00925641
v -0.04000000 -0.33000000 0.00925641
v -0.04000000 -0.32000000 -0.00925641
v -0.04000000 -0.32000000 0.00925641
v -0.04000000 -0.31000000 -0.00925641
v -0.04000000 -0.31000000 0.00925641
v -0.04000000 -0.30000000 -0.00925641
v -0.04000000 -0.30000000 0.00925641
v -0.04000000 -0.29000000 -0.00925641
v -0.04000000 -0.29000000 0.00925641
v -0.04000000 -0.28000000 -0.00925641
v -0.04000000 -0.28000000 0.00925641
v -0.04000000 -0.27000000 -0.00925641
v -0.04000000 -0.27000000 0.00925641
v -0.04000000 -0.26000000 -0.00925641
v -0.04000000 -0.26000000 0.00925641
v -0.04000000 -0.25000000 -0.00925641
v -0.04000000 -0.25000000 0.00925641
v -0.04000000 -0.24000000 -0.00925641
v -0.04000000 -0.24000000 0.00925641
v -0.04000000 -0.23000000 -0.00925641
v -0.04000000 -0.23000000 0.00925641
v -0.04000000 -0.22000000 -0.00925641
v -0.04000000 -0.22000000 0.00925641
v -0.04000000 -0.21000000 -0.00925641
v -0.04000000 -0.21000000 0.00925641
v -0.04000000 -0.20000000 -0.00925641
v -0.04000000 -0.20000000 0.00925641
v -0.04000000 -0.19000000 -0.00925641
v -0.04000000 -0.19000000 0.00925641
v -0.04000000 -0.18000000 -0.00925641
v -0.04000000 -0.18000000 0.00925641
v -0.04000000 -0.17000000 -0.00925641
v -0.04000000 -0.17000000 0.00925641
v -0.04000000 -0.16000000 -0.00925641
v -0.04000000 -0.16000000 0.00925641
v -0.04000000 -0.15000000 -0.00925641
v -0.04000000 -0.15000000 0.00925641
v -0.04000000 -0.14000000 -0.00925641
v -0.04000000 -0.14000000 0.00925641
v -0.04000000 -0.13000000 -0.00925641
v -0.04000000 -0.13000000 0.00925641
v -0.04000000 -0.12000000 -0.00925641
v -0.04000000 -0.12000000 0.00925641
v -0.04000000 -0.11000000 -0.00925641
v -0.04000000 -0.11000000 0.00925641
v -0.04000000 -0.10000000 -0.00925641
v -0.04000000 -0.10000000 0.00925641
v -0.04000000 -0.09000000 -0.00925641
v -0.04000000 -0.09000000 0.00925641
v -0.04000000 -0.08000000 -0.00925641
v -0.04000000 -0.08000000 0.00925641
v -0.04000000 -0.07000000 -0.00925641
v -0.04000000 -0.07000000 0.00925641
v -0.04000000 -0.06000000 -0.00925641
v -0.04000000 -0.06000000 0.00925641
v -0.04000000 -0.05000000 -0.00925641
v -0.04000000 -0.05000000 0.00925641
v -0.04000000 -0.04000000 -0.00925641
v -0.04000000 -0.04000000 0.00925641
v -0.04000000 -0.03000000 -0.00925641
v -0.04000000 -0.03000000 0.00925641
v -0.04000000 -0.02000000 -0.00925641
v -0.04000000 -0.02000000 0.00925641
v -0.04000000 -0.01000000 -0.00925641
v -0.04000000 -0.01000000 0.00925641
v -0.04000000 -0.00000000 -0.00925641
v -0.04000000 -0.00000000 0.00925641
v -0.04000000 0.01000000 -0.00925641
v -0.04000000 0.01000000 0.00925641
v -0.04000000 0.02000000 -0.00925641
v -0.04000000 0.02000000 0.00925641
v -0.04000000 0.03000000 -0.00925641
v -0.04000000 0.03000000 0.00925641
v -0.04000000 0.04000000 -0.00925641
v -0.04000000 0.04000000 0.00925641
v -0.04000000 0.05000000 -0.00925641
v -0.04000000 0.05000000 0.00925641
v -0.04000000 0.06000000 -0.00925641
v -0.04000000 0.06000000 0.00925641
v -0.04000000 0.07000000 -0.00925641
v -0.04000000 0.07000000 0.00925641
v -0.04000000 0.08000000 -0.00925641
v -0.04000000 0.08000000 0.00925641
v -0.04000000 0.09000000 -0.00925641
v -0.04000000 0.09000000 0.00925641
v -0.04000000 0.10000000 -0.00925641
v -0.04000000 0.10000000 0.00925641
v -0.04000000 0.11000000 -0.00925641
v -0.04000000 0.11000000 0.00925641
v -0.04000000 0.12000000 -0.00925641
v -0.04000000 0.12000000 0.00925641
v -0.04000000 0.13000000 -0.00925641
v -0.04000000 0.13000000 0.00925641
v -0.04000000 0.14000000 -0.00925641
v -0.04000000 0.14000000 0.00925641
v -0.04000000 0.15000000 -0.00925641
v -0.04000000 0.15000000 0.00925641
v -0.04000000 0.16000000 -0.00925641
v -0.04000000 0.16000000 0.00925641
v -0.04000000 0.17000000 -0.00925641
v -0.04000000 0.17000000 0.00925641
v -0.04000000 0.18000000 -0.00925641
v -0.04000000 0.18000000 0.00925641
v -0.04000000 0.19000000 -0.00925641
v -0.04000000 0.19000000 0.00925641
v -0.04000000 0.20000000 -0.00925641
v -0.04000000 0.20000000 0.00925641
v -0.04000000 0.21000000 -0.00925641
v -0.04000000 0.21000000 0.00925641
v -0.04000000 0.22000000 -0.00925641
v -0.04000000 0.22000000 0.00925641
v -0.04000000 0.23000000 -0.00925641
v -0.04000000 0.23000000 0.00925641
v -0.04000000 0.24000000 -0.00925641
v -0.04000000 0.24000000 0.00925641
v -0.04000000 0.25000000 -0.00925641
v -0.04000000 0.25000000 0.00925641
v -0.04000000 0.26000000 -0.00925641
v -0.04000000 0.26000000 0.00925641
v -0.04000000 0.27000000 -0.00925641
v -0.04000000 0.27000000 0.00925641
v -0.04000000 0.28000000 -0.00925641
v -0.04000000 0.28000000 0.00925641
v -0.04000000 0.29000000 -0.00925641
v -0.04000000 0.29000000 0.00925641
v -0.04000000 0.30000000 -0.00925641
v -0.04000000 0.30000000 0.00925641
v -0.04000000 0.31000000 -0.00925641
v -0.04000000 0.31000000 0.00925641
v -0.04000000 0.32000000 -0.00925641
v -0.04000000 0.32000000 0.00925641
v -0.04000000 0.33000000 -0.00925641
v -0.04000000 0.33000000 0.00925641
v -0.04000000 0.34000000 -0.00925641
v -0.04000000 0.34000000 0.00925641
v -0.04000000 0.34384615 -0.00541026
v -0.04000000 0.34466666 0.00458974
v -0.03000000 -0.34384615 -0.00541026
v -0.03000000 -0.34000000 -0.00925641
v -0.03000000 -0.34466666 0.00458974
v -0.03000000 -0.34000000 0.00925641
v -0.03000000 -0.33000000 -0.00925641
v -0.03000000 -0.33000000 0.00925641
v -0.03000000 -0.32000000 -0.00925641
v -0.03000000 -0.32000000 0.00925641
v -0.03000000 -0.31000000 -0.00925641
v -0.03000000 -0.31000000 0.00925641
v -0.03000000 -0.30000000 -0.00925641
v -0.03000000 -0.30000000 0.00925641
v -0.03000000 -0.29000000 -0.00925641
v -0.03000000 -0.29000000 0.00925641
v -0.03000000 -0.28000000 -0.00925641
v -0.03000000 -0.28000000 0.00925641
v -0.03000000 -0.27000000 -0.00925641
v -0.03000000 -0.27000000 0.00925641
v -0.03000000 -0.26000000 -0.00925641
v -0.03000000 -0.26000000 0.00925641
v -0.03000000 -0.25000000 -0.00925641
v -0.03000000 -0.25000000 0.00925641
v -0.03000000 -0.24000000 -0.00925641
v -0.03000000 -0.24000000 0.00925641
v -0.03000000 -0.23000000 -0.00925641
v -0.03000000 -0.23000000 0.00925641
v -0.03000000 -0.22000000 -0.00925641
v -0.03000000 -0.22000000 0.00925641
v -0.03000000 -0.21000000 -0.00925641
v -0.03000000 -0.21000000 0.00925641
v -0.03000000 -0.20000000 -0.00925641
v -0.03000000 -0.20000000 0.00925641
v -0.03000000 -0.19000000 -0.00925641
v -0.03000000 -0.19000000 0.00925641
v -0.03000000 -0.18000000 -0.00925641
v -0.03000000 -0.18000000 0.00925641
v -0.03000000 -0.17000000 -0.00925641
v -0.03000000 -0.17000000 0.00925641
v -0.03000000 -0.16000000 -0.00925641
v -0.03000000 -0.16000000 0.00925641
v -0.03000000 -0.15000000 -0.00925641
v -0.03000000 -0.15000000 0.00925641
v -0.03000000 -0.14000000 -0.00925641
v -0.03000000 -0.14000000 0.00925641
v -0.03000000 -0.13000000 -0.00925641
v -0.03000000 -0.13000000 0.00925641
v -0.03000000 -0.12000000 -0.00925641
v -0.03000000 -0.12000000 0.00925641
v -0.03000000 -0.11000000 -0.00925641
v -0.03000000 -0.11000000 0.00925641
v -0.03000000 -0.10000000 -0.00925641
v -0.03000000 -0.10000000 0.00925641
v -0.03000000 -0.09000000 -0.00925641
v -0.03000000 -0.09000000 0.00925641
v -0.03000000 -0.08000000 -0.00925641
v -0.03000000 -0.08000000 0.00925641
v -0.03000000 -0.07000000 -0.00925641
v -0.03000000 -0.07000000 0.00925641
v -0.03000000 -0.06000000 -0.00925641
v -0.03000000 -0.06000000 0.00925641
v -0.03000000 -0.05000000 -0.00925641
v -0.03000000 -0.05000000 0.00925641
v -0.03000000 -0.04000000 -0.00925641
v -0.03000000 -0.04000000 0.00925641
v -0.03000000 -0.03000000 -0.00925641
v -0.03000000 -0.03000000 0.00925641
v -0.03000000 -0.02000000 -0.00925641
v -0.03000000 -0.02000000 0.00925641
v -0.03000000 -0.01000000 -0.00925641
v -0.03000000 -0.01000000 0.00925641
v -0.03000000 -0.00000000 -0.00925641
v -0.03000000 -0.00000000 0.00925641
v -0.03000000 0.01000000 -0.00925641
v -0.03000000 0.01000000 0.00925641
v -0.03000000 0.02000000 -0.00925641
v -0.03000000 0.02000000 0.00925641
v -0.03000000 0.03000000 -0.00925641
v -0.03000000 0.03000000 0.00925641
v -0.03000000 0.04000000 -0.00925641
v -0.03000000 0.04000000 0.00925641
v -0.03000000 0.05000000 -0.00925641
v -0.03000000 0.05000000 0.00925641
v -0.03000000 0.06000000 -0.00925641
v -0.03000000 0.06000000 0.00925641
v -0.03000000 0.07000000 -0.00925641
v -0.03000000 0.07000000 0.00925641
v -0.03000000 0.08000000 -0.00925641
v -0.03000000 0.08000000 0.00925641
v -0.03000000 0.09000000 -0.00925641
v -0.03000000 0.09000000 0.00925641
v -0.03000000 0.10000000 -0.00925641
v -0.03000000 0.10000000 0.00925641
v -0.03000000 0.11000000 -0.00925641
v -0.03000000 0.11000000 0.00925641
v -0.03000000 0.12000000 -0.00925641
v -0.03000000 0.12000000 0.00925641
v -0.03000000 0.13000000 -0.00925641
v -0.03000000 0.13000000 0.00925641
v -0.03000000 0.14000000 -0.00925641
v -0.03000000 0.14000000 0.00925641
v -0.03000000 0.15000000 -0.00925641
v -0.03000000 0.15000000 0.00925641
v -0.03000000 0.16000000 -0.00925641
v -0.03000000 0.16000000 0.00925641
v -0.03000000 0.17000000 -0.00925641
v -0.03000000 0.17000000 0.00925641
v -0.03000000 0.18000000 -0.00925641
v -0.03000000 0.18000000 0.00925641
v -0.03000000 0.19000000 -0.00925641
v -0.03000000 0.19000000 0.00925641
v -0.03000000 0.20000000 -0.00925641
v -0.03000000 0.20000000 0.00925641
v -0.03000000 0.21000000 -0.00925641
v -0.03000000 0.21000000 0.00925641
v -0.03000000 0.22000000 -0.00925641
v -0.03000000 0.22000000 0.00925641
v -0.03000000 0.23000000 -0.00925641
v -0.03000000 0.23000000 0.00925641
v -0.03000000 0.24000000 -0.00925641
v -0.03000000 0.24000000 0.00925641
v -0.03000000 0.25000000 -0.00925641
v -0.03000000 0.25000000 0.00925641
v -0.03000000 0.26000000 -0.00925641
v -0.03000000 0.26000000 0.00925641
v -0.03000000 0.27000000 -0.00925641
v -0.03000000 0.27000000 0.00925641
v -0.03000000 0.28000000 -0.00925641
v -0.03000000 0.28000000 0.00925641
v -0.03000000 0.29000000 -0.00925641
v -0.03000000 0.29000000 0.00925641
v -0.03000000 0.30000000 -0.00925641
v -0.03000000 0.30000000 0.00925641
v -0.03000000 0.31000000 -0.00925641
v -0.03000000 0.31000000 0.00925641
v -0.03000000 0.32000000 -0.00925641
v -0.03000000 0.32000000 0.00925641
v -0.03000000 0.33000000 -0.00925641
v -0.03000000 0.33000000 0.00925641
v -0.03000000 0.34000000 -0.00925641
v -0.03000000 0.34000000 0.00925641
v -0.03000000 0.34384615 -0.00541026
v -0.03000000 0.34466666 0.00458974
v -0.02000000 -0.34384615 -0.00541026
v -0.02000000 -0.34000000 -0.00925641
v -0.02000000 -0.34466666 0.00458974
v -0.02000000 -0.34000000 0.00925641
v -0.02000000 -0.33000000 -0.00925641
v -0.02000000 -0.33000000 0.00925641
v -0.02000000 -0.32000000 -0.00925641
v -0.02000000 -0.32000000 0.00925641
v -0.02000000 -0.31000000 -0.00925641
v -0.02000000 -0.31000000 0.00925641
v -0.02000000 -0.30000000 -0.00925641
v -0.02000000 -0.30000000 0.00925641
v -0.02000000 -0.29000000 -0.00925641
v -0.02000000 -0.29000000 0.00925641
v -0.02000000 -0.28000000 -0.00925641
v -0.02000000 -0.28000000 0.00925641
v -0.02000000 -0.27000000 -0.00925641
v -0.02000000 -0.27000000 0.00925641
v -0.02000000 -0.26000000 -0.00925641
v -0.02000000 -0.26000000 0.00925641
v -0.02000000 -0.25000000 -0.00925641
v -0.02000000 -0.25000000 0.00925641
v -0.02000000 -0.24000000 -0.00925641
v -0.02000000 -0.24000000 0.00925641
v -0.02000000 -0.23000000 -0.00925641
v -0.02000000 -0.23000000 0.00925641
v -0.02000000 -0.22000000 -0.00925641
v -0.02000000 -0.22000000 0.00925641
v -0.02000000 -0.21000000 -0.00925641
v -0.02000000 -0.21000000 0.00925641
v -0.02000000 -0.20000000 -0.00925641
v -0.02000000 -0.20000000 0.00925641
v -0.02000000 -0.19000000 -0.00925641
v -0.02000000 -0.19000000 0.00925641
v -0.02000000 -0.18000000 -0.00925641
v -0.02000000 -0.18000000 0.00925641
v -0.02000000 -0.17000000 -0.00925641
v -0.02000000 -0.17000000 0.00925641
v -0.02000000 -0.16000000 -0.00925641
v -0.02000000 -0.16000000 0.00925641
v -0.02000000 -0.15000000 -0.00925641
v -0.02000000 -0.15000000 0.00925641
v -0.02000000 -0.14000000 -0.00925641
v -0.02000000 -0.14000000 0.00925641
v -0.02000000 -0.13000000 -0.00925641
v -0.02000000 -0.13000000 0.00925641
v -0.02000000 -0.12000000 -0.00925641
v -0.02000000 -0.12000000 0.00925641
v -0.02000000 -0.11000000 -0.00925641
v -0.02000000 -0.11000000 0.00925641
v -0.02000000 -0.10000000 -0.00925641
v -0.02000000 -0.10000000 0.00925641
v -0.02000000 -0.09000000 -0.00925641
v -0.02000000 -0.09000000 0.00925641
v -0.02000000 -0.08000000 -0.00925641
v -0.02000000 -0.08000000 0.00925641
v -0.02000000 -0.07000000 -0.00925641
v -0.02000000 -0.07000000 0.00925641
v -0.02000000 -0.06000000 -0.00925641
v -0.02000000 -0.06000000 0.00925641
v -0.02000000 -0.05000000 -0.00925641
v -0.02000000 -0.05000000 0.00925641
v -0.02000000 -0.04000000 -0.00925641
v -0.02000000 -0.04000000 0.00925641
v -0.02000000 -0.03000000 -0.00925641
v -0.02000000 -0.03000000 0.00925641
v -0.02000000 -0.02000000 -0.00925641
v -0.02000000 -0.02000000 0.00925641
v -0.02000000 -0.01000000 -0.00925641
v -0.02000000 -0.01000000 0.00925641
v -0.02000000 -0.00000000 -0.00925641
v -0.02000000 -0.00000000 0.00925641
v -0.02000000 0.01000000 -0.00925641
v -0.02000000 0.01000000 0.00925641
v -0.02000000 0.02000000 -0.00925641
v -0.02000000 0.02000000 0.00925641
v -0.02000000 0.03000000 -0.00925641
v -0.02000000 0.03000000 0.00925641
v -0.02000000 0.04000000 -0.00925641
v -0.02000000 0.04000000 0.00925641
v -0.02000000 0.05000000 -0.00925641
v -0.02000000 0.05000000 0.00925641
v -0.02000000 0.06000000 -0.00925641
v -0.02000000 0.06000000 0.00925641
v -0.02000000 0.07000000 -0.00925641
v -0.02000000 0.07000000 0.00925641
v -0.02000000 0.08000000 -0.00925641
v -0.02000000 0.08000000 0.00925641
v -0.02000000 0.09000000 -0.00925641
v -0.02000000 0.09000000 0.00925641
v -0.02000000 0.10000000 -0.00925641
v -0.02000000 0.10000000 0.00925641
v -0.02000000 0.11000000 -0.00925641
v -0.02000000 0.11000000 0.00925641
v -0.02000000 0.12000000 -0.00925641
v -0.02000000 0.12000000 0.00925641
v -0.02000000 0.13000000 -0.00925641
v -0.02000000 0.13000000 0.00925641
v -0.02000000 0.14000000 -0.00925641
v -0.02000000 0.14000000 0.00925641
v -0.02000000 0.15000000 -0.00925641
v -0.02000000 0.15000000 0.00925641
v -0.02000000 0.16000000 -0.00925641
v -0.02000000 0.16000000 0.00925641
v -0.02000000 0.17000000 -0.00925641
v -0.02000000 0.17000000 0.00925641
v -0.02000000 0.18000000 -0.00925641
v -0.02000000 0.18000000 0.00925641
v -0.02000000 0.19000000 -0.00925641
v -0.02000000 0.19000000 0.00925641
v -0.02000000 0.20000000 -0.00925641
v -0.02000000 0.20000000 0.00925641
v -0.02000000 0.21000000 -0.00925641
v -0.02000000 0.21000000 0.00925641
v -0.02000000 0.22000000 -0.00925641
v -0.02000000 0.22000000 0.00925641
v -0.02000000 0.23000000 -0.00925641
v -0.02000000 0.23000000 0.00925641
v -0.02000000 0.24000000 -0.00925641
v -0.02000000 0.24000000 0.00925641
v -0.02000000 0.25000000 -0.00925641
v -0.02000000 0.25000000 0.00925641
v -0.02000000 0.26000000 -0.00925641
v -0.02000000 0.26000000 0.00925641
v -0.02000000 0.27000000 -0.00925641
v -0.02000000 0.27000000 0.00925641
v -0.02000000 0.28000000 -0.00925641
v -0.02000000 0.28000000 0.00925641
v -0.02000000 0.29000000 -0.00925641
v -0.02000000 0.29000000 0.00925641
v -0.02000000 0.30000000 -0.00925641
v -0.02000000 0.30000000 0.00925641
v -0.02000000 0.31000000 -0.00925641
v -0.02000000 0.31000000 0.00925641
v -0.02000000 0.32000000 -0.00925641
v -0.02000000 0.32000000 0.00925641
v -0.02000000 0.33000000 -0.00925641
v -0.02000000 0.33000000 0.00925641
v -0.02000000 0.34000000 -0.00925641
v -0.02000000 0.34000000 0.00925641
v -0.02000000 0.34384615 -0.00541026
v -0.02000000 0.34466666 0.00458974
v -0.01000000 -0.34384615 -0.00541026
v -0.01000000 -0.34000000 -0.00925641
v -0.01000000 -0.34466666 0.00458974
v -0.01000000 -0.34000000 0.00925641
v -0.01000000 -0.33000000 -0.00925641
v -0.01000000 -0.33000000 0.00925641
v -0.01000000 -0.32000000 -0.00925641
v -0.01000000 -0.32000000 0.00925641
v -0.01000000 -0.31000000 -0.00925641
v -0.01000000 -0.31000000 0.00925641
v -0.01000000 -0.30000000 -0.00925641
v -0.01000000 -0.30000000 0.00925641
v -0.01000000 -0.29000000 -0.00925641
v -0.01000000 -0.29000000 0.00925641
v -0.01000000 -0.28000000 -0.00925641
v -0.01000000 -0.28000000 0.00925641
v -0.01000000 -0.27000000 -0.00925641
v -0.01000000 -0.27000000 0.00925641
v -0.01000000 -0.26000000 -0.00925641
v -0.01000000 -0.26000000 0.00925641
v -0.01000000 -0.25000000 -0.00925641
v -0.01000000 -0.25000000 0.00925641
v -0.01000000 -0.24000000 -0.00925641
v -0.01000000 -0.24000000 0.00925641
v -0.01000000 -0.23000000 -0.00925641
v -0.01000000 -0.23000000 0.00925641
v -0.01000000 -0.22000000 -0.00925641
v -0.01000000 -0.22000000 0.00925641
v -0.01000000 -0.21000000 -0.00925641
v -0.01000000 -0.21000000 0.00925641
v -0.01000000 -0.20000000 -0.00925641
v -0.01000000 -0.20000000 0.00925641
v -0.01000000 -0.19000000 -0.00925641
v -0.01000000 -0.19000000 0.00925641
v -0.01000000 -0.18000000 -0.00925641
v -0.01000000 -0.18000000 0.00925641
v -0.01000000 -0.17000000 -0.00925641
v -0.01000000 -0.17000000 0.00925641
v -0.01000000 -0.16000000 -0.00925641
v -0.01000000 -0.16000000 0.00925641
v -0.01000000 -0.15000000 -0.00925641
v -0.01000000 -0.15000000 0.00925641
v -0.01000000 -0.14000000 -0.00925641
v -0.01000000 -0.14000000 0.00925641
v -0.01000000 -0.13000000 -0.00925641
v -0.01000000 -0.13000000 0.00925641
v -0.01000000 -0.12000000 -0.00925641
v -0.01000000 -0.12000000 0.00925641
v -0.01000000 -0.11000000 -0.00925641
v -0.01000000 -0.11000000 0.00925641
v -0.01000000 -0.10000000 -0.00925641
v -0.01000000 -0.10000000 0.00925641
v -0.01000000 -0.09000000 -0.00925641
v -0.01000000 -0.09000000 0.00925641
v -0.01000000 -0.08000000 -0.00925641
v -0.01000000 -0.08000000 0.00925641
v -0.01000000 -0.07000000 -0.00925641
v -0.01000000 -0.07000000 0.00925641
v -0.01000000 -0.06000000 -0.00925641
v -0.01000000 -0.06000000 0.00925641
v -0.01000000 -0.05000000 -0.00925641
v -0.01000000 -0.05000000 0.00925641
v -0.01000000 -0.04000000 -0.00925641
v -0.01000000 -0.04000000 0.00925641
v -0.01000000 -0.03000000 -0.00925641
v -0.01000000 -0.03000000 0.00925641
v -0.01000000 -0.02000000 -0.00925641
v -0.01000000 -0.02000000 0.00925641
v -0.01000000 -0.01000000 -0.00925641
v -0.01000000 -0.01000000 0.00925641
v -0.01000000 -0.00000000 -0.00925641
v -0.01000000 -0.00000000 0.00925641
v -0.01000000 0.01000000 -0.00925641
v -0.01000000 0.01000000 0.00925641
v -0.01000000 0.02000000 -0.00925641
v -0.01000000 0.02000000 0.00925641
v -0.01000000 0.03000000 -0.00925641
v -0.01000000 0.03000000 0.00925641
v -0.01000000 0.04000000 -0.00925641
v -0.01000000 0.04000000 0.00925641
v -0.01000000 0.05000000 -0.00925641
v -0.01000000 0.05000000 0.00925641
v -0.01000000 0.06000000 -0.00925641
v -0.01000000 0.06000000 0.00925641
v -0.01000000 0.07000000 -0.00925641
v -0.01000000 0.07000000 0.00925641
v -0.01000000 0.08000000 -0.00925641
v -0.01000000 0.08000000 0.00925641
v -0.01000000 0.09000000 -0.00925641
v -0.01000000 0.09000000 0.00925641
v -0.01000000 0.10000000 -0.00925641
v -0.01000000 0.10000000 0.00925641
v -0.01000000 0.11000000 -0.00925641
v -0.01000000 0.11000000 0.00925641
v -0.01000000 0.12000000 -0.00925641
v -0.01000000 0.12000000 0.00925641
v -0.01000000 0.13000000 -0.00925641
v -0.01000000 0.13000000 0.00925641
v -0.01000000 0.14000000 -0.00925641
v -0.01000000 0.14000000 0.00925641
v -0.01000000 0.15000000 -0.00925641
v -0.01000000 0.15000000 0.00925641
v -0.01000000 0.16000000 -0.00925641
v -0.01000000 0.16000000 0.00925641
v -0.01000000 0.17000000 -0.00925641
v -0.01000000 0.17000000 0.00925641
v -0.01000000 0.18000000 -0.00925641
v -0.01000000 0.18000000 0.00925641
v -0.01000000 0.19000000 -0.00925641
v -0.01000000 0.19000000 0.00925641
v -0.01000000 0.20000000 -0.00925641
v -0.01000000 0.20000000 0.00925641
v -0.01000000 0.21000000 -0.00925641
v -0.01000000 0.21000000 0.00925641
v -0.01000000 0.22000000 -0.00925641
v -0.01000000 0.22000000 0.00925641
v -0.01000000 0.23000000 -0.00925641
v -0.01000000 0.23000000 0.00925641
v -0.01000000 0.24000000 -0.00925641
v -0.01000000 0.24000000 0.00925641
v -0.01000000 0.25000000 -0.00925641
v -0.01000000 0.25000000 0.00925641
v -0.01000000 0.26000000 -0.00925641
v -0.01000000 0.26000000 0.00925641
v -0.01000000 0.27000000 -0.00925641
v -0.01000000 0.27000000 0.00925641
v -0.01000000 0.28000000 -0.00925641
v -0.01000000 0.28000000 0.00925641
v -0.01000000 0.29000000 -0.00925641
v -0.01000000 0.29000000 0.00925641
v -0.01000000 0.30000000 -0.00925641
v -0.01000000 0.30000000 0.00925641
v -0.01000000 0.31000000 -0.00925641
v -0.01000000 0.31000000 0.00925641
v -0.01000000 0.32000000 -0.00925641
v -0.01000000 0.32000000 0.00925641
v -0.01000000 0.33000000 -0.00925641
v -0.01000000 0.33000000 0.00925641
v -0.01000000 0.34000000 -0.00925641
v -0.01000000 0.34000000 0.00925641
v -0.01000000 0.34384615 -0.00541026
v -0.01000000 0.34466666 0.00458974
v -0.00000000 -0.34384615 -0.00541026
v -0.00000000 -0.34000000 -0.00925641
v -0.00000000 -0.34466666 0.00458974
v -0.00000000 -0.34000000 0.00925641
v -0.00000000 -0.33000000 -0.00925641
v -0.00000000 -0.33000000 0.00925641
v -0.00000000 -0.32000000 -0.00925641
v -0.00000000 -0.32000000 0.00925641
v -0.00000000 -0.31000000 -0.00925641
v -0.00000000 -0.31000000 0.00925641
v -0.00000000 -0.30000000 -0.00925641
v -0.00000000 -0.30000000 0.00925641
v -0.00000000 -0.29000000 -0.00925641
v -0.00000000 -0.29000000 0.00925641
v -0.00000000 -0.28000000 -0.00925641
v -0.00000000 -0.28000000 0.00925641
v -0.00000000 -0.27000000 -0.00925641
v -0.00000000 -0.27000000 0.00925641
v -0.00000000 -0.26000000 -0.00925641
v -0.00000000 -0.26000000 0.00925641
v -0.00000000 -0.25000000 -0.00925641
v -0.00000000 -0.25000000 0.00925641
v -0.00000000 -0.24000000 -0.00925641
v -0.00000000 -0.24000000 0.00925641
v -0.00000000 -0.23000000 -0.00925641
v -0.00000000 -0.23000000 0.00925641
v -0.00000000 -0.22000000 -0.00925641
v -0.00000000 -0.22000000 0.00925641
v -0.00000000 -0.21000000 -0.00925641
v -0.00000000 -0.21000000 0.00925641
v -0.00000000 -0.20000000 -0.00925641
v -0.00000000 -0.20000000 0.00925641
v -0.00000000 -0.19000000 -0.00925641
v -0.00000000 -0.19000000 0.00925641
v -0.00000000 -0.18000000 -0.00925641
v -0.00000000 -0.18000000 0.00925641
v -0.00000000 -0.17000000 -0.00925641
v -0.00000000 -0.17000000 0.00925641
v -0.00000000 -0.16000000 -0.00925641
v -0.00000000 -0.16000000 0.00925641
v -0.00000000 -0.15000000 -0.00925641
v -0.00000000 -0.15000000 0.00925641
v -0.00000000 -0.14000000 -0.00925641
v -0.00000000 -0.14000000 0.00925641
v -0.00000000 -0.13000000 -0.00925641
v -0.00000000 -0.13000000 0.00925641
v -0.00000000 -0.12000000 -0.00925641
v -0.00000000 -0.12000000 0.00925641
v -0.00000000 -0.11000000 -0.00925641
v -0.00000000 -0.11000000 0.00925641
v -0.00000000 -0.10000000 -0.00925641
v -0.00000000 -0.10000000 0.00925641
v -0.00000000 -0.09000000 -0.00925641
v -0.00000000 -0.09000000 0.00925641
v -0.00000000 -0.08000000 -0.00925641
v -0.00000000 -0.08000000 0.00925641
v -0.00000000 -0.07000000 -0.00925641
v -0.00000000 -0.07000000 0.00925641
v -0.00000000 -0.06000000 -0.00925641
v -0.00000000 -0.06000000 0.00925641
v -0.00000000 -0.05000000 -0.00925641
v -0.00000000 -0.05000000 0.00925641
v -0.00000000 -0.04000000 -0.00925641
v -0.00000000 -0.04000000 0.00925641
v -0.00000000 -0.03000000 -0.00925641
v -0.00000000 -0.03000000 0.00925641
v -0.00000000 -0.02000000 -0.00925641
v -0.00000000 -0.02000000 0.00925641
v -0.00000000 -0.01000000 -0.00925641
v -0.00000000 -0.01000000 0.00925641
v -0.00000000 -0.00000000 -0.00925641
v -0.00000000 -0.00000000 0.00925641
v -0.00000000 0.01000000 -0.00925641
v -0.00000000 0.01000000 0.00925641
v -0.00000000 0.02000000 -0.00925641
v -0.00000000 0.02000000 0.00925641
v -0.00000000 0.03000000 -0.00925641
v -0.00000000 0.03000000 0.00925641
v -0.00000000 0.04000000 -0.00925641
v -0.00000000 0.04000000 0.00925641
v -0.00000000 0.05000000 -0.00925641
v -0.00000000 0.05000000 0.00925641
v -0.00000000 0.06000000 -0.00925641
v -0.00000000 0.06000000 0.00925641
v -0.00000000 0.07000000 -0.00925641
v -0.00000000 0.07000000 0.00925641
v -0.00000000 0.08000000 -0.00925641
v -0.00000000 0.08000000 0.00925641
v -0.00000000 0.09000000 -0.00925641
v -0.00000000 0.09000000 0.00925641
v -0.00000000 0.10000000 -0.00925641
v -0.00000000 0.10000000 0.00925641
v -0.00000000 0.11000000 -0.00925641
v -0.00000000 0.11000000 0.00925641
v -0.00000000 0.12000000 -0.00925641
v -0.00000000 0.12000000 0.00925641
v -0.00000000 0.13000000 -0.00925641
v -0.00000000 0.13000000 0.00925641
v -0.00000000 0.14000000 -0.00925641
v -0.00000000 0.14000000 0.00925641
v -0.00000000 0.15000000 -0.00925641
v -0.00000000 0.15000000 0.00925641
v -0.00000000 0.16000000 -0.00925641
v -0.00000000 0.16000000 0.00925641
v -0.00000000 0.17000000 -0.00925641
v -0.00000000 0.17000000 0.00925641
v -0.00000000 0.18000000 -0.00925641
v -0.00000000 0.18000000 0.00925641
v -0.00000000 0.19000000 -0.00925641
v -0.00000000 0.19000000 0.00925641
v -0.00000000 0.20000000 -0.00925641
v -0.00000000 0.20000000 0.00925641
v -0.00000000 0.21000000 -0.00925641
v -0.00000000 0.21000000 0.00925641
v -0.00000000 0.22000000 -0.00925641
v -0.00000000 0.22000000 0.00925641
v -0.00000000 0.23000000 -0.00925641
v -0.00000000 0.23000000 0.00925641
v -0.00000000 0.24000000 -0.00925641
v -0.00000000 0.24000000 0.00925641
v -0.00000000 0.25000000 -0.00925641
v -0.00000000 0.25000000 0.00925641
v -0.00000000 0.26000000 -0.00925641
v -0.00000000 0.26000000 0.00925641
v -0.00000000 0.27000000 -0.00925641
v -0.00000000 0.27000000 0.00925641
v -0.00000000 0.28000000 -0.00925641
v -0.00000000 0.28000000 0.00925641
v -0.00000000 0.29000000 -0.00925641
v -0.00000000 0.29000000 0.00925641
v -0.00000000 0.30000000 -0.00925641
v -0.00000000 0.30000000 0.00925641
v -0.00000000 0.31000000 -0.00925641
v -0.00000000 0.31000000 0.00925641
v -0.00000000 0.32000000 -0.00925641
v -0.00000000 0.32000000 0.00925641
v -0.00000000 0.33000000 -0.00925641
v -0.00000000 0.33000000 0.00925641
v -0.00000000 0.34000000 -0.00925641
v -0.00000000 0.34000000 0.00925641
v -0.00000000 0.34384615 -0.00541026
v -0.00000000 0.34466666 0.00458974
v 0.01000000 -0.34384615 -0.00541026
v 0.01000000 -0.34000000 -0.00925641
v 0.01000000 -0.34466666 0.00458974
v 0.01000000 -0.34000000 0.00925641
v 0.01000000 -0.33000000 -0.00925641
v 0.01000000 -0.33000000 0.00925641
v 0.01000000 -0.32000000 -0.00925641
v 0.01000000 -0.32000000 0.00925641
v 0.01000000 -0.31000000 -0.00925641
v 0.01000000 -0.31000000 0.00925641
v 0.01000000 -0.30000000 -0.00925641
v 0.01000000 -0.30000000 0.00925641
v 0.01000000 -0.29000000 -0.00925641
v 0.01000000 -0.29000000 0.00925641
v 0.01000000 -0.28000000 -0.00925641
v 0.01000000 -0.28000000 0.00925641
v 0.01000000 -0.27000000 -0.00925641
v 0.01000000 -0.27000000 0.00925641
v 0.01000000 -0.26000000 -0.00925641
v 0.01000000 -0.26000000 0.00925641
v 0.01000000 -0.25000000 -0.00925641
v 0.01000000 -0.25000000 0.00925641
v 0.01000000 -0.24000000 -0.00925641
v 0.01000000 -0.24000000 0.00925641
v 0.01000000 -0.23000000 -0.00925641
v 0.01000000 -0.23000000 0.00925641
v 0.01000000 -0.22000000 -0.00925641
v 0.01000000 -0.22000000 0.00925641
v 0.01000000 -0.21000000 -0.00925641
v 0.01000000 -0.21000000 0.00925641
v 0.01000000 -0.20000000 -0.00925641
v 0.01000000 -0.20000000 0.00925641
v 0.01000000 -0.19000000 -0.00925641
v 0.01000000 -0.19000000 0.00925641
v 0.01000000 -0.18000000 -0.00925641
v 0.01000000 -0.18000000 0.00925641
v 0.01000000 -0.17000000 -0.00925641
v 0.01000000 -0.17000000 0.00925641
v 0.01000000 -0.16000000 -0.00925641
v 0.01000000 -0.16000000 0.00925641
v 0.01000000 -0.15000000 -0.00925641
v 0.01000000 -0.15000000 0.00925641
v 0.01000000 -0.14000000 -0.00925641
v 0.01000000 -0.14000000 0.00925641
v 0.01000000 -0.13000000 -0.00925641
v 0.01000000 -0.13000000 0.00925641
v 0.01000000 -0.12000000 -0.00925641
v 0.01000000 -0.12000000 0.00925641
v 0.01000000 -0.11000000 -0.00925641
v 0.01000000 -0.11000000 0.00925641
v 0.01000000 -0.10000000 -0.00925641
v 0.01000000 -0.10000000 0.00925641
v 0.01000000 -0.09000000 -0.00925641
v 0.01000000 -0.09000000 0.00925641
v 0.01000000 -0.08000000 -0.00925641
v 0.01000000 -0.08000000 0.00925641
v 0.01000000 -0.07000000 -0.00925641
v 0.01000000 -0.07000000 0.00925641
v 0.01000000 -0.06000000 -0.00925641
v 0.01000000 -0.06000000 0.00925641
v 0.01000000 -0.05000000 -0.00925641
v 0.01000000 -0.05000000 0.00925641
v 0.01000000 -0.04000000 -0.00925641
v 0.01000000 -0.04000000 0.00925641
v 0.01000000 -0.03000000 -0.00925641
v 0.01000000 -0.03000000 0.00925641
v 0.01000000 -0.02000000 -0.00925641
v 0.01000000 -0.02000000 0.00925641
v 0.01000000 -0.01000000 -0.00925641
v 0.01000000 -0.01000000 0.00925641
v 0.01000000 -0.00000000 -0.00925641
v 0.01000000 -0.00000000 0.00925641
v 0.01000000 0.01000000 -0.00925641
v 0.01000000 0.01000000 0.00925641
v 0.01000000 0.02000000 -0.00925641
v 0.01000000 0.02000000 0.00925641
v 0.01000000 0.03000000 -0.00925641
v 0.01000000 0.03000000 0.00925641
v 0.01000000 0.04000000 -0.00925641
v 0.01000000 0.04000000 0.00925641
v 0.01000000 0.05000000 -0.00925641
v 0.01000000 0.05000000 0.00925641
v 0.01000000 0.06000000 -0.00925641
v 0.01000000 0.06000000 0.00925641
v 0.01000000 0.07000000 -0.00925641
v 0.01000000 0.07000000 0.00925641
v 0.01000000 0.08000000 -0.00925641
v 0.01000000 0.08000000 0.00925641
v 0.01000000 0.09000000 -0.00925641
v 0.01000000 0.09000000 0.00925641
v 0.01000000 0.10000000 -0.00925641
v 0.01000000 0.10000000 0.00925641
v 0.01000000 0.11000000 -0.00925641
v 0.01000000 0.11000000 0.00925641
v 0.01000000 0.12000000 -0.00925641
v 0.01000000 0.12000000 0.00925641
v 0.01000000 0.13000000 -0.00925641
v 0.01000000 0.13000000 0.00925641
v 0.01000000 0.14000000 -0.00925641
v 0.01000000 0.14000000 0.00925641
v 0.01000000 0.15000000 -0.00925641
v 0.01000000 0.15000000 0.00925641
v 0.01000000 0.16000000 -0.00925641
v 0.01000000 0.16000000 0.00925641
v 0.01000000 0.17000000 -0.00925641
v 0.01000000 0.17000000 0.00925641
v 0.01000000 0.18000000 -0.00925641
v 0.01000000 0.18000000 0.00925641
v 0.01000000 0.19000000 -0.00925641
v 0.01000000 0.19000000 0.00925641
v 0.01000000 0.20000000 -0.00925641
v 0.01000000 0.20000000 0.00925641
v 0.01000000 0.21000000 -0.00925641
v 0.01000000 0.21000000 0.00925641
v 0.01000000 0.22000000 -0.00925641
v 0.01000000 0.22000000 0.00925641
v 0.01000000 0.23000000 -0.00925641
v 0.01000000 0.23000000 0.00925641
v 0.01000000 0.24000000 -0.00925641
v 0.01000000 0.24000000 0.00925641
v 0.01000000 0.25000000 -0.00925641
v 0.01000000 0.25000000 0.00925641
v 0.01000000 0.26000000 -0.00925641
v 0.01000000 0.26000000 0.00925641
v 0.01000000 0.27000000 -0.00925641
v 0.01000000 0.27000000 0.00925641
v 0.01000000 0.28000000 -0.00925641
v 0.01000000 0.28000000 0.00925641
v 0.01000000 0.29000000 -0.00925641
v 0.01000000 0.29000000 0.00925641
v 0.01000000 0.30000000 -0.00925641
v 0.01000000 0.30000000 0.00925641
v 0.01000000 0.31000000 -0.00925641
v 0.01000000 0.31000000 0.00925641
v 0.01000000 0.32000000 -0.00925641
v 0.01000000 0.32000000 0.00925641
v 0.01000000 0.33000000 -0.00925641
v 0.01000000 0.33000000 0.00925641
v 0.01000000 0.34000000 -0.00925641
v 0.01000000 0.34000000 0.00925641
v 0.01000000 0.34384615 -0.00541026
v 0.01000000 0.34466666 0.00458974
v 0.02000000 -0.34384615 -0.00541026
v 0.02000000 -0.34000000 -0.00925641
v 0.02000000 -0.34466666 0.00458974
v 0.02000000 -0.34000000 0.00925641
v 0.02000000 -0.33000000 -0.00925641
v 0.02000000 -0.33000000 0.00925641
v 0.02000000 -0.32000000 -0.00925641
v 0.02000000 -0.32000000 0.00925641
v 0.02000000 -0.31000000 -0.00925641
v 0.02000000 -0.31000000 0.00925641
v 0.02000000 -0.30000000 -0.00925641
v 0.02000000 -0.30000000 0.00925641
v 0.02000000 -0.29000000 -0.00925641
v 0.02000000 -0.29000000 0.00925641
v 0.02000000 -0.28000000 -0.00925641
v 0.02000000 -0.28000000 0.00925641
v 0.02000000 -0.27000000 -0.00925641
v 0.02000000 -0.27000000 0.00925641
v 0.02000000 -0.26000000 -0.00925641
v 0.02000000 -0.26000000 0.00925641
v 0.02000000 -0.25000000 -0.00925641
v 0.02000000 -0.25000000 0.00925641
v 0.02000000 -0.24000000 -0.00925641
v 0.02000000 -0.24000000 0.00925641
v 0.02000000 -0.23000000 -0.00925641
v 0.02000000 -0.23000000 0.00925641
v 0.02000000 -0.22000000 -0.00925641
v 0.02000000 -0.22000000 0.00925641
v 0.02000000 -0.21000000 -0.00925641
v 0.02000000 -0.21000000 0.00925641
v 0.02000000 -0.20000000 -0.00925641
v 0.02000000 -0.20000000 0.00925641
v 0.02000000 -0.19000000 -0.00925641
v 0.02000000 -0.19000000 0.00925641
v 0.02000000 -0.18000000 -0.00925641
v 0.02000000 -0.18000000 0.00925641
v 0.02000000 -0.17000000 -0.00925641
v 0.02000000 -0.17000000 0.00925641
v 0.02000000 -0.16000000 -0.00925641
v 0.02000000 -0.16000000 0.00925641
v 0.02000000 -0.15000000 -0.00925641
v 0.02000000 -0.15000000 0.00925641
v 0.02000000 -0.14000000 -0.00925641
v 0.02000000 -0.14000000 0.00925641
v 0.02000000 -0.13000000 -0.00925641
v 0.02000000 -0.13000000 0.00925641
v 0.02000000 -0.12000000 -0.00925641
v 0.02000000 -0.12000000 0.00925641
v 0.02000000 -0.11000000 -0.00925641
v 0.02000000 -0.11000000 0.00925641
v 0.02000000 -0.10000000 -0.00925641
v 0.02000000 -0.10000000 0.00925641
v 0.02000000 -0.09000000 -0.00925641
v 0.02000000 -0.09000000 0.00925641
v 0.02000000 -0.08000000 -0.00925641
v 0.02000000 -0.08000000 0.00925641
v 0.02000000 -0.07000000 -0.00925641
v 0.02000000 -0.07000000 0.00925641
v 0.02000000 -0.06000000 -0.00925641
v 0.02000000 -0.06000000 0.00925641
v 0.02000000 -0.05000000 -0.00925641
v 0.02000000 -0.05000000 0.00925641
v 0.02000000 -0.04000000 -0.00925641
v 0.02000000 -0.04000000 0.00925641
v 0.02000000 -0.03000000 -0.00925641
v 0.02000000 -0.03000000 0.00925641
v 0.02000000 -0.02000000 -0.00925641
v 0.02000000 -0.02000000 0.00925641
v 0.02000000 -0.01000000 -0.00925641
v 0.02000000 -0.01000000 0.00925641
v 0.02000000 -0.00000000 -0.00925641
v 0.02000000 -0.00000000 0.00925641
v 0.02000000 0.01000000 -0.00925641
v 0.02000000 0.01000000 0.00925641
v 0.02000000 0.02000000 -0.00925641
v 0.02000000 0.02000000 0.00925641
v 0.02000000 0.03000000 -0.00925641
v 0.02000000 0.03000000 0.00925641
v 0.02000000 0.04000000 -0.00925641
v 0.02000000 0.04000000 0.00925641
v 0.02000000 0.05000000 -0.00925641
v 0.02000000 0.05000000 0.00925641
v 0.02000000 0.06000000 -0.00925641
v 0.02000000 0.06000000 0.00925641
v 0.02000000 0.07000000 -0.00925641
v 0.02000000 0.07000000 0.00925641
v 0.02000000 0.08000000 -0.00925641
v 0.02000000 0.08000000 0.00925641
v 0.02000000 0.09000000 -0.00925641
v 0.02000000 0.09000000 0.00925641
v 0.02000000 0.10000000 -0.00925641
v 0.02000000 0.10000000 0.00925641
v 0.02000000 0.11000000 -0.00925641
v 0.02000000 0.11000000 0.00925641
v 0.02000000 0.12000000 -0.00925641
v 0.02000000 0.12000000 0.00925641
v 0.02000000 0.13000000 -0.00925641
v 0.02000000 0.13000000 0.00925641
v 0.02000000 0.14000000 -0.00925641
v 0.02000000 0.14000000 0.00925641
v 0.02000000 0.15000000 -0.00925641
v 0.02000000 0.15000000 0.00925641
v 0.02000000 0.16000000 -0.00925641
v 0.02000000 0.16000000 0.00925641
v 0.02000000 0.17000000 -0.00925641
v 0.02000000 0.17000000 0.00925641
v 0.02000000 0.18000000 -0.00925641
v 0.02000000 0.18000000 0.00925641
v 0.02000000 0.19000000 -0.00925641
v 0.02000000 0.19000000 0.00925641
v 0.02000000 0.20000000 -0.00925641
v 0.02000000 0.20000000 0.00925641
v 0.02000000 0.21000000 -0.00925641
v 0.02000000 0.21000000 0.00925641
v 0.02000000 0.22000000 -0.00925641
v 0.02000000 0.22000000 0.00925641
v 0.02000000 0.23000000 -0.00925641
v 0.02000000 0.23000000 0.00925641
v 0.02000000 0.24000000 -0.00925641
v 0.02000000 0.24000000 0.00925641
v 0.02000000 0.25000000 -0.00925641
v 0.02000000 0.25000000 0.00925641
v 0.02000000 0.26000000 -0.00925641
v 0.02000000 0.26000000 0.00925641
v 0.02000000 0.27000000 -0.00925641
v 0.02000000 0.27000000 0.00925641
v 0.02000000 0.28000000 -0.00925641
v 0.02000000 0.28000000 0.00925641
v 0.02000000 0.29000000 -0.00925641
v 0.02000000 0.29000000 0.00925641
v 0.02000000 0.30000000 -0.00925641
v 0.02000000 0.30000000 0.00925641
v 0.02000000 0.31000000 -0.00925641
v 0.02000000 0.31000000 0.00925641
v 0.02000000 0.32000000 -0.00925641
v 0.02000000 0.32000000 0.00925641
v 0.02000000 0.33000000 -0.00925641
v 0.02000000 0.33000000 0.00925641
v 0.02000000 0.34000000 -0.00925641
v 0.02000000 0.34000000 0.00925641
v 0.02000000 0.34384615 -0.00541026
v 0.02000000 0.34466666 0.00458974
v 0.03000000 -0.34384615 -0.00541026
v 0.03000000 -0.34000000 -0.00925641
v 0.03000000 -0.34466666 0.00458974
v 0.03000000 -0.34000000 0.00925641
v 0.03000000 -0.33000000 -0.00925641
v 0.03000000 -0.33000000 0.00925641
v 0.03000000 -0.32000000 -0.00925641
v 0.03000000 -0.32000000 0.00925641
v 0.03000000 -0.31000000 -0.00925641
v 0.03000000 -0.31000000 0.00925641
v 0.03000000 -0.30000000 -0.00925641
v 0.03000000 -0.30000000 0.00925641
v 0.03000000 -0.29000000 -0.00925641
v 0.03000000 -0.29000000 0.00925641
v 0.03000000 -0.28000000 -0.00925641
v 0.03000000 -0.28000000 0.00925641
v 0.03000000 -0.27000000 -0.00925641
v 0.03000000 -0.27000000 0.00925641
v 0.03000000 -0.26000000 -0.00925641
v 0.03000000 -0.26000000 0.00925641
v 0.03000000 -0.25000000 -0.00925641
v 0.03000000 -0.25000000 0.00925641
v 0.03000000 -0.24000000 -0.00925641
v 0.03000000 -0.24000000 0.00925641
v 0.03000000 -0.23000000 -0.00925641
v 0.03000000 -0.23000000 0.00925641
v 0.03000000 -0.22000000 -0.00925641
v 0.03000000 -0.22000000 0.00925641
v 0.03000000 -0.21000000 -0.00925641
v 0.03000000 -0.21000000 0.00925641
v 0.03000000 -0.20000000 -0.00925641
v 0.03000000 -0.20000000 0.00925641
v 0.03000000 -0.19000000 -0.00925641
v 0.03000000 -0.19000000 0.00925641
v 0.03000000 -0.18000000 -0.00925641
v 0.03000000 -0.18000000 0.00925641
v 0.03000000 -0.17000000 -0.00925641
v 0.03000000 -0.17000000 0.00925641
v 0.03000000 -0.16000000 -0.00925641
v 0.03000000 -0.16000000 0.00925641
v 0.03000000 -0.15000000 -0.00925641
v 0.03000000 -0.15000000 0.00925641
v 0.03000000 -0.14000000 -0.00925641
v 0.03000000 -0.14000000 0.00925641
v 0.03000000 -0.13000000 -0.00925641
v 0.03000000 -0.13000000 0.00925641
v 0.03000000 -0.12000000 -0.00925641
v 0.03000000 -0.12000000 0.00925641
v 0.03000000 -0.11000000 -0.00925641
v 0.03000000 -0.11000000 0.00925641
v 0.03000000 -0.10000000 -0.00925641
v 0.03000000 -0.10000000 0.00925641
v 0.03000000 -0.09000000 -0.00925641
v 0.03000000 -0.09000000 0.00925641
v 0.03000000 -0.08000000 -0.00925641
v 0.03000000 -0.08000000 0.00925641
v 0.03000000 -0.07000000 -0.00925641
v 0.03000000 -0.07000000 0.00925641
v 0.03000000 -0.06000000 -0.00925641
v 0.03000000 -0.06000000 0.00925641
v 0.03000000 -0.05000000 -0.00925641
v 0.03000000 -0.05000000 0.00925641
v 0.03000000 -0.04000000 -0.00925641
v 0.03000000 -0.04000000 0.00925641
v 0.03000000 -0.03000000 -0.00925641
v 0.03000000 -0.03000000 0.00925641
v 0.03000000 -0.02000000 -0.00925641
v 0.03000000 -0.02000000 0.00925641
v 0.03000000 -0.01000000 -0.00925641
v 0.03000000 -0.01000000 0.00925641
v 0.03000000 -0.00000000 -0.00925641
v 0.03000000 -0.00000000 0.00925641
v 0.03000000 0.01000000 -0.00925641
v 0.03000000 0.01000000 0.00925641
v 0.03000000 0.02000000 -0.00925641
v 0.03000000 0.02000000 0.00925641
v 0.03000000 0.03000000 -0.00925641
v 0.03000000 0.03000000 0.00925641
v 0.03000000 0.04000000 -0.00925641
v 0.03000000 0.04000000 0.00925641
v 0.03000000 0.05000000 -0.00925641
v 0.03000000 0.05000000 0.00925641
v 0.03000000 0.06000000 -0.00925641
v 0.03000000 0.06000000 0.00925641
v 0.03000000 0.07000000 -0.00925641
v 0.03000000 0.07000000 0.00925641
v 0.03000000 0.08000000 -0.00925641
v 0.03000000 0.08000000 0.00925641
v 0.03000000 0.09000000 -0.00925641
v 0.03000000 0.09000000 0.00925641
v 0.03000000 0.10000000 -0.00925641
v 0.03000000 0.10000000 0.00925641
v 0.03000000 0.11000000 -0.00925641
v 0.03000000 0.11000000 0.00925641
v 0.03000000 0.12000000 -0.00925641
v 0.03000000 0.12000000 0.00925641
v 0.03000000 0.13000000 -0.00925641
v 0.03000000 0.13000000 0.00925641
v 0.03000000 0.14000000 -0.00925641
v 0.03000000 0.14000000 0.00925641
v 0.03000000 0.15000000 -0.00925641
v 0.03000000 0.15000000 0.00925641
v 0.03000000 0.16000000 -0.00925641
v 0.03000000 0.16000000 0.00925641
v 0.03000000 0.17000000 -0.00925641
v 0.03000000 0.17000000 0.00925641
v 0.03000000 0.18000000 -0.00925641
v 0.03000000 0.18000000 0.00925641
v 0.03000000 0.19000000 -0.00925641
v 0.03000000 0.19000000 0.00925641
v 0.03000000 0.20000000 -0.00925641
v 0.03000000 0.20000000 0.00925641
v 0.03000000 0.21000000 -0.00925641
v 0.03000000 0.21000000 0.00925641
v 0.03000000 0.22000000 -0.00925641
v 0.03000000 0.22000000 0.00925641
v 0.03000000 0.23000000 -0.00925641
v 0.03000000 0.23000000 0.00925641
v 0.03000000 0.24000000 -0.00925641
v 0.03000000 0.24000000 0.00925641
v 0.03000000 0.25000000 -0.00925641
v 0.03000000 0.25000000 0.00925641
v 0.03000000 0.26000000 -0.00925641
v 0.03000000 0.26000000 0.00925641
v 0.03000000 0.27000000 -0.00925641
v 0.03000000 0.27000000 0.00925641
v 0.03000000 0.28000000 -0.00925641
v 0.03000000 0.28000000 0.00925641
v 0.03000000 0.29000000 -0.00925641
v 0.03000000 0.29000000 0.00925641
v 0.03000000 0.30000000 -0.00925641
v 0.03000000 0.30000000 0.00925641
v 0.03000000 0.31000000 -0.00925641
v 0.03000000 0.31000000 0.00925641
v 0.03000000 0.32000000 -0.00925641
v 0.03000000 0.32000000 0.00925641
v 0.03000000 0.33000000 -0.00925641
v 0.03000000 0.33000000 0.00925641
v 0.03000000 0.34000000 -0.00925641
v 0.03000000 0.34000000 0.00925641
v 0.03000000 0.34384615 -0.00541026
v 0.03000000 0.34466666 0.00458974
v 0.04000000 -0.34384615 -0.00541026
v 0.04000000 -0.34000000 -0.00925641
v 0.04000000 -0.34466666 0.00458974
v 0.04000000 -0.34000000 0.00925641
v 0.04000000 -0.33000000 -0.00925641
v 0.04000000 -0.33000000 0.00925641
v 0.04000000 -0.32000000 -0.00925641
v 0.04000000 -0.32000000 0.00925641
v 0.04000000 -0.31000000 -0.00925641
v 0.04000000 -0.31000000 0.00925641
v 0.04000000 -0.30000000 -0.00925641
v 0.04000000 -0.30000000 0.00925641
v 0.04000000 -0.29000000 -0.00925641
v 0.04000000 -0.29000000 0.00925641
v 0.04000000 -0.28000000 -0.00925641
v 0.04000000 -0.28000000 0.00925641
v 0.04000000 -0.27000000 -0.00925641
v 0.04000000 -0.27000000 0.00925641
v 0.04000000 -0.26000000 -0.00925641
v 0.04000000 -0.26000000 0.00925641
v 0.04000000 -0.25000000 -0.00925641
v 0.04000000 -0.25000000 0.00925641
v 0.04000000 -0.24000000 -0.00925641
v 0.04000000 -0.24000000 0.00925641
v 0.04000000 -0.23000000 -0.00925641
v 0.04000000 -0.23000000 0.00925641
v 0.04000000 -0.22000000 -0.00925641
v 0.04000000 -0.22000000 0.00925641
v 0.04000000 -0.21000000 -0.00925641
v 0.04000000 -0.21000000 0.00925641
v 0.04000000 -0.20000000 -0.00925641
v 0.04000000 -0.20000000 0.00925641
v 0.04000000 -0.19000000 -0.00925641
v 0.04000000 -0.19000000 0.00925641
v 0.04000000 -0.18000000 -0.00925641
v 0.04000000 -0.18000000 0.00925641
v 0.04000000 -0.17000000 -0.00925641
v 0.04000000 -0.17000000 0.00925641
v 0.04000000 -0.16000000 -0.00925641
v 0.04000000 -0.16000000 0.00925641
v 0.04000000 -0.15000000 -0.00925641
v 0.04000000 -0.15000000 0.00925641
v 0.04000000 -0.14000000 -0.00925641
v 0.04000000 -0.14000000 0.00925641
v 0.04000000 -0.13000000 -0.00925641
v 0.04000000 -0.13000000 0.00925641
v 0.04000000 -0.12000000 -0.00925641
v 0.04000000 -0.12000000 0.00925641
v 0.04000000 -0.11000000 -0.00925641
v 0.04000000 -0.11000000 0.00925641
v 0.04000000 -0.10000000 -0.00925641
v 0.04000000 -0.10000000 0.00925641
v 0.04000000 -0.09000000 -0.00925641
v 0.04000000 -0.09000000 0.00925641
v 0.04000000 -0.08000000 -0.00925641
v 0.04000000 -0.08000000 0.00925641
v 0.04000000 -0.07000000 -0.00925641
v 0.04000000 -0.07000000 0.00925641
v 0.04000000 -0.06000000 -0.00925641
v 0.04000000 -0.06000000 0.00925641
v 0.04000000 -0.05000000 -0.00925641
v 0.04000000 -0.05000000 0.00925641
v 0.04000000 -0.04000000 -0.00925641
v 0.04000000 -0.04000000 0.00925641
v 0.04000000 -0.03000000 -0.00925641
v 0.04000000 -0.03000000 0.00925641
v 0.04000000 -0.02000000 -0.00925641
v 0.04000000 -0.02000000 0.00925641
v 0.04000000 -0.01000000 -0.00925641
v 0.04000000 -0.01000000 0.00925641
v 0.04000000 -0.00000000 -0.00925641
v 0.04000000 -0.00000000 0.00925641
v 0.04000000 0.01000000 -0.00925641
v 0.04000000 0.01000000 0.00925641
v 0.04000000 0.02000000 -0.00925641
v 0.04000000 0.02000000 0.00925641
v 0.04000000 0.03000000 -0.00925641
v 0.04000000 0.03000000 0.00925641
v 0.04000000 0.04000000 -0.00925641
v 0.04000000 0.04000000 0.00925641
v 0.04000000 0.05000000 -0.00925641
v 0.04000000 0.05000000 0.00925641
v 0.04000000 0.06000000 -0.00925641
v 0.04000000 0.06000000 0.00925641
v 0.04000000 0.07000000 -0.00925641
v 0.04000000 0.07000000 0.00925641
v 0.04000000 0.08000000 -0.00925641
v 0.04000000 0.08000000 0.00925641
v 0.04000000 0.09000000 -0.00925641
v 0.04000000 0.09000000 0.00925641
v 0.04000000 0.10000000 -0.00925641
v 0.04000000 0.10000000 0.00925641
v 0.04000000 0.11000000 -0.00925641
v 0.04000000 0.11000000 0.00925641
v 0.04000000 0.12000000 -0.00925641
v 0.04000000 0.12000000 0.00925641
v 0.04000000 0.13000000 -0.00925641
v 0.04000000 0.13000000 0.00925641
v 0.04000000 0.14000000 -0.00925641
v 0.04000000 0.14000000 0.00925641
v 0.04000000 0.15000000 -0.00925641
v 0.04000000 0.15000000 0.00925641
v 0.04000000 0.16000000 -0.00925641
v 0.04000000 0.16000000 0.00925641
v 0.04000000 0.17000000 -0.00925641
v 0.04000000 0.17000000 0.00925641
v 0.04000000 0.18000000 -0.00925641
v 0.04000000 0.18000000 0.00925641
v 0.04000000 0.19000000 -0.00925641
v 0.04000000 0.19000000 0.00925641
v 0.04000000 0.20000000 -0.00925641
v 0.04000000 0.20000000 0.00925641
v 0.04000000 0.21000000 -0.00925641
v 0.04000000 0.21000000 0.00925641
v 0.04000000 0.22000000 -0.00925641
v 0.04000000 0.22000000 0.00925641
v 0.04000000 0.23000000 -0.00925641
v 0.04000000 0.23000000 0.00925641
v 0.04000000 0.24000000 -0.00925641
v 0.04000000 0.24000000 0.00925641
v 0.04000000 0.25000000 -0.00925641
v 0.04000000 0.25000000 0.00925641
v 0.04000000 0.26000000 -0.00925641
v 0.04000000 0.26000000 0.00925641
v 0.04000000 0.27000000 -0.00925641
v 0.04000000 0.27000000 0.00925641
v 0.04000000 0.28000000 -0.00925641
v 0.04000000 0.28000000 0.00925641
v 0.04000000 0.29000000 -0.00925641
v 0.04000000 0.29000000 0.00925641
v 0.04000000 0.30000000 -0.00925641
v 0.04000000 0.30000000 0.00925641
v 0.04000000 0.31000000 -0.00925641
v 0.04000000 0.31000000 0.00925641
v 0.04000000 0.32000000 -0.00925641
v 0.04000000 0.32000000 0.00925641
v 0.04000000 0.33000000 -0.00925641
v 0.04000000 0.33000000 0.00925641
v 0.04000000 0.34000000 -0.00925641
v 0.04000000 0.34000000 0.00925641
v 0.04000000 0.34384615 -0.00541026
v 0.04000000 0.34466666 0.00458974
v 0.05000000 -0.34384615 -0.00541026
v 0.05000000 -0.34000000 -0.00925641
v 0.05000000 -0.34466666 0.00458974
v 0.05000000 -0.34000000 0.00925641
v 0.05000000 -0.33000000 -0.00925641
v 0.05000000 -0.33000000 0.00925641
v 0.05000000 -0.32000000 -0.00925641
v 0.05000000 -0.32000000 0.00925641
v 0.05000000 -0.31000000 -0.00925641
v 0.05000000 -0.31000000 0.00925641
v 0.05000000 -0.30000000 -0.00925641
v 0.05000000 -0.30000000 0.00925641
v 0.05000000 -0.29000000 -0.00925641
v 0.05000000 -0.29000000 0.00925641
v 0.05000000 -0.28000000 -0.00925641
v 0.05000000 -0.28000000 0.00925641
v 0.05000000 -0.27000000 -0.00925641
v 0.05000000 -0.27000000 0.00925641
v 0.05000000 -0.26000000 -0.00925641
v 0.05000000 -0.26000000 0.00925641
v 0.05000000 -0.25000000 -0.00925641
v 0.05000000 -0.25000000 0.00925641
v 0.05000000 -0.24000000 -0.00925641
v 0.05000000 -0.24000000 0.00925641
v 0.05000000 -0.23000000 -0.00925641
v 0.05000000 -0.23000000 0.00925641
v 0.05000000 -0.22000000 -0.00925641
v 0.05000000 -0.22000000 0.00925641
v 0.05000000 -0.21000000 -0.00925641
v 0.05000000 -0.21000000 0.00925641
v 0.05000000 -0.20000000 -0.00925641
v 0.05000000 -0.20000000 0.00925641
v 0.05000000 -0.19000000 -0.00925641
v 0.05000000 -0.19000000 0.00925641
v 0.05000000 -0.18000000 -0.00925641
v 0.05000000 -0.18000000 0.00925641
v 0.05000000 -0.17000000 -0.00925641
v 0.05000000 -0.17000000 0.00925641
v 0.05000000 -0.16000000 -0.00925641
v 0.05000000 -0.16000000 0.00925641
v 0.05000000 -0.15000000 -0.00925641
v 0.05000000 -0.15000000 0.00925641
v 0.05000000 -0.14000000 -0.00925641
v 0.05000000 -0.14000000 0.00925641
v 0.05000000 -0.13000000 -0.00925641
v 0.05000000 -0.13000000 0.00925641
v 0.05000000 -0.12000000 -0.00925641
v 0.05000000 -0.12000000 0.00925641
v 0.05000000 -0.11000000 -0.00925641
v 0.05000000 -0.11000000 0.00925641
v 0.05000000 -0.10000000 -0.00925641
v 0.05000000 -0.10000000 0.00925641
v 0.05000000 -0.09000000 -0.00925641
v 0.05000000 -0.09000000 0.00925641
v 0.05000000 -0.08000000 -0.00925641
v 0.05000000 -0.08000000 0.00925641
v 0.05000000 -0.07000000 -0.00925641
v 0.05000000 -0.07000000 0.00925641
v 0.05000000 -0.06000000 -0.00925641
v 0.05000000 -0.06000000 0.00925641
v 0.05000000 -0.05000000 -0.00925641
v 0.05000000 -0.05000000 0.00925641
v 0.05000000 -0.04000000 -0.00925641
v 0.05000000 -0.04000000 0.00925641
v 0.05000000 -0.03000000 -0.00925641
v 0.05000000 -0.03000000 0.00925641
v 0.05000000 -0.02000000 -0.00925641
v 0.05000000 -0.02000000 0.00925641
v 0.05000000 -0.01000000 -0.00925641
v 0.05000000 -0.01000000 0.00925641
v 0.05000000 -0.00000000 -0.00925641
v 0.05000000 -0.00000000 0.00925641
v 0.05000000 0.01000000 -0.00925641
v 0.05000000 0.01000000 0.00925641
v 0.05000000 0.02000000 -0.00925641
v 0.05000000 0.02000000 0.00925641
v 0.05000000 0.03000000 -0.00925641
v 0.05000000 0.03000000 0.00925641
v 0.05000000 0.04000000 -0.00925641
v 0.05000000 0.04000000 0.00925641
v 0.05000000 0.05000000 -0.00925641
v 0.05000000 0.05000000 0.00925641
v 0.05000000 0.06000000 -0.00925641
v 0.05000000 0.06000000 0.00925641
v 0.05000000 0.07000000 -0.00925641
v 0.05000000 0.07000000 0.00925641
v 0.05000000 0.08000000 -0.00925641
v 0.05000000 0.08000000 0.00925641
v 0.05000000 0.09000000 -0.00925641
v 0.05000000 0.09000000 0.00925641
v 0.05000000 0.10000000 -0.00925641
v 0.05000000 0.10000000 0.00925641
v 0.05000000 0.11000000 -0.00925641
v 0.05000000 0.11000000 0.00925641
v 0.05000000 0.12000000 -0.00925641
v 0.05000000 0.12000000 0.00925641
v 0.05000000 0.13000000 -0.00925641
v 0.05000000 0.13000000 0.00925641
v 0.05000000 0.14000000 -0.00925641
v 0.05000000 0.14000000 0.00925641
v 0.05000000 0.15000000 -0.00925641
v 0.05000000 0.15000000 0.00925641
v 0.05000000 0.16000000 -0.00925641
v 0.05000000 0.16000000 0.00925641
v 0.05000000 0.17000000 -0.00925641
v 0.05000000 0.17000000 0.00925641
v 0.05000000 0.18000000 -0.00925641
v 0.05000000 0.18000000 0.00925641
v 0.05000000 0.19000000 -0.00925641
v 0.05000000 0.19000000 0.00925641
v 0.05000000 0.20000000 -0.00925641
v 0.05000000 0.20000000 0.00925641
v 0.05000000 0.21000000 -0.00925641
v 0.05000000 0.21000000 0.00925641
v 0.05000000 0.22000000 -0.00925641
v 0.05000000 0.22000000 0.00925641
v 0.05000000 0.23000000 -0.00925641
v 0.05000000 0.23000000 0.00925641
v 0.05000000 0.24000000 -0.00925641
v 0.05000000 0.24000000 0.00925641
v 0.05000000 0.25000000 -0.00925641
v 0.05000000 0.25000000 0.00925641
v 0.05000000 0.26000000 -0.00925641
v 0.05000000 0.26000000 0.00925641
v 0.05000000 0.27000000 -0.00925641
v 0.05000000 0.27000000 0.00925641
v 0.05000000 0.28000000 -0.00925641
v 0.05000000 0.28000000 0.00925641
v 0.05000000 0.29000000 -0.00925641
v 0.05000000 0.29000000 0.00925641
v 0.05000000 0.30000000 -0.00925641
v 0.05000000 0.30000000 0.00925641
v 0.05000000 0.31000000 -0.00925641
v 0.05000000 0.31000000 0.00925641
v 0.05000000 0.32000000 -0.00925641
v 0.05000000 0.32000000 0.00925641
v 0.05000000 0.33000000 -0.00925641
v 0.05000000 0.33000000 0.00925641
v 0.05000000 0.34000000 -0.00925641
v 0.05000000 0.34000000 0.00925641
v 0.05000000 0.34384615 -0.00541026
v 0.05000000 0.34466666 0.00458974
v 0.06000000 -0.34384615 -0.00541026
v 0.06000000 -0.34000000 -0.00925641
v 0.06000000 -0.34466666 0.00458974
v 0.06000000 -0.34000000 0.00925641
v 0.06000000 -0.33000000 -0.00925641
v 0.06000000 -0.33000000 0.00925641
v 0.06000000 -0.32000000 -0.00925641
v 0.06000000 -0.32000000 0.00925641
v 0.06000000 -0.31000000 -0.00925641
v 0.06000000 -0.31000000 0.00925641
v 0.06000000 -0.30000000 -0.00925641
v 0.06000000 -0.30000000 0.00925641
v 0.06000000 -0.29000000 -0.00925641
v 0.06000000 -0.29000000 0.00925641
v 0.06000000 -0.28000000 -0.00925641
v 0.06000000 -0.28000000 0.00925641
v 0.06000000 -0.27000000 -0.00925641
v 0.06000000 -0.27000000 0.00925641
v 0.06000000 -0.26000000 -0.00925641
v 0.06000000 -0.26000000 0.00925641
v 0.06000000 -0.25000000 -0.00925641
v 0.06000000 -0.25000000 0.00925641
v 0.06000000 -0.24000000 -0.00925641
v 0.06000000 -0.24000000 0.00925641
v 0.06000000 -0.23000000 -0.00925641
v 0.06000000 -0.23000000 0.00925641
v 0.06000000 -0.22000000 -0.00925641
v 0.06000000 -0.22000000 0.00925641
v 0.06000000 -0.21000000 -0.00925641
v 0.06000000 -0.21000000 0.00925641
v 0.06000000 -0.20000000 -0.00925641
v 0.06000000 -0.20000000 0.00925641
v 0.06000000 -0.19000000 -0.00925641
v 0.06000000 -0.19000000 0.00925641
v 0.06000000 -0.18000000 -0.00925641
v 0.06000000 -0.18000000 0.00925641
v 0.06000000 -0.17000000 -0.00925641
v 0.06000000 -0.17000000 0.00925641
v 0.06000000 -0.16000000 -0.00925641
v 0.06000000 -0.16000000 0.00925641
v 0.06000000 -0.15000000 -0.00925641
v 0.06000000 -0.15000000 0.00925641
v 0.06000000 -0.14000000 -0.00925641
v 0.06000000 -0.14000000 0.00925641
v 0.06000000 -0.13000000 -0.00925641
v 0.06000000 -0.13000000 0.00925641
v 0.06000000 -0.12000000 -0.00925641
v 0.06000000 -0.12000000 0.00925641
v 0.06000000 -0.11000000 -0.00925641
v 0.06000000 -0.11000000 0.00925641
v 0.06000000 -0.10000000 -0.00925641
v 0.06000000 -0.10000000 0.00925641
v 0.06000000 -0.09000000 -0.00925641
v 0.06000000 -0.09000000 0.00925641
v 0.06000000 -0.08000000 -0.00925641
v 0.06000000 -0.08000000 0.00925641
v 0.06000000 -0.07000000 -0.00925641
v 0.06000000 -0.07000000 0.00925641
v 0.06000000 -0.06000000 -0.00925641
v 0.06000000 -0.06000000 0.00925641
v 0.06000000 -0.05000000 -0.00925641
v 0.06000000 -0.05000000 0.00925641
v 0.06000000 -0.04000000 -0.00925641
v 0.06000000 -0.04000000 0.00925641
v 0.06000000 -0.03000000 -0.00925641
v 0.06000000 -0.03000000 0.00925641
v 0.06000000 -0.02000000 -0.00925641
v 0.06000000 -0.02000000 0.00925641
v 0.06000000 -0.01000000 -0.00925641
v 0.06000000 -0.01000000 0.00925641
v 0.06000000 -0.00000000 -0.00925641
v 0.06000000 -0.00000000 0.00925641
v 0.06000000 0.01000000 -0.00925641
v 0.06000000 0.01000000 0.00925641
v 0.06000000 0.02000000 -0.00925641
v 0.06000000 0.02000000 0.00925641
v 0.06000000 0.03000000 -0.00925641
v 0.06000000 0.03000000 0.00925641
v 0.06000000 0.04000000 -0.00925641
v 0.06000000 0.04000000 0.00925641
v 0.06000000 0.05000000 -0.00925641
v 0.06000000 0.05000000 0.00925641
v 0.06000000 0.06000000 -0.00925641
v 0.06000000 0.06000000 0.00925641
v 0.06000000 0.07000000 -0.00925641
v 0.06000000 0.07000000 0.00925641
v 0.06000000 0.08000000 -0.00925641
v 0.06000000 0.08000000 0.00925641
v 0.06000000 0.09000000 -0.00925641
v 0.06000000 0.09000000 0.00925641
v 0.06000000 0.10000000 -0.00925641
v 0.06000000 0.10000000 0.00925641
v 0.06000000 0.11000000 -0.00925641
v 0.06000000 0.11000000 0.00925641
v 0.06000000 0.12000000 -0.00925641
v 0.06000000 0.12000000 0.00925641
v 0.06000000 0.13000000 -0.00925641
v 0.06000000 0.13000000 0.00925641
v 0.06000000 0.14000000 -0.00925641
v 0.06000000 0.14000000 0.00925641
v 0.06000000 0.15000000 -0.00925641
v 0.06000000 0.15000000 0.00925641
v 0.06000000 0.16000000 -0.00925641
v 0.06000000 0.16000000 0.00925641
v 0.06000000 0.17000000 -0.00925641
v 0.06000000 0.17000000 0.00925641
v 0.06000000 0.18000000 -0.00925641
v 0.06000000 0.18000000 0.00925641
v 0.06000000 0.19000000 -0.00925641
v 0.06000000 0.19000000 0.00925641
v 0.06000000 0.20000000 -0.00925641
v 0.06000000 0.20000000 0.00925641
v 0.06000000 0.21000000 -0.00925641
v 0.06000000 0.21000000 0.00925641
v 0.06000000 0.22000000 -0.00925641
v 0.06000000 0.22000000 0.00925641
v 0.06000000 0.23000000 -0.00925641
v 0.06000000 0.23000000 0.00925641
v 0.06000000 0.24000000 -0.00925641
v 0.06000000 0.24000000 0.00925641
v 0.06000000 0.25000000 -0.00925641
v 0.06000000 0.25000000 0.00925641
v 0.06000000 0.26000000 -0.00925641
v 0.06000000 0.26000000 0.00925641
v 0.06000000 0.27000000 -0.00925641
v 0.06000000 0.27000000 0.00925641
v 0.06000000 0.28000000 -0.00925641
v 0.06000000 0.28000000 0.00925641
v 0.06000000 0.29000000 -0.00925641
v 0.06000000 0.29000000 0.00925641
v 0.06000000 0.30000000 -0.00925641
v 0.06000000 0.30000000 0.00925641
v 0.06000000 0.31000000 -0.00925641
v 0.06000000 0.31000000 0.00925641
v 0.06000000 0.32000000 -0.00925641
v 0.06000000 0.32000000 0.00925641
v 0.06000000 0.33000000 -0.00925641
v 0.06000000 0.33000000 0.00925641
v 0.06000000 0.34000000 -0.00925641
v 0.06000000 0.34000000 0.00925641
v 0.06000000 0.34384615 -0.00541026
v 0.06000000 0.34466666 0.00458974
v 0.07000000 -0.34384615 -0.00541026
v 0.07000000 -0.34000000 -0.00925641
v 0.07000000 -0.34466666 0.00458974
v 0.07000000 -0.34000000 0.00925641
v 0.07000000 -0.33000000 -0.00925641
v 0.07000000 -0.33000000 0.00925641
v 0.07000000 -0.32000000 -0.00925641
v 0.07000000 -0.32000000 0.00925641
v 0.07000000 -0.31000000 -0.00925641
v 0.07000000 -0.31000000 0.00925641
v 0.07000000 -0.30000000 -0.00925641
v 0.07000000 -0.30000000 0.00925641
v 0.07000000 -0.29000000 -0.00925641
v 0.07000000 -0.29000000 0.00925641
v 0.07000000 -0.28000000 -0.00925641
v 0.07000000 -0.28000000 0.00925641
v 0.07000000 -0.27000000 -0.00925641
v 0.07000000 -0.27000000 0.00925641
v 0.07000000 -0.26000000 -0.00925641
v 0.07000000 -0.26000000 0.00925641
v 0.07000000 -0.25000000 -0.00925641
v 0.07000000 -0.25000000 0.00925641
v 0.07000000 -0.24000000 -0.00925641
v 0.07000000 -0.24000000 0.00925641
v 0.07000000 -0.23000000 -0.00925641
v 0.07000000 -0.23000000 0.00925641
v 0.07000000 -0.22000000 -0.00925641
v 0.07000000 -0.22000000 0.00925641
v 0.07000000 -0.21000000 -0.00925641
v 0.07000000 -0.21000000 0.00925641
v 0.07000000 -0.20000000 -0.00925641
v 0.07000000 -0.20000000 0.00925641
v 0.07000000 -0.19000000 -0.00925641
v 0.07000000 -0.19000000 0.00925641
v 0.07000000 -0.18000000 -0.00925641
v 0.07000000 -0.18000000 0.00925641
v 0.07000000 -0.17000000 -0.00925641
v 0.07000000 -0.17000000 0.00925641
v 0.07000000 -0.16000000 -0.00925641
v 0.07000000 -0.16000000 0.00925641
v 0.07000000 -0.15000000 -0.00925641
v 0.07000000 -0.15000000 0.00925641
v 0.07000000 -0.14000000 -0.00925641
v 0.07000000 -0.14000000 0.00925641
v 0.07000000 -0.13000000 -0.00925641
v 0.07000000 -0.13000000 0.00925641
v 0.07000000 -0.12000000 -0.00925641
v 0.07000000 -0.12000000 0.00925641
v 0.07000000 -0.11000000 -0.00925641
v 0.07000000 -0.11000000 0.00925641
v 0.07000000 -0.10000000 -0.00925641
v 0.07000000 -0.10000000 0.00925641
v 0.07000000 -0.09000000 -0.00925641
v 0.07000000 -0.09000000 0.00925641
v 0.07000000 -0.08000000 -0.00925641
v 0.07000000 -0.08000000 0.00925641
v 0.07000000 -0.07000000 -0.00925641
v 0.07000000 -0.07000000 0.00925641
v 0.07000000 -0.06000000 -0.00925641
v 0.07000000 -0.06000000 0.00925641
v 0.07000000 -0.05000000 -0.00925641
v 0.07000000 -0.05000000 0.00925641
v 0.07000000 -0.04000000 -0.00925641
v 0.07000000 -0.04000000 0.00925641
v 0.07000000 -0.03000000 -0.00925641
v 0.07000000 -0.03000000 0.00925641
v 0.07000000 -0.02000000 -0.00925641
v 0.07000000 -0.02000000 0.00925641
v 0.07000000 -0.01000000 -0.00925641
v 0.07000000 -0.01000000 0.00925641
v 0.07000000 -0.00000000 -0.00925641
v 0.07000000 -0.00000000 0.00925641
v 0.07000000 0.01000000 -0.00925641
v 0.07000000 0.01000000 0.00925641
v 0.07000000 0.02000000 -0.00925641
v 0.07000000 0.02000000 0.00925641
v 0.07000000 0.03000000 -0.00925641
v 0.07000000 0.03000000 0.00925641
v 0.07000000 0.04000000 -0.00925641
v 0.07000000 0.04000000 0.00925641
v 0.07000000 0.05000000 -0.00925641
v 0.07000000 0.05000000 0.00925641
v 0.07000000 0.06000000 -0.00925641
v 0.07000000 0.06000000 0.00925641
v 0.07000000 0.07000000 -0.00925641
v 0.07000000 0.07000000 0.00925641
v 0.07000000 0.08000000 -0.00925641
v 0.07000000 0.08000000 0.00925641
v 0.07000000 0.09000000 -0.00925641
v 0.07000000 0.09000000 0.00925641
v 0.07000000 0.10000000 -0.00925641
v 0.07000000 0.10000000 0.00925641
v 0.07000000 0.11000000 -0.00925641
v 0.07000000 0.11000000 0.00925641
v 0.07000000 0.12000000 -0.00925641
v 0.07000000 0.12000000 0.00925641
v 0.07000000 0.13000000 -0.00925641
v 0.07000000 0.13000000 0.00925641
v 0.07000000 0.14000000 -0.00925641
v 0.07000000 0.14000000 0.00925641
v 0.07000000 0.15000000 -0.00925641
v 0.07000000 0.15000000 0.00925641
v 0.07000000 0.16000000 -0.00925641
v 0.07000000 0.16000000 0.00925641
v 0.07000000 0.17000000 -0.00925641
v 0.07000000 0.17000000 0.00925641
v 0.07000000 0.18000000 -0.00925641
v 0.07000000 0.18000000 0.00925641
v 0.07000000 0.19000000 -0.00925641
v 0.07000000 0.19000000 0.00925641
v 0.07000000 0.20000000 -0.00925641
v 0.07000000 0.20000000 0.00925641
v 0.07000000 0.21000000 -0.00925641
v 0.07000000 0.21000000 0.00925641
v 0.07000000 0.22000000 -0.00925641
v 0.07000000 0.22000000 0.00925641
v 0.07000000 0.23000000 -0.00925641
v 0.07000000 0.23000000 0.00925641
v 0.07000000 0.24000000 -0.00925641
v 0.07000000 0.24000000 0.00925641
v 0.07000000 0.25000000 -0.00925641
v 0.07000000 0.25000000 0.00925641
v 0.07000000 0.26000000 -0.00925641
v 0.07000000 0.26000000 0.00925641
v 0.07000000 0.27000000 -0.00925641
v 0.07000000 0.27000000 0.00925641
v 0.07000000 0.28000000 -0.00925641
v 0.07000000 0.28000000 0.00925641
v 0.07000000 0.29000000 -0.00925641
v 0.07000000 0.29000000 0.00925641
v 0.07000000 0.30000000 -0.00925641
v 0.07000000 0.30000000 0.00925641
v 0.07000000 0.31000000 -0.00925641
v 0.07000000 0.31000000 0.00925641
v 0.07000000 0.32000000 -0.00925641
v 0.07000000 0.32000000 0.00925641
v 0.07000000 0.33000000 -0.00925641
v 0.07000000 0.33000000 0.00925641
v 0.07000000 0.34000000 -0.00925641
v 0.07000000 0.34000000 0.00925641
v 0.07000000 0.34384615 -0.00541026
v 0.07000000 0.34466666 0.00458974
v 0.08000000 -0.34384615 -0.00541026
v 0.08000000 -0.34000000 -0.00925641
v 0.08000000 -0.34466666 0.00458974
v 0.08000000 -0.34000000 0.00925641
v 0.08000000 -0.33000000 -0.00925641
v 0.08000000 -0.33000000 0.00925641
v 0.08000000 -0.32000000 -0.00925641
v 0.08000000 -0.32000000 0.00925641
v 0.08000000 -0.31000000 -0.00925641
v 0.08000000 -0.31000000 0.00925641
v 0.08000000 -0.30000000 -0.00925641
v 0.08000000 -0.30000000 0.00925641
v 0.08000000 -0.29000000 -0.00925641
v 0.08000000 -0.29000000 0.00925641
v 0.08000000 -0.28000000 -0.00925641
v 0.08000000 -0.28000000 0.00925641
v 0.08000000 -0.27000000 -0.00925641
v 0.08000000 -0.27000000 0.00925641
v 0.08000000 -0.26000000 -0.00925641
v 0.08000000 -0.26000000 0.00925641
v 0.08000000 -0.25000000 -0.00925641
v 0.08000000 -0.25000000 0.00925641
v 0.08000000 -0.24000000 -0.00925641
v 0.08000000 -0.24000000 0.00925641
v 0.08000000 -0.23000000 -0.00925641
v 0.08000000 -0.23000000 0.00925641
v 0.08000000 -0.22000000 -0.00925641
v 0.08000000 -0.22000000 0.00925641
v 0.08000000 -0.21000000 -0.00925641
v 0.08000000 -0.21000000 0.00925641
v 0.08000000 -0.20000000 -0.00925641
v 0.08000000 -0.20000000 0.00925641
v 0.08000000 -0.19000000 -0.00925641
v 0.08000000 -0.19000000 0.00925641
v 0.08000000 -0.18000000 -0.00925641
v 0.08000000 -0.18000000 0.00925641
v 0.08000000 -0.17000000 -0.00925641
v 0.08000000 -0.17000000 0.00925641
v 0.08000000 -0.16000000 -0.00925641
v 0.08000000 -0.16000000 0.00925641
v 0.08000000 -0.15000000 -0.00925641
v 0.08000000 -0.15000000 0.00925641
v 0.08000000 -0.14000000 -0.00925641
v 0.08000000 -0.14000000 0.00925641
v 0.08000000 -0.13000000 -0.00925641
v 0.08000000 -0.13000000 0.00925641
v 0.08000000 -0.12000000 -0.00925641
v 0.08000000 -0.12000000 0.00925641
v 0.08000000 -0.11000000 -0.00925641
v 0.08000000 -0.11000000 0.00925641
v 0.08000000 -0.10000000 -0.00925641
v 0.08000000 -0.10000000 0.00925641
v 0.08000000 -0.09000000 -0.00925641
v 0.08000000 -0.09000000 0.00925641
v 0.08000000 -0.08000000 -0.00925641
v 0.08000000 -0.08000000 0.00925641
v 0.08000000 -0.07000000 -0.00925641
v 0.08000000 -0.07000000 0.00925641
v 0.08000000 -0.06000000 -0.00925641
v 0.08000000 -0.06000000 0.00925641
v 0.08000000 -0.05000000 -0.00925641
v 0.08000000 -0.05000000 0.00925641
v 0.08000000 -0.04000000 -0.00925641
v 0.08000000 -0.04000000 0.00925641
v 0.08000000 -0.03000000 -0.00925641
v 0.08000000 -0.03000000 0.00925641
v 0.08000000 -0.02000000 -0.00925641
v 0.08000000 -0.02000000 0.00925641
v 0.08000000 -0.01000000 -0.00925641
v 0.08000000 -0.01000000 0.00925641
v 0.08000000 -0.00000000 -0.00925641
v 0.08000000 -0.00000000 0.00925641
v 0.08000000 0.01000000 -0.00925641
v 0.08000000 0.01000000 0.00925641
v 0.08000000 0.02000000 -0.00925641
v 0.08000000 0.02000000 0.00925641
v 0.08000000 0.03000000 -0.00925641
v 0.08000000 0.03000000 0.00925641
v 0.08000000 0.04000000 -0.00925641
v 0.08000000 0.04000000 0.00925641
v 0.08000000 0.05000000 -0.00925641
v 0.08000000 0.05000000 0.00925641
v 0.08000000 0.06000000 -0.00925641
v 0.08000000 0.06000000 0.00925641
v 0.08000000 0.07000000 -0.00925641
v 0.08000000 0.07000000 0.00925641
v 0.08000000 0.08000000 -0.00925641
v 0.08000000 0.08000000 0.00925641
v 0.08000000 0.09000000 -0.00925641
v 0.08000000 0.09000000 0.00925641
v 0.08000000 0.10000000 -0.00925641
v 0.08000000 0.10000000 0.00925641
v 0.08000000 0.11000000 -0.00925641
v 0.08000000 0.11000000 0.00925641
v 0.08000000 0.12000000 -0.00925641
v 0.08000000 0.12000000 0.00925641
v 0.08000000 0.13000000 -0.00925641
v 0.08000000 0.13000000 0.00925641
v 0.08000000 0.14000000 -0.00925641
v 0.08000000 0.14000000 0.00925641
v 0.08000000 0.15000000 -0.00925641
v 0.08000000 0.15000000 0.00925641
v 0.08000000 0.16000000 -0.00925641
v 0.08000000 0.16000000 0.00925641
v 0.08000000 0.17000000 -0.00925641
v 0.08000000 0.17000000 0.00925641
v 0.08000000 0.18000000 -0.00925641
v 0.08000000 0.18000000 0.00925641
v 0.08000000 0.19000000 -0.00925641
v 0.08000000 0.19000000 0.00925641
v 0.08000000 0.20000000 -0.00925641
v 0.08000000 0.20000000 0.00925641
v 0.08000000 0.21000000 -0.00925641
v 0.08000000 0.21000000 0.00925641
v 0.08000000 0.22000000 -0.00925641
v 0.08000000 0.22000000 0.00925641
v 0.08000000 0.23000000 -0.00925641
v 0.08000000 0.23000000 0.00925641
v 0.08000000 0.24000000 -0.00925641
v 0.08000000 0.24000000 0.00925641
v 0.08000000 0.25000000 -0.00925641
v 0.08000000 0.25000000 0.00925641
v 0.08000000 0.26000000 -0.00925641
v 0.08000000 0.26000000 0.00925641
v 0.08000000 0.27000000 -0.00925641
v 0.08000000 0.27000000 0.00925641
v 0.08000000 0.28000000 -0.00925641
v 0.08000000 0.28000000 0.00925641
v 0.08000000 0.29000000 -0.00925641
v 0.08000000 0.29000000 0.00925641
v 0.08000000 0.30000000 -0.00925641
v 0.08000000 0.30000000 0.00925641
v 0.08000000 0.31000000 -0.00925641
v 0.08000000 0.31000000 0.00925641
v 0.08000000 0.32000000 -0.00925641
v 0.08000000 0.32000000 0.00925641
v 0.08000000 0.33000000 -0.00925641
v 0.08000000 0.33000000 0.00925641
v 0.08000000 0.34000000 -0.00925641
v 0.08000000 0.34000000 0.00925641
v 0.08000000 0.34384615 -0.00541026
v 0.08000000 0.34466666 0.00458974
v 0.09000000 -0.34384615 -0.00541026
v 0.09000000 -0.34000000 -0.00925641
v 0.09000000 -0.34466666 0.00458974
v 0.09000000 -0.34000000 0.00925641
v 0.09000000 -0.33000000 -0.00925641
v 0.09000000 -0.33000000 0.00925641
v 0.09000000 -0.32000000 -0.00925641
v 0.09000000 -0.32000000 0.00925641
v 0.09000000 -0.31000000 -0.00925641
v 0.09000000 -0.31000000 0.00925641
v 0.09000000 -0.30000000 -0.00925641
v 0.09000000 -0.30000000 0.00925641
v 0.09000000 -0.29000000 -0.00925641
v 0.09000000 -0.29000000 0.00925641
v 0.09000000 -0.28000000 -0.00925641
v 0.09000000 -0.28000000 0.00925641
v 0.09000000 -0.27000000 -0.00925641
v 0.09000000 -0.27000000 0.00925641
v 0.09000000 -0.26000000 -0.00925641
v 0.09000000 -0.26000000 0.00925641
v 0.09000000 -0.25000000 -0.00925641
v 0.09000000 -0.25000000 0.00925641
v 0.09000000 -0.24000000 -0.00925641
v 0.09000000 -0.24000000 0.00925641
v 0.09000000 -0.23000000 -0.00925641
v 0.09000000 -0.23000000 0.00925641
v 0.09000000 -0.22000000 -0.00925641
v 0.09000000 -0.22000000 0.00925641
v 0.09000000 -0.21000000 -0.00925641
v 0.09000000 -0.21000000 0.00925641
v 0.09000000 -0.20000000 -0.00925641
v 0.09000000 -0.20000000 0.00925641
v 0.09000000 -0.19000000 -0.00925641
v 0.09000000 -0.19000000 0.00925641
v 0.09000000 -0.18000000 -0.00925641
v 0.09000000 -0.18000000 0.00925641
v 0.09000000 -0.17000000 -0.00925641
v 0.09000000 -0.17000000 0.00925641
v 0.09000000 -0.16000000 -0.00925641
v 0.09000000 -0.16000000 0.00925641
v 0.09000000 -0.15000000 -0.00925641
v 0.09000000 -0.15000000 0.00925641
v 0.09000000 -0.14000000 -0.00925641
v 0.09000000 -0.14000000 0.00925641
v 0.09000000 -0.13000000 -0.00925641
v 0.09000000 -0.13000000 0.00925641
v 0.09000000 -0.12000000 -0.00925641
v 0.09000000 -0.12000000 0.00925641
v 0.09000000 -0.11000000 -0.00925641
v 0.09000000 -0.11000000 0.00925641
v 0.09000000 -0.10000000 -0.00925641
v 0.09000000 -0.10000000 0.00925641
v 0.09000000 -0.09000000 -0.00925641
v 0.09000000 -0.09000000 0.00925641
v 0.09000000 -0.08000000 -0.00925641
v 0.09000000 -0.08000000 0.00925641
v 0.09000000 -0.07000000 -0.00925641
v 0.09000000 -0.07000000 0.00925641
v 0.09000000 -0.06000000 -0.00925641
v 0.09000000 -0.06000000 0.00925641
v 0.09000000 -0.05000000 -0.00925641
v 0.09000000 -0.05000000 0.00925641
v 0.09000000 -0.04000000 -0.00925641
v 0.09000000 -0.04000000 0.00925641
v 0.09000000 -0.03000000 -0.00925641
v 0.09000000 -0.03000000 0.00925641
v 0.09000000 -0.02000000 -0.00925641
v 0.09000000 -0.02000000 0.00925641
v 0.09000000 -0.01000000 -0.00925641
v 0.09000000 -0.01000000 0.00925641
v 0.09000000 -0.00000000 -0.00925641
v 0.09000000 -0.00000000 0.00925641
v 0.09000000 0.01000000 -0.00925641
v 0.09000000 0.01000000 0.00925641
v 0.09000000 0.02000000 -0.00925641
v 0.09000000 0.02000000 0.00925641
v 0.09000000 0.03000000 -0.00925641
v 0.09000000 0.03000000 0.00925641
v 0.09000000 0.04000000 -0.00925641
v 0.09000000 0.04000000 0.00925641
v 0.09000000 0.05000000 -0.00925641
v 0.09000000 0.05000000 0.00925641
v 0.09000000 0.06000000 -0.00925641
v 0.09000000 0.06000000 0.00925641
v 0.09000000 0.07000000 -0.00925641
v 0.09000000 0.07000000 0.00925641
v 0.09000000 0.08000000 -0.00925641
v 0.09000000 0.08000000 0.00925641
v 0.09000000 0.09000000 -0.00925641
v 0.09000000 0.09000000 0.00925641
v 0.09000000 0.10000000 -0.00925641
v 0.09000000 0.10000000 0.00925641
v 0.09000000 0.11000000 -0.00925641
v 0.09000000 0.11000000 0.00925641
v 0.09000000 0.12000000 -0.00925641
v 0.09000000 0.12000000 0.00925641
v 0.09000000 0.13000000 -0.00925641
v 0.09000000 0.13000000 0.00925641
v 0.09000000 0.14000000 -0.00925641
v 0.09000000 0.14000000 0.00925641
v 0.09000000 0.15000000 -0.00925641
v 0.09000000 0.15000000 0.00925641
v 0.09000000 0.16000000 -0.00925641
v 0.09000000 0.16000000 0.00925641
v 0.09000000 0.17000000 -0.00925641
v 0.09000000 0.17000000 0.00925641
v 0.09000000 0.18000000 -0.00925641
v 0.09000000 0.18000000 0.00925641
v 0.09000000 0.19000000 -0.00925641
v 0.09000000 0.19000000 0.00925641
v 0.09000000 0.20000000 -0.00925641
v 0.09000000 0.20000000 0.00925641
v 0.09000000 0.21000000 -0.00925641
v 0.09000000 0.21000000 0.00925641
v 0.09000000 0.22000000 -0.00925641
v 0.09000000 0.22000000 0.00925641
v 0.09000000 0.23000000 -0.00925641
v 0.09000000 0.23000000 0.00925641
v 0.09000000 0.24000000 -0.00925641
v 0.09000000 0.24000000 0.00925641
v 0.09000000 0.25000000 -0.00925641
v 0.09000000 0.25000000 0.00925641
v 0.09000000 0.26000000 -0.00925641
v 0.09000000 0.26000000 0.00925641
v 0.09000000 0.27000000 -0.00925641
v 0.09000000 0.27000000 0.00925641
v 0.09000000 0.28000000 -0.00925641
v 0.09000000 0.28000000 0.00925641
v 0.09000000 0.29000000 -0.00925641
v 0.09000000 0.29000000 0.00925641
v 0.09000000 0.30000000 -0.00925641
v 0.09000000 0.30000000 0.00925641
v 0.09000000 0.31000000 -0.00925641
v 0.09000000 0.31000000 0.00925641
v 0.09000000 0.32000000 -0.00925641
v 0.09000000 0.32000000 0.00925641
v 0.09000000 0.33000000 -0.00925641
v 0.09000000 0.33000000 0.00925641
v 0.09000000 0.34000000 -0.00925641
v 0.09000000 0.34000000 0.00925641
v 0.09000000 0.34384615 -0.00541026
v 0.09000000 0.34466666 0.00458974
v 0.10000000 -0.34384615 -0.00541026
v 0.10000000 -0.34000000 -0.00925641
v 0.10000000 -0.34466666 0.00458974
v 0.10000000 -0.34000000 0.00925641
v 0.10000000 -0.33000000 -0.00925641
v 0.10000000 -0.33000000 0.00925641
v 0.10000000 -0.32000000 -0.00925641
v 0.10000000 -0.32000000 0.00925641
v 0.10000000 -0.31000000 -0.00925641
v 0.10000000 -0.31000000 0.00925641
v 0.10000000 -0.30000000 -0.00925641
v 0.10000000 -0.30000000 0.00925641
v 0.10000000 -0.29000000 -0.00925641
v 0.10000000 -0.29000000 0.00925641
v 0.10000000 -0.28000000 -0.00925641
v 0.10000000 -0.28000000 0.00925641
v 0.10000000 -0.27000000 -0.00925641
v 0.10000000 -0.27000000 0.00925641
v 0.10000000 -0.26000000 -0.00925641
v 0.10000000 -0.26000000 0.00925641
v 0.10000000 -0.25000000 -0.00925641
v 0.10000000 -0.25000000 0.00925641
v 0.10000000 -0.24000000 -0.00925641
v 0.10000000 -0.24000000 0.00925641
v 0.10000000 -0.23000000 -0.00925641
v 0.10000000 -0.23000000 0.00925641
v 0.10000000 -0.22000000 -0.00925641
v 0.10000000 -0.22000000 0.00925641
v 0.10000000 -0.21000000 -0.00925641
v 0.10000000 -0.21000000 0.00925641
v 0.10000000 -0.20000000 -0.00925641
v 0.10000000 -0.20000000 0.00925641
v 0.10000000 -0.19000000 -0.00925641
v 0.10000000 -0.19000000 0.00925641
v 0.10000000 -0.18000000 -0.00925641
v 0.10000000 -0.18000000 0.00925641
v 0.10000000 -0.17000000 -0.00925641
v 0.10000000 -0.17000000 0.00925641
v 0.10000000 -0.16000000 -0.00925641
v 0.10000000 -0.16000000 0.00925641
v 0.10000000 -0.15000000 -0.00925641
v 0.10000000 -0.15000000 0.00925641
v 0.10000000 -0.14000000 -0.00925641
v 0.10000000 -0.14000000 0.00925641
v 0.10000000 -0.13000000 -0.00925641
v 0.10000000 -0.13000000 0.00925641
v 0.10000000 -0.12000000 -0.00925641
v 0.10000000 -0.12000000 0.00925641
v 0.10000000 -0.11000000 -0.00925641
v 0.10000000 -0.11000000 0.00925641
v 0.10000000 -0.10000000 -0.00925641
v 0.10000000 -0.10000000 0.00925641
v 0.10000000 -0.09000000 -0.00925641
v 0.10000000 -0.09000000 0.00925641
v 0.10000000 -0.08000000 -0.00925641
v 0.10000000 -0.08000000 0.00925641
v 0.10000000 -0.07000000 -0.00925641
v 0.10000000 -0.07000000 0.00925641
v 0.10000000 -0.06000000 -0.00925641
v 0.10000000 -0.06000000 0.00925641
v 0.10000000 -0.05000000 -0.00925641
v 0.10000000 -0.05000000 0.00925641
v 0.10000000 -0.04000000 -0.00925641
v 0.10000000 -0.04000000 0.00925641
v 0.10000000 -0.03000000 -0.00925641
v 0.10000000 -0.03000000 0.00925641
v 0.10000000 -0.02000000 -0.00925641
v 0.10000000 -0.02000000 0.00925641
v 0.10000000 -0.01000000 -0.00925641
v 0.10000000 -0.01000000 0.00925641
v 0.10000000 -0.00000000 -0.00925641
v 0.10000000 -0.00000000 0.00925641
v 0.10000000 0.01000000 -0.00925641
v 0.10000000 0.01000000 0.00925641
v 0.10000000 0.02000000 -0.00925641
v 0.10000000 0.02000000 0.00925641
v 0.10000000 0.03000000 -0.00925641
v 0.10000000 0.03000000 0.00925641
v 0.10000000 0.04000000 -0.00925641
v 0.10000000 0.04000000 0.00925641
v 0.10000000 0.05000000 -0.00925641
v 0.10000000 0.05000000 0.00925641
v 0.10000000 0.06000000 -0.00925641
v 0.10000000 0.06000000 0.00925641
v 0.10000000 0.07000000 -0.00925641
v 0.10000000 0.07000000 0.00925641
v 0.10000000 0.08000000 -0.00925641
v 0.10000000 0.08000000 0.00925641
v 0.10000000 0.09000000 -0.00925641
v 0.10000000 0.09000000 0.00925641
v 0.10000000 0.10000000 -0.00925641
v 0.10000000 0.10000000 0.00925641
v 0.10000000 0.11000000 -0.00925641
v 0.10000000 0.11000000 0.00925641
v 0.10000000 0.12000000 -0.00925641
v 0.10000000 0.12000000 0.00925641
v 0.10000000 0.13000000 -0.00925641
v 0.10000000 0.13000000 0.00925641
v 0.10000000 0.14000000 -0.00925641
v 0.10000000 0.14000000 0.00925641
v 0.10000000 0.15000000 -0.00925641
v 0.10000000 0.15000000 0.00925641
v 0.10000000 0.16000000 -0.00925641
v 0.10000000 0.16000000 0.00925641
v 0.10000000 0.17000000 -0.00925641
v 0.10000000 0.17000000 0.00925641
v 0.10000000 0.18000000 -0.00925641
v 0.10000000 0.18000000 0.00925641
v 0.10000000 0.19000000 -0.00925641
v 0.10000000 0.19000000 0.00925641
v 0.10000000 0.20000000 -0.00925641
v 0.10000000 0.20000000 0.00925641
v 0.10000000 0.21000000 -0.00925641
v 0.10000000 0.21000000 0.00925641
v 0.10000000 0.22000000 -0.00925641
v 0.10000000 0.22000000 0.00925641
v 0.10000000 0.23000000 -0.00925641
v 0.10000000 0.23000000 0.00925641
v 0.10000000 0.24000000 -0.00925641
v 0.10000000 0.24000000 0.00925641
v 0.10000000 0.25000000 -0.00925641
v 0.10000000 0.25000000 0.00925641
v 0.10000000 0.26000000 -0.00925641
v 0.10000000 0.26000000 0.00925641
v 0.10000000 0.27000000 -0.00925641
v 0.10000000 0.27000000 0.00925641
v 0.10000000 0.28000000 -0.00925641
v 0.10000000 0.28000000 0.00925641
v 0.10000000 0.29000000 -0.00925641
v 0.10000000 0.29000000 0.00925641
v 0.10000000 0.30000000 -0.00925641
v 0.10000000 0.30000000 0.00925641
v 0.10000000 0.31000000 -0.00925641
v 0.10000000 0.31000000 0.00925641
v 0.10000000 0.32000000 -0.00925641
v 0.10000000 0.32000000 0.00925641
v 0.10000000 0.33000000 -0.00925641
v 0.10000000 0.33000000 0.00925641
v 0.10000000 0.34000000 -0.00925641
v 0.10000000 0.34000000 0.00925641
v 0.10000000 0.34384615 -0.00541026
v 0.10000000 0.34466666 0.00458974
v 0.11000000 -0.34384615 -0.00541026
v 0.11000000 -0.34000000 -0.00925641
v 0.11000000 -0.34466666 0.00458974
v 0.11000000 -0.34000000 0.00925641
v 0.11000000 -0.33000000 -0.00925641
v 0.11000000 -0.33000000 0.00925641
v 0.11000000 -0.32000000 -0.00925641
v 0.11000000 -0.32000000 0.00925641
v 0.11000000 -0.31000000 -0.00925641
v 0.11000000 -0.31000000 0.00925641
v 0.11000000 -0.30000000 -0.00925641
v 0.11000000 -0.30000000 0.00925641
v 0.11000000 -0.29000000 -0.00925641
v 0.11000000 -0.29000000 0.00925641
v 0.11000000 -0.28000000 -0.00925641
v 0.11000000 -0.28000000 0.00925641
v 0.11000000 -0.27000000 -0.00925641
v 0.11000000 -0.27000000 0.00925641
v 0.11000000 -0.26000000 -0.00925641
v 0.11000000 -0.26000000 0.00925641
v 0.11000000 -0.25000000 -0.00925641
v 0.11000000 -0.25000000 0.00925641
v 0.11000000 -0.24000000 -0.00925641
v 0.11000000 -0.24000000 0.00925641
v 0.11000000 -0.23000000 -0.00925641
v 0.11000000 -0.23000000 0.00925641
v 0.11000000 -0.22000000 -0.00925641
v 0.11000000 -0.22000000 0.00925641
v 0.11000000 -0.21000000 -0.00925641
v 0.11000000 -0.21000000 0.00925641
v 0.11000000 -0.20000000 -0.00925641
v 0.11000000 -0.20000000 0.00925641
v 0.11000000 -0.19000000 -0.00925641
v 0.11000000 -0.19000000 0.00925641
v 0.11000000 -0.18000000 -0.00925641
v 0.11000000 -0.18000000 0.00925641
v 0.11000000 -0.17000000 -0.00925641
v 0.11000000 -0.17000000 0.00925641
v 0.11000000 -0.16000000 -0.00925641
v 0.11000000 -0.16000000 0.00925641
v 0.11000000 -0.15000000 -0.00925641
v 0.11000000 -0.15000000 0.00925641
v 0.11000000 -0.14000000 -0.00925641
v 0.11000000 -0.14000000 0.00925641
v 0.11000000 -0.13000000 -0.00925641
v 0.11000000 -0.13000000 0.00925641
v 0.11000000 -0.12000000 -0.00925641
v 0.11000000 -0.12000000 0.00925641
v 0.11000000 -0.11000000 -0.00925641
v 0.11000000 -0.11000000 0.00925641
v 0.11000000 -0.10000000 -0.00925641
v 0.11000000 -0.10000000 0.00925641
v 0.11000000 -0.09000000 -0.00925641
v 0.11000000 -0.09000000 0.00925641
v 0.11000000 -0.08000000 -0.00925641
v 0.11000000 -0.08000000 0.00925641
v 0.11000000 -0.07000000 -0.00925641
v 0.11000000 -0.07000000 0.00925641
v 0.11000000 -0.06000000 -0.00925641
v 0.11000000 -0.06000000 0.00925641
v 0.11000000 -0.05000000 -0.00925641
v 0.11000000 -0.05000000 0.00925641
v 0.11000000 -0.04000000 -0.00925641
v 0.11000000 -0.04000000 0.00925641
v 0.11000000 -0.03000000 -0.00925641
v 0.11000000 -0.03000000 0.00925641
v 0.11000000 -0.02000000 -0.00925641
v 0.11000000 -0.02000000 0.00925641
v 0.11000000 -0.01000000 -0.00925641
v 0.11000000 -0.01000000 0.00925641
v 0.11000000 -0.00000000 -0.00925641
v 0.11000000 -0.00000000 0.00925641
v 0.11000000 0.01000000 -0.00925641
v 0.11000000 0.01000000 0.00925641
v 0.11000000 0.02000000 -0.00925641
v 0.11000000 0.02000000 0.00925641
v 0.11000000 0.03000000 -0.00925641
v 0.11000000 0.03000000 0.00925641
v 0.11000000 0.04000000 -0.00925641
v 0.11000000 0.04000000 0.00925641
v 0.11000000 0.05000000 -0.00925641
v 0.11000000 0.05000000 0.00925641
v 0.11000000 0.06000000 -0.00925641
v 0.11000000 0.06000000 0.00925641
v 0.11000000 0.07000000 -0.00925641
v 0.11000000 0.07000000 0.00925641
v 0.11000000 0.08000000 -0.00925641
v 0.11000000 0.08000000 0.00925641
v 0.11000000 0.09000000 -0.00925641
v 0.11000000 0.09000000 0.00925641
v 0.11000000 0.10000000 -0.00925641
v 0.11000000 0.10000000 0.00925641
v 0.11000000 0.11000000 -0.00925641
v 0.11000000 0.11000000 0.00925641
v 0.11000000 0.12000000 -0.00925641
v 0.11000000 0.12000000 0.00925641
v 0.11000000 0.13000000 -0.00925641
v 0.11000000 0.13000000 0.00925641
v 0.11000000 0.14000000 -0.00925641
v 0.11000000 0.14000000 0.00925641
v 0.11000000 0.15000000 -0.00925641
v 0.11000000 0.15000000 0.00925641
v 0.11000000 0.16000000 -0.00925641
v 0.11000000 0.16000000 0.00925641
v 0.11000000 0.17000000 -0.00925641
v 0.11000000 0.17000000 0.00925641
v 0.11000000 0.18000000 -0.00925641
v 0.11000000 0.18000000 0.00925641
v 0.11000000 0.19000000 -0.00925641
v 0.11000000 0.19000000 0.00925641
v 0.11000000 0.20000000 -0.00925641
v 0.11000000 0.20000000 0.00925641
v 0.11000000 0.21000000 -0.00925641
v 0.11000000 0.21000000 0.00925641
v 0.11000000 0.22000000 -0.00925641
v 0.11000000 0.22000000 0.00925641
v 0.11000000 0.23000000 -0.00925641
v 0.11000000 0.23000000 0.00925641
v 0.11000000 0.24000000 -0.00925641
v 0.11000000 0.24000000 0.00925641
v 0.11000000 0.25000000 -0.00925641
v 0.11000000 0.25000000 0.00925641
v 0.11000000 0.26000000 -0.00925641
v 0.11000000 0.26000000 0.00925641
v 0.11000000 0.27000000 -0.00925641
v 0.11000000 0.27000000 0.00925641
v 0.11000000 0.28000000 -0.00925641
v 0.11000000 0.28000000 0.00925641
v 0.11000000 0.29000000 -0.00925641
v 0.11000000 0.29000000 0.00925641
v 0.11000000 0.30000000 -0.00925641
v 0.11000000 0.30000000 0.00925641
v 0.11000000 0.31000000 -0.00925641
v 0.11000000 0.31000000 0.00925641
v 0.11000000 0.32000000 -0.00925641
v 0.11000000 0.32000000 0.00925641
v 0.11000000 0.33000000 -0.00925641
v 0.11000000 0.33000000 0.00925641
v 0.11000000 0.34000000 -0.00925641
v 0.11000000 0.34000000 0.00925641
v 0.11000000 0.34384615 -0.00541026
v 0.11000000 0.34466666 0.00458974
v 0.12000000 -0.34384615 -0.00541026
v 0.12000000 -0.34000000 -0.00925641
v 0.12000000 -0.34466666 0.00458974
v 0.12000000 -0.34000000 0.00925641
v 0.12000000 -0.33000000 -0.00925641
v 0.12000000 -0.33000000 0.00925641
v 0.12000000 -0.32000000 -0.00925641
v 0.12000000 -0.32000000 0.00925641
v 0.12000000 -0.31000000 -0.00925641
v 0.12000000 -0.31000000 0.00925641
v 0.12000000 -0.30000000 -0.00925641
v 0.12000000 -0.30000000 0.00925641
v 0.12000000 -0.29000000 -0.00925641
v 0.12000000 -0.29000000 0.00925641
v 0.12000000 -0.28000000 -0.00925641
v 0.12000000 -0.28000000 0.00925641
v 0.12000000 -0.27000000 -0.00925641
v 0.12000000 -0.27000000 0.00925641
v 0.12000000 -0.26000000 -0.00925641
v 0.12000000 -0.26000000 0.00925641
v 0.12000000 -0.25000000 -0.00925641
v 0.12000000 -0.25000000 0.00925641
v 0.12000000 -0.24000000 -0.00925641
v 0.12000000 -0.24000000 0.00925641
v 0.12000000 -0.23000000 -0.00925641
v 0.12000000 -0.23000000 0.00925641
v 0.12000000 -0.22000000 -0.00925641
v 0.12000000 -0.22000000 0.00925641
v 0.12000000 -0.21000000 -0.00925641
v 0.12000000 -0.21000000 0.00925641
v 0.12000000 -0.20000000 -0.00925641
v 0.12000000 -0.20000000 0.00925641
v 0.12000000 -0.19000000 -0.00925641
v 0.12000000 -0.19000000 0.00925641
v 0.12000000 -0.18000000 -0.00925641
v 0.12000000 -0.18000000 0.00925641
v 0.12000000 -0.17000000 -0.00925641
v 0.12000000 -0.17000000 0.00925641
v 0.12000000 -0.16000000 -0.00925641
v 0.12000000 -0.16000000 0.00925641
v 0.12000000 -0.15000000 -0.00925641
v 0.12000000 -0.15000000 0.00925641
v 0.12000000 -0.14000000 -0.00925641
v 0.12000000 -0.14000000 0.00925641
v 0.12000000 -0.13000000 -0.00925641
v 0.12000000 -0.13000000 0.00925641
v 0.12000000 -0.12000000 -0.00925641
v 0.12000000 -0.12000000 0.00925641
v 0.12000000 -0.11000000 -0.00925641
v 0.12000000 -0.11000000 0.00925641
v 0.12000000 -0.10000000 -0.00925641
v 0.12000000 -0.10000000 0.00925641
v 0.12000000 -0.09000000 -0.00925641
v 0.12000000 -0.09000000 0.00925641
v 0.12000000 -0.08000000 -0.00925641
v 0.12000000 -0.08000000 0.00925641
v 0.12000000 -0.07000000 -0.00925641
v 0.12000000 -0.07000000 0.00925641
v 0.12000000 -0.06000000 -0.00925641
v 0.12000000 -0.06000000 0.00925641
v 0.12000000 -0.05000000 -0.00925641
v 0.12000000 -0.05000000 0.00925641
v 0.12000000 -0.04000000 -0.00925641
v 0.12000000 -0.04000000 0.00925641
v 0.12000000 -0.03000000 -0.00925641
v 0.12000000 -0.03000000 0.00925641
v 0.12000000 -0.02000000 -0.00925641
v 0.12000000 -0.02000000 0.00925641
v 0.12000000 -0.01000000 -0.00925641
v 0.12000000 -0.01000000 0.00925641
v 0.12000000 -0.00000000 -0.00925641
v 0.12000000 -0.00000000 0.00925641
v 0.12000000 0.01000000 -0.00925641
v 0.12000000 0.01000000 0.00925641
v 0.12000000 0.02000000 -0.00925641
v 0.12000000 0.02000000 0.00925641
v 0.12000000 0.03000000 -0.00925641
v 0.12000000 0.03000000 0.00925641
v 0.12000000 0.04000000 -0.00925641
v 0.12000000 0.04000000 0.00925641
v 0.12000000 0.05000000 -0.00925641
v 0.12000000 0.05000000 0.00925641
v 0.12000000 0.06000000 -0.00925641
v 0.12000000 0.06000000 0.00925641
v 0.12000000 0.07000000 -0.00925641
v 0.12000000 0.07000000 0.00925641
v 0.12000000 0.08000000 -0.00925641
v 0.12000000 0.08000000 0.00925641
v 0.12000000 0.09000000 -0.00925641
v 0.12000000 0.09000000 0.00925641
v 0.12000000 0.10000000 -0.00925641
v 0.12000000 0.10000000 0.00925641
v 0.12000000 0.11000000 -0.00925641
v 0.12000000 0.11000000 0.00925641
v 0.12000000 0.12000000 -0.00925641
v 0.12000000 0.12000000 0.00925641
v 0.12000000 0.13000000 -0.00925641
v 0.12000000 0.13000000 0.00925641
v 0.12000000 0.14000000 -0.00925641
v 0.12000000 0.14000000 0.00925641
v 0.12000000 0.15000000 -0.00925641
v 0.12000000 0.15000000 0.00925641
v 0.12000000 0.16000000 -0.00925641
v 0.12000000 0.16000000 0.00925641
v 0.12000000 0.17000000 -0.00925641
v 0.12000000 0.17000000 0.00925641
v 0.12000000 0.18000000 -0.00925641
v 0.12000000 0.18000000 0.00925641
v 0.12000000 0.19000000 -0.00925641
v 0.12000000 0.19000000 0.00925641
v 0.12000000 0.20000000 -0.00925641
v 0.12000000 0.20000000 0.00925641
v 0.12000000 0.21000000 -0.00925641
v 0.12000000 0.21000000 0.00925641
v 0.12000000 0.22000000 -0.00925641
v 0.12000000 0.22000000 0.00925641
v 0.12000000 0.23000000 -0.00925641
v 0.12000000 0.23000000 0.00925641
v 0.12000000 0.24000000 -0.00925641
v 0.12000000 0.24000000 0.00925641
v 0.12000000 0.25000000 -0.00925641
v 0.12000000 0.25000000 0.00925641
v 0.12000000 0.26000000 -0.00925641
v 0.12000000 0.26000000 0.00925641
v 0.12000000 0.27000000 -0.00925641
v 0.12000000 0.27000000 0.00925641
v 0.12000000 0.28000000 -0.00925641
v 0.12000000 0.28000000 0.00925641
v 0.12000000 0.29000000 -0.00925641
v 0.12000000 0.29000000 0.00925641
v 0.12000000 0.30000000 -0.00925641
v 0.12000000 0.30000000 0.00925641
v 0.12000000 0.31000000 -0.00925641
v 0.12000000 0.31000000 0.00925641
v 0.12000000 0.32000000 -0.00925641
v 0.12000000 0.32000000 0.00925641
v 0.12000000 0.33000000 -0.00925641
v 0.12000000 0.33000000 0.00925641
v 0.12000000 0.34000000 -0.00925641
v 0.12000000 0.34000000 0.00925641
v 0.12000000 0.34384615 -0.00541026
v 0.12000000 0.34466666 0.00458974
v 0.13000000 -0.34384615 -0.00541026
v 0.13000000 -0.34000000 -0.00925641
v 0.13000000 -0.34466666 0.00458974
v 0.13000000 -0.34000000 0.00925641
v 0.13000000 -0.33000000 -0.00925641
v 0.13000000 -0.33000000 0.00925641
v 0.13000000 -0.32000000 -0.00925641
v 0.13000000 -0.32000000 0.00925641
v 0.13000000 -0.31000000 -0.00925641
v 0.13000000 -0.31000000 0.00925641
v 0.13000000 -0.30000000 -0.00925641
v 0.13000000 -0.30000000 0.00925641
v 0.13000000 -0.29000000 -0.00925641
v 0.13000000 -0.29000000 0.00925641
v 0.13000000 -0.28000000 -0.00925641
v 0.13000000 -0.28000000 0.00925641
v 0.13000000 -0.27000000 -0.00925641
v 0.13000000 -0.27000000 0.00925641
v 0.13000000 -0.26000000 -0.00925641
v 0.13000000 -0.26000000 0.00925641
v 0.13000000 -0.25000000 -0.00925641
v 0.13000000 -0.25000000 0.00925641
v 0.13000000 -0.24000000 -0.00925641
v 0.13000000 -0.24000000 0.00925641
v 0.13000000 -0.23000000 -0.00925641
v 0.13000000 -0.23000000 0.00925641
v 0.13000000 -0.22000000 -0.00925641
v 0.13000000 -0.22000000 0.00925641
v 0.13000000 -0.21000000 -0.00925641
v 0.13000000 -0.21000000 0.00925641
v 0.13000000 -0.20000000 -0.00925641
v 0.13000000 -0.20000000 0.00925641
v 0.13000000 -0.19000000 -0.00925641
v 0.13000000 -0.19000000 0.00925641
v 0.13000000 -0.18000000 -0.00925641
v 0.13000000 -0.18000000 0.00925641
v 0.13000000 -0.17000000 -0.00925641
v 0.13000000 -0.17000000 0.00925641
v 0.13000000 -0.16000000 -0.00925641
v 0.13000000 -0.16000000 0.00925641
v 0.13000000 -0.15000000 -0.00925641
v 0.13000000 -0.15000000 0.00925641
v 0.13000000 -0.14000000 -0.00925641
v 0.13000000 -0.14000000 0.00925641
v 0.13000000 -0.13000000 -0.00925641
v 0.13000000 -0.13000000 0.00925641
v 0.13000000 -0.12000000 -0.00925641
v 0.13000000 -0.12000000 0.00925641
v 0.13000000 -0.11000000 -0.00925641
v 0.13000000 -0.11000000 0.00925641
v 0.13000000 -0.10000000 -0.00925641
v 0.13000000 -0.10000000 0.00925641
v 0.13000000 -0.09000000 -0.00925641
v 0.13000000 -0.09000000 0.00925641
v 0.13000000 -0.08000000 -0.00925641
v 0.13000000 -0.08000000 0.00925641
v 0.13000000 -0.07000000 -0.00925641
v 0.13000000 -0.07000000 0.00925641
v 0.13000000 -0.06000000 -0.00925641
v 0.13000000 -0.06000000 0.00925641
v 0.13000000 -0.05000000 -0.00925641
v 0.13000000 -0.05000000 0.00925641
v 0.13000000 -0.04000000 -0.00925641
v 0.13000000 -0.04000000 0.00925641
v 0.13000000 -0.03000000 -0.00925641
v 0.13000000 -0.03000000 0.00925641
v 0.13000000 -0.02000000 -0.00925641
v 0.13000000 -0.02000000 0.00925641
v 0.13000000 -0.01000000 -0.00925641
v 0.13000000 -0.01000000 0.00925641
v 0.13000000 -0.00000000 -0.00925641
v 0.13000000 -0.00000000 0.00925641
v 0.13000000 0.01000000 -0.00925641
v 0.13000000 0.01000000 0.00925641
v 0.13000000 0.02000000 -0.00925641
v 0.13000000 0.02000000 0.00925641
v 0.13000000 0.03000000 -0.00925641
v 0.13000000 0.03000000 0.00925641
v 0.13000000 0.04000000 -0.00925641
v 0.13000000 0.04000000 0.00925641
v 0.13000000 0.05000000 -0.00925641
v 0.13000000 0.05000000 0.00925641
v 0.13000000 0.06000000 -0.00925641
v 0.13000000 0.06000000 0.00925641
v 0.13000000 0.07000000 -0.00925641
v 0.13000000 0.07000000 0.00925641
v 0.13000000 0.08000000 -0.00925641
v 0.13000000 0.08000000 0.00925641
v 0.13000000 0.09000000 -0.00925641
v 0.13000000 0.09000000 0.00925641
v 0.13000000 0.10000000 -0.00925641
v 0.13000000 0.10000000 0.00925641
v 0.13000000 0.11000000 -0.00925641
v 0.13000000 0.11000000 0.00925641
v 0.13000000 0.12000000 -0.00925641
v 0.13000000 0.12000000 0.00925641
v 0.13000000 0.13000000 -0.00925641
v 0.13000000 0.13000000 0.00925641
v 0.13000000 0.14000000 -0.00925641
v 0.13000000 0.14000000 0.00925641
v 0.13000000 0.15000000 -0.00925641
v 0.13000000 0.15000000 0.00925641
v 0.13000000 0.16000000 -0.00925641
v 0.13000000 0.16000000 0.00925641
v 0.13000000 0.17000000 -0.00925641
v 0.13000000 0.17000000 0.00925641
v 0.13000000 0.18000000 -0.00925641
v 0.13000000 0.18000000 0.00925641
v 0.13000000 0.19000000 -0.00925641
v 0.13000000 0.19000000 0.00925641
v 0.13000000 0.20000000 -0.00925641
v 0.13000000 0.20000000 0.00925641
v 0.13000000 0.21000000 -0.00925641
v 0.13000000 0.21000000 0.00925641
v 0.13000000 0.22000000 -0.00925641
v 0.13000000 0.22000000 0.00925641
v 0.13000000 0.23000000 -0.00925641
v 0.13000000 0.23000000 0.00925641
v 0.13000000 0.24000000 -0.00925641
v 0.13000000 0.24000000 0.00925641
v 0.13000000 0.25000000 -0.00925641
v 0.13000000 0.25000000 0.00925641
v 0.13000000 0.26000000 -0.00925641
v 0.13000000 0.26000000 0.00925641
v 0.13000000 0.27000000 -0.00925641
v 0.13000000 0.27000000 0.00925641
v 0.13000000 0.28000000 -0.00925641
v 0.13000000 0.28000000 0.00925641
v 0.13000000 0.29000000 -0.00925641
v 0.13000000 0.29000000 0.00925641
v 0.13000000 0.30000000 -0.00925641
v 0.13000000 0.30000000 0.00925641
v 0.13000000 0.31000000 -0.00925641
v 0.13000000 0.31000000 0.00925641
v 0.13000000 0.32000000 -0.00925641
v 0.13000000 0.32000000 0.00925641
v 0.13000000 0.33000000 -0.00925641
v 0.13000000 0.33000000 0.00925641
v 0.13000000 0.34000000 -0.00925641
v 0.13000000 0.34000000 0.00925641
v 0.13000000 0.34384615 -0.00541026
v 0.13000000 0.34466666 0.00458974
v 0.14000000 -0.34384615 -0.00541026
v 0.14000000 -0.34000000 -0.00925641
v 0.14000000 -0.34466666 0.00458974
v 0.14000000 -0.34000000 0.00925641
v 0.14000000 -0.33000000 -0.00925641
v 0.14000000 -0.33000000 0.00925641
v 0.14000000 -0.32000000 -0.00925641
v 0.14000000 -0.32000000 0.00925641
v 0.14000000 -0.31000000 -0.00925641
v 0.14000000 -0.31000000 0.00925641
v 0.14000000 -0.30000000 -0.00925641
v 0.14000000 -0.30000000 0.00925641
v 0.14000000 -0.29000000 -0.00925641
v 0.14000000 -0.29000000 0.00925641
v 0.14000000 -0.28000000 -0.00925641
v 0.14000000 -0.28000000 0.00925641
v 0.14000000 -0.27000000 -0.00925641
v 0.14000000 -0.27000000 0.00925641
v 0.14000000 -0.26000000 -0.00925641
v 0.14000000 -0.26000000 0.00925641
v 0.14000000 -0.25000000 -0.00925641
v 0.14000000 -0.25000000 0.00925641
v 0.14000000 -0.24000000 -0.00925641
v 0.14000000 -0.24000000 0.00925641
v 0.14000000 -0.23000000 -0.00925641
v 0.14000000 -0.23000000 0.00925641
v 0.14000000 -0.22000000 -0.00925641
v 0.14000000 -0.22000000 0.00925641
v 0.14000000 -0.21000000 -0.00925641
v 0.14000000 -0.21000000 0.00925641
v 0.14000000 -0.20000000 -0.00925641
v 0.14000000 -0.20000000 0.00925641
v 0.14000000 -0.19000000 -0.00925641
v 0.14000000 -0.19000000 0.00925641
v 0.14000000 -0.18000000 -0.00925641
v 0.14000000 -0.18000000 0.00925641
v 0.14000000 -0.17000000 -0.00925641
v 0.14000000 -0.17000000 0.00925641
v 0.14000000 -0.16000000 -0.00925641
v 0.14000000 -0.16000000 0.00925641
v 0.14000000 -0.15000000 -0.00925641
v 0.14000000 -0.15000000 0.00925641
v 0.14000000 -0.14000000 -0.00925641
v 0.14000000 -0.14000000 0.00925641
v 0.14000000 -0.13000000 -0.00925641
v 0.14000000 -0.13000000 0.00925641
v 0.14000000 -0.12000000 -0.00925641
v 0.14000000 -0.12000000 0.00925641
v 0.14000000 -0.11000000 -0.00925641
v 0.14000000 -0.11000000 0.00925641
v 0.14000000 -0.10000000 -0.00925641
v 0.14000000 -0.10000000 0.00925641
v 0.14000000 -0.09000000 -0.00925641
v 0.14000000 -0.09000000 0.00925641
v 0.14000000 -0.08000000 -0.00925641
v 0.14000000 -0.08000000 0.00925641
v 0.14000000 -0.07000000 -0.00925641
v 0.14000000 -0.07000000 0.00925641
v 0.14000000 -0.06000000 -0.00925641
v 0.14000000 -0.06000000 0.00925641
v 0.14000000 -0.05000000 -0.00925641
v 0.14000000 -0.05000000 0.00925641
v 0.14000000 -0.04000000 -0.00925641
v 0.14000000 -0.04000000 0.00925641
v 0.14000000 -0.03000000 -0.00925641
v 0.14000000 -0.03000000 0.00925641
v 0.14000000 -0.02000000 -0.00925641
v 0.14000000 -0.02000000 0.00925641
v 0.14000000 -0.01000000 -0.00925641
v 0.14000000 -0.01000000 0.00925641
v 0.14000000 -0.00000000 -0.00925641
v 0.14000000 -0.00000000 0.00925641
v 0.14000000 0.01000000 -0.00925641
v 0.14000000 0.01000000 0.00925641
v 0.14000000 0.02000000 -0.00925641
v 0.14000000 0.02000000 0.00925641
v 0.14000000 0.03000000 -0.00925641
v 0.14000000 0.03000000 0.00925641
v 0.14000000 0.04000000 -0.00925641
v 0.14000000 0.04000000 0.00925641
v 0.14000000 0.05000000 -0.00925641
v 0.14000000 0.05000000 0.00925641
v 0.14000000 0.06000000 -0.00925641
v 0.14000000 0.06000000 0.00925641
v 0.14000000 0.07000000 -0.00925641
v 0.14000000 0.07000000 0.00925641
v 0.14000000 0.08000000 -0.00925641
v 0.14000000 0.08000000 0.00925641
v 0.14000000 0.09000000 -0.00925641
v 0.14000000 0.09000000 0.00925641
v 0.14000000 0.10000000 -0.00925641
v 0.14000000 0.10000000 0.00925641
v 0.14000000 0.11000000 -0.00925641
v 0.14000000 0.11000000 0.00925641
v 0.14000000 0.12000000 -0.00925641
v 0.14000000 0.12000000 0.00925641
v 0.14000000 0.13000000 -0.00925641
v 0.14000000 0.13000000 0.00925641
v 0.14000000 0.14000000 -0.00925641
v 0.14000000 0.14000000 0.00925641
v 0.14000000 0.15000000 -0.00925641
v 0.14000000 0.15000000 0.00925641
v 0.14000000 0.16000000 -0.00925641
v 0.14000000 0.16000000 0.00925641
v 0.14000000 0.17000000 -0.00925641
v 0.14000000 0.17000000 0.00925641
v 0.14000000 0.18000000 -0.00925641
v 0.14000000 0.18000000 0.00925641
v 0.14000000 0.19000000 -0.00925641
v 0.14000000 0.19000000 0.00925641
v 0.14000000 0.20000000 -0.00925641
v 0.14000000 0.20000000 0.00925641
v 0.14000000 0.21000000 -0.00925641
v 0.14000000 0.21000000 0.00925641
v 0.14000000 0.22000000 -0.00925641
v 0.14000000 0.22000000 0.00925641
v 0.14000000 0.23000000 -0.00925641
v 0.14000000 0.23000000 0.00925641
v 0.14000000 0.24000000 -0.00925641
v 0.14000000 0.24000000 0.00925641
v 0.14000000 0.25000000 -0.00925641
v 0.14000000 0.25000000 0.00925641
v 0.14000000 0.26000000 -0.00925641
v 0.14000000 0.26000000 0.00925641
v 0.14000000 0.27000000 -0.00925641
v 0.14000000 0.27000000 0.00925641
v 0.14000000 0.28000000 -0.00925641
v 0.14000000 0.28000000 0.00925641
v 0.14000000 0.29000000 -0.00925641
v 0.14000000 0.29000000 0.00925641
v 0.14000000 0.30000000 -0.00925641
v 0.14000000 0.30000000 0.00925641
v 0.14000000 0.31000000 -0.00925641
v 0.14000000 0.31000000 0.00925641
v 0.14000000 0.32000000 -0.00925641
v 0.14000000 0.32000000 0.00925641
v 0.14000000 0.33000000 -0.00925641
v 0.14000000 0.33000000 0.00925641
v 0.14000000 0.34000000 -0.00925641
v 0.14000000 0.34000000 0.00925641
v 0.14000000 0.34384615 -0.00541026
v 0.14000000 0.34466666 0.00458974
v 0.15000000 -0.34384615 -0.00541026
v 0.15000000 -0.34000000 -0.00925641
v 0.15000000 -0.34466666 0.00458974
v 0.15000000 -0.34000000 0.00925641
v 0.15000000 -0.33000000 -0.00925641
v 0.15000000 -0.33000000 0.00925641
v 0.15000000 -0.32000000 -0.00925641
v 0.15000000 -0.32000000 0.00925641
v 0.15000000 -0.31000000 -0.00925641
v 0.15000000 -0.31000000 0.00925641
v 0.15000000 -0.30000000 -0.00925641
v 0.15000000 -0.30000000 0.00925641
v 0.15000000 -0.29000000 -0.00925641
v 0.15000000 -0.29000000 0.00925641
v 0.15000000 -0.28000000 -0.00925641
v 0.15000000 -0.28000000 0.00925641
v 0.15000000 -0.27000000 -0.00925641
v 0.15000000 -0.27000000 0.00925641
v 0.15000000 -0.26000000 -0.00925641
v 0.15000000 -0.26000000 0.00925641
v 0.15000000 -0.25000000 -0.00925641
v 0.15000000 -0.25000000 0.00925641
v 0.15000000 -0.24000000 -0.00925641
v 0.15000000 -0.24000000 0.00925641
v 0.15000000 -0.23000000 -0.00925641
v 0.15000000 -0.23000000 0.00925641
v 0.15000000 -0.22000000 -0.00925641
v 0.15000000 -0.22000000 0.00925641
v 0.15000000 -0.21000000 -0.00925641
v 0.15000000 -0.21000000 0.00925641
v 0.15000000 -0.20000000 -0.00925641
v 0.15000000 -0.20000000 0.00925641
v 0.15000000 -0.19000000 -0.00925641
v 0.15000000 -0.19000000 0.00925641
v 0.15000000 -0.18000000 -0.00925641
v 0.15000000 -0.18000000 0.00925641
v 0.15000000 -0.17000000 -0.00925641
v 0.15000000 -0.17000000 0.00925641
v 0.15000000 -0.16000000 -0.00925641
v 0.15000000 -0.16000000 0.00925641
v 0.15000000 -0.15000000 -0.00925641
v 0.15000000 -0.15000000 0.00925641
v 0.15000000 -0.14000000 -0.00925641
v 0.15000000 -0.14000000 0.00925641
v 0.15000000 -0.13000000 -0.00925641
v 0.15000000 -0.13000000 0.00925641
v 0.15000000 -0.12000000 -0.00925641
v 0.15000000 -0.12000000 0.00925641
v 0.15000000 -0.11000000 -0.00925641
v 0.15000000 -0.11000000 0.00925641
v 0.15000000 -0.10000000 -0.00925641
v 0.15000000 -0.10000000 0.00925641
v 0.15000000 -0.09000000 -0.00925641
v 0.15000000 -0.09000000 0.00925641
v 0.15000000 -0.08000000 -0.00925641
v 0.15000000 -0.08000000 0.00925641
v 0.15000000 -0.07000000 -0.00925641
v 0.15000000 -0.07000000 0.00925641
v 0.15000000 -0.06000000 -0.00925641
v 0.15000000 -0.06000000 0.00925641
v 0.15000000 -0.05000000 -0.00925641
v 0.15000000 -0.05000000 0.00925641
v 0.15000000 -0.04000000 -0.00925641
v 0.15000000 -0.04000000 0.00925641
v 0.15000000 -0.03000000 -0.00925641
v 0.15000000 -0.03000000 0.00925641
v 0.15000000 -0.02000000 -0.00925641
v 0.15000000 -0.02000000 0.00925641
v 0.15000000 -0.01000000 -0.00925641
v 0.15000000 -0.01000000 0.00925641
v 0.15000000 -0.00000000 -0.00925641
v 0.15000000 -0.00000000 0.00925641
v 0.15000000 0.01000000 -0.00925641
v 0.15000000 0.01000000 0.00925641
v 0.15000000 0.02000000 -0.00925641
v 0.15000000 0.02000000 0.00925641
v 0.15000000 0.03000000 -0.00925641
v 0.15000000 0.03000000 0.00925641
v 0.15000000 0.04000000 -0.00925641
v 0.15000000 0.04000000 0.00925641
v 0.15000000 0.05000000 -0.00925641
v 0.15000000 0.05000000 0.00925641
v 0.15000000 0.06000000 -0.00925641
v 0.15000000 0.06000000 0.00925641
v 0.15000000 0.07000000 -0.00925641
v 0.15000000 0.07000000 0.00925641
v 0.15000000 0.08000000 -0.00925641
v 0.15000000 0.08000000 0.00925641
v 0.15000000 0.09000000 -0.00925641
v 0.15000000 0.09000000 0.00925641
v 0.15000000 0.10000000 -0.00925641
v 0.15000000 0.10000000 0.00925641
v 0.15000000 0.11000000 -0.00925641
v 0.15000000 0.11000000 0.00925641
v 0.15000000 0.12000000 -0.00925641
v 0.15000000 0.12000000 0.00925641
v 0.15000000 0.13000000 -0.00925641
v 0.15000000 0.13000000 0.00925641
v 0.15000000 0.14000000 -0.00925641
v 0.15000000 0.14000000 0.00925641
v 0.15000000 0.15000000 -0.00925641
v 0.15000000 0.15000000 0.00925641
v 0.15000000 0.16000000 -0.00925641
v 0.15000000 0.16000000 0.00925641
v 0.15000000 0.17000000 -0.00925641
v 0.15000000 0.17000000 0.00925641
v 0.15000000 0.18000000 -0.00925641
v 0.15000000 0.18000000 0.00925641
v 0.15000000 0.19000000 -0.00925641
v 0.15000000 0.19000000 0.00925641
v 0.15000000 0.20000000 -0.00925641
v 0.15000000 0.20000000 0.00925641
v 0.15000000 0.21000000 -0.00925641
v 0.15000000 0.21000000 0.00925641
v 0.15000000 0.22000000 -0.00925641
v 0.15000000 0.22000000 0.00925641
v 0.15000000 0.23000000 -0.00925641
v 0.15000000 0.23000000 0.00925641
v 0.15000000 0.24000000 -0.00925641
v 0.15000000 0.24000000 0.00925641
v 0.15000000 0.25000000 -0.00925641
v 0.15000000 0.25000000 0.00925641
v 0.15000000 0.26000000 -0.00925641
v 0.15000000 0.26000000 0.00925641
v 0.15000000 0.27000000 -0.00925641
v 0.15000000 0.27000000 0.00925641
v 0.15000000 0.28000000 -0.00925641
v 0.15000000 0.28000000 0.00925641
v 0.15000000 0.29000000 -0.00925641
v 0.15000000 0.29000000 0.00925641
v 0.15000000 0.30000000 -0.00925641
v 0.15000000 0.30000000 0.00925641
v 0.15000000 0.31000000 -0.00925641
v 0.15000000 0.31000000 0.00925641
v 0.15000000 0.32000000 -0.00925641
v 0.15000000 0.32000000 0.00925641
v 0.15000000 0.33000000 -0.00925641
v 0.15000000 0.33000000 0.00925641
v 0.15000000 0.34000000 -0.00925641
v 0.15000000 0.34000000 0.00925641
v 0.15000000 0.34384615 -0.00541026
v 0.15000000 0.34466666 0.00458974
v 0.16000000 -0.34384615 -0.00541026
v 0.16000000 -0.34000000 -0.00925641
v 0.16000000 -0.34466666 0.00458974
v 0.16000000 -0.34000000 0.00925641
v 0.16000000 -0.33000000 -0.00925641
v 0.16000000 -0.33000000 0.00925641
v 0.16000000 -0.32000000 -0.00925641
v 0.16000000 -0.32000000 0.00925641
v 0.16000000 -0.31000000 -0.00925641
v 0.16000000 -0.31000000 0.00925641
v 0.16000000 -0.30000000 -0.00925641
v 0.16000000 -0.30000000 0.00925641
v 0.16000000 -0.29000000 -0.00925641
v 0.16000000 -0.29000000 0.00925641
v 0.16000000 -0.28000000 -0.00925641
v 0.16000000 -0.28000000 0.00925641
v 0.16000000 -0.27000000 -0.00925641
v 0.16000000 -0.27000000 0.00925641
v 0.16000000 -0.26000000 -0.00925641
v 0.16000000 -0.26000000 0.00925641
v 0.16000000 -0.25000000 -0.00925641
v 0.16000000 -0.25000000 0.00925641
v 0.16000000 -0.24000000 -0.00925641
v 0.16000000 -0.24000000 0.00925641
v 0.16000000 -0.23000000 -0.00925641
v 0.16000000 -0.23000000 0.00925641
v 0.16000000 -0.22000000 -0.00925641
v 0.16000000 -0.22000000 0.00925641
v 0.16000000 -0.21000000 -0.00925641
v 0.16000000 -0.21000000 0.00925641
v 0.16000000 -0.20000000 -0.00925641
v 0.16000000 -0.20000000 0.00925641
v 0.16000000 -0.19000000 -0.00925641
v 0.16000000 -0.19000000 0.00925641
v 0.16000000 -0.18000000 -0.00925641
v 0.16000000 -0.18000000 0.00925641
v 0.16000000 -0.17000000 -0.00925641
v 0.16000000 -0.17000000 0.00925641
v 0.16000000 -0.16000000 -0.00925641
v 0.16000000 -0.16000000 0.00925641
v 0.16000000 -0.15000000 -0.00925641
v 0.16000000 -0.15000000 0.00925641
v 0.16000000 -0.14000000 -0.00925641
v 0.16000000 -0.14000000 0.00925641
v 0.16000000 -0.13000000 -0.00925641
v 0.16000000 -0.13000000 0.00925641
v 0.16000000 -0.12000000 -0.00925641
v 0.16000000 -0.12000000 0.00925641
v 0.16000000 -0.11000000 -0.00925641
v 0.16000000 -0.11000000 0.00925641
v 0.16000000 -0.10000000 -0.00925641
v 0.16000000 -0.10000000 0.00925641
v 0.16000000 -0.09000000 -0.00925641
v 0.16000000 -0.09000000 0.00925641
v 0.16000000 -0.08000000 -0.00925641
v 0.16000000 -0.08000000 0.00925641
v 0.16000000 -0.07000000 -0.00925641
v 0.16000000 -0.07000000 0.00925641
v 0.16000000 -0.06000000 -0.00925641
v 0.16000000 -0.06000000 0.00925641
v 0.16000000 -0.05000000 -0.00925641
v 0.16000000 -0.05000000 0.00925641
v 0.16000000 -0.04000000 -0.00925641
v 0.16000000 -0.04000000 0.00925641
v 0.16000000 -0.03000000 -0.00925641
v 0.16000000 -0.03000000 0.00925641
v 0.16000000 -0.02000000 -0.00925641
v 0.16000000 -0.02000000 0.00925641
v 0.16000000 -0.01000000 -0.00925641
v 0.16000000 -0.01000000 0.00925641
v 0.16000000 -0.00000000 -0.00925641
v 0.16000000 -0.00000000 0.00925641
v 0.16000000 0.01000000 -0.00925641
v 0.16000000 0.01000000 0.00925641
v 0.16000000 0.02000000 -0.00925641
v 0.16000000 0.02000000 0.00925641
v 0.16000000 0.03000000 -0.00925641
v 0.16000000 0.03000000 0.00925641
v 0.16000000 0.04000000 -0.00925641
v 0.16000000 0.04000000 0.00925641
v 0.16000000 0.05000000 -0.00925641
v 0.16000000 0.05000000 0.00925641
v 0.16000000 0.06000000 -0.00925641
v 0.16000000 0.06000000 0.00925641
v 0.16000000 0.07000000 -0.00925641
v 0.16000000 0.07000000 0.00925641
v 0.16000000 0.08000000 -0.00925641
v 0.16000000 0.08000000 0.00925641
v 0.16000000 0.09000000 -0.00925641
v 0.16000000 0.09000000 0.00925641
v 0.16000000 0.10000000 -0.00925641
v 0.16000000 0.10000000 0.00925641
v 0.16000000 0.11000000 -0.00925641
v 0.16000000 0.11000000 0.00925641
v 0.16000000 0.12000000 -0.00925641
v 0.16000000 0.12000000 0.00925641
v 0.16000000 0.13000000 -0.00925641
v 0.16000000 0.13000000 0.00925641
v 0.16000000 0.14000000 -0.00925641
v 0.16000000 0.14000000 0.00925641
v 0.16000000 0.15000000 -0.00925641
v 0.16000000 0.15000000 0.00925641
v 0.16000000 0.16000000 -0.00925641
v 0.16000000 0.16000000 0.00925641
v 0.16000000 0.17000000 -0.00925641
v 0.16000000 0.17000000 0.00925641
v 0.16000000 0.18000000 -0.00925641
v 0.16000000 0.18000000 0.00925641
v 0.16000000 0.19000000 -0.00925641
v 0.16000000 0.19000000 0.00925641
v 0.16000000 0.20000000 -0.00925641
v 0.16000000 0.20000000 0.00925641
v 0.16000000 0.21000000 -0.00925641
v 0.16000000 0.21000000 0.00925641
v 0.16000000 0.22000000 -0.00925641
v 0.16000000 0.22000000 0.00925641
v 0.16000000 0.23000000 -0.00925641
v 0.16000000 0.23000000 0.00925641
v 0.16000000 0.24000000 -0.00925641
v 0.16000000 0.24000000 0.00925641
v 0.16000000 0.25000000 -0.00925641
v 0.16000000 0.25000000 0.00925641
v 0.16000000 0.26000000 -0.00925641
v 0.16000000 0.26000000 0.00925641
v 0.16000000 0.27000000 -0.00925641
v 0.16000000 0.27000000 0.00925641
v 0.16000000 0.28000000 -0.00925641
v 0.16000000 0.28000000 0.00925641
v 0.16000000 0.29000000 -0.00925641
v 0.16000000 0.29000000 0.00925641
v 0.16000000 0.30000000 -0.00925641
v 0.16000000 0.30000000 0.00925641
v 0.16000000 0.31000000 -0.00925641
v 0.16000000 0.31000000 0.00925641
v 0.16000000 0.32000000 -0.00925641
v 0.16000000 0.32000000 0.00925641
v 0.16000000 0.33000000 -0.00925641
v 0.16000000 0.33000000 0.00925641
v 0.16000000 0.34000000 -0.00925641
v 0.16000000 0.34000000 0.00925641
v 0.16000000 0.34384615 -0.00541026
v 0.16000000 0.34466666 0.00458974
v 0.17000000 -0.34384615 -0.00541026
v 0.17000000 -0.34000000 -0.00925641
v 0.17000000 -0.34466666 0.00458974
v 0.17000000 -0.34000000 0.00925641
v 0.17000000 -0.33000000 -0.00925641
v 0.17000000 -0.33000000 0.00925641
v 0.17000000 -0.32000000 -0.00925641
v 0.17000000 -0.32000000 0.00925641
v 0.17000000 -0.31000000 -0.00925641
v 0.17000000 -0.31000000 0.00925641
v 0.17000000 -0.30000000 -0.00925641
v 0.17000000 -0.30000000 0.00925641
v 0.17000000 -0.29000000 -0.00925641
v 0.17000000 -0.29000000 0.00925641
v 0.17000000 -0.28000000 -0.00925641
v 0.17000000 -0.28000000 0.00925641
v 0.17000000 -0.27000000 -0.00925641
v 0.17000000 -0.27000000 0.00925641
v 0.17000000 -0.26000000 -0.00925641
v 0.17000000 -0.26000000 0.00925641
v 0.17000000 -0.25000000 -0.00925641
v 0.17000000 -0.25000000 0.00925641
v 0.17000000 -0.24000000 -0.00925641
v 0.17000000 -0.24000000 0.00925641
v 0.17000000 -0.23000000 -0.00925641
v 0.17000000 -0.23000000 0.00925641
v 0.17000000 -0.22000000 -0.00925641
v 0.17000000 -0.22000000 0.00925641
v 0.17000000 -0.21000000 -0.00925641
v 0.17000000 -0.21000000 0.00925641
v 0.17000000 -0.20000000 -0.00925641
v 0.17000000 -0.20000000 0.00925641
v 0.17000000 -0.19000000 -0.00925641
v 0.17000000 -0.19000000 0.00925641
v 0.17000000 -0.18000000 -0.00925641
v 0.17000000 -0.18000000 0.00925641
v 0.17000000 -0.17000000 -0.00925641
v 0.17000000 -0.17000000 0.00925641
v 0.17000000 -0.16000000 -0.00925641
v 0.17000000 -0.16000000 0.00925641
v 0.17000000 -0.15000000 -0.00925641
v 0.17000000 -0.15000000 0.00925641
v 0.17000000 -0.14000000 -0.00925641
v 0.17000000 -0.14000000 0.00925641
v 0.17000000 -0.13000000 -0.00925641
v 0.17000000 -0.13000000 0.00925641
v 0.17000000 -0.12000000 -0.00925641
v 0.17000000 -0.12000000 0.00925641
v 0.17000000 -0.11000000 -0.00925641
v 0.17000000 -0.11000000 0.00925641
v 0.17000000 -0.10000000 -0.00925641
v 0.17000000 -0.10000000 0.00925641
v 0.17000000 -0.09000000 -0.00925641
v 0.17000000 -0.09000000 0.00925641
v 0.17000000 -0.08000000 -0.00925641
v 0.17000000 -0.08000000 0.00925641
v 0.17000000 -0.07000000 -0.00925641
v 0.17000000 -0.07000000 0.00925641
v 0.17000000 -0.06000000 -0.00925641
v 0.17000000 -0.06000000 0.00925641
v 0.17000000 -0.05000000 -0.00925641
v 0.17000000 -0.05000000 0.00925641
v 0.17000000 -0.04000000 -0.00925641
v 0.17000000 -0.04000000 0.00925641
v 0.17000000 -0.03000000 -0.00925641
v 0.17000000 -0.03000000 0.00925641
v 0.17000000 -0.02000000 -0.00925641
v 0.17000000 -0.02000000 0.00925641
v 0.17000000 -0.01000000 -0.00925641
v 0.17000000 -0.01000000 0.00925641
v 0.17000000 -0.00000000 -0.00925641
v 0.17000000 -0.00000000 0.00925641
v 0.17000000 0.01000000 -0.00925641
v 0.17000000 0.01000000 0.00925641
v 0.17000000 0.02000000 -0.00925641
v 0.17000000 0.02000000 0.00925641
v 0.17000000 0.03000000 -0.00925641
v 0.17000000 0.03000000 0.00925641
v 0.17000000 0.04000000 -0.00925641
v 0.17000000 0.04000000 0.00925641
v 0.17000000 0.05000000 -0.00925641
v 0.17000000 0.05000000 0.00925641
v 0.17000000 0.06000000 -0.00925641
v 0.17000000 0.06000000 0.00925641
v 0.17000000 0.07000000 -0.00925641
v 0.17000000 0.07000000 0.00925641
v 0.17000000 0.08000000 -0.00925641
v 0.17000000 0.08000000 0.00925641
v 0.17000000 0.09000000 -0.00925641
v 0.17000000 0.09000000 0.00925641
v 0.17000000 0.10000000 -0.00925641
v 0.17000000 0.10000000 0.00925641
v 0.17000000 0.11000000 -0.00925641
v 0.17000000 0.11000000 0.00925641
v 0.17000000 0.12000000 -0.00925641
v 0.17000000 0.12000000 0.00925641
v 0.17000000 0.13000000 -0.00925641
v 0.17000000 0.13000000 0.00925641
v 0.17000000 0.14000000 -0.00925641
v 0.17000000 0.14000000 0.00925641
v 0.17000000 0.15000000 -0.00925641
v 0.17000000 0.15000000 0.00925641
v 0.17000000 0.16000000 -0.00925641
v 0.17000000 0.16000000 0.00925641
v 0.17000000 0.17000000 -0.00925641
v 0.17000000 0.17000000 0.00925641
v 0.17000000 0.18000000 -0.00925641
v 0.17000000 0.18000000 0.00925641
v 0.17000000 0.19000000 -0.00925641
v 0.17000000 0.19000000 0.00925641
v 0.17000000 0.20000000 -0.00925641
v 0.17000000 0.20000000 0.00925641
v 0.17000000 0.21000000 -0.00925641
v 0.17000000 0.21000000 0.00925641
v 0.17000000 0.22000000 -0.00925641
v 0.17000000 0.22000000 0.00925641
v 0.17000000 0.23000000 -0.00925641
v 0.17000000 0.23000000 0.00925641
v 0.17000000 0.24000000 -0.00925641
v 0.17000000 0.24000000 0.00925641
v 0.17000000 0.25000000 -0.00925641
v 0.17000000 0.25000000 0.00925641
v 0.17000000 0.26000000 -0.00925641
v 0.17000000 0.26000000 0.00925641
v 0.17000000 0.27000000 -0.00925641
v 0.17000000 0.27000000 0.00925641
v 0.17000000 0.28000000 -0.00925641
v 0.17000000 0.28000000 0.00925641
v 0.17000000 0.29000000 -0.00925641
v 0.17000000 0.29000000 0.00925641
v 0.17000000 0.30000000 -0.00925641
v 0.17000000 0.30000000 0.00925641
v 0.17000000 0.31000000 -0.00925641
v 0.17000000 0.31000000 0.00925641
v 0.17000000 0.32000000 -0.00925641
v 0.17000000 0.32000000 0.00925641
v 0.17000000 0.33000000 -0.00925641
v 0.17000000 0.33000000 0.00925641
v 0.17000000 0.34000000 -0.00925641
v 0.17000000 0.34000000 0.00925641
v 0.17000000 0.34384615 -0.00541026
v 0.17000000 0.34466666 0.00458974
v 0.18000000 -0.34384615 -0.00541026
v 0.18000000 -0.34000000 -0.00925641
v 0.18000000 -0.34466666 0.00458974
v 0.18000000 -0.34000000 0.00925641
v 0.18000000 -0.33000000 -0.00925641
v 0.18000000 -0.33000000 0.00925641
v 0.18000000 -0.32000000 -0.00925641
v 0.18000000 -0.32000000 0.00925641
v 0.18000000 -0.31000000 -0.00925641
v 0.18000000 -0.31000000 0.00925641
v 0.18000000 -0.30000000 -0.00925641
v 0.18000000 -0.30000000 0.00925641
v 0.18000000 -0.29000000 -0.00925641
v 0.18000000 -0.29000000 0.00925641
v 0.18000000 -0.28000000 -0.00925641
v 0.18000000 -0.28000000 0.00925641
v 0.18000000 -0.27000000 -0.00925641
v 0.18000000 -0.27000000 0.00925641
v 0.18000000 -0.26000000 -0.00925641
v 0.18000000 -0.26000000 0.00925641
v 0.18000000 -0.25000000 -0.00925641
v 0.18000000 -0.25000000 0.00925641
v 0.18000000 -0.24000000 -0.00925641
v 0.18000000 -0.24000000 0.00925641
v 0.18000000 -0.23000000 -0.00925641
v 0.18000000 -0.23000000 0.00925641
v 0.18000000 -0.22000000 -0.00925641
v 0.18000000 -0.22000000 0.00925641
v 0.18000000 -0.21000000 -0.00925641
v 0.18000000 -0.21000000 0.00925641
v 0.18000000 -0.20000000 -0.00925641
v 0.18000000 -0.20000000 0.00925641
v 0.18000000 -0.19000000 -0.00925641
v 0.18000000 -0.19000000 0.00925641
v 0.18000000 -0.18000000 -0.00925641
v 0.18000000 -0.18000000 0.00925641
v 0.18000000 -0.17000000 -0.00925641
v 0.18000000 -0.17000000 0.00925641
v 0.18000000 -0.16000000 -0.00925641
v 0.18000000 -0.16000000 0.00925641
v 0.18000000 -0.15000000 -0.00925641
v 0.18000000 -0.15000000 0.00925641
v 0.18000000 -0.14000000 -0.00925641
v 0.18000000 -0.14000000 0.00925641
v 0.18000000 -0.13000000 -0.00925641
v 0.18000000 -0.13000000 0.00925641
v 0.18000000 -0.12000000 -0.00925641
v 0.18000000 -0.12000000 0.00925641
v 0.18000000 -0.11000000 -0.00925641
v 0.18000000 -0.11000000 0.00925641
v 0.18000000 -0.10000000 -0.00925641
v 0.18000000 -0.10000000 0.00925641
v 0.18000000 -0.09000000 -0.00925641
v 0.18000000 -0.09000000 0.00925641
v 0.18000000 -0.08000000 -0.00925641
v 0.18000000 -0.08000000 0.00925641
v 0.18000000 -0.07000000 -0.00925641
v 0.18000000 -0.07000000 0.00925641
v 0.18000000 -0.06000000 -0.00925641
v 0.18000000 -0.06000000 0.00925641
v 0.18000000 -0.05000000 -0.00925641
v 0.18000000 -0.05000000 0.00925641
v 0.18000000 -0.04000000 -0.00925641
v 0.18000000 -0.04000000 0.00925641
v 0.18000000 -0.03000000 -0.00925641
v 0.18000000 -0.03000000 0.00925641
v 0.18000000 -0.02000000 -0.00925641
v 0.18000000 -0.02000000 0.00925641
v 0.18000000 -0.01000000 -0.00925641
v 0.18000000 -0.01000000 0.00925641
v 0.18000000 -0.00000000 -0.00925641
v 0.18000000 -0.00000000 0.00925641
v 0.18000000 0.01000000 -0.00925641
v 0.18000000 0.01000000 0.00925641
v 0.18000000 0.02000000 -0.00925641
v 0.18000000 0.02000000 0.00925641
v 0.18000000 0.03000000 -0.00925641
v 0.18000000 0.03000000 0.00925641
v 0.18000000 0.04000000 -0.00925641
v 0.18000000 0.04000000 0.00925641
v 0.18000000 0.05000000 -0.00925641
v 0.18000000 0.05000000 0.00925641
v 0.18000000 0.06000000 -0.00925641
v 0.18000000 0.06000000 0.00925641
v 0.18000000 0.07000000 -0.00925641
v 0.18000000 0.07000000 0.00925641
v 0.18000000 0.08000000 -0.00925641
v 0.18000000 0.08000000 0.00925641
v 0.18000000 0.09000000 -0.00925641
v 0.18000000 0.09000000 0.00925641
v 0.18000000 0.10000000 -0.00925641
v 0.18000000 0.10000000 0.00925641
v 0.18000000 0.11000000 -0.00925641
v 0.18000000 0.11000000 0.00925641
v 0.18000000 0.12000000 -0.00925641
v 0.18000000 0.12000000 0.00925641
v 0.18000000 0.13000000 -0.00925641
v 0.18000000 0.13000000 0.00925641
v 0.18000000 0.14000000 -0.00925641
v 0.18000000 0.14000000 0.00925641
v 0.18000000 0.15000000 -0.00925641
v 0.18000000 0.15000000 0.00925641
v 0.18000000 0.16000000 -0.00925641
v 0.18000000 0.16000000 0.00925641
v 0.18000000 0.17000000 -0.00925641
v 0.18000000 0.17000000 0.00925641
v 0.18000000 0.18000000 -0.00925641
v 0.18000000 0.18000000 0.00925641
v 0.18000000 0.19000000 -0.00925641
v 0.18000000 0.19000000 0.00925641
v 0.18000000 0.20000000 -0.00925641
v 0.18000000 0.20000000 0.00925641
v 0.18000000 0.21000000 -0.00925641
v 0.18000000 0.21000000 0.00925641
v 0.18000000 0.22000000 -0.00925641
v 0.18000000 0.22000000 0.00925641
v 0.18000000 0.23000000 -0.00925641
v 0.18000000 0.23000000 0.00925641
v 0.18000000 0.24000000 -0.00925641
v 0.18000000 0.24000000 0.00925641
v 0.18000000 0.25000000 -0.00925641
v 0.18000000 0.25000000 0.00925641
v 0.18000000 0.26000000 -0.00925641
v 0.18000000 0.26000000 0.00925641
v 0.18000000 0.27000000 -0.00925641
v 0.18000000 0.27000000 0.00925641
v 0.18000000 0.28000000 -0.00925641
v 0.18000000 0.28000000 0.00925641
v 0.18000000 0.29000000 -0.00925641
v 0.18000000 0.29000000 0.00925641
v 0.18000000 0.30000000 -0.00925641
v 0.18000000 0.30000000 0.00925641
v 0.18000000 0.31000000 -0.00925641
v 0.18000000 0.31000000 0.00925641
v 0.18000000 0.32000000 -0.00925641
v 0.18000000 0.32000000 0.00925641
v 0.18000000 0.33000000 -0.00925641
v 0.18000000 0.33000000 0.00925641
v 0.18000000 0.34000000 -0.00925641
v 0.18000000 0.34000000 0.00925641
v 0.18000000 0.34384615 -0.00541026
v 0.18000000 0.34466666 0.00458974
v 0.19000000 -0.34384615 -0.00541026
v 0.19000000 -0.34000000 -0.00925641
v 0.19000000 -0.34466666 0.00458974
v 0.19000000 -0.34000000 0.00925641
v 0.19000000 -0.33000000 -0.00925641
v 0.19000000 -0.33000000 0.00925641
v 0.19000000 -0.32000000 -0.00925641
v 0.19000000 -0.32000000 0.00925641
v 0.19000000 -0.31000000 -0.00925641
v 0.19000000 -0.31000000 0.00925641
v 0.19000000 -0.30000000 -0.00925641
v 0.19000000 -0.30000000 0.00925641
v 0.19000000 -0.29000000 -0.00925641
v 0.19000000 -0.29000000 0.00925641
v 0.19000000 -0.28000000 -0.00925641
v 0.19000000 -0.28000000 0.00925641
v 0.19000000 -0.27000000 -0.00925641
v 0.19000000 -0.27000000 0.00925641
v 0.19000000 -0.26000000 -0.00925641
v 0.19000000 -0.26000000 0.00925641
v 0.19000000 -0.25000000 -0.00925641
v 0.19000000 -0.25000000 0.00925641
v 0.19000000 -0.24000000 -0.00925641
v 0.19000000 -0.24000000 0.00925641
v 0.19000000 -0.23000000 -0.00925641
v 0.19000000 -0.23000000 0.00925641
v 0.19000000 -0.22000000 -0.00925641
v 0.19000000 -0.22000000 0.00925641
v 0.19000000 -0.21000000 -0.00925641
v 0.19000000 -0.21000000 0.00925641
v 0.19000000 -0.20000000 -0.00925641
v 0.19000000 -0.20000000 0.00925641
v 0.19000000 -0.19000000 -0.00925641
v 0.19000000 -0.19000000 0.00925641
v 0.19000000 -0.18000000 -0.00925641
v 0.19000000 -0.18000000 0.00925641
v 0.19000000 -0.17000000 -0.00925641
v 0.19000000 -0.17000000 0.00925641
v 0.19000000 -0.16000000 -0.00925641
v 0.19000000 -0.16000000 0.00925641
v 0.19000000 -0.15000000 -0.00925641
v 0.19000000 -0.15000000 0.00925641
v 0.19000000 -0.14000000 -0.00925641
v 0.19000000 -0.14000000 0.00925641
v 0.19000000 -0.13000000 -0.00925641
v 0.19000000 -0.13000000 0.00925641
v 0.19000000 -0.12000000 -0.00925641
v 0.19000000 -0.12000000 0.00925641
v 0.19000000 -0.11000000 -0.00925641
v 0.19000000 -0.11000000 0.00925641
v 0.19000000 -0.10000000 -0.00925641
v 0.19000000 -0.10000000 0.00925641
v 0.19000000 -0.09000000 -0.00925641
v 0.19000000 -0.09000000 0.00925641
v 0.19000000 -0.08000000 -0.00925641
v 0.19000000 -0.08000000 0.00925641
v 0.19000000 -0.07000000 -0.00925641
v 0.19000000 -0.07000000 0.00925641
v 0.19000000 -0.06000000 -0.00925641
v 0.19000000 -0.06000000 0.00925641
v 0.19000000 -0.05000000 -0.00925641
v 0.19000000 -0.05000000 0.00925641
v 0.19000000 -0.04000000 -0.00925641
v 0.19000000 -0.04000000 0.00925641
v 0.19000000 -0.03000000 -0.00925641
v 0.19000000 -0.03000000 0.00925641
v 0.19000000 -0.02000000 -0.00925641
v 0.19000000 -0.02000000 0.00925641
v 0.19000000 -0.01000000 -0.00925641
v 0.19000000 -0.01000000 0.00925641
v 0.19000000 -0.00000000 -0.00925641
v 0.19000000 -0.00000000 0.00925641
v 0.19000000 0.01000000 -0.00925641
v 0.19000000 0.01000000 0.00925641
v 0.19000000 0.02000000 -0.00925641
v 0.19000000 0.02000000 0.00925641
v 0.19000000 0.03000000 -0.00925641
v 0.19000000 0.03000000 0.00925641
v 0.19000000 0.04000000 -0.00925641
v 0.19000000 0.04000000 0.00925641
v 0.19000000 0.05000000 -0.00925641
v 0.19000000 0.05000000 0.00925641
v 0.19000000 0.06000000 -0.00925641
v 0.19000000 0.06000000 0.00925641
v 0.19000000 0.07000000 -0.00925641
v 0.19000000 0.07000000 0.00925641
v 0.19000000 0.08000000 -0.00925641
v 0.19000000 0.08000000 0.00925641
v 0.19000000 0.09000000 -0.00925641
v 0.19000000 0.09000000 0.00925641
v 0.19000000 0.10000000 -0.00925641
v 0.19000000 0.10000000 0.00925641
v 0.19000000 0.11000000 -0.00925641
v 0.19000000 0.11000000 0.00925641
v 0.19000000 0.12000000 -0.00925641
v 0.19000000 0.12000000 0.00925641
v 0.19000000 0.13000000 -0.00925641
v 0.19000000 0.13000000 0.00925641
v 0.19000000 0.14000000 -0.00925641
v 0.19000000 0.14000000 0.00925641
v 0.19000000 0.15000000 -0.00925641
v 0.19000000 0.15000000 0.00925641
v 0.19000000 0.16000000 -0.00925641
v 0.19000000 0.16000000 0.00925641
v 0.19000000 0.17000000 -0.00925641
v 0.19000000 0.17000000 0.00925641
v 0.19000000 0.18000000 -0.00925641
v 0.19000000 0.18000000 0.00925641
v 0.19000000 0.19000000 -0.00925641
v 0.19000000 0.19000000 0.00925641
v 0.19000000 0.20000000 -0.00925641
v 0.19000000 0.20000000 0.00925641
v 0.19000000 0.21000000 -0.00925641
v 0.19000000 0.21000000 0.00925641
v 0.19000000 0.22000000 -0.00925641
v 0.19000000 0.22000000 0.00925641
v 0.19000000 0.23000000 -0.00925641
v 0.19000000 0.23000000 0.00925641
v 0.19000000 0.24000000 -0.00925641
v 0.19000000 0.24000000 0.00925641
v 0.19000000 0.25000000 -0.00925641
v 0.19000000 0.25000000 0.00925641
v 0.19000000 0.26000000 -0.00925641
v 0.19000000 0.26000000 0.00925641
v 0.19000000 0.27000000 -0.00925641
v 0.19000000 0.27000000 0.00925641
v 0.19000000 0.28000000 -0.00925641
v 0.19000000 0.28000000 0.00925641
v 0.19000000 0.29000000 -0.00925641
v 0.19000000 0.29000000 0.00925641
v 0.19000000 0.30000000 -0.00925641
v 0.19000000 0.30000000 0.00925641
v 0.19000000 0.31000000 -0.00925641
v 0.19000000 0.31000000 0.00925641
v 0.19000000 0.32000000 -0.00925641
v 0.19000000 0.32000000 0.00925641
v 0.19000000 0.33000000 -0.00925641
v 0.19000000 0.33000000 0.00925641
v 0.19000000 0.34000000 -0.00925641
v 0.19000000 0.34000000 0.00925641
v 0.19000000 0.34384615 -0.00541026
v 0.19000000 0.34466666 0.00458974
v 0.20000000 -0.34384615 -0.00541026
v 0.20000000 -0.34000000 -0.00925641
v 0.20000000 -0.34466666 0.00458974
v 0.20000000 -0.34000000 0.00925641
v 0.20000000 -0.33000000 -0.00925641
v 0.20000000 -0.33000000 0.00925641
v 0.20000000 -0.32000000 -0.00925641
v 0.20000000 -0.32000000 0.00925641
v 0.20000000 -0.31000000 -0.00925641
v 0.20000000 -0.31000000 0.00925641
v 0.20000000 -0.30000000 -0.00925641
v 0.20000000 -0.30000000 0.00925641
v 0.20000000 -0.29000000 -0.00925641
v 0.20000000 -0.29000000 0.00925641
v 0.20000000 -0.28000000 -0.00925641
v 0.20000000 -0.28000000 0.00925641
v 0.20000000 -0.27000000 -0.00925641
v 0.20000000 -0.27000000 0.00925641
v 0.20000000 -0.26000000 -0.00925641
v 0.20000000 -0.26000000 0.00925641
v 0.20000000 -0.25000000 -0.00925641
v 0.20000000 -0.25000000 0.00925641
v 0.20000000 -0.24000000 -0.00925641
v 0.20000000 -0.24000000 0.00925641
v 0.20000000 -0.23000000 -0.00925641
v 0.20000000 -0.23000000 0.00925641
v 0.20000000 -0.22000000 -0.00925641
v 0.20000000 -0.22000000 0.00925641
v 0.20000000 -0.21000000 -0.00925641
v 0.20000000 -0.21000000 0.00925641
v 0.20000000 -0.20000000 -0.00925641
v 0.20000000 -0.20000000 0.00925641
v 0.20000000 -0.19000000 -0.00925641
v 0.20000000 -0.19000000 0.00925641
v 0.20000000 -0.18000000 -0.00925641
v 0.20000000 -0.18000000 0.00925641
v 0.20000000 -0.17000000 -0.00925641
v 0.20000000 -0.17000000 0.00925641
v 0.20000000 -0.16000000 -0.00925641
v 0.20000000 -0.16000000 0.00925641
v 0.20000000 -0.15000000 -0.00925641
v 0.20000000 -0.15000000 0.00925641
v 0.20000000 -0.14000000 -0.00925641
v 0.20000000 -0.14000000 0.00925641
v 0.20000000 -0.13000000 -0.00925641
v 0.20000000 -0.13000000 0.00925641
v 0.20000000 -0.12000000 -0.00925641
v 0.20000000 -0.12000000 0.00925641
v 0.20000000 -0.11000000 -0.00925641
v 0.20000000 -0.11000000 0.00925641
v 0.20000000 -0.10000000 -0.00925641
v 0.20000000 -0.10000000 0.00925641
v 0.20000000 -0.09000000 -0.00925641
v 0.20000000 -0.09000000 0.00925641
v 0.20000000 -0.08000000 -0.00925641
v 0.20000000 -0.08000000 0.00925641
v 0.20000000 -0.07000000 -0.00925641
v 0.20000000 -0.07000000 0.00925641
v 0.20000000 -0.06000000 -0.00925641
v 0.20000000 -0.06000000 0.00925641
v 0.20000000 -0.05000000 -0.00925641
v 0.20000000 -0.05000000 0.00925641
v 0.20000000 -0.04000000 -0.00925641
v 0.20000000 -0.04000000 0.00925641
v 0.20000000 -0.03000000 -0.00925641
v 0.20000000 -0.03000000 0.00925641
v 0.20000000 -0.02000000 -0.00925641
v 0.20000000 -0.02000000 0.00925641
v 0.20000000 -0.01000000 -0.00925641
v 0.20000000 -0.01000000 0.00925641
v 0.20000000 -0.00000000 -0.00925641
v 0.20000000 -0.00000000 0.00925641
v 0.20000000 0.01000000 -0.00925641
v 0.20000000 0.01000000 0.00925641
v 0.20000000 0.02000000 -0.00925641
v 0.20000000 0.02000000 0.00925641
v 0.20000000 0.03000000 -0.00925641
v 0.20000000 0.03000000 0.00925641
v 0.20000000 0.04000000 -0.00925641
v 0.20000000 0.04000000 0.00925641
v 0.20000000 0.05000000 -0.00925641
v 0.20000000 0.05000000 0.00925641
v 0.20000000 0.06000000 -0.00925641
v 0.20000000 0.06000000 0.00925641
v 0.20000000 0.07000000 -0.00925641
v 0.20000000 0.07000000 0.00925641
v 0.20000000 0.08000000 -0.00925641
v 0.20000000 0.08000000 0.00925641
v 0.20000000 0.09000000 -0.00925641
v 0.20000000 0.09000000 0.00925641
v 0.20000000 0.10000000 -0.00925641
v 0.20000000 0.10000000 0.00925641
v 0.20000000 0.11000000 -0.00925641
v 0.20000000 0.11000000 0.00925641
v 0.20000000 0.12000000 -0.00925641
v 0.20000000 0.12000000 0.00925641
v 0.20000000 0.13000000 -0.00925641
v 0.20000000 0.13000000 0.00925641
v 0.20000000 0.14000000 -0.00925641
v 0.20000000 0.14000000 0.00925641
v 0.20000000 0.15000000 -0.00925641
v 0.20000000 0.15000000 0.00925641
v 0.20000000 0.16000000 -0.00925641
v 0.20000000 0.16000000 0.00925641
v 0.20000000 0.17000000 -0.00925641
v 0.20000000 0.17000000 0.00925641
v 0.20000000 0.18000000 -0.00925641
v 0.20000000 0.18000000 0.00925641
v 0.20000000 0.19000000 -0.00925641
v 0.20000000 0.19000000 0.00925641
v 0.20000000 0.20000000 -0.00925641
v 0.20000000 0.20000000 0.00925641
v 0.20000000 0.21000000 -0.00925641
v 0.20000000 0.21000000 0.00925641
v 0.20000000 0.22000000 -0.00925641
v 0.20000000 0.22000000 0.00925641
v 0.20000000 0.23000000 -0.00925641
v 0.20000000 0.23000000 0.00925641
v 0.20000000 0.24000000 -0.00925641
v 0.20000000 0.24000000 0.00925641
v 0.20000000 0.25000000 -0.00925641
v 0.20000000 0.25000000 0.00925641
v 0.20000000 0.26000000 -0.00925641
v 0.20000000 0.26000000 0.00925641
v 0.20000000 0.27000000 -0.00925641
v 0.20000000 0.27000000 0.00925641
v 0.20000000 0.28000000 -0.00925641
v 0.20000000 0.28000000 0.00925641
v 0.20000000 0.29000000 -0.00925641
v 0.20000000 0.29000000 0.00925641
v 0.20000000 0.30000000 -0.00925641
v 0.20000000 0.30000000 0.00925641
v 0.20000000 0.31000000 -0.00925641
v 0.20000000 0.31000000 0.00925641
v 0.20000000 0.32000000 -0.00925641
v 0.20000000 0.32000000 0.00925641
v 0.20000000 0.33000000 -0.00925641
v 0.20000000 0.33000000 0.00925641
v 0.20000000 0.34000000 -0.00925641
v 0.20000000 0.34000000 0.00925641
v 0.20000000 0.34384615 -0.00541026
v 0.20000000 0.34466666 0.00458974
v 0.21000000 -0.34384615 -0.00541026
v 0.21000000 -0.34000000 -0.00925641
v 0.21000000 -0.34466666 0.00458974
v 0.21000000 -0.34000000 0.00925641
v 0.21000000 -0.33000000 -0.00925641
v 0.21000000 -0.33000000 0.00925641
v 0.21000000 -0.32000000 -0.00925641
v 0.21000000 -0.32000000 0.00925641
v 0.21000000 -0.31000000 -0.00925641
v 0.21000000 -0.31000000 0.00925641
v 0.21000000 -0.30000000 -0.00925641
v 0.21000000 -0.30000000 0.00925641
v 0.21000000 -0.29000000 -0.00925641
v 0.21000000 -0.29000000 0.00925641
v 0.21000000 -0.28000000 -0.00925641
v 0.21000000 -0.28000000 0.00925641
v 0.21000000 -0.27000000 -0.00925641
v 0.21000000 -0.27000000 0.00925641
v 0.21000000 -0.26000000 -0.00925641
v 0.21000000 -0.26000000 0.00925641
v 0.21000000 -0.25000000 -0.00925641
v 0.21000000 -0.25000000 0.00925641
v 0.21000000 -0.24000000 -0.00925641
v 0.21000000 -0.24000000 0.00925641
v 0.21000000 -0.23000000 -0.00925641
v 0.21000000 -0.23000000 0.00925641
v 0.21000000 -0.22000000 -0.00925641
v 0.21000000 -0.22000000 0.00925641
v 0.21000000 -0.21000000 -0.00925641
v 0.21000000 -0.21000000 0.00925641
v 0.21000000 -0.20000000 -0.00925641
v 0.21000000 -0.20000000 0.00925641
v 0.21000000 -0.19000000 -0.00925641
v 0.21000000 -0.19000000 0.00925641
v 0.21000000 -0.18000000 -0.00925641
v 0.21000000 -0.18000000 0.00925641
v 0.21000000 -0.17000000 -0.00925641
v 0.21000000 -0.17000000 0.00925641
v 0.21000000 -0.16000000 -0.00925641
v 0.21000000 -0.16000000 0.00925641
v 0.21000000 -0.15000000 -0.00925641
v 0.21000000 -0.15000000 0.00925641
v 0.21000000 -0.14000000 -0.00925641
v 0.21000000 -0.14000000 0.00925641
v 0.21000000 -0.13000000 -0.00925641
v 0.21000000 -0.13000000 0.00925641
v 0.21000000 -0.12000000 -0.00925641
v 0.21000000 -0.12000000 0.00925641
v 0.21000000 -0.11000000 -0.00925641
v 0.21000000 -0.11000000 0.00925641
v 0.21000000 -0.10000000 -0.00925641
v 0.21000000 -0.10000000 0.00925641
v 0.21000000 -0.09000000 -0.00925641
v 0.21000000 -0.09000000 0.00925641
v 0.21000000 -0.08000000 -0.00925641
v 0.21000000 -0.08000000 0.00925641
v 0.21000000 -0.07000000 -0.00925641
v 0.21000000 -0.07000000 0.00925641
v 0.21000000 -0.06000000 -0.00925641
v 0.21000000 -0.06000000 0.00925641
v 0.21000000 -0.05000000 -0.00925641
v 0.21000000 -0.05000000 0.00925641
v 0.21000000 -0.04000000 -0.00925641
v 0.21000000 -0.04000000 0.00925641
v 0.21000000 -0.03000000 -0.00925641
v 0.21000000 -0.03000000 0.00925641
v 0.21000000 -0.02000000 -0.00925641
v 0.21000000 -0.02000000 0.00925641
v 0.21000000 -0.01000000 -0.00925641
v 0.21000000 -0.01000000 0.00925641
v 0.21000000 -0.00000000 -0.00925641
v 0.21000000 -0.00000000 0.00925641
v 0.21000000 0.01000000 -0.00925641
v 0.21000000 0.01000000 0.00925641
v 0.21000000 0.02000000 -0.00925641
v 0.21000000 0.02000000 0.00925641
v 0.21000000 0.03000000 -0.00925641
v 0.21000000 0.03000000 0.00925641
v 0.21000000 0.04000000 -0.00925641
v 0.21000000 0.04000000 0.00925641
v 0.21000000 0.05000000 -0.00925641
v 0.21000000 0.05000000 0.00925641
v 0.21000000 0.06000000 -0.00925641
v 0.21000000 0.06000000 0.00925641
v 0.21000000 0.07000000 -0.00925641
v 0.21000000 0.07000000 0.00925641
v 0.21000000 0.08000000 -0.00925641
v 0.21000000 0.08000000 0.00925641
v 0.21000000 0.09000000 -0.00925641
v 0.21000000 0.09000000 0.00925641
v 0.21000000 0.10000000 -0.00925641
v 0.21000000 0.10000000 0.00925641
v 0.21000000 0.11000000 -0.00925641
v 0.21000000 0.11000000 0.00925641
v 0.21000000 0.12000000 -0.00925641
v 0.21000000 0.12000000 0.00925641
v 0.21000000 0.13000000 -0.00925641
v 0.21000000 0.13000000 0.00925641
v 0.21000000 0.14000000 -0.00925641
v 0.21000000 0.14000000 0.00925641
v 0.21000000 0.15000000 -0.00925641
v 0.21000000 0.15000000 0.00925641
v 0.21000000 0.16000000 -0.00925641
v 0.21000000 0.16000000 0.00925641
v 0.21000000 0.17000000 -0.00925641
v 0.21000000 0.17000000 0.00925641
v 0.21000000 0.18000000 -0.00925641
v 0.21000000 0.18000000 0.00925641
v 0.21000000 0.19000000 -0.00925641
v 0.21000000 0.19000000 0.00925641
v 0.21000000 0.20000000 -0.00925641
v 0.21000000 0.20000000 0.00925641
v 0.21000000 0.21000000 -0.00925641
v 0.21000000 0.21000000 0.00925641
v 0.21000000 0.22000000 -0.00925641
v 0.21000000 0.22000000 0.00925641
v 0.21000000 0.23000000 -0.00925641
v 0.21000000 0.23000000 0.00925641
v 0.21000000 0.24000000 -0.00925641
v 0.21000000 0.24000000 0.00925641
v 0.21000000 0.25000000 -0.00925641
v 0.21000000 0.25000000 0.00925641
v 0.21000000 0.26000000 -0.00925641
v 0.21000000 0.26000000 0.00925641
v 0.21000000 0.27000000 -0.00925641
v 0.21000000 0.27000000 0.00925641
v 0.21000000 0.28000000 -0.00925641
v 0.21000000 0.28000000 0.00925641
v 0.21000000 0.29000000 -0.00925641
v 0.21000000 0.29000000 0.00925641
v 0.21000000 0.30000000 -0.00925641
v 0.21000000 0.30000000 0.00925641
v 0.21000000 0.31000000 -0.00925641
v 0.21000000 0.31000000 0.00925641
v 0.21000000 0.32000000 -0.00925641
v 0.21000000 0.32000000 0.00925641
v 0.21000000 0.33000000 -0.00925641
v 0.21000000 0.33000000 0.00925641
v 0.21000000 0.34000000 -0.00925641
v 0.21000000 0.34000000 0.00925641
v 0.21000000 0.34384615 -0.00541026
v 0.21000000 0.34466666 0.00458974
v 0.22000000 -0.34384615 -0.00541026
v 0.22000000 -0.34000000 -0.00925641
v 0.22000000 -0.34466666 0.00458974
v 0.22000000 -0.34000000 0.00925641
v 0.22000000 -0.33000000 -0.00925641
v 0.22000000 -0.33000000 0.00925641
v 0.22000000 -0.32000000 -0.00925641
v 0.22000000 -0.32000000 0.00925641
v 0.22000000 -0.31000000 -0.00925641
v 0.22000000 -0.31000000 0.00925641
v 0.22000000 -0.30000000 -0.00925641
v 0.22000000 -0.30000000 0.00925641
v 0.22000000 -0.29000000 -0.00925641
v 0.22000000 -0.29000000 0.00925641
v 0.22000000 -0.28000000 -0.00925641
v 0.22000000 -0.28000000 0.00925641
v 0.22000000 -0.27000000 -0.00925641
v 0.22000000 -0.27000000 0.00925641
v 0.22000000 -0.26000000 -0.00925641
v 0.22000000 -0.26000000 0.00925641
v 0.22000000 -0.25000000 -0.00925641
v 0.22000000 -0.25000000 0.00925641
v 0.22000000 -0.24000000 -0.00925641
v 0.22000000 -0.24000000 0.00925641
v 0.22000000 -0.23000000 -0.00925641
v 0.22000000 -0.23000000 0.00925641
v 0.22000000 -0.22000000 -0.00925641
v 0.22000000 -0.22000000 0.00925641
v 0.22000000 -0.21000000 -0.00925641
v 0.22000000 -0.21000000 0.00925641
v 0.22000000 -0.20000000 -0.00925641
v 0.22000000 -0.20000000 0.00925641
v 0.22000000 -0.19000000 -0.00925641
v 0.22000000 -0.19000000 0.00925641
v 0.22000000 -0.18000000 -0.00925641
v 0.22000000 -0.18000000 0.00925641
v 0.22000000 -0.17000000 -0.00925641
v 0.22000000 -0.17000000 0.00925641
v 0.22000000 -0.16000000 -0.00925641
v 0.22000000 -0.16000000 0.00925641
v 0.22000000 -0.15000000 -0.00925641
v 0.22000000 -0.15000000 0.00925641
v 0.22000000 -0.14000000 -0.00925641
v 0.22000000 -0.14000000 0.00925641
v 0.22000000 -0.13000000 -0.00925641
v 0.22000000 -0.13000000 0.00925641
v 0.22000000 -0.12000000 -0.00925641
v 0.22000000 -0.12000000 0.00925641
v 0.22000000 -0.11000000 -0.00925641
v 0.22000000 -0.11000000 0.00925641
v 0.22000000 -0.10000000 -0.00925641
v 0.22000000 -0.10000000 0.00925641
v 0.22000000 -0.09000000 -0.00925641
v 0.22000000 -0.09000000 0.00925641
v 0.22000000 -0.08000000 -0.00925641
v 0.22000000 -0.08000000 0.00925641
v 0.22000000 -0.07000000 -0.00925641
v 0.22000000 -0.07000000 0.00925641
v 0.22000000 -0.06000000 -0.00925641
v 0.22000000 -0.06000000 0.00925641
v 0.22000000 -0.05000000 -0.00925641
v 0.22000000 -0.05000000 0.00925641
v 0.22000000 -0.04000000 -0.00925641
v 0.22000000 -0.04000000 0.00925641
v 0.22000000 -0.03000000 -0.00925641
v 0.22000000 -0.03000000 0.00925641
v 0.22000000 -0.02000000 -0.00925641
v 0.22000000 -0.02000000 0.00925641
v 0.22000000 -0.01000000 -0.00925641
v 0.22000000 -0.01000000 0.00925641
v 0.22000000 -0.00000000 -0.00925641
v 0.22000000 -0.00000000 0.00925641
v 0.22000000 0.01000000 -0.00925641
v 0.22000000 0.01000000 0.00925641
v 0.22000000 0.02000000 -0.00925641
v 0.22000000 0.02000000 0.00925641
v 0.22000000 0.03000000 -0.00925641
v 0.22000000 0.03000000 0.00925641
v 0.22000000 0.04000000 -0.00925641
v 0.22000000 0.04000000 0.00925641
v 0.22000000 0.05000000 -0.00925641
v 0.22000000 0.05000000 0.00925641
v 0.22000000 0.06000000 -0.00925641
v 0.22000000 0.06000000 0.00925641
v 0.22000000 0.07000000 -0.00925641
v 0.22000000 0.07000000 0.00925641
v 0.22000000 0.08000000 -0.00925641
v 0.22000000 0.08000000 0.00925641
v 0.22000000 0.09000000 -0.00925641
v 0.22000000 0.09000000 0.00925641
v 0.22000000 0.10000000 -0.00925641
v 0.22000000 0.10000000 0.00925641
v 0.22000000 0.11000000 -0.00925641
v 0.22000000 0.11000000 0.00925641
v 0.22000000 0.12000000 -0.00925641
v 0.22000000 0.12000000 0.00925641
v 0.22000000 0.13000000 -0.00925641
v 0.22000000 0.13000000 0.00925641
v 0.22000000 0.14000000 -0.00925641
v 0.22000000 0.14000000 0.00925641
v 0.22000000 0.15000000 -0.00925641
v 0.22000000 0.15000000 0.00925641
v 0.22000000 0.16000000 -0.00925641
v 0.22000000 0.16000000 0.00925641
v 0.22000000 0.17000000 -0.00925641
v 0.22000000 0.17000000 0.00925641
v 0.22000000 0.18000000 -0.00925641
v 0.22000000 0.18000000 0.00925641
v 0.22000000 0.19000000 -0.00925641
v 0.22000000 0.19000000 0.00925641
v 0.22000000 0.20000000 -0.00925641
v 0.22000000 0.20000000 0.00925641
v 0.22000000 0.21000000 -0.00925641
v 0.22000000 0.21000000 0.00925641
v 0.22000000 0.22000000 -0.00925641
v 0.22000000 0.22000000 0.00925641
v 0.22000000 0.23000000 -0.00925641
v 0.22000000 0.23000000 0.00925641
v 0.22000000 0.24000000 -0.00925641
v 0.22000000 0.24000000 0.00925641
v 0.22000000 0.25000000 -0.00925641
v 0.22000000 0.25000000 0.00925641
v 0.22000000 0.26000000 -0.00925641
v 0.22000000 0.26000000 0.00925641
v 0.22000000 0.27000000 -0.00925641
v 0.22000000 0.27000000 0.00925641
v 0.22000000 0.28000000 -0.00925641
v 0.22000000 0.28000000 0.00925641
v 0.22000000 0.29000000 -0.00925641
v 0.22000000 0.29000000 0.00925641
v 0.22000000 0.30000000 -0.00925641
v 0.22000000 0.30000000 0.00925641
v 0.22000000 0.31000000 -0.00925641
v 0.22000000 0.31000000 0.00925641
v 0.22000000 0.32000000 -0.00925641
v 0.22000000 0.32000000 0.00925641
v 0.22000000 0.33000000 -0.00925641
v 0.22000000 0.33000000 0.00925641
v 0.22000000 0.34000000 -0.00925641
v 0.22000000 0.34000000 0.00925641
v 0.22000000 0.34384615 -0.00541026
v 0.22000000 0.34466666 0.00458974
v 0.23000000 -0.34384615 -0.00541026
v 0.23000000 -0.34000000 -0.00925641
v 0.23000000 -0.34466666 0.00458974
v 0.23000000 -0.34000000 0.00925641
v 0.23000000 -0.33000000 -0.00925641
v 0.23000000 -0.33000000 0.00925641
v 0.23000000 -0.32000000 -0.00925641
v 0.23000000 -0.32000000 0.00925641
v 0.23000000 -0.31000000 -0.00925641
v 0.23000000 -0.31000000 0.00925641
v 0.23000000 -0.30000000 -0.00925641
v 0.23000000 -0.30000000 0.00925641
v 0.23000000 -0.29000000 -0.00925641
v 0.23000000 -0.29000000 0.00925641
v 0.23000000 -0.28000000 -0.00925641
v 0.23000000 -0.28000000 0.00925641
v 0.23000000 -0.27000000 -0.00925641
v 0.23000000 -0.27000000 0.00925641
v 0.23000000 -0.26000000 -0.00925641
v 0.23000000 -0.26000000 0.00925641
v 0.23000000 -0.25000000 -0.00925641
v 0.23000000 -0.25000000 0.00925641
v 0.23000000 -0.24000000 -0.00925641
v 0.23000000 -0.24000000 0.00925641
v 0.23000000 -0.23000000 -0.00925641
v 0.23000000 -0.23000000 0.00925641
v 0.23000000 -0.22000000 -0.00925641
v 0.23000000 -0.22000000 0.00925641
v 0.23000000 -0.21000000 -0.00925641
v 0.23000000 -0.21000000 0.00925641
v 0.23000000 -0.20000000 -0.00925641
v 0.23000000 -0.20000000 0.00925641
v 0.23000000 -0.19000000 -0.00925641
v 0.23000000 -0.19000000 0.00925641
v 0.23000000 -0.18000000 -0.00925641
v 0.23000000 -0.18000000 0.00925641
v 0.23000000 -0.17000000 -0.00925641
v 0.23000000 -0.17000000 0.00925641
v 0.23000000 -0.16000000 -0.00925641
v 0.23000000 -0.16000000 0.00925641
v 0.23000000 -0.15000000 -0.00925641
v 0.23000000 -0.15000000 0.00925641
v 0.23000000 -0.14000000 -0.00925641
v 0.23000000 -0.14000000 0.00925641
v 0.23000000 -0.13000000 -0.00925641
v 0.23000000 -0.13000000 0.00925641
v 0.23000000 -0.12000000 -0.00925641
v 0.23000000 -0.12000000 0.00925641
v 0.23000000 -0.11000000 -0.00925641
v 0.23000000 -0.11000000 0.00925641
v 0.23000000 -0.10000000 -0.00925641
v 0.23000000 -0.10000000 0.00925641
v 0.23000000 -0.09000000 -0.00925641
v 0.23000000 -0.09000000 0.00925641
v 0.23000000 -0.08000000 -0.00925641
v 0.23000000 -0.08000000 0.00925641
v 0.23000000 -0.07000000 -0.00925641
v 0.23000000 -0.07000000 0.00925641
v 0.23000000 -0.06000000 -0.00925641
v 0.23000000 -0.06000000 0.00925641
v 0.23000000 -0.05000000 -0.00925641
v 0.23000000 -0.05000000 0.00925641
v 0.23000000 -0.04000000 -0.00925641
v 0.23000000 -0.04000000 0.00925641
v 0.23000000 -0.03000000 -0.00925641
v 0.23000000 -0.03000000 0.00925641
v 0.23000000 -0.02000000 -0.00925641
v 0.23000000 -0.02000000 0.00925641
v 0.23000000 -0.01000000 -0.00925641
v 0.23000000 -0.01000000 0.00925641
v 0.23000000 -0.00000000 -0.00925641
v 0.23000000 -0.00000000 0.00925641
v 0.23000000 0.01000000 -0.00925641
v 0.23000000 0.01000000 0.00925641
v 0.23000000 0.02000000 -0.00925641
v 0.23000000 0.02000000 0.00925641
v 0.23000000 0.03000000 -0.00925641
v 0.23000000 0.03000000 0.00925641
v 0.23000000 0.04000000 -0.00925641
v 0.23000000 0.04000000 0.00925641
v 0.23000000 0.05000000 -0.00925641
v 0.23000000 0.05000000 0.00925641
v 0.23000000 0.06000000 -0.00925641
v 0.23000000 0.06000000 0.00925641
v 0.23000000 0.07000000 -0.00925641
v 0.23000000 0.07000000 0.00925641
v 0.23000000 0.08000000 -0.00925641
v 0.23000000 0.08000000 0.00925641
v 0.23000000 0.09000000 -0.00925641
v 0.23000000 0.09000000 0.00925641
v 0.23000000 0.10000000 -0.00925641
v 0.23000000 0.10000000 0.00925641
v 0.23000000 0.11000000 -0.00925641
v 0.23000000 0.11000000 0.00925641
v 0.23000000 0.12000000 -0.00925641
v 0.23000000 0.12000000 0.00925641
v 0.23000000 0.13000000 -0.00925641
v 0.23000000 0.13000000 0.00925641
v 0.23000000 0.14000000 -0.00925641
v 0.23000000 0.14000000 0.00925641
v 0.23000000 0.15000000 -0.00925641
v 0.23000000 0.15000000 0.00925641
v 0.23000000 0.16000000 -0.00925641
v 0.23000000 0.16000000 0.00925641
v 0.23000000 0.17000000 -0.00925641
v 0.23000000 0.17000000 0.00925641
v 0.23000000 0.18000000 -0.00925641
v 0.23000000 0.18000000 0.00925641
v 0.23000000 0.19000000 -0.00925641
v 0.23000000 0.19000000 0.00925641
v 0.23000000 0.20000000 -0.00925641
v 0.23000000 0.20000000 0.00925641
v 0.23000000 0.21000000 -0.00925641
v 0.23000000 0.21000000 0.00925641
v 0.23000000 0.22000000 -0.00925641
v 0.23000000 0.22000000 0.00925641
v 0.23000000 0.23000000 -0.00925641
v 0.23000000 0.23000000 0.00925641
v 0.23000000 0.24000000 -0.00925641
v 0.23000000 0.24000000 0.00925641
v 0.23000000 0.25000000 -0.00925641
v 0.23000000 0.25000000 0.00925641
v 0.23000000 0.26000000 -0.00925641
v 0.23000000 0.26000000 0.00925641
v 0.23000000 0.27000000 -0.00925641
v 0.23000000 0.27000000 0.00925641
v 0.23000000 0.28000000 -0.00925641
v 0.23000000 0.28000000 0.00925641
v 0.23000000 0.29000000 -0.00925641
v 0.23000000 0.29000000 0.00925641
v 0.23000000 0.30000000 -0.00925641
v 0.23000000 0.30000000 0.00925641
v 0.23000000 0.31000000 -0.00925641
v 0.23000000 0.31000000 0.00925641
v 0.23000000 0.32000000 -0.00925641
v 0.23000000 0.32000000 0.00925641
v 0.23000000 0.33000000 -0.00925641
v 0.23000000 0.33000000 0.00925641
v 0.23000000 0.34000000 -0.00925641
v 0.23000000 0.34000000 0.00925641
v 0.23000000 0.34384615 -0.00541026
v 0.23000000 0.34466666 0.00458974
v 0.24000000 -0.34384615 -0.00541026
v 0.24000000 -0.34000000 -0.00925641
v 0.24000000 -0.34466666 0.00458974
v 0.24000000 -0.34000000 0.00925641
v 0.24000000 -0.33000000 -0.00925641
v 0.24000000 -0.33000000 0.00925641
v 0.24000000 -0.32000000 -0.00925641
v 0.24000000 -0.32000000 0.00925641
v 0.24000000 -0.31000000 -0.00925641
v 0.24000000 -0.31000000 0.00925641
v 0.24000000 -0.30000000 -0.00925641
v 0.24000000 -0.30000000 0.00925641
v 0.24000000 -0.29000000 -0.00925641
v 0.24000000 -0.29000000 0.00925641
v 0.24000000 -0.28000000 -0.00925641
v 0.24000000 -0.28000000 0.00925641
v 0.24000000 -0.27000000 -0.00925641
v 0.24000000 -0.27000000 0.00925641
v 0.24000000 -0.26000000 -0.00925641
v 0.24000000 -0.26000000 0.00925641
v 0.24000000 -0.25000000 -0.00925641
v 0.24000000 -0.25000000 0.00925641
v 0.24000000 -0.24000000 -0.00925641
v 0.24000000 -0.24000000 0.00925641
v 0.24000000 -0.23000000 -0.00925641
v 0.24000000 -0.23000000 0.00925641
v 0.24000000 -0.22000000 -0.00925641
v 0.24000000 -0.22000000 0.00925641
v 0.24000000 -0.21000000 -0.00925641
v 0.24000000 -0.21000000 0.00925641
v 0.24000000 -0.20000000 -0.00925641
v 0.24000000 -0.20000000 0.00925641
v 0.24000000 -0.19000000 -0.00925641
v 0.24000000 -0.19000000 0.00925641
v 0.24000000 -0.18000000 -0.00925641
v 0.24000000 -0.18000000 0.00925641
v 0.24000000 -0.17000000 -0.00925641
v 0.24000000 -0.17000000 0.00925641
v 0.24000000 -0.16000000 -0.00925641
v 0.24000000 -0.16000000 0.00925641
v 0.24000000 -0.15000000 -0.00925641
v 0.24000000 -0.15000000 0.00925641
v 0.24000000 -0.14000000 -0.00925641
v 0.24000000 -0.14000000 0.00925641
v 0.24000000 -0.13000000 -0.00925641
v 0.24000000 -0.13000000 0.00925641
v 0.24000000 -0.12000000 -0.00925641
v 0.24000000 -0.12000000 0.00925641
v 0.24000000 -0.11000000 -0.00925641
v 0.24000000 -0.11000000 0.00925641
v 0.24000000 -0.10000000 -0.00925641
v 0.24000000 -0.10000000 0.00925641
v 0.24000000 -0.09000000 -0.00925641
v 0.24000000 -0.09000000 0.00925641
v 0.24000000 -0.08000000 -0.00925641
v 0.24000000 -0.08000000 0.00925641
v 0.24000000 -0.07000000 -0.00925641
v 0.24000000 -0.07000000 0.00925641
v 0.24000000 -0.06000000 -0.00925641
v 0.24000000 -0.06000000 0.00925641
v 0.24000000 -0.05000000 -0.00925641
v 0.24000000 -0.05000000 0.00925641
v 0.24000000 -0.04000000 -0.00925641
v 0.24000000 -0.04000000 0.00925641
v 0.24000000 -0.03000000 -0.00925641
v 0.24000000 -0.03000000 0.00925641
v 0.24000000 -0.02000000 -0.00925641
v 0.24000000 -0.02000000 0.00925641
v 0.24000000 -0.01000000 -0.00925641
v 0.24000000 -0.01000000 0.00925641
v 0.24000000 -0.00000000 -0.00925641
v 0.24000000 -0.00000000 0.00925641
v 0.24000000 0.01000000 -0.00925641
v 0.24000000 0.01000000 0.00925641
v 0.24000000 0.02000000 -0.00925641
v 0.24000000 0.02000000 0.00925641
v 0.24000000 0.03000000 -0.00925641
v 0.24000000 0.03000000 0.00925641
v 0.24000000 0.04000000 -0.00925641
v 0.24000000 0.04000000 0.00925641
v 0.24000000 0.05000000 -0.00925641
v 0.24000000 0.05000000 0.00925641
v 0.24000000 0.06000000 -0.00925641
v 0.24000000 0.06000000 0.00925641
v 0.24000000 0.07000000 -0.00925641
v 0.24000000 0.07000000 0.00925641
v 0.24000000 0.08000000 -0.00925641
v 0.24000000 0.08000000 0.00925641
v 0.24000000 0.09000000 -0.00925641
v 0.24000000 0.09000000 0.00925641
v 0.24000000 0.10000000 -0.00925641
v 0.24000000 0.10000000 0.00925641
v 0.24000000 0.11000000 -0.00925641
v 0.24000000 0.11000000 0.00925641
v 0.24000000 0.12000000 -0.00925641
v 0.24000000 0.12000000 0.00925641
v 0.24000000 0.13000000 -0.00925641
v 0.24000000 0.13000000 0.00925641
v 0.24000000 0.14000000 -0.00925641
v 0.24000000 0.14000000 0.00925641
v 0.24000000 0.15000000 -0.00925641
v 0.24000000 0.15000000 0.00925641
v 0.24000000 0.16000000 -0.00925641
v 0.24000000 0.16000000 0.00925641
v 0.24000000 0.17000000 -0.00925641
v 0.24000000 0.17000000 0.00925641
v 0.24000000 0.18000000 -0.00925641
v 0.24000000 0.18000000 0.00925641
v 0.24000000 0.19000000 -0.00925641
v 0.24000000 0.19000000 0.00925641
v 0.24000000 0.20000000 -0.00925641
v 0.24000000 0.20000000 0.00925641
v 0.24000000 0.21000000 -0.00925641
v 0.24000000 0.21000000 0.00925641
v 0.24000000 0.22000000 -0.00925641
v 0.24000000 0.22000000 0.00925641
v 0.24000000 0.23000000 -0.00925641
v 0.24000000 0.23000000 0.00925641
v 0.24000000 0.24000000 -0.00925641
v 0.24000000 0.24000000 0.00925641
v 0.24000000 0.25000000 -0.00925641
v 0.24000000 0.25000000 0.00925641
v 0.24000000 0.26000000 -0.00925641
v 0.24000000 0.26000000 0.00925641
v 0.24000000 0.27000000 -0.00925641
v 0.24000000 0.27000000 0.00925641
v 0.24000000 0.28000000 -0.00925641
v 0.24000000 0.28000000 0.00925641
v 0.24000000 0.29000000 -0.00925641
v 0.24000000 0.29000000 0.00925641
v 0.24000000 0.30000000 -0.00925641
v 0.24000000 0.30000000 0.00925641
v 0.24000000 0.31000000 -0.00925641
v 0.24000000 0.31000000 0.00925641
v 0.24000000 0.32000000 -0.00925641
v 0.24000000 0.32000000 0.00925641
v 0.24000000 0.33000000 -0.00925641
v 0.24000000 0.33000000 0.00925641
v 0.24000000 0.34000000 -0.00925641
v 0.24000000 0.34000000 0.00925641
v 0.24000000 0.34384615 -0.00541026
v 0.24000000 0.34466666 0.00458974
v 0.25000000 -0.34384615 -0.00541026
v 0.25000000 -0.34000000 -0.00925641
v 0.25000000 -0.34466666 0.00458974
v 0.25000000 -0.34000000 0.00925641
v 0.25000000 -0.33000000 -0.00925641
v 0.25000000 -0.33000000 0.00925641
v 0.25000000 -0.32000000 -0.00925641
v 0.25000000 -0.32000000 0.00925641
v 0.25000000 -0.31000000 -0.00925641
v 0.25000000 -0.31000000 0.00925641
v 0.25000000 -0.30000000 -0.00925641
v 0.25000000 -0.30000000 0.00925641
v 0.25000000 -0.29000000 -0.00925641
v 0.25000000 -0.29000000 0.00925641
v 0.25000000 -0.28000000 -0.00925641
v 0.25000000 -0.28000000 0.00925641
v 0.25000000 -0.27000000 -0.00925641
v 0.25000000 -0.27000000 0.00925641
v 0.25000000 -0.26000000 -0.00925641
v 0.25000000 -0.26000000 0.00925641
v 0.25000000 -0.25000000 -0.00925641
v 0.25000000 -0.25000000 0.00925641
v 0.25000000 -0.24000000 -0.00925641
v 0.25000000 -0.24000000 0.00925641
v 0.25000000 -0.23000000 -0.00925641
v 0.25000000 -0.23000000 0.00925641
v 0.25000000 -0.22000000 -0.00925641
v 0.25000000 -0.22000000 0.00925641
v 0.25000000 -0.21000000 -0.00925641
v 0.25000000 -0.21000000 0.00925641
v 0.25000000 -0.20000000 -0.00925641
v 0.25000000 -0.20000000 0.00925641
v 0.25000000 -0.19000000 -0.00925641
v 0.25000000 -0.19000000 0.00925641
v 0.25000000 -0.18000000 -0.00925641
v 0.25000000 -0.18000000 0.00925641
v 0.25000000 -0.17000000 -0.00925641
v 0.25000000 -0.17000000 0.00925641
v 0.25000000 -0.16000000 -0.00925641
v 0.25000000 -0.16000000 0.00925641
v 0.25000000 -0.15000000 -0.00925641
v 0.25000000 -0.15000000 0.00925641
v 0.25000000 -0.14000000 -0.00925641
v 0.25000000 -0.14000000 0.00925641
v 0.25000000 -0.13000000 -0.00925641
v 0.25000000 -0.13000000 0.00925641
v 0.25000000 -0.12000000 -0.00925641
v 0.25000000 -0.12000000 0.00925641
v 0.25000000 -0.11000000 -0.00925641
v 0.25000000 -0.11000000 0.00925641
v 0.25000000 -0.10000000 -0.00925641
v 0.25000000 -0.10000000 0.00925641
v 0.25000000 -0.09000000 -0.00925641
v 0.25000000 -0.09000000 0.00925641
v 0.25000000 -0.08000000 -0.00925641
v 0.25000000 -0.08000000 0.00925641
v 0.25000000 -0.07000000 -0.00925641
v 0.25000000 -0.07000000 0.00925641
v 0.25000000 -0.06000000 -0.00925641
v 0.25000000 -0.06000000 0.00925641
v 0.25000000 -0.05000000 -0.00925641
v 0.25000000 -0.05000000 0.00925641
v 0.25000000 -0.04000000 -0.00925641
v 0.25000000 -0.04000000 0.00925641
v 0.25000000 -0.03000000 -0.00925641
v 0.25000000 -0.03000000 0.00925641
v 0.25000000 -0.02000000 -0.00925641
v 0.25000000 -0.02000000 0.00925641
v 0.25000000 -0.01000000 -0.00925641
v 0.25000000 -0.01000000 0.00925641
v 0.25000000 -0.00000000 -0.00925641
v 0.25000000 -0.00000000 0.00925641
v 0.25000000 0.01000000 -0.00925641
v 0.25000000 0.01000000 0.00925641
v 0.25000000 0.02000000 -0.00925641
v 0.25000000 0.02000000 0.00925641
v 0.25000000 0.03000000 -0.00925641
v 0.25000000 0.03000000 0.00925641
v 0.25000000 0.04000000 -0.00925641
v 0.25000000 0.04000000 0.00925641
v 0.25000000 0.05000000 -0.00925641
v 0.25000000 0.05000000 0.00925641
v 0.25000000 0.06000000 -0.00925641
v 0.25000000 0.06000000 0.00925641
v 0.25000000 0.07000000 -0.00925641
v 0.25000000 0.07000000 0.00925641
v 0.25000000 0.08000000 -0.00925641
v 0.25000000 0.08000000 0.00925641
v 0.25000000 0.09000000 -0.00925641
v 0.25000000 0.09000000 0.00925641
v 0.25000000 0.10000000 -0.00925641
v 0.25000000 0.10000000 0.00925641
v 0.25000000 0.11000000 -0.00925641
v 0.25000000 0.11000000 0.00925641
v 0.25000000 0.12000000 -0.00925641
v 0.25000000 0.12000000 0.00925641
v 0.25000000 0.13000000 -0.00925641
v 0.25000000 0.13000000 0.00925641
v 0.25000000 0.14000000 -0.00925641
v 0.25000000 0.14000000 0.00925641
v 0.25000000 0.15000000 -0.00925641
v 0.25000000 0.15000000 0.00925641
v 0.25000000 0.16000000 -0.00925641
v 0.25000000 0.16000000 0.00925641
v 0.25000000 0.17000000 -0.00925641
v 0.25000000 0.17000000 0.00925641
v 0.25000000 0.18000000 -0.00925641
v 0.25000000 0.18000000 0.00925641
v 0.25000000 0.19000000 -0.00925641
v 0.25000000 0.19000000 0.00925641
v 0.25000000 0.20000000 -0.00925641
v 0.25000000 0.20000000 0.00925641
v 0.25000000 0.21000000 -0.00925641
v 0.25000000 0.21000000 0.00925641
v 0.25000000 0.22000000 -0.00925641
v 0.25000000 0.22000000 0.00925641
v 0.25000000 0.23000000 -0.00925641
v 0.25000000 0.23000000 0.00925641
v 0.25000000 0.24000000 -0.00925641
v 0.25000000 0.24000000 0.00925641
v 0.25000000 0.25000000 -0.00925641
v 0.25000000 0.25000000 0.00925641
v 0.25000000 0.26000000 -0.00925641
v 0.25000000 0.26000000 0.00925641
v 0.25000000 0.27000000 -0.00925641
v 0.25000000 0.27000000 0.00925641
v 0.25000000 0.28000000 -0.00925641
v 0.25000000 0.28000000 0.00925641
v 0.25000000 0.29000000 -0.00925641
v 0.25000000 0.29000000 0.00925641
v 0.25000000 0.30000000 -0.00925641
v 0.25000000 0.30000000 0.00925641
v 0.25000000 0.31000000 -0.00925641
v 0.25000000 0.31000000 0.00925641
v 0.25000000 0.32000000 -0.00925641
v 0.25000000 0.32000000 0.00925641
v 0.25000000 0.33000000 -0.00925641
v 0.25000000 0.33000000 0.00925641
v 0.25000000 0.34000000 -0.00925641
v 0.25000000 0.34000000 0.00925641
v 0.25000000 0.34384615 -0.00541026
v 0.25000000 0.34466666 0.00458974
v 0.26000000 -0.34384615 -0.00541026
v 0.26000000 -0.34000000 -0.00925641
v 0.26000000 -0.34466666 0.00458974
v 0.26000000 -0.34000000 0.00925641
v 0.26000000 -0.33000000 -0.00925641
v 0.26000000 -0.33000000 0.00925641
v 0.26000000 -0.32000000 -0.00925641
v 0.26000000 -0.32000000 0.00925641
v 0.26000000 -0.31000000 -0.00925641
v 0.26000000 -0.31000000 0.00925641
v 0.26000000 -0.30000000 -0.00925641
v 0.26000000 -0.30000000 0.00925641
v 0.26000000 -0.29000000 -0.00925641
v 0.26000000 -0.29000000 0.00925641
v 0.26000000 -0.28000000 -0.00925641
v 0.26000000 -0.28000000 0.00925641
v 0.26000000 -0.27000000 -0.00925641
v 0.26000000 -0.27000000 0.00925641
v 0.26000000 -0.26000000 -0.00925641
v 0.26000000 -0.26000000 0.00925641
v 0.26000000 -0.25000000 -0.00925641
v 0.26000000 -0.25000000 0.00925641
v 0.26000000 -0.24000000 -0.00925641
v 0.26000000 -0.24000000 0.00925641
v 0.26000000 -0.23000000 -0.00925641
v 0.26000000 -0.23000000 0.00925641
v 0.26000000 -0.22000000 -0.00925641
v 0.26000000 -0.22000000 0.00925641
v 0.26000000 -0.21000000 -0.00925641
v 0.26000000 -0.21000000 0.00925641
v 0.26000000 -0.20000000 -0.00925641
v 0.26000000 -0.20000000 0.00925641
v 0.26000000 -0.19000000 -0.00925641
v 0.26000000 -0.19000000 0.00925641
v 0.26000000 -0.18000000 -0.00925641
v 0.26000000 -0.18000000 0.00925641
v 0.26000000 -0.17000000 -0.00925641
v 0.26000000 -0.17000000 0.00925641
v 0.26000000 -0.16000000 -0.00925641
v 0.26000000 -0.16000000 0.00925641
v 0.26000000 -0.15000000 -0.00925641
v 0.26000000 -0.15000000 0.00925641
v 0.26000000 -0.14000000 -0.00925641
v 0.26000000 -0.14000000 0.00925641
v 0.26000000 -0.13000000 -0.00925641
v 0.26000000 -0.13000000 0.00925641
v 0.26000000 -0.12000000 -0.00925641
v 0.26000000 -0.12000000 0.00925641
v 0.26000000 -0.11000000 -0.00925641
v 0.26000000 -0.11000000 0.00925641
v 0.26000000 -0.10000000 -0.00925641
v 0.26000000 -0.10000000 0.00925641
v 0.26000000 -0.09000000 -0.00925641
v 0.26000000 -0.09000000 0.00925641
v 0.26000000 -0.08000000 -0.00925641
v 0.26000000 -0.08000000 0.00925641
v 0.26000000 -0.07000000 -0.00925641
v 0.26000000 -0.07000000 0.00925641
v 0.26000000 -0.06000000 -0.00925641
v 0.26000000 -0.06000000 0.00925641
v 0.26000000 -0.05000000 -0.00925641
v 0.26000000 -0.05000000 0.00925641
v 0.26000000 -0.04000000 -0.00925641
v 0.26000000 -0.04000000 0.00925641
v 0.26000000 -0.03000000 -0.00925641
v 0.26000000 -0.03000000 0.00925641
v 0.26000000 -0.02000000 -0.00925641
v 0.26000000 -0.02000000 0.00925641
v 0.26000000 -0.01000000 -0.00925641
v 0.26000000 -0.01000000 0.00925641
v 0.26000000 -0.00000000 -0.00925641
v 0.26000000 -0.00000000 0.00925641
v 0.26000000 0.01000000 -0.00925641
v 0.26000000 0.01000000 0.00925641
v 0.26000000 0.02000000 -0.00925641
v 0.26000000 0.02000000 0.00925641
v 0.26000000 0.03000000 -0.00925641
v 0.26000000 0.03000000 0.00925641
v 0.26000000 0.04000000 -0.00925641
v 0.26000000 0.04000000 0.00925641
v 0.26000000 0.05000000 -0.00925641
v 0.26000000 0.05000000 0.00925641
v 0.26000000 0.06000000 -0.00925641
v 0.26000000 0.06000000 0.00925641
v 0.26000000 0.07000000 -0.00925641
v 0.26000000 0.07000000 0.00925641
v 0.26000000 0.08000000 -0.00925641
v 0.26000000 0.08000000 0.00925641
v 0.26000000 0.09000000 -0.00925641
v 0.26000000 0.09000000 0.00925641
v 0.26000000 0.10000000 -0.00925641
v 0.26000000 0.10000000 0.00925641
v 0.26000000 0.11000000 -0.00925641
v 0.26000000 0.11000000 0.00925641
v 0.26000000 0.12000000 -0.00925641
v 0.26000000 0.12000000 0.00925641
v 0.26000000 0.13000000 -0.00925641
v 0.26000000 0.13000000 0.00925641
v 0.26000000 0.14000000 -0.00925641
v 0.26000000 0.14000000 0.00925641
v 0.26000000 0.15000000 -0.00925641
v 0.26000000 0.15000000 0.00925641
v 0.26000000 0.16000000 -0.00925641
v 0.26000000 0.16000000 0.00925641
v 0.26000000 0.17000000 -0.00925641
v 0.26000000 0.17000000 0.00925641
v 0.26000000 0.18000000 -0.00925641
v 0.26000000 0.18000000 0.00925641
v 0.26000000 0.19000000 -0.00925641
v 0.26000000 0.19000000 0.00925641
v 0.26000000 0.20000000 -0.00925641
v 0.26000000 0.20000000 0.00925641
v 0.26000000 0.21000000 -0.00925641
v 0.26000000 0.21000000 0.00925641
v 0.26000000 0.22000000 -0.00925641
v 0.26000000 0.22000000 0.00925641
v 0.26000000 0.23000000 -0.00925641
v 0.26000000 0.23000000 0.00925641
v 0.26000000 0.24000000 -0.00925641
v 0.26000000 0.24000000 0.00925641
v 0.26000000 0.25000000 -0.00925641
v 0.26000000 0.25000000 0.00925641
v 0.26000000 0.26000000 -0.00925641
v 0.26000000 0.26000000 0.00925641
v 0.26000000 0.27000000 -0.00925641
v 0.26000000 0.27000000 0.00925641
v 0.26000000 0.28000000 -0.00925641
v 0.26000000 0.28000000 0.00925641
v 0.26000000 0.29000000 -0.00925641
v 0.26000000 0.29000000 0.00925641
v 0.26000000 0.30000000 -0.00925641
v 0.26000000 0.30000000 0.00925641
v 0.26000000 0.31000000 -0.00925641
v 0.26000000 0.31000000 0.00925641
v 0.26000000 0.32000000 -0.00925641
v 0.26000000 0.32000000 0.00925641
v 0.26000000 0.33000000 -0.00925641
v 0.26000000 0.33000000 0.00925641
v 0.26000000 0.34000000 -0.00925641
v 0.26000000 0.34000000 0.00925641
v 0.26000000 0.34384615 -0.00541026
v 0.26000000 0.34466666 0.00458974
v 0.27000000 -0.34384615 -0.00541026
v 0.27000000 -0.34000000 -0.00925641
v 0.27000000 -0.34466666 0.00458974
v 0.27000000 -0.34000000 0.00925641
v 0.27000000 -0.33000000 -0.00925641
v 0.27000000 -0.33000000 0.00925641
v 0.27000000 -0.32000000 -0.00925641
v 0.27000000 -0.32000000 0.00925641
v 0.27000000 -0.31000000 -0.00925641
v 0.27000000 -0.31000000 0.00925641
v 0.27000000 -0.30000000 -0.00925641
v 0.27000000 -0.30000000 0.00925641
v 0.27000000 -0.29000000 -0.00925641
v 0.27000000 -0.29000000 0.00925641
v 0.27000000 -0.28000000 -0.00925641
v 0.27000000 -0.28000000 0.00925641
v 0.27000000 -0.27000000 -0.00925641
v 0.27000000 -0.27000000 0.00925641
v 0.27000000 -0.26000000 -0.00925641
v 0.27000000 -0.26000000 0.00925641
v 0.27000000 -0.25000000 -0.00925641
v 0.27000000 -0.25000000 0.00925641
v 0.27000000 -0.24000000 -0.00925641
v 0.27000000 -0.24000000 0.00925641
v 0.27000000 -0.23000000 -0.00925641
v 0.27000000 -0.23000000 0.00925641
v 0.27000000 -0.22000000 -0.00925641
v 0.27000000 -0.22000000 0.00925641
v 0.27000000 -0.21000000 -0.00925641
v 0.27000000 -0.21000000 0.00925641
v 0.27000000 -0.20000000 -0.00925641
v 0.27000000 -0.20000000 0.00925641
v 0.27000000 -0.19000000 -0.00925641
v 0.27000000 -0.19000000 0.00925641
v 0.27000000 -0.18000000 -0.00925641
v 0.27000000 -0.18000000 0.00925641
v 0.27000000 -0.17000000 -0.00925641
v 0.27000000 -0.17000000 0.00925641
v 0.27000000 -0.16000000 -0.00925641
v 0.27000000 -0.16000000 0.00925641
v 0.27000000 -0.15000000 -0.00925641
v 0.27000000 -0.15000000 0.00925641
v 0.27000000 -0.14000000 -0.00925641
v 0.27000000 -0.14000000 0.00925641
v 0.27000000 -0.13000000 -0.00925641
v 0.27000000 -0.13000000 0.00925641
v 0.27000000 -0.12000000 -0.00925641
v 0.27000000 -0.12000000 0.00925641
v 0.27000000 -0.11000000 -0.00925641
v 0.27000000 -0.11000000 0.00925641
v 0.27000000 -0.10000000 -0.00925641
v 0.27000000 -0.10000000 0.00925641
v 0.27000000 -0.09000000 -0.00925641
v 0.27000000 -0.09000000 0.00925641
v 0.27000000 -0.08000000 -0.00925641
v 0.27000000 -0.08000000 0.00925641
v 0.27000000 -0.07000000 -0.00925641
v 0.27000000 -0.07000000 0.00925641
v 0.27000000 -0.06000000 -0.00925641
v 0.27000000 -0.06000000 0.00925641
v 0.27000000 -0.05000000 -0.00925641
v 0.27000000 -0.05000000 0.00925641
v 0.27000000 -0.04000000 -0.00925641
v 0.27000000 -0.04000000 0.00925641
v 0.27000000 -0.03000000 -0.00925641
v 0.27000000 -0.03000000 0.00925641
v 0.27000000 -0.02000000 -0.00925641
v 0.27000000 -0.02000000 0.00925641
v 0.27000000 -0.01000000 -0.00925641
v 0.27000000 -0.01000000 0.00925641
v 0.27000000 -0.00000000 -0.00925641
v 0.27000000 -0.00000000 0.00925641
v 0.27000000 0.01000000 -0.00925641
v 0.27000000 0.01000000 0.00925641
v 0.27000000 0.02000000 -0.00925641
v 0.27000000 0.02000000 0.00925641
v 0.27000000 0.03000000 -0.00925641
v 0.27000000 0.03000000 0.00925641
v 0.27000000 0.04000000 -0.00925641
v 0.27000000 0.04000000 0.00925641
v 0.27000000 0.05000000 -0.00925641
v 0.27000000 0.05000000 0.00925641
v 0.27000000 0.06000000 -0.00925641
v 0.27000000 0.06000000 0.00925641
v 0.27000000 0.07000000 -0.00925641
v 0.27000000 0.07000000 0.00925641
v 0.27000000 0.08000000 -0.00925641
v 0.27000000 0.08000000 0.00925641
v 0.27000000 0.09000000 -0.00925641
v 0.27000000 0.09000000 0.00925641
v 0.27000000 0.10000000 -0.00925641
v 0.27000000 0.10000000 0.00925641
v 0.27000000 0.11000000 -0.00925641
v 0.27000000 0.11000000 0.00925641
v 0.27000000 0.12000000 -0.00925641
v 0.27000000 0.12000000 0.00925641
v 0.27000000 0.13000000 -0.00925641
v 0.27000000 0.13000000 0.00925641
v 0.27000000 0.14000000 -0.00925641
v 0.27000000 0.14000000 0.00925641
v 0.27000000 0.15000000 -0.00925641
v 0.27000000 0.15000000 0.00925641
v 0.27000000 0.16000000 -0.00925641
v 0.27000000 0.16000000 0.00925641
v 0.27000000 0.17000000 -0.00925641
v 0.27000000 0.17000000 0.00925641
v 0.27000000 0.18000000 -0.00925641
v 0.27000000 0.18000000 0.00925641
v 0.27000000 0.19000000 -0.00925641
v 0.27000000 0.19000000 0.00925641
v 0.27000000 0.20000000 -0.00925641
v 0.27000000 0.20000000 0.00925641
v 0.27000000 0.21000000 -0.00925641
v 0.27000000 0.21000000 0.00925641
v 0.27000000 0.22000000 -0.00925641
v 0.27000000 0.22000000 0.00925641
v 0.27000000 0.23000000 -0.00925641
v 0.27000000 0.23000000 0.00925641
v 0.27000000 0.24000000 -0.00925641
v 0.27000000 0.24000000 0.00925641
v 0.27000000 0.25000000 -0.00925641
v 0.27000000 0.25000000 0.00925641
v 0.27000000 0.26000000 -0.00925641
v 0.27000000 0.26000000 0.00925641
v 0.27000000 0.27000000 -0.00925641
v 0.27000000 0.27000000 0.00925641
v 0.27000000 0.28000000 -0.00925641
v 0.27000000 0.28000000 0.00925641
v 0.27000000 0.29000000 -0.00925641
v 0.27000000 0.29000000 0.00925641
v 0.27000000 0.30000000 -0.00925641
v 0.27000000 0.30000000 0.00925641
v 0.27000000 0.31000000 -0.00925641
v 0.27000000 0.31000000 0.00925641
v 0.27000000 0.32000000 -0.00925641
v 0.27000000 0.32000000 0.00925641
v 0.27000000 0.33000000 -0.00925641
v 0.27000000 0.33000000 0.00925641
v 0.27000000 0.34000000 -0.00925641
v 0.27000000 0.34000000 0.00925641
v 0.27000000 0.34384615 -0.00541026
v 0.27000000 0.34466666 0.00458974
v 0.28000000 -0.34384615 -0.00541026
v 0.28000000 -0.34000000 -0.00925641
v 0.28000000 -0.34466666 0.00458974
v 0.28000000 -0.34000000 0.00925641
v 0.28000000 -0.33000000 -0.00925641
v 0.28000000 -0.33000000 0.00925641
v 0.28000000 -0.32000000 -0.00925641
v 0.28000000 -0.32000000 0.00925641
v 0.28000000 -0.31000000 -0.00925641
v 0.28000000 -0.31000000 0.00925641
v 0.28000000 -0.30000000 -0.00925641
v 0.28000000 -0.30000000 0.00925641
v 0.28000000 -0.29000000 -0.00925641
v 0.28000000 -0.29000000 0.00925641
v 0.28000000 -0.28000000 -0.00925641
v 0.28000000 -0.28000000 0.00925641
v 0.28000000 -0.27000000 -0.00925641
v 0.28000000 -0.27000000 0.00925641
v 0.28000000 -0.26000000 -0.00925641
v 0.28000000 -0.26000000 0.00925641
v 0.28000000 -0.25000000 -0.00925641
v 0.28000000 -0.25000000 0.00925641
v 0.28000000 -0.24000000 -0.00925641
v 0.28000000 -0.24000000 0.00925641
v 0.28000000 -0.23000000 -0.00925641
v 0.28000000 -0.23000000 0.00925641
v 0.28000000 -0.22000000 -0.00925641
v 0.28000000 -0.22000000 0.00925641
v 0.28000000 -0.21000000 -0.00925641
v 0.28000000 -0.21000000 0.00925641
v 0.28000000 -0.20000000 -0.00925641
v 0.28000000 -0.20000000 0.00925641
v 0.28000000 -0.19000000 -0.00925641
v 0.28000000 -0.19000000 0.00925641
v 0.28000000 -0.18000000 -0.00925641
v 0.28000000 -0.18000000 0.00925641
v 0.28000000 -0.17000000 -0.00925641
v 0.28000000 -0.17000000 0.00925641
v 0.28000000 -0.16000000 -0.00925641
v 0.28000000 -0.16000000 0.00925641
v 0.28000000 -0.15000000 -0.00925641
v 0.28000000 -0.15000000 0.00925641
v 0.28000000 -0.14000000 -0.00925641
v 0.28000000 -0.14000000 0.00925641
v 0.28000000 -0.13000000 -0.00925641
v 0.28000000 -0.13000000 0.00925641
v 0.28000000 -0.12000000 -0.00925641
v 0.28000000 -0.12000000 0.00925641
v 0.28000000 -0.11000000 -0.00925641
v 0.28000000 -0.11000000 0.00925641
v 0.28000000 -0.10000000 -0.00925641
v 0.28000000 -0.10000000 0.00925641
v 0.28000000 -0.09000000 -0.00925641
v 0.28000000 -0.09000000 0.00925641
v 0.28000000 -0.08000000 -0.00925641
v 0.28000000 -0.08000000 0.00925641
v 0.28000000 -0.07000000 -0.00925641
v 0.28000000 -0.07000000 0.00925641
v 0.28000000 -0.06000000 -0.00925641
v 0.28000000 -0.06000000 0.00925641
v 0.28000000 -0.05000000 -0.00925641
v 0.28000000 -0.05000000 0.00925641
v 0.28000000 -0.04000000 -0.00925641
v 0.28000000 -0.04000000 0.00925641
v 0.28000000 -0.03000000 -0.00925641
v 0.28000000 -0.03000000 0.00925641
v 0.28000000 -0.02000000 -0.00925641
v 0.28000000 -0.02000000 0.00925641
v 0.28000000 -0.01000000 -0.00925641
v 0.28000000 -0.01000000 0.00925641
v 0.28000000 -0.00000000 -0.00925641
v 0.28000000 -0.00000000 0.00925641
v 0.28000000 0.01000000 -0.00925641
v 0.28000000 0.01000000 0.00925641
v 0.28000000 0.02000000 -0.00925641
v 0.28000000 0.02000000 0.00925641
v 0.28000000 0.03000000 -0.00925641
v 0.28000000 0.03000000 0.00925641
v 0.28000000 0.04000000 -0.00925641
v 0.28000000 0.04000000 0.00925641
v 0.28000000 0.05000000 -0.00925641
v 0.28000000 0.05000000 0.00925641
v 0.28000000 0.06000000 -0.00925641
v 0.28000000 0.06000000 0.00925641
v 0.28000000 0.07000000 -0.00925641
v 0.28000000 0.07000000 0.00925641
v 0.28000000 0.08000000 -0.00925641
v 0.28000000 0.08000000 0.00925641
v 0.28000000 0.09000000 -0.00925641
v 0.28000000 0.09000000 0.00925641
v 0.28000000 0.10000000 -0.00925641
v 0.28000000 0.10000000 0.00925641
v 0.28000000 0.11000000 -0.00925641
v 0.28000000 0.11000000 0.00925641
v 0.28000000 0.12000000 -0.00925641
v 0.28000000 0.12000000 0.00925641
v 0.28000000 0.13000000 -0.00925641
v 0.28000000 0.13000000 0.00925641
v 0.28000000 0.14000000 -0.00925641
v 0.28000000 0.14000000 0.00925641
v 0.28000000 0.15000000 -0.00925641
v 0.28000000 0.15000000 0.00925641
v 0.28000000 0.16000000 -0.00925641
v 0.28000000 0.16000000 0.00925641
v 0.28000000 0.17000000 -0.00925641
v 0.28000000 0.17000000 0.00925641
v 0.28000000 0.18000000 -0.00925641
v 0.28000000 0.18000000 0.00925641
v 0.28000000 0.19000000 -0.00925641
v 0.28000000 0.19000000 0.00925641
v 0.28000000 0.20000000 -0.00925641
v 0.28000000 0.20000000 0.00925641
v 0.28000000 0.21000000 -0.00925641
v 0.28000000 0.21000000 0.00925641
v 0.28000000 0.22000000 -0.00925641
v 0.28000000 0.22000000 0.00925641
v 0.28000000 0.23000000 -0.00925641
v 0.28000000 0.23000000 0.00925641
v 0.28000000 0.24000000 -0.00925641
v 0.28000000 0.24000000 0.00925641
v 0.28000000 0.25000000 -0.00925641
v 0.28000000 0.25000000 0.00925641
v 0.28000000 0.26000000 -0.00925641
v 0.28000000 0.26000000 0.00925641
v 0.28000000 0.27000000 -0.00925641
v 0.28000000 0.27000000 0.00925641
v 0.28000000 0.28000000 -0.00925641
v 0.28000000 0.28000000 0.00925641
v 0.28000000 0.29000000 -0.00925641
v 0.28000000 0.29000000 0.00925641
v 0.28000000 0.30000000 -0.00925641
v 0.28000000 0.30000000 0.00925641
v 0.28000000 0.31000000 -0.00925641
v 0.28000000 0.31000000 0.00925641
v 0.28000000 0.32000000 -0.00925641
v 0.28000000 0.32000000 0.00925641
v 0.28000000 0.33000000 -0.00925641
v 0.28000000 0.33000000 0.00925641
v 0.28000000 0.34000000 -0.00925641
v 0.28000000 0.34000000 0.00925641
v 0.28000000 0.34384615 -0.00541026
v 0.28000000 0.34466666 0.00458974
v 0.29000000 -0.34384615 -0.00541026
v 0.29000000 -0.34000000 -0.00925641
v 0.29000000 -0.34466666 0.00458974
v 0.29000000 -0.34000000 0.00925641
v 0.29000000 -0.33000000 -0.00925641
v 0.29000000 -0.33000000 0.00925641
v 0.29000000 -0.32000000 -0.00925641
v 0.29000000 -0.32000000 0.00925641
v 0.29000000 -0.31000000 -0.00925641
v 0.29000000 -0.31000000 0.00925641
v 0.29000000 -0.30000000 -0.00925641
v 0.29000000 -0.30000000 0.00925641
v 0.29000000 -0.29000000 -0.00925641
v 0.29000000 -0.29000000 0.00925641
v 0.29000000 -0.28000000 -0.00925641
v 0.29000000 -0.28000000 0.00925641
v 0.29000000 -0.27000000 -0.00925641
v 0.29000000 -0.27000000 0.00925641
v 0.29000000 -0.26000000 -0.00925641
v 0.29000000 -0.26000000 0.00925641
v 0.29000000 -0.25000000 -0.00925641
v 0.29000000 -0.25000000 0.00925641
v 0.29000000 -0.24000000 -0.00925641
v 0.29000000 -0.24000000 0.00925641
v 0.29000000 -0.23000000 -0.00925641
v 0.29000000 -0.23000000 0.00925641
v 0.29000000 -0.22000000 -0.00925641
v 0.29000000 -0.22000000 0.00925641
v 0.29000000 -0.21000000 -0.00925641
v 0.29000000 -0.21000000 0.00925641
v 0.29000000 -0.20000000 -0.00925641
v 0.29000000 -0.20000000 0.00925641
v 0.29000000 -0.19000000 -0.00925641
v 0.29000000 -0.19000000 0.00925641
v 0.29000000 -0.18000000 -0.00925641
v 0.29000000 -0.18000000 0.00925641
v 0.29000000 -0.17000000 -0.00925641
v 0.29000000 -0.17000000 0.00925641
v 0.29000000 -0.16000000 -0.00925641
v 0.29000000 -0.16000000 0.00925641
v 0.29000000 -0.15000000 -0.00925641
v 0.29000000 -0.15000000 0.00925641
v 0.29000000 -0.14000000 -0.00925641
v 0.29000000 -0.14000000 0.00925641
v 0.29000000 -0.13000000 -0.00925641
v 0.29000000 -0.13000000 0.00925641
v 0.29000000 -0.12000000 -0.00925641
v 0.29000000 -0.12000000 0.00925641
v 0.29000000 -0.11000000 -0.00925641
v 0.29000000 -0.11000000 0.00925641
v 0.29000000 -0.10000000 -0.00925641
v 0.29000000 -0.10000000 0.00925641
v 0.29000000 -0.09000000 -0.00925641
v 0.29000000 -0.09000000 0.00925641
v 0.29000000 -0.08000000 -0.00925641
v 0.29000000 -0.08000000 0.00925641
v 0.29000000 -0.07000000 -0.00925641
v 0.29000000 -0.07000000 0.00925641
v 0.29000000 -0.06000000 -0.00925641
v 0.29000000 -0.06000000 0.00925641
v 0.29000000 -0.05000000 -0.00925641
v 0.29000000 -0.05000000 0.00925641
v 0.29000000 -0.04000000 -0.00925641
v 0.29000000 -0.04000000 0.00925641
v 0.29000000 -0.03000000 -0.00925641
v 0.29000000 -0.03000000 0.00925641
v 0.29000000 -0.02000000 -0.00925641
v 0.29000000 -0.02000000 0.00925641
v 0.29000000 -0.01000000 -0.00925641
v 0.29000000 -0.01000000 0.00925641
v 0.29000000 -0.00000000 -0.00925641
v 0.29000000 -0.00000000 0.00925641
v 0.29000000 0.01000000 -0.00925641
v 0.29000000 0.01000000 0.00925641
v 0.29000000 0.02000000 -0.00925641
v 0.29000000 0.02000000 0.00925641
v 0.29000000 0.03000000 -0.00925641
v 0.29000000 0.03000000 0.00925641
v 0.29000000 0.04000000 -0.00925641
v 0.29000000 0.04000000 0.00925641
v 0.29000000 0.05000000 -0.00925641
v 0.29000000 0.05000000 0.00925641
v 0.29000000 0.06000000 -0.00925641
v 0.29000000 0.06000000 0.00925641
v 0.29000000 0.07000000 -0.00925641
v 0.29000000 0.07000000 0.00925641
v 0.29000000 0.08000000 -0.00925641
v 0.29000000 0.08000000 0.00925641
v 0.29000000 0.09000000 -0.00925641
v 0.29000000 0.09000000 0.00925641
v 0.29000000 0.10000000 -0.00925641
v 0.29000000 0.10000000 0.00925641
v 0.29000000 0.11000000 -0.00925641
v 0.29000000 0.11000000 0.00925641
v 0.29000000 0.12000000 -0.00925641
v 0.29000000 0.12000000 0.00925641
v 0.29000000 0.13000000 -0.00925641
v 0.29000000 0.13000000 0.00925641
v 0.29000000 0.14000000 -0.00925641
v 0.29000000 0.14000000 0.00925641
v 0.29000000 0.15000000 -0.00925641
v 0.29000000 0.15000000 0.00925641
v 0.29000000 0.16000000 -0.00925641
v 0.29000000 0.16000000 0.00925641
v 0.29000000 0.17000000 -0.00925641
v 0.29000000 0.17000000 0.00925641
v 0.29000000 0.18000000 -0.00925641
v 0.29000000 0.18000000 0.00925641
v 0.29000000 0.19000000 -0.00925641
v 0.29000000 0.19000000 0.00925641
v 0.29000000 0.20000000 -0.00925641
v 0.29000000 0.20000000 0.00925641
v 0.29000000 0.21000000 -0.00925641
v 0.29000000 0.21000000 0.00925641
v 0.29000000 0.22000000 -0.00925641
v 0.29000000 0.22000000 0.00925641
v 0.29000000 0.23000000 -0.00925641
v 0.29000000 0.23000000 0.00925641
v 0.29000000 0.24000000 -0.00925641
v 0.29000000 0.24000000 0.00925641
v 0.29000000 0.25000000 -0.00925641
v 0.29000000 0.25000000 0.00925641
v 0.29000000 0.26000000 -0.00925641
v 0.29000000 0.26000000 0.00925641
v 0.29000000 0.27000000 -0.00925641
v 0.29000000 0.27000000 0.00925641
v 0.29000000 0.28000000 -0.00925641
v 0.29000000 0.28000000 0.00925641
v 0.29000000 0.29000000 -0.00925641
v 0.29000000 0.29000000 0.00925641
v 0.29000000 0.30000000 -0.00925641
v 0.29000000 0.30000000 0.00925641
v 0.29000000 0.31000000 -0.00925641
v 0.29000000 0.31000000 0.00925641
v 0.29000000 0.32000000 -0.00925641
v 0.29000000 0.32000000 0.00925641
v 0.29000000 0.33000000 -0.00925641
v 0.29000000 0.33000000 0.00925641
v 0.29000000 0.34000000 -0.00925641
v 0.29000000 0.34000000 0.00925641
v 0.29000000 0.34384615 -0.00541026
v 0.29000000 0.34466666 0.00458974
v 0.30000000 -0.34384615 -0.00541026
v 0.30000000 -0.34000000 -0.00925641
v 0.30000000 -0.34466666 0.00458974
v 0.30000000 -0.34000000 0.00925641
v 0.30000000 -0.33000000 -0.00925641
v 0.30000000 -0.33000000 0.00925641
v 0.30000000 -0.32000000 -0.00925641
v 0.30000000 -0.32000000 0.00925641
v 0.30000000 -0.31000000 -0.00925641
v 0.30000000 -0.31000000 0.00925641
v 0.30000000 -0.30000000 -0.00925641
v 0.30000000 -0.30000000 0.00925641
v 0.30000000 -0.29000000 -0.00925641
v 0.30000000 -0.29000000 0.00925641
v 0.30000000 -0.28000000 -0.00925641
v 0.30000000 -0.28000000 0.00925641
v 0.30000000 -0.27000000 -0.00925641
v 0.30000000 -0.27000000 0.00925641
v 0.30000000 -0.26000000 -0.00925641
v 0.30000000 -0.26000000 0.00925641
v 0.30000000 -0.25000000 -0.00925641
v 0.30000000 -0.25000000 0.00925641
v 0.30000000 -0.24000000 -0.00925641
v 0.30000000 -0.24000000 0.00925641
v 0.30000000 -0.23000000 -0.00925641
v 0.30000000 -0.23000000 0.00925641
v 0.30000000 -0.22000000 -0.00925641
v 0.30000000 -0.22000000 0.00925641
v 0.30000000 -0.21000000 -0.00925641
v 0.30000000 -0.21000000 0.00925641
v 0.30000000 -0.20000000 -0.00925641
v 0.30000000 -0.20000000 0.00925641
v 0.30000000 -0.19000000 -0.00925641
v 0.30000000 -0.19000000 0.00925641
v 0.30000000 -0.18000000 -0.00925641
v 0.30000000 -0.18000000 0.00925641
v 0.30000000 -0.17000000 -0.00925641
v 0.30000000 -0.17000000 0.00925641
v 0.30000000 -0.16000000 -0.00925641
v 0.30000000 -0.16000000 0.00925641
v 0.30000000 -0.15000000 -0.00925641
v 0.30000000 -0.15000000 0.00925641
v 0.30000000 -0.14000000 -0.00925641
v 0.30000000 -0.14000000 0.00925641
v 0.30000000 -0.13000000 -0.00925641
v 0.30000000 -0.13000000 0.00925641
v 0.30000000 -0.12000000 -0.00925641
v 0.30000000 -0.12000000 0.00925641
v 0.30000000 -0.11000000 -0.00925641
v 0.30000000 -0.11000000 0.00925641
v 0.30000000 -0.10000000 -0.00925641
v 0.30000000 -0.10000000 0.00925641
v 0.30000000 -0.09000000 -0.00925641
v 0.30000000 -0.09000000 0.00925641
v 0.30000000 -0.08000000 -0.00925641
v 0.30000000 -0.08000000 0.00925641
v 0.30000000 -0.07000000 -0.00925641
v 0.30000000 -0.07000000 0.00925641
v 0.30000000 -0.06000000 -0.00925641
v 0.30000000 -0.06000000 0.00925641
v 0.30000000 -0.05000000 -0.00925641
v 0.30000000 -0.05000000 0.00925641
v 0.30000000 -0.04000000 -0.00925641
v 0.30000000 -0.04000000 0.00925641
v 0.30000000 -0.03000000 -0.00925641
v 0.30000000 -0.03000000 0.00925641
v 0.30000000 -0.02000000 -0.00925641
v 0.30000000 -0.02000000 0.00925641
v 0.30000000 -0.01000000 -0.00925641
v 0.30000000 -0.01000000 0.00925641
v 0.30000000 -0.00000000 -0.00925641
v 0.30000000 -0.00000000 0.00925641
v 0.30000000 0.01000000 -0.00925641
v 0.30000000 0.01000000 0.00925641
v 0.30000000 0.02000000 -0.00925641
v 0.30000000 0.02000000 0.00925641
v 0.30000000 0.03000000 -0.00925641
v 0.30000000 0.03000000 0.00925641
v 0.30000000 0.04000000 -0.00925641
v 0.30000000 0.04000000 0.00925641
v 0.30000000 0.05000000 -0.00925641
v 0.30000000 0.05000000 0.00925641
v 0.30000000 0.06000000 -0.00925641
v 0.30000000 0.06000000 0.00925641
v 0.30000000 0.07000000 -0.00925641
v 0.30000000 0.07000000 0.00925641
v 0.30000000 0.08000000 -0.00925641
v 0.30000000 0.08000000 0.00925641
v 0.30000000 0.09000000 -0.00925641
v 0.30000000 0.09000000 0.00925641
v 0.30000000 0.10000000 -0.00925641
v 0.30000000 0.10000000 0.00925641
v 0.30000000 0.11000000 -0.00925641
v 0.30000000 0.11000000 0.00925641
v 0.30000000 0.12000000 -0.00925641
v 0.30000000 0.12000000 0.00925641
v 0.30000000 0.13000000 -0.00925641
v 0.30000000 0.13000000 0.00925641
v 0.30000000 0.14000000 -0.00925641
v 0.30000000 0.14000000 0.00925641
v 0.30000000 0.15000000 -0.00925641
v 0.30000000 0.15000000 0.00925641
v 0.30000000 0.16000000 -0.00925641
v 0.30000000 0.16000000 0.00925641
v 0.30000000 0.17000000 -0.00925641
v 0.30000000 0.17000000 0.00925641
v 0.30000000 0.18000000 -0.00925641
v 0.30000000 0.18000000 0.00925641
v 0.30000000 0.19000000 -0.00925641
v 0.30000000 0.19000000 0.00925641
v 0.30000000 0.20000000 -0.00925641
v 0.30000000 0.20000000 0.00925641
v 0.30000000 0.21000000 -0.00925641
v 0.30000000 0.21000000 0.00925641
v 0.30000000 0.22000000 -0.00925641
v 0.30000000 0.22000000 0.00925641
v 0.30000000 0.23000000 -0.00925641
v 0.30000000 0.23000000 0.00925641
v 0.30000000 0.24000000 -0.00925641
v 0.30000000 0.24000000 0.00925641
v 0.30000000 0.25000000 -0.00925641
v 0.30000000 0.25000000 0.00925641
v 0.30000000 0.26000000 -0.00925641
v 0.30000000 0.26000000 0.00925641
v 0.30000000 0.27000000 -0.00925641
v 0.30000000 0.27000000 0.00925641
v 0.30000000 0.28000000 -0.00925641
v 0.30000000 0.28000000 0.00925641
v 0.30000000 0.29000000 -0.00925641
v 0.30000000 0.29000000 0.00925641
v 0.30000000 0.30000000 -0.00925641
v 0.30000000 0.30000000 0.00925641
v 0.30000000 0.31000000 -0.00925641
v 0.30000000 0.31000000 0.00925641
v 0.30000000 0.32000000 -0.00925641
v 0.30000000 0.32000000 0.00925641
v 0.30000000 0.33000000 -0.00925641
v 0.30000000 0.33000000 0.00925641
v 0.30000000 0.34000000 -0.00925641
v 0.30000000 0.34000000 0.00925641
v 0.30000000 0.34384615 -0.00541026
v 0.30000000 0.34466666 0.00458974
v 0.31000000 -0.34384615 -0.00541026
v 0.31000000 -0.34000000 -0.00925641
v 0.31000000 -0.34466666 0.00458974
v 0.31000000 -0.34000000 0.00925641
v 0.31000000 -0.33000000 -0.00925641
v 0.31000000 -0.33000000 0.00925641
v 0.31000000 -0.32000000 -0.00925641
v 0.31000000 -0.32000000 0.00925641
v 0.31000000 -0.31000000 -0.00925641
v 0.31000000 -0.31000000 0.00925641
v 0.31000000 -0.30000000 -0.00925641
v 0.31000000 -0.30000000 0.00925641
v 0.31000000 -0.29000000 -0.00925641
v 0.31000000 -0.29000000 0.00925641
v 0.31000000 -0.28000000 -0.00925641
v 0.31000000 -0.28000000 0.00925641
v 0.31000000 -0.27000000 -0.00925641
v 0.31000000 -0.27000000 0.00925641
v 0.31000000 -0.26000000 -0.00925641
v 0.31000000 -0.26000000 0.00925641
v 0.31000000 -0.25000000 -0.00925641
v 0.31000000 -0.25000000 0.00925641
v 0.31000000 -0.24000000 -0.00925641
v 0.31000000 -0.24000000 0.00925641
v 0.31000000 -0.23000000 -0.00925641
v 0.31000000 -0.23000000 0.00925641
v 0.31000000 -0.22000000 -0.00925641
v 0.31000000 -0.22000000 0.00925641
v 0.31000000 -0.21000000 -0.00925641
v 0.31000000 -0.21000000 0.00925641
v 0.31000000 -0.20000000 -0.00925641
v 0.31000000 -0.20000000 0.00925641
v 0.31000000 -0.19000000 -0.00925641
v 0.31000000 -0.19000000 0.00925641
v 0.31000000 -0.18000000 -0.00925641
v 0.31000000 -0.18000000 0.00925641
v 0.31000000 -0.17000000 -0.00925641
v 0.31000000 -0.17000000 0.00925641
v 0.31000000 -0.16000000 -0.00925641
v 0.31000000 -0.16000000 0.00925641
v 0.31000000 -0.15000000 -0.00925641
v 0.31000000 -0.15000000 0.00925641
v 0.31000000 -0.14000000 -0.00925641
v 0.31000000 -0.14000000 0.00925641
v 0.31000000 -0.13000000 -0.00925641
v 0.31000000 -0.13000000 0.00925641
v 0.31000000 -0.12000000 -0.00925641
v 0.31000000 -0.12000000 0.00925641
v 0.31000000 -0.11000000 -0.00925641
v 0.31000000 -0.11000000 0.00925641
v 0.31000000 -0.10000000 -0.00925641
v 0.31000000 -0.10000000 0.00925641
v 0.31000000 -0.09000000 -0.00925641
v 0.31000000 -0.09000000 0.00925641
v 0.31000000 -0.08000000 -0.00925641
v 0.31000000 -0.08000000 0.00925641
v 0.31000000 -0.07000000 -0.00925641
v 0.31000000 -0.07000000 0.00925641
v 0.31000000 -0.06000000 -0.00925641
v 0.31000000 -0.06000000 0.00925641
v 0.31000000 -0.05000000 -0.00925641
v 0.31000000 -0.05000000 0.00925641
v 0.31000000 -0.04000000 -0.00925641
v 0.31000000 -0.04000000 0.00925641
v 0.31000000 -0.03000000 -0.00925641
v 0.31000000 -0.03000000 0.00925641
v 0.31000000 -0.02000000 -0.00925641
v 0.31000000 -0.02000000 0.00925641
v 0.31000000 -0.01000000 -0.00925641
v 0.31000000 -0.01000000 0.00925641
v 0.31000000 -0.00000000 -0.00925641
v 0.31000000 -0.00000000 0.00925641
v 0.31000000 0.01000000 -0.00925641
v 0.31000000 0.01000000 0.00925641
v 0.31000000 0.02000000 -0.00925641
v 0.31000000 0.02000000 0.00925641
v 0.31000000 0.03000000 -0.00925641
v 0.31000000 0.03000000 0.00925641
v 0.31000000 0.04000000 -0.00925641
v 0.31000000 0.04000000 0.00925641
v 0.31000000 0.05000000 -0.00925641
v 0.31000000 0.05000000 0.00925641
v 0.31000000 0.06000000 -0.00925641
v 0.31000000 0.06000000 0.00925641
v 0.31000000 0.07000000 -0.00925641
v 0.31000000 0.07000000 0.00925641
v 0.31000000 0.08000000 -0.00925641
v 0.31000000 0.08000000 0.00925641
v 0.31000000 0.09000000 -0.00925641
v 0.31000000 0.09000000 0.00925641
v 0.31000000 0.10000000 -0.00925641
v 0.31000000 0.10000000 0.00925641
v 0.31000000 0.11000000 -0.00925641
v 0.31000000 0.11000000 0.00925641
v 0.31000000 0.12000000 -0.00925641
v 0.31000000 0.12000000 0.00925641
v 0.31000000 0.13000000 -0.00925641
v 0.31000000 0.13000000 0.00925641
v 0.31000000 0.14000000 -0.00925641
v 0.31000000 0.14000000 0.00925641
v 0.31000000 0.15000000 -0.00925641
v 0.31000000 0.15000000 0.00925641
v 0.31000000 0.16000000 -0.00925641
v 0.31000000 0.16000000 0.00925641
v 0.31000000 0.17000000 -0.00925641
v 0.31000000 0.17000000 0.00925641
v 0.31000000 0.18000000 -0.00925641
v 0.31000000 0.18000000 0.00925641
v 0.31000000 0.19000000 -0.00925641
v 0.31000000 0.19000000 0.00925641
v 0.31000000 0.20000000 -0.00925641
v 0.31000000 0.20000000 0.00925641
v 0.31000000 0.21000000 -0.00925641
v 0.31000000 0.21000000 0.00925641
v 0.31000000 0.22000000 -0.00925641
v 0.31000000 0.22000000 0.00925641
v 0.31000000 0.23000000 -0.00925641
v 0.31000000 0.23000000 0.00925641
v 0.31000000 0.24000000 -0.00925641
v 0.31000000 0.24000000 0.00925641
v 0.31000000 0.25000000 -0.00925641
v 0.31000000 0.25000000 0.00925641
v 0.31000000 0.26000000 -0.00925641
v 0.31000000 0.26000000 0.00925641
v 0.31000000 0.27000000 -0.00925641
v 0.31000000 0.27000000 0.00925641
v 0.31000000 0.28000000 -0.00925641
v 0.31000000 0.28000000 0.00925641
v 0.31000000 0.29000000 -0.00925641
v 0.31000000 0.29000000 0.00925641
v 0.31000000 0.30000000 -0.00925641
v 0.31000000 0.30000000 0.00925641
v 0.31000000 0.31000000 -0.00925641
v 0.31000000 0.31000000 0.00925641
v 0.31000000 0.32000000 -0.00925641
v 0.31000000 0.32000000 0.00925641
v 0.31000000 0.33000000 -0.00925641
v 0.31000000 0.33000000 0.00925641
v 0.31000000 0.34000000 -0.00925641
v 0.31000000 0.34000000 0.00925641
v 0.31000000 0.34384615 -0.00541026
v 0.31000000 0.34466666 0.00458974
v 0.32000000 -0.34384615 -0.00541026
v 0.32000000 -0.34000000 -0.00925641
v 0.32000000 -0.34466666 0.00458974
v 0.32000000 -0.34000000 0.00925641
v 0.32000000 -0.33000000 -0.00925641
v 0.32000000 -0.33000000 0.00925641
v 0.32000000 -0.32000000 -0.00925641
v 0.32000000 -0.32000000 0.00925641
v 0.32000000 -0.31000000 -0.00925641
v 0.32000000 -0.31000000 0.00925641
v 0.32000000 -0.30000000 -0.00925641
v 0.32000000 -0.30000000 0.00925641
v 0.32000000 -0.29000000 -0.00925641
v 0.32000000 -0.29000000 0.00925641
v 0.32000000 -0.28000000 -0.00925641
v 0.32000000 -0.28000000 0.00925641
v 0.32000000 -0.27000000 -0.00925641
v 0.32000000 -0.27000000 0.00925641
v 0.32000000 -0.26000000 -0.00925641
v 0.32000000 -0.26000000 0.00925641
v 0.32000000 -0.25000000 -0.00925641
v 0.32000000 -0.25000000 0.00925641
v 0.32000000 -0.24000000 -0.00925641
v 0.32000000 -0.24000000 0.00925641
v 0.32000000 -0.23000000 -0.00925641
v 0.32000000 -0.23000000 0.00925641
v 0.32000000 -0.22000000 -0.00925641
v 0.32000000 -0.22000000 0.00925641
v 0.32000000 -0.21000000 -0.00925641
v 0.32000000 -0.21000000 0.00925641
v 0.32000000 -0.20000000 -0.00925641
v 0.32000000 -0.20000000 0.00925641
v 0.32000000 -0.19000000 -0.00925641
v 0.32000000 -0.19000000 0.00925641
v 0.32000000 -0.18000000 -0.00925641
v 0.32000000 -0.18000000 0.00925641
v 0.32000000 -0.17000000 -0.00925641
v 0.32000000 -0.17000000 0.00925641
v 0.32000000 -0.16000000 -0.00925641
v 0.32000000 -0.16000000 0.00925641
v 0.32000000 -0.15000000 -0.00925641
v 0.32000000 -0.15000000 0.00925641
v 0.32000000 -0.14000000 -0.00925641
v 0.32000000 -0.14000000 0.00925641
v 0.32000000 -0.13000000 -0.00925641
v 0.32000000 -0.13000000 0.00925641
v 0.32000000 -0.12000000 -0.00925641
v 0.32000000 -0.12000000 0.00925641
v 0.32000000 -0.11000000 -0.00925641
v 0.32000000 -0.11000000 0.00925641
v 0.32000000 -0.10000000 -0.00925641
v 0.32000000 -0.10000000 0.00925641
v 0.32000000 -0.09000000 -0.00925641
v 0.32000000 -0.09000000 0.00925641
v 0.32000000 -0.08000000 -0.00925641
v 0.32000000 -0.08000000 0.00925641
v 0.32000000 -0.07000000 -0.00925641
v 0.32000000 -0.07000000 0.00925641
v 0.32000000 -0.06000000 -0.00925641
v 0.32000000 -0.06000000 0.00925641
v 0.32000000 -0.05000000 -0.00925641
v 0.32000000 -0.05000000 0.00925641
v 0.32000000 -0.04000000 -0.00925641
v 0.32000000 -0.04000000 0.00925641
v 0.32000000 -0.03000000 -0.00925641
v 0.32000000 -0.03000000 0.00925641
v 0.32000000 -0.02000000 -0.00925641
v 0.32000000 -0.02000000 0.00925641
v 0.32000000 -0.01000000 -0.00925641
v 0.32000000 -0.01000000 0.00925641
v 0.32000000 -0.00000000 -0.00925641
v 0.32000000 -0.00000000 0.00925641
v 0.32000000 0.01000000 -0.00925641
v 0.32000000 0.01000000 0.00925641
v 0.32000000 0.02000000 -0.00925641
v 0.32000000 0.02000000 0.00925641
v 0.32000000 0.03000000 -0.00925641
v 0.32000000 0.03000000 0.00925641
v 0.32000000 0.04000000 -0.00925641
v 0.32000000 0.04000000 0.00925641
v 0.32000000 0.05000000 -0.00925641
v 0.32000000 0.05000000 0.00925641
v 0.32000000 0.06000000 -0.00925641
v 0.32000000 0.06000000 0.00925641
v 0.32000000 0.07000000 -0.00925641
v 0.32000000 0.07000000 0.00925641
v 0.32000000 0.08000000 -0.00925641
v 0.32000000 0.08000000 0.00925641
v 0.32000000 0.09000000 -0.00925641
v 0.32000000 0.09000000 0.00925641
v 0.32000000 0.10000000 -0.00925641
v 0.32000000 0.10000000 0.00925641
v 0.32000000 0.11000000 -0.00925641
v 0.32000000 0.11000000 0.00925641
v 0.32000000 0.12000000 -0.00925641
v 0.32000000 0.12000000 0.00925641
v 0.32000000 0.13000000 -0.00925641
v 0.32000000 0.13000000 0.00925641
v 0.32000000 0.14000000 -0.00925641
v 0.32000000 0.14000000 0.00925641
v 0.32000000 0.15000000 -0.00925641
v 0.32000000 0.15000000 0.00925641
v 0.32000000 0.16000000 -0.00925641
v 0.32000000 0.16000000 0.00925641
v 0.32000000 0.17000000 -0.00925641
v 0.32000000 0.17000000 0.00925641
v 0.32000000 0.18000000 -0.00925641
v 0.32000000 0.18000000 0.00925641
v 0.32000000 0.19000000 -0.00925641
v 0.32000000 0.19000000 0.00925641
v 0.32000000 0.20000000 -0.00925641
v 0.32000000 0.20000000 0.00925641
v 0.32000000 0.21000000 -0.00925641
v 0.32000000 0.21000000 0.00925641
v 0.32000000 0.22000000 -0.00925641
v 0.32000000 0.22000000 0.00925641
v 0.32000000 0.23000000 -0.00925641
v 0.32000000 0.23000000 0.00925641
v 0.32000000 0.24000000 -0.00925641
v 0.32000000 0.24000000 0.00925641
v 0.32000000 0.25000000 -0.00925641
v 0.32000000 0.25000000 0.00925641
v 0.32000000 0.26000000 -0.00925641
v 0.32000000 0.26000000 0.00925641
v 0.32000000 0.27000000 -0.00925641
v 0.32000000 0.27000000 0.00925641
v 0.32000000 0.28000000 -0.00925641
v 0.32000000 0.28000000 0.00925641
v 0.32000000 0.29000000 -0.00925641
v 0.32000000 0.29000000 0.00925641
v 0.32000000 0.30000000 -0.00925641
v 0.32000000 0.30000000 0.00925641
v 0.32000000 0.31000000 -0.00925641
v 0.32000000 0.31000000 0.00925641
v 0.32000000 0.32000000 -0.00925641
v 0.32000000 0.32000000 0.00925641
v 0.32000000 0.33000000 -0.00925641
v 0.32000000 0.33000000 0.00925641
v 0.32000000 0.34000000 -0.00925641
v 0.32000000 0.34000000 0.00925641
v 0.32000000 0.34384615 -0.00541026
v 0.32000000 0.34466666 0.00458974
v 0.33000000 -0.34384615 -0.00541026
v 0.33000000 -0.34000000 -0.00925641
v 0.33000000 -0.34466666 0.00458974
v 0.33000000 -0.34000000 0.00925641
v 0.33000000 -0.33000000 -0.00925641
v 0.33000000 -0.33000000 0.00925641
v 0.33000000 -0.32000000 -0.00925641
v 0.33000000 -0.32000000 0.00925641
v 0.33000000 -0.31000000 -0.00925641
v 0.33000000 -0.31000000 0.00925641
v 0.33000000 -0.30000000 -0.00925641
v 0.33000000 -0.30000000 0.00925641
v 0.33000000 -0.29000000 -0.00925641
v 0.33000000 -0.29000000 0.00925641
v 0.33000000 -0.28000000 -0.00925641
v 0.33000000 -0.28000000 0.00925641
v 0.33000000 -0.27000000 -0.00925641
v 0.33000000 -0.27000000 0.00925641
v 0.33000000 -0.26000000 -0.00925641
v 0.33000000 -0.26000000 0.00925641
v 0.33000000 -0.25000000 -0.00925641
v 0.33000000 -0.25000000 0.00925641
v 0.33000000 -0.24000000 -0.00925641
v 0.33000000 -0.24000000 0.00925641
v 0.33000000 -0.23000000 -0.00925641
v 0.33000000 -0.23000000 0.00925641
v 0.33000000 -0.22000000 -0.00925641
v 0.33000000 -0.22000000 0.00925641
v 0.33000000 -0.21000000 -0.00925641
v 0.33000000 -0.21000000 0.00925641
v 0.33000000 -0.20000000 -0.00925641
v 0.33000000 -0.20000000 0.00925641
v 0.33000000 -0.19000000 -0.00925641
v 0.33000000 -0.19000000 0.00925641
v 0.33000000 -0.18000000 -0.00925641
v 0.33000000 -0.18000000 0.00925641
v 0.33000000 -0.17000000 -0.00925641
v 0.33000000 -0.17000000 0.00925641
v 0.33000000 -0.16000000 -0.00925641
v 0.33000000 -0.16000000 0.00925641
v 0.33000000 -0.15000000 -0.00925641
v 0.33000000 -0.15000000 0.00925641
v 0.33000000 -0.14000000 -0.00925641
v 0.33000000 -0.14000000 0.00925641
v 0.33000000 -0.13000000 -0.00925641
v 0.33000000 -0.13000000 0.00925641
v 0.33000000 -0.12000000 -0.00925641
v 0.33000000 -0.12000000 0.00925641
v 0.33000000 -0.11000000 -0.00925641
v 0.33000000 -0.11000000 0.00925641
v 0.33000000 -0.10000000 -0.00925641
v 0.33000000 -0.10000000 0.00925641
v 0.33000000 -0.09000000 -0.00925641
v 0.33000000 -0.09000000 0.00925641
v 0.33000000 -0.08000000 -0.00925641
v 0.33000000 -0.08000000 0.00925641
v 0.33000000 -0.07000000 -0.00925641
v 0.33000000 -0.07000000 0.00925641
v 0.33000000 -0.06000000 -0.00925641
v 0.33000000 -0.06000000 0.00925641
v 0.33000000 -0.05000000 -0.00925641
v 0.33000000 -0.05000000 0.00925641
v 0.33000000 -0.04000000 -0.00925641
v 0.33000000 -0.04000000 0.00925641
v 0.33000000 -0.03000000 -0.00925641
v 0.33000000 -0.03000000 0.00925641
v 0.33000000 -0.02000000 -0.00925641
v 0.33000000 -0.02000000 0.00925641
v 0.33000000 -0.01000000 -0.00925641
v 0.33000000 -0.01000000 0.00925641
v 0.33000000 -0.00000000 -0.00925641
v 0.33000000 -0.00000000 0.00925641
v 0.33000000 0.01000000 -0.00925641
v 0.33000000 0.01000000 0.00925641
v 0.33000000 0.02000000 -0.00925641
v 0.33000000 0.02000000 0.00925641
v 0.33000000 0.03000000 -0.00925641
v 0.33000000 0.03000000 0.00925641
v 0.33000000 0.04000000 -0.00925641
v 0.33000000 0.04000000 0.00925641
v 0.33000000 0.05000000 -0.00925641
v 0.33000000 0.05000000 0.00925641
v 0.33000000 0.06000000 -0.00925641
v 0.33000000 0.06000000 0.00925641
v 0.33000000 0.07000000 -0.00925641
v 0.33000000 0.07000000 0.00925641
v 0.33000000 0.08000000 -0.00925641
v 0.33000000 0.08000000 0.00925641
v 0.33000000 0.09000000 -0.00925641
v 0.33000000 0.09000000 0.00925641
v 0.33000000 0.10000000 -0.00925641
v 0.33000000 0.10000000 0.00925641
v 0.33000000 0.11000000 -0.00925641
v 0.33000000 0.11000000 0.00925641
v 0.33000000 0.12000000 -0.00925641
v 0.33000000 0.12000000 0.00925641
v 0.33000000 0.13000000 -0.00925641
v 0.33000000 0.13000000 0.00925641
v 0.33000000 0.14000000 -0.00925641
v 0.33000000 0.14000000 0.00925641
v 0.33000000 0.15000000 -0.00925641
v 0.33000000 0.15000000 0.00925641
v 0.33000000 0.16000000 -0.00925641
v 0.33000000 0.16000000 0.00925641
v 0.33000000 0.17000000 -0.00925641
v 0.33000000 0.17000000 0.00925641
v 0.33000000 0.18000000 -0.00925641
v 0.33000000 0.18000000 0.00925641
v 0.33000000 0.19000000 -0.00925641
v 0.33000000 0.19000000 0.00925641
v 0.33000000 0.20000000 -0.00925641
v 0.33000000 0.20000000 0.00925641
v 0.33000000 0.21000000 -0.00925641
v 0.33000000 0.21000000 0.00925641
v 0.33000000 0.22000000 -0.00925641
v 0.33000000 0.22000000 0.00925641
v 0.33000000 0.23000000 -0.00925641
v 0.33000000 0.23000000 0.00925641
v 0.33000000 0.24000000 -0.00925641
v 0.33000000 0.24000000 0.00925641
v 0.33000000 0.25000000 -0.00925641
v 0.33000000 0.25000000 0.00925641
v 0.33000000 0.26000000 -0.00925641
v 0.33000000 0.26000000 0.00925641
v 0.33000000 0.27000000 -0.00925641
v 0.33000000 0.27000000 0.00925641
v 0.33000000 0.28000000 -0.00925641
v 0.33000000 0.28000000 0.00925641
v 0.33000000 0.29000000 -0.00925641
v 0.33000000 0.29000000 0.00925641
v 0.33000000 0.30000000 -0.00925641
v 0.33000000 0.30000000 0.00925641
v 0.33000000 0.31000000 -0.00925641
v 0.33000000 0.31000000 0.00925641
v 0.33000000 0.32000000 -0.00925641
v 0.33000000 0.32000000 0.00925641
v 0.33000000 0.33000000 -0.00925641
v 0.33000000 0.33000000 0.00925641
v 0.33000000 0.34000000 -0.00925641
v 0.33000000 0.34000000 0.00925641
v 0.33000000 0.34384615 -0.00541026
v 0.33000000 0.34466666 0.00458974
v 0.34000000 -0.34384615 -0.00541026
v 0.34000000 -0.34000000 -0.00925641
v 0.34000000 -0.34466666 0.00458974
v 0.34000000 -0.34000000 0.00925641
v 0.34000000 -0.33000000 -0.00925641
v 0.34000000 -0.33000000 0.00925641
v 0.34000000 -0.32000000 -0.00925641
v 0.34000000 -0.32000000 0.00925641
v 0.34000000 -0.31000000 -0.00925641
v 0.34000000 -0.31000000 0.00925641
v 0.34000000 -0.30000000 -0.00925641
v 0.34000000 -0.30000000 0.00925641
v 0.34000000 -0.29000000 -0.00925641
v 0.34000000 -0.29000000 0.00925641
v 0.34000000 -0.28000000 -0.00925641
v 0.34000000 -0.28000000 0.00925641
v 0.34000000 -0.27000000 -0.00925641
v 0.34000000 -0.27000000 0.00925641
v 0.34000000 -0.26000000 -0.00925641
v 0.34000000 -0.26000000 0.00925641
v 0.34000000 -0.25000000 -0.00925641
v 0.34000000 -0.25000000 0.00925641
v 0.34000000 -0.24000000 -0.00925641
v 0.34000000 -0.24000000 0.00925641
v 0.34000000 -0.23000000 -0.00925641
v 0.34000000 -0.23000000 0.00925641
v 0.34000000 -0.22000000 -0.00925641
v 0.34000000 -0.22000000 0.00925641
v 0.34000000 -0.21000000 -0.00925641
v 0.34000000 -0.21000000 0.00925641
v 0.34000000 -0.20000000 -0.00925641
v 0.34000000 -0.20000000 0.00925641
v 0.34000000 -0.19000000 -0.00925641
v 0.34000000 -0.19000000 0.00925641
v 0.34000000 -0.18000000 -0.00925641
v 0.34000000 -0.18000000 0.00925641
v 0.34000000 -0.17000000 -0.00925641
v 0.34000000 -0.17000000 0.00925641
v 0.34000000 -0.16000000 -0.00925641
v 0.34000000 -0.16000000 0.00925641
v 0.34000000 -0.15000000 -0.00925641
v 0.34000000 -0.15000000 0.00925641
v 0.34000000 -0.14000000 -0.00925641
v 0.34000000 -0.14000000 0.00925641
v 0.34000000 -0.13000000 -0.00925641
v 0.34000000 -0.13000000 0.00925641
v 0.34000000 -0.12000000 -0.00925641
v 0.34000000 -0.12000000 0.00925641
v 0.34000000 -0.11000000 -0.00925641
v 0.34000000 -0.11000000 0.00925641
v 0.34000000 -0.10000000 -0.00925641
v 0.34000000 -0.10000000 0.00925641
v 0.34000000 -0.09000000 -0.00925641
v 0.34000000 -0.09000000 0.00925641
v 0.34000000 -0.08000000 -0.00925641
v 0.34000000 -0.08000000 0.00925641
v 0.34000000 -0.07000000 -0.00925641
v 0.34000000 -0.07000000 0.00925641
v 0.34000000 -0.06000000 -0.00925641
v 0.34000000 -0.06000000 0.00925641
v 0.34000000 -0.05000000 -0.00925641
v 0.34000000 -0.05000000 0.00925641
v 0.34000000 -0.04000000 -0.00925641
v 0.34000000 -0.04000000 0.00925641
v 0.34000000 -0.03000000 -0.00925641
v 0.34000000 -0.03000000 0.00925641
v 0.34000000 -0.02000000 -0.00925641
v 0.34000000 -0.02000000 0.00925641
v 0.34000000 -0.01000000 -0.00925641
v 0.34000000 -0.01000000 0.00925641
v 0.34000000 -0.00000000 -0.00925641
v 0.34000000 -0.00000000 0.00925641
v 0.34000000 0.01000000 -0.00925641
v 0.34000000 0.01000000 0.00925641
v 0.34000000 0.02000000 -0.00925641
v 0.34000000 0.02000000 0.00925641
v 0.34000000 0.03000000 -0.00925641
v 0.34000000 0.03000000 0.00925641
v 0.34000000 0.04000000 -0.00925641
v 0.34000000 0.04000000 0.00925641
v 0.34000000 0.05000000 -0.00925641
v 0.34000000 0.05000000 0.00925641
v 0.34000000 0.06000000 -0.00925641
v 0.34000000 0.06000000 0.00925641
v 0.34000000 0.07000000 -0.00925641
v 0.34000000 0.07000000 0.00925641
v 0.34000000 0.08000000 -0.00925641
v 0.34000000 0.08000000 0.00925641
v 0.34000000 0.09000000 -0.00925641
v 0.34000000 0.09000000 0.00925641
v 0.34000000 0.10000000 -0.00925641
v 0.34000000 0.10000000 0.00925641
v 0.34000000 0.11000000 -0.00925641
v 0.34000000 0.11000000 0.00925641
v 0.34000000 0.12000000 -0.00925641
v 0.34000000 0.12000000 0.00925641
v 0.34000000 0.13000000 -0.00925641
v 0.34000000 0.13000000 0.00925641
v 0.34000000 0.14000000 -0.00925641
v 0.34000000 0.14000000 0.00925641
v 0.34000000 0.15000000 -0.00925641
v 0.34000000 0.15000000 0.00925641
v 0.34000000 0.16000000 -0.00925641
v 0.34000000 0.16000000 0.00925641
v 0.34000000 0.17000000 -0.00925641
v 0.34000000 0.17000000 0.00925641
v 0.34000000 0.18000000 -0.00925641
v 0.34000000 0.18000000 0.00925641
v 0.34000000 0.19000000 -0.00925641
v 0.34000000 0.19000000 0.00925641
v 0.34000000 0.20000000 -0.00925641
v 0.34000000 0.20000000 0.00925641
v 0.34000000 0.21000000 -0.00925641
v 0.34000000 0.21000000 0.00925641
v 0.34000000 0.22000000 -0.00925641
v 0.34000000 0.22000000 0.00925641
v 0.34000000 0.23000000 -0.00925641
v 0.34000000 0.23000000 0.00925641
v 0.34000000 0.24000000 -0.00925641
v 0.34000000 0.24000000 0.00925641
v 0.34000000 0.25000000 -0.00925641
v 0.34000000 0.25000000 0.00925641
v 0.34000000 0.26000000 -0.00925641
v 0.34000000 0.26000000 0.00925641
v 0.34000000 0.27000000 -0.00925641
v 0.34000000 0.27000000 0.00925641
v 0.34000000 0.28000000 -0.00925641
v 0.34000000 0.28000000 0.00925641
v 0.34000000 0.29000000 -0.00925641
v 0.34000000 0.29000000 0.00925641
v 0.34000000 0.30000000 -0.00925641
v 0.34000000 0.30000000 0.00925641
v 0.34000000 0.31000000 -0.00925641
v 0.34000000 0.31000000 0.00925641
v 0.34000000 0.32000000 -0.00925641
v 0.34000000 0.32000000 0.00925641
v 0.34000000 0.33000000 -0.00925641
v 0.34000000 0.33000000 0.00925641
v 0.34000000 0.34000000 -0.00925641
v 0.34000000 0.34000000 0.00925641
v 0.34000000 0.34384615 -0.00541026
v 0.34000000 0.34466666 0.00458974
v 0.34384615 -0.34000000 -0.00541026
v 0.34466666 -0.34000000 0.00458974
v 0.34384615 -0.33000000 -0.00541026
v 0.34466666 -0.33000000 0.00458974
v 0.34384615 -0.32000000 -0.00541026
v 0.34466666 -0.32000000 0.00458974
v 0.34384615 -0.31000000 -0.00541026
v 0.34466666 -0.31000000 0.00458974
v 0.34384615 -0.30000000 -0.00541026
v 0.34466666 -0.30000000 0.00458974
v 0.34384615 -0.29000000 -0.00541026
v 0.34466666 -0.29000000 0.00458974
v 0.34384615 -0.28000000 -0.00541026
v 0.34466666 -0.28000000 0.00458974
v 0.34384615 -0.27000000 -0.00541026
v 0.34466666 -0.27000000 0.00458974
v 0.34384615 -0.26000000 -0.00541026
v 0.34466666 -0.26000000 0.00458974
v 0.34384615 -0.25000000 -0.00541026
v 0.34466666 -0.25000000 0.00458974
v 0.34384615 -0.24000000 -0.00541026
v 0.34466666 -0.24000000 0.00458974
v 0.34384615 -0.23000000 -0.00541026
v 0.34466666 -0.23000000 0.00458974
v 0.34384615 -0.22000000 -0.00541026
v 0.34466666 -0.22000000 0.00458974
v 0.34384615 -0.21000000 -0.00541026
v 0.34466666 -0.21000000 0.00458974
v 0.34384615 -0.20000000 -0.00541026
v 0.34466666 -0.20000000 0.00458974
v 0.34384615 -0.19000000 -0.00541026
v 0.34466666 -0.19000000 0.00458974
v 0.34384615 -0.18000000 -0.00541026
v 0.34466666 -0.18000000 0.00458974
v 0.34384615 -0.17000000 -0.00541026
v 0.34466666 -0.17000000 0.00458974
v 0.34384615 -0.16000000 -0.00541026
v 0.34466666 -0.16000000 0.00458974
v 0.34384615 -0.15000000 -0.00541026
v 0.34466666 -0.15000000 0.00458974
v 0.34384615 -0.14000000 -0.00541026
v 0.34466666 -0.14000000 0.00458974
v 0.34384615 -0.13000000 -0.00541026
v 0.34466666 -0.13000000 0.00458974
v 0.34384615 -0.12000000 -0.00541026
v 0.34466666 -0.12000000 0.00458974
v 0.34384615 -0.11000000 -0.00541026
v 0.34466666 -0.11000000 0.00458974
v 0.34384615 -0.10000000 -0.00541026
v 0.34466666 -0.10000000 0.00458974
v 0.34384615 -0.09000000 -0.00541026
v 0.34466666 -0.09000000 0.00458974
v 0.34384615 -0.08000000 -0.00541026
v 0.34466666 -0.08000000 0.00458974
v 0.34384615 -0.07000000 -0.00541026
v 0.34466666 -0.07000000 0.00458974
v 0.34384615 -0.06000000 -0.00541026
v 0.34466666 -0.06000000 0.00458974
v 0.34384615 -0.05000000 -0.00541026
v 0.34466666 -0.05000000 0.00458974
v 0.34384615 -0.04000000 -0.00541026
v 0.34466666 -0.04000000 0.00458974
v 0.34384615 -0.03000000 -0.00541026
v 0.34466666 -0.03000000 0.00458974
v 0.34384615 -0.02000000 -0.00541026
v 0.34466666 -0.02000000 0.00458974
v 0.34384615 -0.01000000 -0.00541026
v 0.34466666 -0.01000000 0.00458974
v 0.34384615 -0.00000000 -0.00541026
v 0.34466666 -0.00000000 0.00458974
v 0.34384615 0.01000000 -0.00541026
v 0.34466666 0.01000000 0.00458974
v 0.34384615 0.02000000 -0.00541026
v 0.34466666 0.02000000 0.00458974
v 0.34384615 0.03000000 -0.00541026
v 0.34466666 0.03000000 0.00458974
v 0.34384615 0.04000000 -0.00541026
v 0.34466666 0.04000000 0.00458974
v 0.34384615 0.05000000 -0.00541026
v 0.34466666 0.05000000 0.00458974
v 0.34384615 0.06000000 -0.00541026
v 0.34466666 0.06000000 0.00458974
v 0.34384615 0.07000000 -0.00541026
v 0.34466666 0.07000000 0.00458974
v 0.34384615 0.08000000 -0.00541026
v 0.34466666 0.08000000 0.00458974
v 0.34384615 0.09000000 -0.00541026
v 0.34466666 0.09000000 0.00458974
v 0.34384615 0.10000000 -0.00541026
v 0.34466666 0.10000000 0.00458974
v 0.34384615 0.11000000 -0.00541026
v 0.34466666 0.11000000 0.00458974
v 0.34384615 0.12000000 -0.00541026
v 0.34466666 0.12000000 0.00458974
v 0.34384615 0.13000000 -0.00541026
v 0.34466666 0.13000000 0.00458974
v 0.34384615 0.14000000 -0.00541026
v 0.34466666 0.14000000 0.00458974
v 0.34384615 0.15000000 -0.00541026
v 0.34466666 0.15000000 0.00458974
v 0.34384615 0.16000000 -0.00541026
v 0.34466666 0.16000000 0.00458974
v 0.34384615 0.17000000 -0.00541026
v 0.34466666 0.17000000 0.00458974
v 0.34384615 0.18000000 -0.00541026
v 0.34466666 0.18000000 0.00458974
v 0.34384615 0.19000000 -0.00541026
v 0.34466666 0.19000000 0.00458974
v 0.34384615 0.20000000 -0.00541026
v 0.34466666 0.20000000 0.00458974
v 0.34384615 0.21000000 -0.00541026
v 0.34466666 0.21000000 0.00458974
v 0.34384615 0.22000000 -0.00541026
v 0.34466666 0.22000000 0.00458974
v 0.34384615 0.23000000 -0.00541026
v 0.34466666 0.23000000 0.00458974
v 0.34384615 0.24000000 -0.00541026
v 0.34466666 0.24000000 0.00458974
v 0.34384615 0.25000000 -0.00541026
v 0.34466666 0.25000000 0.00458974
v 0.34384615 0.26000000 -0.00541026
v 0.34466666 0.26000000 0.00458974
v 0.34384615 0.27000000 -0.00541026
v 0.34466666 0.27000000 0.00458974
v 0.34384615 0.28000000 -0.00541026
v 0.34466666 0.28000000 0.00458974
v 0.34384615 0.29000000 -0.00541026
v 0.34466666 0.29000000 0.00458974
v 0.34384615 0.30000000 -0.00541026
v 0.34466666 0.30000000 0.00458974
v 0.34384615 0.31000000 -0.00541026
v 0.34466666 0.31000000 0.00458974
v 0.34384615 0.32000000 -0.00541026
v 0.34466666 0.32000000 0.00458974
v 0.34384615 0.33000000 -0.00541026
v 0.34466666 0.33000000 0.00458974
v 0.34384615 0.34000000 -0.00541026
v 0.34466666 0.34000000 0.00458974
f 3 1 2
f 6788 6646 6790
f 6789 6647 6645
f 6787 6789 6645
f 6788 6644 6646
f 6786 6644 6788
f 6787 6645 6643
f 6785 6787 6643
f 6786 6642 6644
f 6784 6642 6786
f 6785 6643 6641
f 6783 6785 6641
f 6784 6640 6642
f 6782 6640 6784
f 6783 6641 6639
f 6781 6783 6639
f 6790 6646 6648
f 6789 6791 6647
f 6791 6649 6647
f 6790 6648 6792
f 6798 6656 6800
f 6799 6657 6655
f 6797 6799 6655
f 6798 6654 6656
f 6796 6654 6798
f 6797 6655 6653
f 6795 6797 6653
f 6782 6638 6640
f 6796 6652 6654
f 6795 6653 6651
f 6793 6795 6651
f 6794 6650 6652
f 6792 6650 6794
f 6793 6651 6649
f 6791 6793 6649
f 6792 6648 6650
f 6794 6652 6796
f 6800 6656 6658
f 6780 6638 6782
f 6779 6781 6637
f 6770 6626 6628
f 6768 6626 6770
f 6769 6627 6625
f 6767 6769 6625
f 6768 6624 6626
f 6766 6624 6768
f 6767 6625 6623
f 6765 6767 6623
f 6766 6622 6624
f 6764 6622 6766
f 6765 6623 6621
f 6763 6765 6621
f 6764 6620 6622
f 6762 6620 6764
f 6763 6621 6619
f 6769 6771 6627
f 6771 6629 6627
f 6770 6628 6772
f 6772 6628 6630
f 6780 6636 6638
f 6778 6636 6780
f 6779 6637 6635
f 6777 6779 6635
f 6778 6634 6636
f 6776 6634 6778
f 6777 6635 6633
f 6781 6639 6637
f 6775 6777 6633
f 6774 6632 6776
f 6775 6633 6631
f 6773 6775 6631
f 6774 6630 6632
f 6772 6630 6774
f 6773 6631 6629
f 6771 6773 6629
f 6776 6632 6634
f 6799 6801 6657
f 6801 6659 6657
f 6800 6658 6802
f 6829 6687 6685
f 6827 6829 6685
f 6828 6684 6686
f 6826 6684 6828
f 6827 6685 6683
f 6825 6827 6683
f 6826 6682 6684
f 6824 6682 6826
f 6825 6683 6681
f 6823 6825 6681
f 6824 6680 6682
f 6822 6680 6824
f 6823 6681 6679
f 6821 6823 6679
f 6822 6678 6680
f 6828 6686 6830
f 6830 6686 6688
f 6829 6831 6687
f 6831 6689 6687
f 6839 6697 6695
f 6837 6839 6695
f 6838 6694 6696
f 6836 6694 6838
f 6837 6695 6693
f 6835 6837 6693
f 6836 6692 6694
f 6820 6678 6822
f 6834 6692 6836
f 6833 6835 6691
f 6834 6690 6692
f 6832 6690 6834
f 6833 6691 6689
f 6831 6833 6689
f 6832 6688 6690
f 6830 6688 6832
f 6835 6693 6691
f 6821 6679 6677
f 6819 6821 6677
f 6820 6676 6678
f 6808 6666 6810
f 6809 6667 6665
f 6807 6809 6665
f 6808 6664 6666
f 6806 6664 6808
f 6807 6665 6663
f 6805 6807 6663
f 6810 6666 6668
f 6806 6662 6664
f 6805 6663 6661
f 6803 6805 6661
f 6804 6660 6662
f 6802 6660 6804
f 6803 6661 6659
f 6801 6803 6659
f 6802 6658 6660
f 6804 6662 6806
f 6761 6763 6619
f 6809 6669 6667
f 6811 6812 6669
f 6818 6676 6820
f 6819 6677 6675
f 6817 6819 6675
f 6818 6674 6676
f 6816 6674 6818
f 6817 6675 6672
f 6814 6817 6672
f 6811 6669 6809
f 6674 6816 6673
f 6671 6673 6815
f 6813 6671 6815
f 6671 6813 6672
f 6672 6813 6814
f 6810 6668 6812
f 6812 6668 6670
f 6669 6812 6670
f 6673 6816 6815
f 6838 6696 6840
f 6762 6618 6620
f 6761 6619 6617
f 6711 6569 6567
f 6709 6711 6567
f 6710 6566 6568
f 6708 6566 6710
f 6709 6567 6565
f 6707 6709 6565
f 6708 6564 6566
f 6706 6564 6708
f 6707 6565 6563
f 6705 6707 6563
f 6706 6562 6564
f 6704 6562 6706
f 6705 6563 6561
f 6703 6705 6561
f 6704 6560 6562
f 6710 6568 6712
f 6712 6568 6570
f 6711 6713 6569
f 6713 6571 6569
f 6721 6579 6577
f 6719 6721 6577
f 6720 6576 6578
f 6718 6576 6720
f 6719 6577 6575
f 6717 6719 6575
f 6718 6574 6576
f 6702 6560 6704
f 6716 6574 6718
f 6715 6717 6573
f 6716 6572 6574
f 6714 6572 6716
f 6715 6573 6571
f 6713 6715 6571
f 6714 6570 6572
f 6712 6570 6714
f 6717 6575 6573
f 6720 6578 6722
f 6703 6561 6559
f 6702 6558 6560
f 6690 6548 6692
f 6691 6549 6547
f 6689 6691 6547
f 6690 6546 6548
f 6688 6546 6690
f 6689 6547 6545
f 6687 6689 6545
f 6688 6544 6546
f 6686 6544 6688
f 6687 6545 6543
f 6685 6687 6543
f 6686 6542 6544
f 6684 6542 6686
f 6685 6543 6541
f 6683 6685 6541
f 6692 6548 6550
f 6691 6693 6549
f 6693 6551 6549
f 6692 6550 6694
f 6700 6558 6702
f 6701 6559 6557
f 6699 6701 6557
f 6700 6556 6558
f 6698 6556 6700
f 6699 6557 6555
f 6697 6699 6555
f 6701 6703 6559
f 6698 6554 6556
f 6697 6555 6553
f 6695 6697 6553
f 6696 6552 6554
f 6694 6552 6696
f 6695 6553 6551
f 6693 6695 6551
f 6694 6550 6552
f 6696 6554 6698
f 6722 6578 6580
f 6721 6723 6579
f 6723 6581 6579
f 6749 6751 6607
f 6750 6606 6608
f 6748 6606 6750
f 6749 6607 6605
f 6747 6749 6605
f 6748 6604 6606
f 6746 6604 6748
f 6747 6605 6603
f 6745 6747 6603
f 6746 6602 6604
f 6744 6602 6746
f 6745 6603 6601
f 6743 6745 6601
f 6744 6600 6602
f 6742 6600 6744
f 6751 6609 6607
f 6750 6608 6752
f 6752 6608 6610
f 6751 6753 6609
f 6759 6761 6617
f 6760 6616 6618
f 6758 6616 6760
f 6759 6617 6615
f 6757 6759 6615
f 6758 6614 6616
f 6756 6614 6758
f 6743 6601 6599
f 6757 6615 6613
f 6756 6612 6614
f 6754 6612 6756
f 6755 6613 6611
f 6753 6755 6611
f 6754 6610 6612
f 6752 6610 6754
f 6753 6611 6609
f 6755 6757 6613
f 6741 6743 6599
f 6742 6598 6600
f 6740 6598 6742
f 6731 6589 6587
f 6729 6731 6587
f 6730 6586 6588
f 6728 6586 6730
f 6729 6587 6585
f 6727 6729 6585
f 6728 6584 6586
f 6730 6588 6732
f 6726 6584 6728
f 6725 6727 6583
f 6726 6582 6584
f 6724 6582 6726
f 6725 6583 6581
f 6723 6725 6581
f 6724 6580 6582
f 6722 6580 6724
f 6727 6585 6583
f 6760 6618 6762
f 6732 6588 6590
f 6733 6591 6589
f 6741 6599 6597
f 6739 6741 6597
f 6740 6596 6598
f 6738 6596 6740
f 6739 6597 6595
f 6737 6739 6595
f 6738 6594 6596
f 6731 6733 6589
f 6736 6594 6738
f 6735 6737 6593
f 6736 6592 6594
f 6734 6592 6736
f 6735 6593 6591
f 6733 6735 6591
f 6734 6590 6592
f 6732 6590 6734
f 6737 6595 6593
f 6840 6696 6698
f 6839 6841 6697
f 6841 6699 6697
f 6947 6805 6803
f 6945 6947 6803
f 6946 6802 6804
f 6944 6802 6946
f 6945 6803 6801
f 6943 6945 6801
f 6944 6800 6802
f 6942 6800 6944
f 6943 6801 6799
f 6941 6943 6799
f 6942 6798 6800
f 6940 6798 6942
f 6941 6799 6797
f 6939 6941 6797
f 6940 6796 6798
f 6946 6804 6948
f 6948 6804 6806
f 6947 6949 6805
f 6949 6807 6805
f 6813 6815 6957
f 6955 6813 6957
f 6813 6955 6814
f 6814 6955 6956
f 6952 6810 6954
f 6954 6810 6812
f 6811 6954 6812
f 6938 6796 6940
f 6953 6954 6811
f 6951 6811 6809
f 6952 6808 6810
f 6950 6808 6952
f 6951 6809 6807
f 6949 6951 6807
f 6950 6806 6808
f 6948 6806 6950
f 6953 6811 6951
f 6815 6958 6957
f 6939 6797 6795
f 6938 6794 6796
f 6926 6784 6928
f 6927 6785 6783
f 6925 6927 6783
f 6926 6782 6784
f 6924 6782 6926
f 6925 6783 6781
f 6923 6925 6781
f 6924 6780 6782
f 6922 6780 6924
f 6923 6781 6779
f 6921 6923 6779
f 6922 6778 6780
f 6920 6778 6922
f 6921 6779 6777
f 6919 6921 6777
f 6928 6784 6786
f 6927 6929 6785
f 6929 6787 6785
f 6928 6786 6930
f 6936 6794 6938
f 6937 6795 6793
f 6935 6937 6793
f 6936 6792 6794
f 6934 6792 6936
f 6935 6793 6791
f 6933 6935 6791
f 6937 6939 6795
f 6934 6790 6792
f 6933 6791 6789
f 6931 6933 6789
f 6932 6788 6790
f 6930 6788 6932
f 6931 6789 6787
f 6929 6931 6787
f 6930 6786 6788
f 6932 6790 6934
f 6816 6958 6815
f 6956 6959 6814
f 6959 6817 6814
f 6985 6987 6843
f 6986 6842 6844
f 6984 6842 6986
f 6985 6843 6841
f 6983 6985 6841
f 6984 6840 6842
f 6982 6840 6984
f 6983 6841 6839
f 6981 6983 6839
f 6982 6838 6840
f 6980 6838 6982
f 6981 6839 6837
f 6979 6981 6837
f 6980 6836 6838
f 6978 6836 6980
f 6987 6845 6843
f 6986 6844 6988
f 6988 6844 6846
f 6987 6989 6845
f 6995 6997 6853
f 6996 6852 6854
f 6994 6852 6996
f 6995 6853 6851
f 6993 6995 6851
f 6994 6850 6852
f 6992 6850 6994
f 6979 6837 6835
f 6993 6851 6849
f 6992 6848 6850
f 6990 6848 6992
f 6991 6849 6847
f 6989 6991 6847
f 6990 6846 6848
f 6988 6846 6990
f 6989 6847 6845
f 6991 6993 6849
f 6977 6979 6835
f 6978 6834 6836
f 6976 6834 6978
f 6967 6825 6823
f 6965 6967 6823
f 6966 6822 6824
f 6964 6822 6966
f 6965 6823 6821
f 6963 6965 6821
f 6964 6820 6822
f 6966 6824 6968
f 6962 6820 6964
f 6961 6963 6819
f 6962 6818 6820
f 6960 6818 6962
f 6961 6819 6817
f 6959 6961 6817
f 6960 6816 6818
f 6958 6816 6960
f 6963 6821 6819
f 6920 6776 6778
f 6968 6824 6826
f 6969 6827 6825
f 6977 6835 6833
f 6975 6977 6833
f 6976 6832 6834
f 6974 6832 6976
f 6975 6833 6831
f 6973 6975 6831
f 6974 6830 6832
f 6967 6969 6825
f 6972 6830 6974
f 6971 6973 6829
f 6972 6828 6830
f 6970 6828 6972
f 6971 6829 6827
f 6969 6971 6827
f 6970 6826 6828
f 6968 6826 6970
f 6973 6831 6829
f 6918 6776 6920
f 6919 6777 6775
f 6917 6919 6775
f 6867 6869 6725
f 6868 6724 6726
f 6866 6724 6868
f 6867 6725 6723
f 6865 6867 6723
f 6866 6722 6724
f 6864 6722 6866
f 6865 6723 6721
f 6863 6865 6721
f 6864 6720 6722
f 6862 6720 6864
f 6863 6721 6719
f 6861 6863 6719
f 6862 6718 6720
f 6860 6718 6862
f 6869 6727 6725
f 6868 6726 6870
f 6870 6726 6728
f 6869 6871 6727
f 6877 6879 6735
f 6878 6734 6736
f 6876 6734 6878
f 6877 6735 6733
f 6875 6877 6733
f 6876 6732 6734
f 6874 6732 6876
f 6861 6719 6717
f 6875 6733 6731
f 6874 6730 6732
f 6872 6730 6874
f 6873 6731 6729
f 6871 6873 6729
f 6872 6728 6730
f 6870 6728 6872
f 6871 6729 6727
f 6873 6875 6731
f 6859 6861 6717
f 6860 6716 6718
f 6858 6716 6860
f 6849 6707 6705
f 6847 6849 6705
f 6848 6704 6706
f 6846 6704 6848
f 6847 6705 6703
f 6845 6847 6703
f 6846 6702 6704
f 6848 6706 6850
f 6844 6702 6846
f 6843 6845 6701
f 6844 6700 6702
f 6842 6700 6844
f 6843 6701 6699
f 6841 6843 6699
f 6842 6698 6700
f 6840 6698 6842
f 6845 6703 6701
f 6879 6737 6735
f 6850 6706 6708
f 6851 6709 6707
f 6859 6717 6715
f 6857 6859 6715
f 6858 6714 6716
f 6856 6714 6858
f 6857 6715 6713
f 6855 6857 6713
f 6856 6712 6714
f 6849 6851 6707
f 6854 6712 6856
f 6853 6855 6711
f 6854 6710 6712
f 6852 6710 6854
f 6853 6711 6709
f 6851 6853 6709
f 6852 6708 6710
f 6850 6708 6852
f 6855 6713 6711
f 6684 6540 6542
f 6878 6736 6880
f 6879 6881 6737
f 6908 6764 6766
f 6906 6764 6908
f 6907 6765 6763
f 6905 6907 6763
f 6906 6762 6764
f 6904 6762 6906
f 6905 6763 6761
f 6903 6905 6761
f 6904 6760 6762
f 6902 6760 6904
f 6903 6761 6759
f 6901 6903 6759
f 6902 6758 6760
f 6900 6758 6902
f 6901 6759 6757
f 6907 6909 6765
f 6909 6767 6765
f 6908 6766 6910
f 6910 6766 6768
f 6918 6774 6776
f 6916 6774 6918
f 6917 6775 6773
f 6915 6917 6773
f 6916 6772 6774
f 6914 6772 6916
f 6915 6773 6771
f 6899 6901 6757
f 6913 6915 6771
f 6912 6770 6914
f 6913 6771 6769
f 6911 6913 6769
f 6912 6768 6770
f 6910 6768 6912
f 6911 6769 6767
f 6909 6911 6767
f 6914 6770 6772
f 6900 6756 6758
f 6898 6756 6900
f 6899 6757 6755
f 6887 6889 6745
f 6888 6744 6746
f 6886 6744 6888
f 6887 6745 6743
f 6885 6887 6743
f 6886 6742 6744
f 6884 6742 6886
f 6889 6747 6745
f 6885 6743 6741
f 6884 6740 6742
f 6882 6740 6884
f 6883 6741 6739
f 6881 6883 6739
f 6882 6738 6740
f 6880 6738 6882
f 6881 6739 6737
f 6883 6885 6741
f 6880 6736 6738
f 6888 6746 6890
f 6889 6891 6747
f 6897 6899 6755
f 6898 6754 6756
f 6896 6754 6898
f 6897 6755 6753
f 6895 6897 6753
f 6896 6752 6754
f 6894 6752 6896
f 6890 6746 6748
f 6895 6753 6751
f 6894 6750 6752
f 6892 6750 6894
f 6893 6751 6749
f 6891 6893 6749
f 6892 6748 6750
f 6890 6748 6892
f 6891 6749 6747
f 6893 6895 6751
f 6682 6540 6684
f 6683 6541 6539
f 6681 6683 6539
f 6475 6333 6331
f 6473 6475 6331
f 6474 6330 6332
f 6472 6330 6474
f 6473 6331 6329
f 6471 6473 6329
f 6472 6328 6330
f 6470 6328 6472
f 6471 6329 6327
f 6469 6471 6327
f 6470 6326 6328
f 6468 6326 6470
f 6469 6327 6325
f 6467 6469 6325
f 6468 6324 6326
f 6474 6332 6476
f 6476 6332 6334
f 6475 6477 6333
f 6477 6335 6333
f 6485 6343 6341
f 6483 6485 6341
f 6484 6340 6342
f 6482 6340 6484
f 6483 6341 6339
f 6481 6483 6339
f 6482 6338 6340
f 6466 6324 6468
f 6480 6338 6482
f 6479 6481 6337
f 6480 6336 6338
f 6478 6336 6480
f 6479 6337 6335
f 6477 6479 6335
f 6478 6334 6336
f 6476 6334 6478
f 6481 6339 6337
f 6484 6342 6486
f 6467 6325 6323
f 6466 6322 6324
f 6454 6312 6456
f 6455 6313 6311
f 6453 6455 6311
f 6454 6310 6312
f 6452 6310 6454
f 6453 6311 6309
f 6451 6453 6309
f 6452 6308 6310
f 6450 6308 6452
f 6451 6309 6307
f 6449 6451 6307
f 6450 6306 6308
f 6448 6306 6450
f 6449 6307 6305
f 6447 6449 6305
f 6456 6312 6314
f 6455 6457 6313
f 6457 6315 6313
f 6456 6314 6458
f 6464 6322 6466
f 6465 6323 6321
f 6463 6465 6321
f 6464 6320 6322
f 6462 6320 6464
f 6463 6321 6319
f 6461 6463 6319
f 6465 6467 6323
f 6462 6318 6320
f 6461 6319 6317
f 6459 6461 6317
f 6460 6316 6318
f 6458 6316 6460
f 6459 6317 6315
f 6457 6459 6315
f 6458 6314 6316
f 6460 6318 6462
f 6486 6342 6344
f 6485 6487 6343
f 6487 6345 6343
f 6513 6515 6371
f 6514 6370 6372
f 6512 6370 6514
f 6513 6371 6369
f 6511 6513 6369
f 6512 6368 6370
f 6510 6368 6512
f 6511 6369 6367
f 6509 6511 6367
f 6510 6366 6368
f 6508 6366 6510
f 6509 6367 6365
f 6507 6509 6365
f 6508 6364 6366
f 6506 6364 6508
f 6515 6373 6371
f 6514 6372 6516
f 6516 6372 6374
f 6515 6517 6373
f 6523 6525 6381
f 6524 6380 6382
f 6522 6380 6524
f 6523 6381 6379
f 6521 6523 6379
f 6522 6378 6380
f 6520 6378 6522
f 6507 6365 6363
f 6521 6379 6377
f 6520 6376 6378
f 6518 6376 6520
f 6519 6377 6375
f 6517 6519 6375
f 6518 6374 6376
f 6516 6374 6518
f 6517 6375 6373
f 6519 6521 6377
f 6505 6507 6363
f 6506 6362 6364
f 6504 6362 6506
f 6495 6353 6351
f 6493 6495 6351
f 6494 6350 6352
f 6492 6350 6494
f 6493 6351 6349
f 6491 6493 6349
f 6492 6348 6350
f 6494 6352 6496
f 6490 6348 6492
f 6489 6491 6347
f 6490 6346 6348
f 6488 6346 6490
f 6489 6347 6345
f 6487 6489 6345
f 6488 6344 6346
f 6486 6344 6488
f 6491 6349 6347
f 6448 6304 6306
f 6496 6352 6354
f 6497 6355 6353
f 6505 6363 6361
f 6503 6505 6361
f 6504 6360 6362
f 6502 6360 6504
f 6503 6361 6359
f 6501 6503 6359
f 6502 6358 6360
f 6495 6497 6353
f 6500 6358 6502
f 6499 6501 6357
f 6500 6356 6358
f 6498 6356 6500
f 6499 6357 6355
f 6497 6499 6355
f 6498 6354 6356
f 6496 6354 6498
f 6501 6359 6357
f 6446 6304 6448
f 6447 6305 6303
f 6445 6447 6303
f 6395 6397 6253
f 6396 6252 6254
f 6394 6252 6396
f 6395 6253 6251
f 6393 6395 6251
f 6394 6250 6252
f 6392 6250 6394
f 6393 6251 6249
f 6391 6393 6249
f 6392 6248 6250
f 6390 6248 6392
f 6391 6249 6246
f 6388 6391 6246
f 6248 6390 6247
f 6247 6390 6389
f 6397 6255 6253
f 6396 6254 6398
f 6398 6254 6256
f 6397 6399 6255
f 6405 6407 6263
f 6406 6262 6264
f 6404 6262 6406
f 6405 6263 6261
f 6403 6405 6261
f 6404 6260 6262
f 6402 6260 6404
f 6245 6247 6389
f 6403 6261 6259
f 6402 6258 6260
f 6400 6258 6402
f 6401 6259 6257
f 6399 6401 6257
f 6400 6256 6258
f 6398 6256 6400
f 6399 6257 6255
f 6401 6403 6259
f 6387 6245 6389
f 6245 6387 6246
f 6246 6387 6388
f 6377 6235 6233
f 6375 6377 6233
f 6376 6232 6234
f 6374 6232 6376
f 6375 6233 6231
f 6373 6375 6231
f 6374 6230 6232
f 6376 6234 6378
f 6372 6230 6374
f 6371 6373 6229
f 6372 6228 6230
f 6370 6228 6372
f 6371 6229 6227
f 6369 6371 6227
f 6370 6226 6228
f 6368 6226 6370
f 6373 6231 6229
f 6407 6265 6263
f 6378 6234 6236
f 6379 6237 6235
f 6384 6242 6386
f 6386 6242 6244
f 6243 6386 6244
f 6385 6386 6243
f 6385 6243 6383
f 6383 6243 6241
f 6384 6240 6242
f 6377 6379 6235
f 6382 6240 6384
f 6381 6383 6239
f 6382 6238 6240
f 6380 6238 6382
f 6381 6239 6237
f 6379 6381 6237
f 6380 6236 6238
f 6378 6236 6380
f 6383 6241 6239
f 6525 6383 6381
f 6406 6264 6408
f 6407 6409 6265
f 6436 6292 6294
f 6434 6292 6436
f 6435 6293 6291
f 6433 6435 6291
f 6434 6290 6292
f 6432 6290 6434
f 6433 6291 6289
f 6431 6433 6289
f 6432 6288 6290
f 6430 6288 6432
f 6431 6289 6287
f 6429 6431 6287
f 6430 6286 6288
f 6428 6286 6430
f 6429 6287 6285
f 6435 6437 6293
f 6437 6295 6293
f 6436 6294 6438
f 6438 6294 6296
f 6446 6302 6304
f 6444 6302 6446
f 6445 6303 6301
f 6443 6445 6301
f 6444 6300 6302
f 6442 6300 6444
f 6443 6301 6299
f 6427 6429 6285
f 6441 6443 6299
f 6440 6298 6442
f 6441 6299 6297
f 6439 6441 6297
f 6440 6296 6298
f 6438 6296 6440
f 6439 6297 6295
f 6437 6439 6295
f 6442 6298 6300
f 6428 6284 6286
f 6426 6284 6428
f 6427 6285 6283
f 6415 6417 6273
f 6416 6272 6274
f 6414 6272 6416
f 6415 6273 6271
f 6413 6415 6271
f 6414 6270 6272
f 6412 6270 6414
f 6417 6275 6273
f 6413 6271 6269
f 6412 6268 6270
f 6410 6268 6412
f 6411 6269 6267
f 6409 6411 6267
f 6410 6266 6268
f 6408 6266 6410
f 6409 6267 6265
f 6411 6413 6269
f 6408 6264 6266
f 6416 6274 6418
f 6417 6419 6275
f 6425 6427 6283
f 6426 6282 6284
f 6424 6282 6426
f 6425 6283 6281
f 6423 6425 6281
f 6424 6280 6282
f 6422 6280 6424
f 6418 6274 6276
f 6423 6281 6279
f 6422 6278 6280
f 6420 6278 6422
f 6421 6279 6277
f 6419 6421 6277
f 6420 6276 6278
f 6418 6276 6420
f 6419 6277 6275
f 6421 6423 6279
f 6997 6855 6853
f 6524 6382 6526
f 6525 6385 6383
f 6631 6633 6489
f 6632 6488 6490
f 6630 6488 6632
f 6631 6489 6487
f 6629 6631 6487
f 6630 6486 6488
f 6628 6486 6630
f 6629 6487 6485
f 6627 6629 6485
f 6628 6484 6486
f 6626 6484 6628
f 6627 6485 6483
f 6625 6627 6483
f 6626 6482 6484
f 6624 6482 6626
f 6633 6491 6489
f 6632 6490 6634
f 6634 6490 6492
f 6633 6635 6491
f 6641 6643 6499
f 6642 6498 6500
f 6640 6498 6642
f 6641 6499 6497
f 6639 6641 6497
f 6640 6496 6498
f 6638 6496 6640
f 6625 6483 6481
f 6639 6497 6495
f 6638 6494 6496
f 6636 6494 6638
f 6637 6495 6493
f 6635 6637 6493
f 6636 6492 6494
f 6634 6492 6636
f 6635 6493 6491
f 6637 6639 6495
f 6643 6501 6499
f 6623 6625 6481
f 6622 6480 6624
f 6613 6471 6469
f 6611 6613 6469
f 6612 6468 6470
f 6610 6468 6612
f 6611 6469 6467
f 6609 6611 6467
f 6610 6466 6468
f 6608 6466 6610
f 6609 6467 6465
f 6607 6609 6465
f 6608 6464 6466
f 6606 6464 6608
f 6607 6465 6463
f 6605 6607 6463
f 6606 6462 6464
f 6612 6470 6614
f 6614 6470 6472
f 6613 6615 6471
f 6615 6473 6471
f 6623 6481 6479
f 6621 6623 6479
f 6622 6478 6480
f 6620 6478 6622
f 6621 6479 6477
f 6619 6621 6477
f 6620 6476 6478
f 6624 6480 6482
f 6618 6476 6620
f 6617 6619 6475
f 6618 6474 6476
f 6616 6474 6618
f 6617 6475 6473
f 6615 6617 6473
f 6616 6472 6474
f 6614 6472 6616
f 6619 6477 6475
f 6642 6500 6644
f 6644 6500 6502
f 6643 6645 6501
f 6529 6671 6530
f 6530 6671 6672
f 6668 6526 6670
f 6670 6526 6528
f 6527 6670 6528
f 6669 6670 6527
f 6669 6527 6667
f 6667 6527 6525
f 6668 6524 6526
f 6666 6524 6668
f 6667 6525 6523
f 6665 6667 6523
f 6666 6522 6524
f 6664 6522 6666
f 6665 6523 6521
f 6671 6529 6673
f 6529 6531 6673
f 6531 6674 6673
f 6532 6674 6531
f 6682 6538 6540
f 6680 6538 6682
f 6681 6539 6537
f 6679 6681 6537
f 6680 6536 6538
f 6678 6536 6680
f 6679 6537 6535
f 6663 6665 6521
f 6677 6679 6535
f 6676 6534 6678
f 6677 6535 6533
f 6675 6677 6533
f 6676 6532 6534
f 6674 6532 6676
f 6675 6533 6530
f 6672 6675 6530
f 6678 6534 6536
f 6664 6520 6522
f 6662 6520 6664
f 6663 6521 6519
f 6651 6653 6509
f 6652 6508 6510
f 6650 6508 6652
f 6651 6509 6507
f 6649 6651 6507
f 6650 6506 6508
f 6648 6506 6650
f 6653 6511 6509
f 6649 6507 6505
f 6648 6504 6506
f 6646 6504 6648
f 6647 6505 6503
f 6645 6647 6503
f 6646 6502 6504
f 6644 6502 6646
f 6645 6503 6501
f 6647 6649 6505
f 6604 6462 6606
f 6652 6510 6654
f 6653 6655 6511
f 6661 6663 6519
f 6662 6518 6520
f 6660 6518 6662
f 6661 6519 6517
f 6659 6661 6517
f 6660 6516 6518
f 6658 6516 6660
f 6654 6510 6512
f 6659 6517 6515
f 6658 6514 6516
f 6656 6514 6658
f 6657 6515 6513
f 6655 6657 6513
f 6656 6512 6514
f 6654 6512 6656
f 6655 6513 6511
f 6657 6659 6515
f 6605 6463 6461
f 6603 6605 6461
f 6604 6460 6462
f 6554 6410 6412
f 6552 6410 6554
f 6553 6411 6409
f 6551 6553 6409
f 6552 6408 6410
f 6550 6408 6552
f 6551 6409 6407
f 6549 6551 6407
f 6550 6406 6408
f 6548 6406 6550
f 6549 6407 6405
f 6547 6549 6405
f 6548 6404 6406
f 6546 6404 6548
f 6547 6405 6403
f 6553 6555 6411
f 6555 6413 6411
f 6554 6412 6556
f 6556 6412 6414
f 6564 6420 6422
f 6562 6420 6564
f 6563 6421 6419
f 6561 6563 6419
f 6562 6418 6420
f 6560 6418 6562
f 6561 6419 6417
f 6545 6547 6403
f 6559 6561 6417
f 6558 6416 6560
f 6559 6417 6415
f 6557 6559 6415
f 6558 6414 6416
f 6556 6414 6558
f 6557 6415 6413
f 6555 6557 6413
f 6560 6416 6418
f 6546 6402 6404
f 6544 6402 6546
f 6545 6403 6401
f 6533 6535 6391
f 6534 6390 6392
f 6532 6390 6534
f 6533 6391 6388
f 6530 6533 6388
f 6390 6532 6389
f 6389 6532 6531
f 6535 6393 6391
f 6387 6389 6531
f 6387 6529 6388
f 6388 6529 6530
f 6526 6384 6528
f 6528 6384 6386
f 6385 6528 6386
f 6527 6528 6385
f 6527 6385 6525
f 6529 6387 6531
f 6563 6565 6421
f 6534 6392 6536
f 6535 6537 6393
f 6543 6545 6401
f 6544 6400 6402
f 6542 6400 6544
f 6543 6401 6399
f 6541 6543 6399
f 6542 6398 6400
f 6540 6398 6542
f 6536 6392 6394
f 6541 6399 6397
f 6540 6396 6398
f 6538 6396 6540
f 6539 6397 6395
f 6537 6539 6395
f 6538 6394 6396
f 6536 6394 6538
f 6537 6395 6393
f 6539 6541 6397
f 6526 6382 6384
f 6565 6423 6421
f 6566 6422 6424
f 6592 6450 6594
f 6593 6451 6449
f 6591 6593 6449
f 6592 6448 6450
f 6590 6448 6592
f 6591 6449 6447
f 6589 6591 6447
f 6590 6446 6448
f 6588 6446 6590
f 6589 6447 6445
f 6587 6589 6445
f 6588 6444 6446
f 6586 6444 6588
f 6587 6445 6443
f 6585 6587 6443
f 6594 6450 6452
f 6593 6595 6451
f 6595 6453 6451
f 6594 6452 6596
f 6602 6460 6604
f 6603 6461 6459
f 6601 6603 6459
f 6602 6458 6460
f 6600 6458 6602
f 6601 6459 6457
f 6599 6601 6457
f 6586 6442 6444
f 6600 6456 6458
f 6599 6457 6455
f 6597 6599 6455
f 6598 6454 6456
f 6596 6454 6598
f 6597 6455 6453
f 6595 6597 6453
f 6596 6452 6454
f 6598 6456 6600
f 6584 6442 6586
f 6585 6443 6441
f 6583 6585 6441
f 6574 6430 6432
f 6572 6430 6574
f 6573 6431 6429
f 6571 6573 6429
f 6572 6428 6430
f 6570 6428 6572
f 6571 6429 6427
f 6573 6575 6431
f 6569 6571 6427
f 6568 6426 6570
f 6569 6427 6425
f 6567 6569 6425
f 6568 6424 6426
f 6566 6424 6568
f 6567 6425 6423
f 6565 6567 6423
f 6570 6426 6428
f 6564 6422 6566
f 6575 6433 6431
f 6576 6432 6434
f 6584 6440 6442
f 6582 6440 6584
f 6583 6441 6439
f 6581 6583 6439
f 6582 6438 6440
f 6580 6438 6582
f 6581 6439 6437
f 6574 6432 6576
f 6579 6581 6437
f 6578 6436 6580
f 6579 6437 6435
f 6577 6579 6435
f 6578 6434 6436
f 6576 6434 6578
f 6577 6435 6433
f 6575 6577 6433
f 6580 6436 6438
f 6369 6227 6225
f 6996 6854 6998
f 6997 6999 6855
f 7419 7277 7275
f 7417 7419 7275
f 7418 7274 7276
f 7416 7274 7418
f 7417 7275 7273
f 7415 7417 7273
f 7416 7272 7274
f 7414 7272 7416
f 7415 7273 7271
f 7413 7415 7271
f 7414 7270 7272
f 7412 7270 7414
f 7413 7271 7269
f 7411 7413 7269
f 7412 7268 7270
f 7418 7276 7420
f 7420 7276 7278
f 7419 7421 7277
f 7421 7279 7277
f 7429 7287 7285
f 7427 7429 7285
f 7428 7284 7286
f 7426 7284 7428
f 7427 7285 7283
f 7425 7427 7283
f 7426 7282 7284
f 7410 7268 7412
f 7424 7282 7426
f 7423 7425 7281
f 7424 7280 7282
f 7422 7280 7424
f 7423 7281 7279
f 7421 7423 7279
f 7422 7278 7280
f 7420 7278 7422
f 7425 7283 7281
f 7428 7286 7430
f 7411 7269 7267
f 7410 7266 7268
f 7398 7256 7400
f 7399 7257 7255
f 7397 7399 7255
f 7398 7254 7256
f 7396 7254 7398
f 7397 7255 7253
f 7395 7397 7253
f 7396 7252 7254
f 7394 7252 7396
f 7395 7253 7251
f 7393 7395 7251
f 7394 7250 7252
f 7392 7250 7394
f 7393 7251 7249
f 7391 7393 7249
f 7400 7256 7258
f 7399 7401 7257
f 7401 7259 7257
f 7400 7258 7402
f 7408 7266 7410
f 7409 7267 7265
f 7407 7409 7265
f 7408 7264 7266
f 7406 7264 7408
f 7407 7265 7263
f 7405 7407 7263
f 7409 7411 7267
f 7406 7262 7264
f 7405 7263 7261
f 7403 7405 7261
f 7404 7260 7262
f 7402 7260 7404
f 7403 7261 7259
f 7401 7403 7259
f 7402 7258 7260
f 7404 7262 7406
f 7430 7286 7288
f 7429 7431 7287
f 7431 7289 7287
f 7457 7459 7315
f 7458 7314 7316
f 7456 7314 7458
f 7457 7315 7313
f 7455 7457 7313
f 7456 7312 7314
f 7454 7312 7456
f 7455 7313 7311
f 7453 7455 7311
f 7454 7310 7312
f 7452 7310 7454
f 7453 7311 7309
f 7451 7453 7309
f 7452 7308 7310
f 7450 7308 7452
f 7459 7317 7315
f 7458 7316 7460
f 7460 7316 7318
f 7459 7461 7317
f 7467 7469 7325
f 7468 7324 7326
f 7466 7324 7468
f 7467 7325 7323
f 7465 7467 7323
f 7466 7322 7324
f 7464 7322 7466
f 7451 7309 7307
f 7465 7323 7321
f 7464 7320 7322
f 7462 7320 7464
f 7463 7321 7319
f 7461 7463 7319
f 7462 7318 7320
f 7460 7318 7462
f 7461 7319 7317
f 7463 7465 7321
f 7449 7451 7307
f 7450 7306 7308
f 7448 7306 7450
f 7439 7297 7295
f 7437 7439 7295
f 7438 7294 7296
f 7436 7294 7438
f 7437 7295 7293
f 7435 7437 7293
f 7436 7292 7294
f 7438 7296 7440
f 7434 7292 7436
f 7433 7435 7291
f 7434 7290 7292
f 7432 7290 7434
f 7433 7291 7289
f 7431 7433 7289
f 7432 7288 7290
f 7430 7288 7432
f 7435 7293 7291
f 7392 7248 7250
f 7440 7296 7298
f 7441 7299 7297
f 7449 7307 7305
f 7447 7449 7305
f 7448 7304 7306
f 7446 7304 7448
f 7447 7305 7303
f 7445 7447 7303
f 7446 7302 7304
f 7439 7441 7297
f 7444 7302 7446
f 7443 7445 7301
f 7444 7300 7302
f 7442 7300 7444
f 7443 7301 7299
f 7441 7443 7299
f 7442 7298 7300
f 7440 7298 7442
f 7445 7303 7301
f 7469 7327 7325
f 7390 7248 7392
f 7389 7391 7247
f 7339 7341 7197
f 7340 7196 7198
f 7338 7196 7340
f 7339 7197 7195
f 7337 7339 7195
f 7338 7194 7196
f 7336 7194 7338
f 7337 7195 7193
f 7335 7337 7193
f 7336 7192 7194
f 7334 7192 7336
f 7335 7193 7191
f 7333 7335 7191
f 7334 7190 7192
f 7332 7190 7334
f 7341 7199 7197
f 7340 7198 7342
f 7342 7198 7200
f 7341 7343 7199
f 7349 7351 7207
f 7350 7206 7208
f 7348 7206 7350
f 7349 7207 7205
f 7347 7349 7205
f 7348 7204 7206
f 7346 7204 7348
f 7333 7191 7189
f 7347 7205 7203
f 7346 7202 7204
f 7344 7202 7346
f 7345 7203 7201
f 7343 7345 7201
f 7344 7200 7202
f 7342 7200 7344
f 7343 7201 7199
f 7345 7347 7203
f 7351 7209 7207
f 7331 7333 7189
f 7330 7188 7332
f 7321 7179 7177
f 7319 7321 7177
f 7320 7176 7178
f 7318 7176 7320
f 7319 7177 7175
f 7317 7319 7175
f 7318 7174 7176
f 7316 7174 7318
f 7317 7175 7173
f 7315 7317 7173
f 7316 7172 7174
f 7314 7172 7316
f 7315 7173 7171
f 7313 7315 7171
f 7314 7170 7172
f 7320 7178 7322
f 7322 7178 7180
f 7321 7323 7179
f 7323 7181 7179
f 7331 7189 7187
f 7329 7331 7187
f 7330 7186 7188
f 7328 7186 7330
f 7329 7187 7185
f 7327 7329 7185
f 7328 7184 7186
f 7332 7188 7190
f 7326 7184 7328
f 7325 7327 7183
f 7326 7182 7184
f 7324 7182 7326
f 7325 7183 7181
f 7323 7325 7181
f 7324 7180 7182
f 7322 7180 7324
f 7327 7185 7183
f 7350 7208 7352
f 7352 7208 7210
f 7351 7353 7209
f 7237 7380 7238
f 7379 7380 7237
f 7379 7237 7377
f 7377 7237 7235
f 7378 7234 7236
f 7376 7234 7378
f 7377 7235 7233
f 7375 7377 7233
f 7376 7232 7234
f 7374 7232 7376
f 7375 7233 7231
f 7373 7375 7231
f 7374 7230 7232
f 7372 7230 7374
f 7373 7231 7229
f 7380 7236 7238
f 7378 7236 7380
f 7240 7381 7382
f 7239 7381 7240
f 7390 7246 7248
f 7388 7246 7390
f 7389 7247 7245
f 7387 7389 7245
f 7388 7244 7246
f 7386 7244 7388
f 7387 7245 7243
f 7371 7373 7229
f 7385 7387 7243
f 7384 7242 7386
f 7385 7243 7240
f 7382 7385 7240
f 7242 7384 7241
f 7241 7384 7383
f 7239 7241 7383
f 7381 7239 7383
f 7386 7242 7244
f 7372 7228 7230
f 7370 7228 7372
f 7371 7229 7227
f 7359 7361 7217
f 7360 7216 7218
f 7358 7216 7360
f 7359 7217 7215
f 7357 7359 7215
f 7358 7214 7216
f 7356 7214 7358
f 7361 7219 7217
f 7357 7215 7213
f 7356 7212 7214
f 7354 7212 7356
f 7355 7213 7211
f 7353 7355 7211
f 7354 7210 7212
f 7352 7210 7354
f 7353 7211 7209
f 7355 7357 7213
f 7391 7249 7247
f 7360 7218 7362
f 7361 7363 7219
f 7369 7371 7227
f 7370 7226 7228
f 7368 7226 7370
f 7369 7227 7225
f 7367 7369 7225
f 7368 7224 7226
f 7366 7224 7368
f 7362 7218 7220
f 7367 7225 7223
f 7366 7222 7224
f 7364 7222 7366
f 7365 7223 7221
f 7363 7365 7221
f 7364 7220 7222
f 7362 7220 7364
f 7363 7221 7219
f 7365 7367 7223
f 7468 7326 7470
f 7470 7326 7328
f 7469 7471 7327
f 7575 7577 7433
f 7576 7432 7434
f 7574 7432 7576
f 7575 7433 7431
f 7573 7575 7431
f 7574 7430 7432
f 7572 7430 7574
f 7573 7431 7429
f 7571 7573 7429
f 7572 7428 7430
f 7570 7428 7572
f 7571 7429 7427
f 7569 7571 7427
f 7570 7426 7428
f 7568 7426 7570
f 7577 7435 7433
f 7576 7434 7578
f 7578 7434 7436
f 7577 7579 7435
f 7585 7587 7443
f 7586 7442 7444
f 7584 7442 7586
f 7585 7443 7441
f 7583 7585 7441
f 7584 7440 7442
f 7582 7440 7584
f 7569 7427 7425
f 7583 7441 7439
f 7582 7438 7440
f 7580 7438 7582
f 7581 7439 7437
f 7579 7581 7437
f 7580 7436 7438
f 7578 7436 7580
f 7579 7437 7435
f 7581 7583 7439
f 7587 7445 7443
f 7567 7569 7425
f 7566 7424 7568
f 7557 7415 7413
f 7555 7557 7413
f 7556 7412 7414
f 7554 7412 7556
f 7555 7413 7411
f 7553 7555 7411
f 7554 7410 7412
f 7552 7410 7554
f 7553 7411 7409
f 7551 7553 7409
f 7552 7408 7410
f 7550 7408 7552
f 7551 7409 7407
f 7549 7551 7407
f 7550 7406 7408
f 7556 7414 7558
f 7558 7414 7416
f 7557 7559 7415
f 7559 7417 7415
f 7567 7425 7423
f 7565 7567 7423
f 7566 7422 7424
f 7564 7422 7566
f 7565 7423 7421
f 7563 7565 7421
f 7564 7420 7422
f 7568 7424 7426
f 7562 7420 7564
f 7561 7563 7419
f 7562 7418 7420
f 7560 7418 7562
f 7561 7419 7417
f 7559 7561 7417
f 7560 7416 7418
f 7558 7416 7560
f 7563 7421 7419
f 7586 7444 7588
f 7588 7444 7446
f 7587 7589 7445
f 7616 7472 7474
f 7614 7472 7616
f 7615 7473 7471
f 7613 7615 7471
f 7614 7470 7472
f 7612 7470 7614
f 7613 7471 7469
f 7611 7613 7469
f 7612 7468 7470
f 7610 7468 7612
f 7611 7469 7467
f 7609 7611 7467
f 7610 7466 7468
f 7608 7466 7610
f 7609 7467 7465
f 7615 7617 7473
f 7617 7475 7473
f 7616 7474 7618
f 7618 7474 7476
f 7626 7482 7484
f 7624 7482 7626
f 7625 7483 7481
f 7623 7625 7481
f 7624 7480 7482
f 7622 7480 7624
f 7623 7481 7479
f 7607 7609 7465
f 7621 7623 7479
f 7620 7478 7622
f 7621 7479 7477
f 7619 7621 7477
f 7620 7476 7478
f 7618 7476 7620
f 7619 7477 7475
f 7617 7619 7475
f 7622 7478 7480
f 7608 7464 7466
f 7606 7464 7608
f 7607 7465 7463
f 7595 7597 7453
f 7596 7452 7454
f 7594 7452 7596
f 7595 7453 7451
f 7593 7595 7451
f 7594 7450 7452
f 7592 7450 7594
f 7597 7455 7453
f 7593 7451 7449
f 7592 7448 7450
f 7590 7448 7592
f 7591 7449 7447
f 7589 7591 7447
f 7590 7446 7448
f 7588 7446 7590
f 7589 7447 7445
f 7591 7593 7449
f 7548 7406 7550
f 7596 7454 7598
f 7597 7599 7455
f 7605 7607 7463
f 7606 7462 7464
f 7604 7462 7606
f 7605 7463 7461
f 7603 7605 7461
f 7604 7460 7462
f 7602 7460 7604
f 7598 7454 7456
f 7603 7461 7459
f 7602 7458 7460
f 7600 7458 7602
f 7601 7459 7457
f 7599 7601 7457
f 7600 7456 7458
f 7598 7456 7600
f 7599 7457 7455
f 7601 7603 7459
f 7549 7407 7405
f 7547 7549 7405
f 7548 7404 7406
f 7498 7354 7356
f 7496 7354 7498
f 7497 7355 7353
f 7495 7497 7353
f 7496 7352 7354
f 7494 7352 7496
f 7495 7353 7351
f 7493 7495 7351
f 7494 7350 7352
f 7492 7350 7494
f 7493 7351 7349
f 7491 7493 7349
f 7492 7348 7350
f 7490 7348 7492
f 7491 7349 7347
f 7497 7499 7355
f 7499 7357 7355
f 7498 7356 7500
f 7500 7356 7358
f 7508 7364 7366
f 7506 7364 7508
f 7507 7365 7363
f 7505 7507 7363
f 7506 7362 7364
f 7504 7362 7506
f 7505 7363 7361
f 7489 7491 7347
f 7503 7505 7361
f 7502 7360 7504
f 7503 7361 7359
f 7501 7503 7359
f 7502 7358 7360
f 7500 7358 7502
f 7501 7359 7357
f 7499 7501 7357
f 7504 7360 7362
f 7490 7346 7348
f 7488 7346 7490
f 7489 7347 7345
f 7477 7479 7335
f 7478 7334 7336
f 7476 7334 7478
f 7477 7335 7333
f 7475 7477 7333
f 7476 7332 7334
f 7474 7332 7476
f 7479 7337 7335
f 7475 7333 7331
f 7474 7330 7332
f 7472 7330 7474
f 7473 7331 7329
f 7471 7473 7329
f 7472 7328 7330
f 7470 7328 7472
f 7471 7329 7327
f 7473 7475 7331
f 7507 7509 7365
f 7478 7336 7480
f 7479 7481 7337
f 7487 7489 7345
f 7488 7344 7346
f 7486 7344 7488
f 7487 7345 7343
f 7485 7487 7343
f 7486 7342 7344
f 7484 7342 7486
f 7480 7336 7338
f 7485 7343 7341
f 7484 7340 7342
f 7482 7340 7484
f 7483 7341 7339
f 7481 7483 7339
f 7482 7338 7340
f 7480 7338 7482
f 7481 7339 7337
f 7483 7485 7341
f 7312 7170 7314
f 7509 7367 7365
f 7510 7366 7368
f 7536 7394 7538
f 7537 7395 7393
f 7535 7537 7393
f 7536 7392 7394
f 7534 7392 7536
f 7535 7393 7391
f 7533 7535 7391
f 7534 7390 7392
f 7532 7390 7534
f 7533 7391 7389
f 7531 7533 7389
f 7532 7388 7390
f 7530 7388 7532
f 7531 7389 7387
f 7529 7531 7387
f 7538 7394 7396
f 7537 7539 7395
f 7539 7397 7395
f 7538 7396 7540
f 7546 7404 7548
f 7547 7405 7403
f 7545 7547 7403
f 7546 7402 7404
f 7544 7402 7546
f 7545 7403 7401
f 7543 7545 7401
f 7530 7386 7388
f 7544 7400 7402
f 7543 7401 7399
f 7541 7543 7399
f 7542 7398 7400
f 7540 7398 7542
f 7541 7399 7397
f 7539 7541 7397
f 7540 7396 7398
f 7542 7400 7544
f 7528 7386 7530
f 7529 7387 7385
f 7527 7529 7385
f 7518 7374 7376
f 7516 7374 7518
f 7517 7375 7373
f 7515 7517 7373
f 7516 7372 7374
f 7514 7372 7516
f 7515 7373 7371
f 7517 7519 7375
f 7513 7515 7371
f 7512 7370 7514
f 7513 7371 7369
f 7511 7513 7369
f 7512 7368 7370
f 7510 7368 7512
f 7511 7369 7367
f 7509 7511 7367
f 7514 7370 7372
f 7508 7366 7510
f 7519 7377 7375
f 7520 7376 7378
f 7528 7384 7386
f 7526 7384 7528
f 7527 7385 7382
f 7524 7527 7382
f 7384 7526 7383
f 7383 7526 7525
f 7381 7383 7525
f 7518 7376 7520
f 7523 7381 7525
f 7382 7523 7524
f 7520 7378 7522
f 7522 7378 7380
f 7379 7522 7380
f 7521 7522 7379
f 7521 7379 7519
f 7519 7379 7377
f 7381 7523 7382
f 7313 7171 7169
f 7311 7313 7169
f 7312 7168 7170
f 7103 7105 6961
f 7104 6960 6962
f 7102 6960 7104
f 7103 6961 6959
f 7101 7103 6959
f 7102 6958 6960
f 7100 6958 7102
f 7101 6959 6956
f 7098 7101 6956
f 6958 7100 6957
f 6957 7100 7099
f 6955 6957 7099
f 7097 6955 7099
f 6955 7097 6956
f 6956 7097 7098
f 7105 6963 6961
f 7104 6962 7106
f 7106 6962 6964
f 7105 7107 6963
f 7113 7115 6971
f 7114 6970 6972
f 7112 6970 7114
f 7113 6971 6969
f 7111 7113 6969
f 7112 6968 6970
f 7110 6968 7112
f 7094 6952 7096
f 7111 6969 6967
f 7110 6966 6968
f 7108 6966 7110
f 7109 6967 6965
f 7107 7109 6965
f 7108 6964 6966
f 7106 6964 7108
f 7107 6965 6963
f 7109 7111 6967
f 7115 6973 6971
f 7096 6952 6954
f 7095 7096 6953
f 7085 6943 6941
f 7083 7085 6941
f 7084 6940 6942
f 7082 6940 7084
f 7083 6941 6939
f 7081 7083 6939
f 7082 6938 6940
f 7080 6938 7082
f 7081 6939 6937
f 7079 7081 6937
f 7080 6936 6938
f 7078 6936 7080
f 7079 6937 6935
f 7077 7079 6935
f 7078 6934 6936
f 7084 6942 7086
f 7086 6942 6944
f 7085 7087 6943
f 7087 6945 6943
f 7095 6953 7093
f 7093 6953 6951
f 7094 6950 6952
f 7092 6950 7094
f 7093 6951 6949
f 7091 7093 6949
f 7092 6948 6950
f 6953 7096 6954
f 7090 6948 7092
f 7089 7091 6947
f 7090 6946 6948
f 7088 6946 7090
f 7089 6947 6945
f 7087 7089 6945
f 7088 6944 6946
f 7086 6944 7088
f 7091 6949 6947
f 7114 6972 7116
f 7116 6972 6974
f 7115 7117 6973
f 7144 7000 7002
f 7142 7000 7144
f 7143 7001 6999
f 7141 7143 6999
f 7142 6998 7000
f 7140 6998 7142
f 7141 6999 6997
f 7139 7141 6997
f 7140 6996 6998
f 7138 6996 7140
f 7139 6997 6995
f 7137 7139 6995
f 7138 6994 6996
f 7136 6994 7138
f 7137 6995 6993
f 7143 7145 7001
f 7145 7003 7001
f 7144 7002 7146
f 7146 7002 7004
f 7154 7010 7012
f 7152 7010 7154
f 7153 7011 7009
f 7151 7153 7009
f 7152 7008 7010
f 7150 7008 7152
f 7151 7009 7007
f 7135 7137 6993
f 7149 7151 7007
f 7148 7006 7150
f 7149 7007 7005
f 7147 7149 7005
f 7148 7004 7006
f 7146 7004 7148
f 7147 7005 7003
f 7145 7147 7003
f 7150 7006 7008
f 7136 6992 6994
f 7134 6992 7136
f 7135 6993 6991
f 7123 7125 6981
f 7124 6980 6982
f 7122 6980 7124
f 7123 6981 6979
f 7121 7123 6979
f 7122 6978 6980
f 7120 6978 7122
f 7125 6983 6981
f 7121 6979 6977
f 7120 6976 6978
f 7118 6976 7120
f 7119 6977 6975
f 7117 7119 6975
f 7118 6974 6976
f 7116 6974 7118
f 7117 6975 6973
f 7119 7121 6977
f 7076 6934 7078
f 7124 6982 7126
f 7125 7127 6983
f 7133 7135 6991
f 7134 6990 6992
f 7132 6990 7134
f 7133 6991 6989
f 7131 7133 6989
f 7132 6988 6990
f 7130 6988 7132
f 7126 6982 6984
f 7131 6989 6987
f 7130 6986 6988
f 7128 6986 7130
f 7129 6987 6985
f 7127 7129 6985
f 7128 6984 6986
f 7126 6984 7128
f 7127 6985 6983
f 7129 7131 6987
f 7077 6935 6933
f 7075 7077 6933
f 7076 6932 6934
f 7026 6882 6884
f 7024 6882 7026
f 7025 6883 6881
f 7023 7025 6881
f 7024 6880 6882
f 7022 6880 7024
f 7023 6881 6879
f 7021 7023 6879
f 7022 6878 6880
f 7020 6878 7022
f 7021 6879 6877
f 7019 7021 6877
f 7020 6876 6878
f 7018 6876 7020
f 7019 6877 6875
f 7025 7027 6883
f 7027 6885 6883
f 7026 6884 7028
f 7028 6884 6886
f 7036 6892 6894
f 7034 6892 7036
f 7035 6893 6891
f 7033 7035 6891
f 7034 6890 6892
f 7032 6890 7034
f 7033 6891 6889
f 7017 7019 6875
f 7031 7033 6889
f 7030 6888 7032
f 7031 6889 6887
f 7029 7031 6887
f 7030 6886 6888
f 7028 6886 7030
f 7029 6887 6885
f 7027 7029 6885
f 7032 6888 6890
f 7018 6874 6876
f 7016 6874 7018
f 7017 6875 6873
f 7005 7007 6863
f 7006 6862 6864
f 7004 6862 7006
f 7005 6863 6861
f 7003 7005 6861
f 7004 6860 6862
f 7002 6860 7004
f 7007 6865 6863
f 7003 6861 6859
f 7002 6858 6860
f 7000 6858 7002
f 7001 6859 6857
f 6999 7001 6857
f 7000 6856 6858
f 6998 6856 7000
f 6999 6857 6855
f 7001 7003 6859
f 7035 7037 6893
f 7006 6864 7008
f 7007 7009 6865
f 7015 7017 6873
f 7016 6872 6874
f 7014 6872 7016
f 7015 6873 6871
f 7013 7015 6871
f 7014 6870 6872
f 7012 6870 7014
f 7008 6864 6866
f 7013 6871 6869
f 7012 6868 6870
f 7010 6868 7012
f 7011 6869 6867
f 7009 7011 6867
f 7010 6866 6868
f 7008 6866 7010
f 7009 6867 6865
f 7011 7013 6869
f 7153 7155 7011
f 7037 6895 6893
f 7038 6894 6896
f 7064 6922 7066
f 7065 6923 6921
f 7063 7065 6921
f 7064 6920 6922
f 7062 6920 7064
f 7063 6921 6919
f 7061 7063 6919
f 7062 6918 6920
f 7060 6918 7062
f 7061 6919 6917
f 7059 7061 6917
f 7060 6916 6918
f 7058 6916 7060
f 7059 6917 6915
f 7057 7059 6915
f 7066 6922 6924
f 7065 7067 6923
f 7067 6925 6923
f 7066 6924 7068
f 7074 6932 7076
f 7075 6933 6931
f 7073 7075 6931
f 7074 6930 6932
f 7072 6930 7074
f 7073 6931 6929
f 7071 7073 6929
f 7058 6914 6916
f 7072 6928 6930
f 7071 6929 6927
f 7069 7071 6927
f 7070 6926 6928
f 7068 6926 7070
f 7069 6927 6925
f 7067 7069 6925
f 7068 6924 6926
f 7070 6928 7072
f 7056 6914 7058
f 7057 6915 6913
f 7055 7057 6913
f 7046 6902 6904
f 7044 6902 7046
f 7045 6903 6901
f 7043 7045 6901
f 7044 6900 6902
f 7042 6900 7044
f 7043 6901 6899
f 7045 7047 6903
f 7041 7043 6899
f 7040 6898 7042
f 7041 6899 6897
f 7039 7041 6897
f 7040 6896 6898
f 7038 6896 7040
f 7039 6897 6895
f 7037 7039 6895
f 7042 6898 6900
f 7036 6894 7038
f 7047 6905 6903
f 7048 6904 6906
f 7056 6912 6914
f 7054 6912 7056
f 7055 6913 6911
f 7053 7055 6911
f 7054 6910 6912
f 7052 6910 7054
f 7053 6911 6909
f 7046 6904 7048
f 7051 7053 6909
f 7050 6908 7052
f 7051 6909 6907
f 7049 7051 6907
f 7050 6906 6908
f 7048 6906 7050
f 7049 6907 6905
f 7047 7049 6905
f 7052 6908 6910
f 6998 6854 6856
f 7155 7013 7011
f 7156 7012 7014
f 7262 7118 7120
f 7260 7118 7262
f 7261 7119 7117
f 7259 7261 7117
f 7260 7116 7118
f 7258 7116 7260
f 7259 7117 7115
f 7257 7259 7115
f 7258 7114 7116
f 7256 7114 7258
f 7257 7115 7113
f 7255 7257 7113
f 7256 7112 7114
f 7254 7112 7256
f 7255 7113 7111
f 7261 7263 7119
f 7263 7121 7119
f 7262 7120 7264
f 7264 7120 7122
f 7272 7128 7130
f 7270 7128 7272
f 7271 7129 7127
f 7269 7271 7127
f 7270 7126 7128
f 7268 7126 7270
f 7269 7127 7125
f 7253 7255 7111
f 7267 7269 7125
f 7266 7124 7268
f 7267 7125 7123
f 7265 7267 7123
f 7266 7122 7124
f 7264 7122 7266
f 7265 7123 7121
f 7263 7265 7121
f 7268 7124 7126
f 7271 7273 7129
f 7254 7110 7112
f 7253 7111 7109
f 7240 7243 7098
f 7100 7242 7099
f 7099 7242 7241
f 7097 7099 7241
f 7239 7097 7241
f 7097 7239 7098
f 7098 7239 7240
f 7236 7094 7238
f 7238 7094 7096
f 7095 7238 7096
f 7237 7238 7095
f 7237 7095 7235
f 7235 7095 7093
f 7236 7092 7094
f 7234 7092 7236
f 7243 7101 7098
f 7242 7100 7244
f 7244 7100 7102
f 7243 7245 7101
f 7251 7253 7109
f 7252 7108 7110
f 7250 7108 7252
f 7251 7109 7107
f 7249 7251 7107
f 7250 7106 7108
f 7248 7106 7250
f 7252 7110 7254
f 7249 7107 7105
f 7248 7104 7106
f 7246 7104 7248
f 7247 7105 7103
f 7245 7247 7103
f 7246 7102 7104
f 7244 7102 7246
f 7245 7103 7101
f 7247 7249 7105
f 7273 7131 7129
f 7272 7130 7274
f 7274 7130 7132
f 7300 7158 7302
f 7301 7159 7157
f 7299 7301 7157
f 7300 7156 7158
f 7298 7156 7300
f 7299 7157 7155
f 7297 7299 7155
f 7298 7154 7156
f 7296 7154 7298
f 7297 7155 7153
f 7295 7297 7153
f 7296 7152 7154
f 7294 7152 7296
f 7295 7153 7151
f 7293 7295 7151
f 7302 7158 7160
f 7301 7303 7159
f 7303 7161 7159
f 7302 7160 7304
f 7310 7168 7312
f 7311 7169 7167
f 7309 7311 7167
f 7310 7166 7168
f 7308 7166 7310
f 7309 7167 7165
f 7307 7309 7165
f 7294 7150 7152
f 7308 7164 7166
f 7307 7165 7163
f 7305 7307 7163
f 7306 7162 7164
f 7304 7162 7306
f 7305 7163 7161
f 7303 7305 7161
f 7304 7160 7162
f 7306 7164 7308
f 7292 7150 7294
f 7293 7151 7149
f 7291 7293 7149
f 7282 7138 7140
f 7280 7138 7282
f 7281 7139 7137
f 7279 7281 7137
f 7280 7136 7138
f 7278 7136 7280
f 7279 7137 7135
f 7281 7283 7139
f 7277 7279 7135
f 7276 7134 7278
f 7277 7135 7133
f 7275 7277 7133
f 7276 7132 7134
f 7274 7132 7276
f 7275 7133 7131
f 7273 7275 7131
f 7278 7134 7136
f 7235 7093 7091
f 7283 7141 7139
f 7284 7140 7142
f 7292 7148 7150
f 7290 7148 7292
f 7291 7149 7147
f 7289 7291 7147
f 7290 7146 7148
f 7288 7146 7290
f 7289 7147 7145
f 7282 7140 7284
f 7287 7289 7145
f 7286 7144 7288
f 7287 7145 7143
f 7285 7287 7143
f 7286 7142 7144
f 7284 7142 7286
f 7285 7143 7141
f 7283 7285 7141
f 7288 7144 7146
f 7233 7235 7091
f 7234 7090 7092
f 7232 7090 7234
f 7182 7040 7184
f 7183 7041 7039
f 7181 7183 7039
f 7182 7038 7040
f 7180 7038 7182
f 7181 7039 7037
f 7179 7181 7037
f 7180 7036 7038
f 7178 7036 7180
f 7179 7037 7035
f 7177 7179 7035
f 7178 7034 7036
f 7176 7034 7178
f 7177 7035 7033
f 7175 7177 7033
f 7184 7040 7042
f 7183 7185 7041
f 7185 7043 7041
f 7184 7042 7186
f 7192 7050 7194
f 7193 7051 7049
f 7191 7193 7049
f 7192 7048 7050
f 7190 7048 7192
f 7191 7049 7047
f 7189 7191 7047
f 7176 7032 7034
f 7190 7046 7048
f 7189 7047 7045
f 7187 7189 7045
f 7188 7044 7046
f 7186 7044 7188
f 7187 7045 7043
f 7185 7187 7043
f 7186 7042 7044
f 7188 7046 7190
f 7174 7032 7176
f 7175 7033 7031
f 7173 7175 7031
f 7164 7020 7022
f 7162 7020 7164
f 7163 7021 7019
f 7161 7163 7019
f 7162 7018 7020
f 7160 7018 7162
f 7161 7019 7017
f 7163 7165 7021
f 7159 7161 7017
f 7158 7016 7160
f 7159 7017 7015
f 7157 7159 7015
f 7158 7014 7016
f 7156 7014 7158
f 7157 7015 7013
f 7155 7157 7013
f 7160 7016 7018
f 7194 7050 7052
f 7165 7023 7021
f 7166 7022 7024
f 7174 7030 7032
f 7172 7030 7174
f 7173 7031 7029
f 7171 7173 7029
f 7172 7028 7030
f 7170 7028 7172
f 7171 7029 7027
f 7164 7022 7166
f 7169 7171 7027
f 7168 7026 7170
f 7169 7027 7025
f 7167 7169 7025
f 7168 7024 7026
f 7166 7024 7168
f 7167 7025 7023
f 7165 7167 7023
f 7170 7026 7028
f 7154 7012 7156
f 7193 7195 7051
f 7194 7052 7196
f 7223 7081 7079
f 7221 7223 7079
f 7222 7078 7080
f 7220 7078 7222
f 7221 7079 7077
f 7219 7221 7077
f 7220 7076 7078
f 7218 7076 7220
f 7219 7077 7075
f 7217 7219 7075
f 7218 7074 7076
f 7216 7074 7218
f 7217 7075 7073
f 7215 7217 7073
f 7216 7072 7074
f 7222 7080 7224
f 7224 7080 7082
f 7223 7225 7081
f 7225 7083 7081
f 7233 7091 7089
f 7231 7233 7089
f 7232 7088 7090
f 7230 7088 7232
f 7231 7089 7087
f 7229 7231 7087
f 7230 7086 7088
f 7214 7072 7216
f 7228 7086 7230
f 7227 7229 7085
f 7228 7084 7086
f 7226 7084 7228
f 7227 7085 7083
f 7225 7227 7083
f 7226 7082 7084
f 7224 7082 7226
f 7229 7087 7085
f 7215 7073 7071
f 7213 7215 7071
f 7214 7070 7072
f 7202 7060 7204
f 7203 7061 7059
f 7201 7203 7059
f 7202 7058 7060
f 7200 7058 7202
f 7201 7059 7057
f 7199 7201 7057
f 7204 7060 7062
f 7200 7056 7058
f 7199 7057 7055
f 7197 7199 7055
f 7198 7054 7056
f 7196 7054 7198
f 7197 7055 7053
f 7195 7197 7053
f 7196 7052 7054
f 7198 7056 7200
f 7195 7053 7051
f 7203 7205 7061
f 7204 7062 7206
f 7212 7070 7214
f 7213 7071 7069
f 7211 7213 7069
f 7212 7068 7070
f 7210 7068 7212
f 7211 7069 7067
f 7209 7211 7067
f 7205 7063 7061
f 7210 7066 7068
f 7209 7067 7065
f 7207 7209 7065
f 7208 7064 7066
f 7206 7064 7208
f 7207 7065 7063
f 7205 7207 7063
f 7206 7062 7064
f 7208 7066 7210
f 7625 7627 7483
f 6367 6369 6225
f 6366 6224 6368
f 5529 5531 5387
f 5530 5386 5388
f 5528 5386 5530
f 5529 5387 5385
f 5527 5529 5385
f 5528 5384 5386
f 5526 5384 5528
f 5527 5385 5383
f 5525 5527 5383
f 5526 5382 5384
f 5524 5382 5526
f 5525 5383 5381
f 5523 5525 5381
f 5524 5380 5382
f 5522 5380 5524
f 5531 5389 5387
f 5530 5388 5532
f 5532 5388 5390
f 5531 5391 5389
f 5539 5541 5397
f 5540 5396 5398
f 5538 5396 5540
f 5539 5397 5394
f 5536 5539 5394
f 5396 5538 5395
f 5395 5538 5537
f 5523 5381 5379
f 5393 5395 5537
f 5393 5535 5394
f 5394 5535 5536
f 5532 5390 5534
f 5534 5390 5392
f 5391 5534 5392
f 5533 5534 5391
f 5533 5391 5531
f 5535 5393 5537
f 5541 5399 5397
f 5521 5523 5379
f 5520 5378 5522
f 5511 5369 5367
f 5509 5511 5367
f 5510 5366 5368
f 5508 5366 5510
f 5509 5367 5365
f 5507 5509 5365
f 5508 5364 5366
f 5506 5364 5508
f 5507 5365 5363
f 5505 5507 5363
f 5506 5362 5364
f 5504 5362 5506
f 5505 5363 5361
f 5503 5505 5361
f 5504 5360 5362
f 5510 5368 5512
f 5512 5368 5370
f 5511 5513 5369
f 5513 5371 5369
f 5521 5379 5377
f 5519 5521 5377
f 5520 5376 5378
f 5518 5376 5520
f 5519 5377 5375
f 5517 5519 5375
f 5518 5374 5376
f 5522 5378 5380
f 5516 5374 5518
f 5515 5517 5373
f 5516 5372 5374
f 5514 5372 5516
f 5515 5373 5371
f 5513 5515 5371
f 5514 5370 5372
f 5512 5370 5514
f 5517 5375 5373
f 5540 5398 5542
f 5542 5398 5400
f 5541 5543 5399
f 5570 5426 5428
f 5568 5426 5570
f 5569 5427 5425
f 5567 5569 5425
f 5568 5424 5426
f 5566 5424 5568
f 5567 5425 5423
f 5565 5567 5423
f 5566 5422 5424
f 5564 5422 5566
f 5565 5423 5421
f 5563 5565 5421
f 5564 5420 5422
f 5562 5420 5564
f 5563 5421 5419
f 5569 5571 5427
f 5571 5429 5427
f 5570 5428 5572
f 5572 5428 5430
f 5580 5436 5438
f 5578 5436 5580
f 5579 5437 5435
f 5577 5579 5435
f 5578 5434 5436
f 5576 5434 5578
f 5577 5435 5433
f 5561 5563 5419
f 5575 5577 5433
f 5574 5432 5576
f 5575 5433 5431
f 5573 5575 5431
f 5574 5430 5432
f 5572 5430 5574
f 5573 5431 5429
f 5571 5573 5429
f 5576 5432 5434
f 5562 5418 5420
f 5560 5418 5562
f 5561 5419 5417
f 5549 5551 5407
f 5550 5406 5408
f 5548 5406 5550
f 5549 5407 5405
f 5547 5549 5405
f 5548 5404 5406
f 5546 5404 5548
f 5551 5409 5407
f 5547 5405 5403
f 5546 5402 5404
f 5544 5402 5546
f 5545 5403 5401
f 5543 5545 5401
f 5544 5400 5402
f 5542 5400 5544
f 5543 5401 5399
f 5545 5547 5403
f 5502 5360 5504
f 5550 5408 5552
f 5551 5553 5409
f 5559 5561 5417
f 5560 5416 5418
f 5558 5416 5560
f 5559 5417 5415
f 5557 5559 5415
f 5558 5414 5416
f 5556 5414 5558
f 5552 5408 5410
f 5557 5415 5413
f 5556 5412 5414
f 5554 5412 5556
f 5555 5413 5411
f 5553 5555 5411
f 5554 5410 5412
f 5552 5410 5554
f 5553 5411 5409
f 5555 5557 5413
f 5579 5581 5437
f 5503 5361 5359
f 5502 5358 5360
f 5452 5308 5310
f 5450 5308 5452
f 5451 5309 5307
f 5449 5451 5307
f 5450 5306 5308
f 5448 5306 5450
f 5449 5307 5305
f 5447 5449 5305
f 5448 5304 5306
f 5446 5304 5448
f 5447 5305 5303
f 5445 5447 5303
f 5446 5302 5304
f 5444 5302 5446
f 5445 5303 5301
f 5451 5453 5309
f 5453 5311 5309
f 5452 5310 5454
f 5454 5310 5312
f 5462 5318 5320
f 5460 5318 5462
f 5461 5319 5317
f 5459 5461 5317
f 5460 5316 5318
f 5458 5316 5460
f 5459 5317 5315
f 5443 5445 5301
f 5457 5459 5315
f 5456 5314 5458
f 5457 5315 5313
f 5455 5457 5313
f 5456 5312 5314
f 5454 5312 5456
f 5455 5313 5311
f 5453 5455 5311
f 5458 5314 5316
f 5461 5463 5319
f 5444 5300 5302
f 5443 5301 5299
f 5431 5433 5289
f 5432 5288 5290
f 5430 5288 5432
f 5431 5289 5287
f 5429 5431 5287
f 5430 5286 5288
f 5428 5286 5430
f 5429 5287 5285
f 5427 5429 5285
f 5428 5284 5286
f 5426 5284 5428
f 5427 5285 5283
f 5425 5427 5283
f 5426 5282 5284
f 5424 5282 5426
f 5433 5291 5289
f 5432 5290 5434
f 5434 5290 5292
f 5433 5435 5291
f 5441 5443 5299
f 5442 5298 5300
f 5440 5298 5442
f 5441 5299 5297
f 5439 5441 5297
f 5440 5296 5298
f 5438 5296 5440
f 5442 5300 5444
f 5439 5297 5295
f 5438 5294 5296
f 5436 5294 5438
f 5437 5295 5293
f 5435 5437 5293
f 5436 5292 5294
f 5434 5292 5436
f 5435 5293 5291
f 5437 5439 5295
f 5463 5321 5319
f 5462 5320 5464
f 5464 5320 5322
f 5490 5348 5492
f 5491 5349 5347
f 5489 5491 5347
f 5490 5346 5348
f 5488 5346 5490
f 5489 5347 5345
f 5487 5489 5345
f 5488 5344 5346
f 5486 5344 5488
f 5487 5345 5343
f 5485 5487 5343
f 5486 5342 5344
f 5484 5342 5486
f 5485 5343 5341
f 5483 5485 5341
f 5492 5348 5350
f 5491 5493 5349
f 5493 5351 5349
f 5492 5350 5494
f 5500 5358 5502
f 5501 5359 5357
f 5499 5501 5357
f 5500 5356 5358
f 5498 5356 5500
f 5499 5357 5355
f 5497 5499 5355
f 5484 5340 5342
f 5498 5354 5356
f 5497 5355 5353
f 5495 5497 5353
f 5496 5352 5354
f 5494 5352 5496
f 5495 5353 5351
f 5493 5495 5351
f 5494 5350 5352
f 5496 5354 5498
f 5482 5340 5484
f 5483 5341 5339
f 5481 5483 5339
f 5472 5328 5330
f 5470 5328 5472
f 5471 5329 5327
f 5469 5471 5327
f 5470 5326 5328
f 5468 5326 5470
f 5469 5327 5325
f 5471 5473 5329
f 5467 5469 5325
f 5466 5324 5468
f 5467 5325 5323
f 5465 5467 5323
f 5466 5322 5324
f 5464 5322 5466
f 5465 5323 5321
f 5463 5465 5321
f 5468 5324 5326
f 5501 5503 5359
f 5473 5331 5329
f 5474 5330 5332
f 5482 5338 5340
f 5480 5338 5482
f 5481 5339 5337
f 5479 5481 5337
f 5480 5336 5338
f 5478 5336 5480
f 5479 5337 5335
f 5472 5330 5474
f 5477 5479 5335
f 5476 5334 5478
f 5477 5335 5333
f 5475 5477 5333
f 5476 5332 5334
f 5474 5332 5476
f 5475 5333 5331
f 5473 5475 5331
f 5478 5334 5336
f 5581 5439 5437
f 5580 5438 5582
f 5582 5438 5440
f 5688 5544 5546
f 5686 5544 5688
f 5687 5545 5543
f 5685 5687 5543
f 5686 5542 5544
f 5684 5542 5686
f 5685 5543 5541
f 5683 5685 5541
f 5684 5540 5542
f 5682 5540 5684
f 5683 5541 5539
f 5681 5683 5539
f 5682 5538 5540
f 5680 5538 5682
f 5681 5539 5536
f 5687 5689 5545
f 5689 5547 5545
f 5688 5546 5690
f 5690 5546 5548
f 5698 5554 5556
f 5696 5554 5698
f 5697 5555 5553
f 5695 5697 5553
f 5696 5552 5554
f 5694 5552 5696
f 5695 5553 5551
f 5678 5681 5536
f 5693 5695 5551
f 5692 5550 5694
f 5693 5551 5549
f 5691 5693 5549
f 5692 5548 5550
f 5690 5548 5692
f 5691 5549 5547
f 5689 5691 5547
f 5694 5550 5552
f 5697 5699 5555
f 5538 5680 5537
f 5535 5537 5679
f 5667 5669 5525
f 5668 5524 5526
f 5666 5524 5668
f 5667 5525 5523
f 5665 5667 5523
f 5666 5522 5524
f 5664 5522 5666
f 5665 5523 5521
f 5663 5665 5521
f 5664 5520 5522
f 5662 5520 5664
f 5663 5521 5519
f 5661 5663 5519
f 5662 5518 5520
f 5660 5518 5662
f 5669 5527 5525
f 5668 5526 5670
f 5670 5526 5528
f 5669 5671 5527
f 5677 5535 5679
f 5535 5677 5536
f 5536 5677 5678
f 5674 5532 5676
f 5676 5532 5534
f 5533 5676 5534
f 5675 5676 5533
f 5537 5680 5679
f 5675 5533 5673
f 5674 5530 5532
f 5672 5530 5674
f 5673 5531 5529
f 5671 5673 5529
f 5672 5528 5530
f 5670 5528 5672
f 5671 5529 5527
f 5673 5533 5531
f 5699 5557 5555
f 5698 5556 5700
f 5700 5556 5558
f 5726 5584 5728
f 5727 5585 5583
f 5725 5727 5583
f 5726 5582 5584
f 5724 5582 5726
f 5725 5583 5581
f 5723 5725 5581
f 5724 5580 5582
f 5722 5580 5724
f 5723 5581 5579
f 5721 5723 5579
f 5722 5578 5580
f 5720 5578 5722
f 5721 5579 5577
f 5719 5721 5577
f 5728 5584 5586
f 5727 5729 5585
f 5729 5587 5585
f 5728 5586 5730
f 5736 5594 5738
f 5737 5595 5593
f 5735 5737 5593
f 5736 5592 5594
f 5734 5592 5736
f 5735 5593 5591
f 5733 5735 5591
f 5720 5576 5578
f 5734 5590 5592
f 5733 5591 5589
f 5731 5733 5589
f 5732 5588 5590
f 5730 5588 5732
f 5731 5589 5587
f 5729 5731 5587
f 5730 5586 5588
f 5732 5590 5734
f 5718 5576 5720
f 5719 5577 5575
f 5717 5719 5575
f 5708 5564 5566
f 5706 5564 5708
f 5707 5565 5563
f 5705 5707 5563
f 5706 5562 5564
f 5704 5562 5706
f 5705 5563 5561
f 5707 5709 5565
f 5703 5705 5561
f 5702 5560 5704
f 5703 5561 5559
f 5701 5703 5559
f 5702 5558 5560
f 5700 5558 5702
f 5701 5559 5557
f 5699 5701 5557
f 5704 5560 5562
f 5661 5519 5517
f 5709 5567 5565
f 5710 5566 5568
f 5718 5574 5576
f 5716 5574 5718
f 5717 5575 5573
f 5715 5717 5573
f 5716 5572 5574
f 5714 5572 5716
f 5715 5573 5571
f 5708 5566 5710
f 5713 5715 5571
f 5712 5570 5714
f 5713 5571 5569
f 5711 5713 5569
f 5712 5568 5570
f 5710 5568 5712
f 5711 5569 5567
f 5709 5711 5567
f 5714 5570 5572
f 5659 5661 5517
f 5660 5516 5518
f 5658 5516 5660
f 5608 5466 5610
f 5609 5467 5465
f 5607 5609 5465
f 5608 5464 5466
f 5606 5464 5608
f 5607 5465 5463
f 5605 5607 5463
f 5606 5462 5464
f 5604 5462 5606
f 5605 5463 5461
f 5603 5605 5461
f 5604 5460 5462
f 5602 5460 5604
f 5603 5461 5459
f 5601 5603 5459
f 5610 5466 5468
f 5609 5611 5467
f 5611 5469 5467
f 5610 5468 5612
f 5618 5476 5620
f 5619 5477 5475
f 5617 5619 5475
f 5618 5474 5476
f 5616 5474 5618
f 5617 5475 5473
f 5615 5617 5473
f 5602 5458 5460
f 5616 5472 5474
f 5615 5473 5471
f 5613 5615 5471
f 5614 5470 5472
f 5612 5470 5614
f 5613 5471 5469
f 5611 5613 5469
f 5612 5468 5470
f 5614 5472 5616
f 5600 5458 5602
f 5601 5459 5457
f 5599 5601 5457
f 5590 5446 5448
f 5588 5446 5590
f 5589 5447 5445
f 5587 5589 5445
f 5588 5444 5446
f 5586 5444 5588
f 5587 5445 5443
f 5589 5591 5447
f 5585 5587 5443
f 5584 5442 5586
f 5585 5443 5441
f 5583 5585 5441
f 5584 5440 5442
f 5582 5440 5584
f 5583 5441 5439
f 5581 5583 5439
f 5586 5442 5444
f 5620 5476 5478
f 5591 5449 5447
f 5592 5448 5450
f 5600 5456 5458
f 5598 5456 5600
f 5599 5457 5455
f 5597 5599 5455
f 5598 5454 5456
f 5596 5454 5598
f 5597 5455 5453
f 5590 5448 5592
f 5595 5597 5453
f 5594 5452 5596
f 5595 5453 5451
f 5593 5595 5451
f 5594 5450 5452
f 5592 5450 5594
f 5593 5451 5449
f 5591 5593 5449
f 5596 5452 5454
f 5425 5283 5281
f 5619 5621 5477
f 5620 5478 5622
f 5649 5507 5505
f 5647 5649 5505
f 5648 5504 5506
f 5646 5504 5648
f 5647 5505 5503
f 5645 5647 5503
f 5646 5502 5504
f 5644 5502 5646
f 5645 5503 5501
f 5643 5645 5501
f 5644 5500 5502
f 5642 5500 5644
f 5643 5501 5499
f 5641 5643 5499
f 5642 5498 5500
f 5648 5506 5650
f 5650 5506 5508
f 5649 5651 5507
f 5651 5509 5507
f 5659 5517 5515
f 5657 5659 5515
f 5658 5514 5516
f 5656 5514 5658
f 5657 5515 5513
f 5655 5657 5513
f 5656 5512 5514
f 5640 5498 5642
f 5654 5512 5656
f 5653 5655 5511
f 5654 5510 5512
f 5652 5510 5654
f 5653 5511 5509
f 5651 5653 5509
f 5652 5508 5510
f 5650 5508 5652
f 5655 5513 5511
f 5641 5499 5497
f 5639 5641 5497
f 5640 5496 5498
f 5628 5486 5630
f 5629 5487 5485
f 5627 5629 5485
f 5628 5484 5486
f 5626 5484 5628
f 5627 5485 5483
f 5625 5627 5483
f 5630 5486 5488
f 5626 5482 5484
f 5625 5483 5481
f 5623 5625 5481
f 5624 5480 5482
f 5622 5480 5624
f 5623 5481 5479
f 5621 5623 5479
f 5622 5478 5480
f 5624 5482 5626
f 5621 5479 5477
f 5629 5631 5487
f 5630 5488 5632
f 5638 5496 5640
f 5639 5497 5495
f 5637 5639 5495
f 5638 5494 5496
f 5636 5494 5638
f 5637 5495 5493
f 5635 5637 5493
f 5631 5489 5487
f 5636 5492 5494
f 5635 5493 5491
f 5633 5635 5491
f 5634 5490 5492
f 5632 5490 5634
f 5633 5491 5489
f 5631 5633 5489
f 5632 5488 5490
f 5634 5492 5636
f 5423 5425 5281
f 5424 5280 5282
f 5422 5280 5424
f 5216 5072 5074
f 5214 5072 5216
f 5215 5073 5071
f 5213 5215 5071
f 5214 5070 5072
f 5212 5070 5214
f 5213 5071 5069
f 5211 5213 5069
f 5212 5068 5070
f 5210 5068 5212
f 5211 5069 5067
f 5209 5211 5067
f 5210 5066 5068
f 5208 5066 5210
f 5209 5067 5065
f 5215 5217 5073
f 5217 5075 5073
f 5216 5074 5218
f 5218 5074 5076
f 5226 5082 5084
f 5224 5082 5226
f 5225 5083 5081
f 5223 5225 5081
f 5224 5080 5082
f 5222 5080 5224
f 5223 5081 5079
f 5207 5209 5065
f 5221 5223 5079
f 5220 5078 5222
f 5221 5079 5077
f 5219 5221 5077
f 5220 5076 5078
f 5218 5076 5220
f 5219 5077 5075
f 5217 5219 5075
f 5222 5078 5080
f 5225 5227 5083
f 5208 5064 5066
f 5207 5065 5063
f 5195 5197 5053
f 5196 5052 5054
f 5194 5052 5196
f 5195 5053 5051
f 5193 5195 5051
f 5194 5050 5052
f 5192 5050 5194
f 5193 5051 5049
f 5191 5193 5049
f 5192 5048 5050
f 5190 5048 5192
f 5191 5049 5047
f 5189 5191 5047
f 5190 5046 5048
f 5188 5046 5190
f 5197 5055 5053
f 5196 5054 5198
f 5198 5054 5056
f 5197 5199 5055
f 5205 5207 5063
f 5206 5062 5064
f 5204 5062 5206
f 5205 5063 5061
f 5203 5205 5061
f 5204 5060 5062
f 5202 5060 5204
f 5206 5064 5208
f 5203 5061 5059
f 5202 5058 5060
f 5200 5058 5202
f 5201 5059 5057
f 5199 5201 5057
f 5200 5056 5058
f 5198 5056 5200
f 5199 5057 5055
f 5201 5203 5059
f 5227 5085 5083
f 5226 5084 5228
f 5228 5084 5086
f 5254 5112 5256
f 5255 5113 5110
f 5252 5255 5110
f 5112 5254 5111
f 5111 5254 5253
f 5109 5111 5253
f 5251 5109 5253
f 5109 5251 5110
f 5110 5251 5252
f 5248 5106 5250
f 5250 5106 5108
f 5107 5250 5108
f 5249 5250 5107
f 5249 5107 5247
f 5247 5107 5105
f 5256 5112 5114
f 5255 5257 5113
f 5257 5115 5113
f 5256 5114 5258
f 5264 5122 5266
f 5265 5123 5121
f 5263 5265 5121
f 5264 5120 5122
f 5262 5120 5264
f 5263 5121 5119
f 5261 5263 5119
f 5248 5104 5106
f 5262 5118 5120
f 5261 5119 5117
f 5259 5261 5117
f 5260 5116 5118
f 5258 5116 5260
f 5259 5117 5115
f 5257 5259 5115
f 5258 5114 5116
f 5260 5118 5262
f 5246 5104 5248
f 5247 5105 5103
f 5245 5247 5103
f 5236 5092 5094
f 5234 5092 5236
f 5235 5093 5091
f 5233 5235 5091
f 5234 5090 5092
f 5232 5090 5234
f 5233 5091 5089
f 5235 5237 5093
f 5231 5233 5089
f 5230 5088 5232
f 5231 5089 5087
f 5229 5231 5087
f 5230 5086 5088
f 5228 5086 5230
f 5229 5087 5085
f 5227 5229 5085
f 5232 5088 5090
f 5189 5047 5045
f 5237 5095 5093
f 5238 5094 5096
f 5246 5102 5104
f 5244 5102 5246
f 5245 5103 5101
f 5243 5245 5101
f 5244 5100 5102
f 5242 5100 5244
f 5243 5101 5099
f 5236 5094 5238
f 5241 5243 5099
f 5240 5098 5242
f 5241 5099 5097
f 5239 5241 5097
f 5240 5096 5098
f 5238 5096 5240
f 5239 5097 5095
f 5237 5239 5095
f 5242 5098 5100
f 5187 5189 5045
f 5188 5044 5046
f 5186 5044 5188
f 5136 4994 5138
f 5137 4995 4993
f 5135 5137 4993
f 5136 4992 4994
f 5134 4992 5136
f 5135 4993 4991
f 5133 5135 4991
f 5134 4990 4992
f 5132 4990 5134
f 5133 4991 4989
f 5131 5133 4989
f 5132 4988 4990
f 5130 4988 5132
f 5131 4989 4987
f 5129 5131 4987
f 5138 4994 4996
f 5137 5139 4995
f 5139 4997 4995
f 5138 4996 5140
f 5146 5004 5148
f 5147 5005 5003
f 5145 5147 5003
f 5146 5002 5004
f 5144 5002 5146
f 5145 5003 5001
f 5143 5145 5001
f 5130 4986 4988
f 5144 5000 5002
f 5143 5001 4999
f 5141 5143 4999
f 5142 4998 5000
f 5140 4998 5142
f 5141 4999 4997
f 5139 5141 4997
f 5140 4996 4998
f 5142 5000 5144
f 5128 4986 5130
f 5129 4987 4985
f 5127 5129 4985
f 5118 4974 4976
f 5116 4974 5118
f 5117 4975 4973
f 5115 5117 4973
f 5116 4972 4974
f 5114 4972 5116
f 5115 4973 4971
f 5117 5119 4975
f 5113 5115 4971
f 5112 4970 5114
f 5113 4971 4968
f 5110 5113 4968
f 4970 5112 4969
f 4969 5112 5111
f 4967 4969 5111
f 5109 4967 5111
f 5114 4970 4972
f 5148 5004 5006
f 5119 4977 4975
f 5120 4976 4978
f 5128 4984 4986
f 5126 4984 5128
f 5127 4985 4983
f 5125 5127 4983
f 5126 4982 4984
f 5124 4982 5126
f 5125 4983 4981
f 5118 4976 5120
f 5123 5125 4981
f 5122 4980 5124
f 5123 4981 4979
f 5121 5123 4979
f 5122 4978 4980
f 5120 4978 5122
f 5121 4979 4977
f 5119 5121 4977
f 5124 4980 4982
f 5266 5122 5124
f 5147 5149 5005
f 5148 5006 5150
f 5177 5035 5033
f 5175 5177 5033
f 5176 5032 5034
f 5174 5032 5176
f 5175 5033 5031
f 5173 5175 5031
f 5174 5030 5032
f 5172 5030 5174
f 5173 5031 5029
f 5171 5173 5029
f 5172 5028 5030
f 5170 5028 5172
f 5171 5029 5027
f 5169 5171 5027
f 5170 5026 5028
f 5176 5034 5178
f 5178 5034 5036
f 5177 5179 5035
f 5179 5037 5035
f 5187 5045 5043
f 5185 5187 5043
f 5186 5042 5044
f 5184 5042 5186
f 5185 5043 5041
f 5183 5185 5041
f 5184 5040 5042
f 5168 5026 5170
f 5182 5040 5184
f 5181 5183 5039
f 5182 5038 5040
f 5180 5038 5182
f 5181 5039 5037
f 5179 5181 5037
f 5180 5036 5038
f 5178 5036 5180
f 5183 5041 5039
f 5169 5027 5025
f 5167 5169 5025
f 5168 5024 5026
f 5156 5014 5158
f 5157 5015 5013
f 5155 5157 5013
f 5156 5012 5014
f 5154 5012 5156
f 5155 5013 5011
f 5153 5155 5011
f 5158 5014 5016
f 5154 5010 5012
f 5153 5011 5009
f 5151 5153 5009
f 5152 5008 5010
f 5150 5008 5152
f 5151 5009 5007
f 5149 5151 5007
f 5150 5006 5008
f 5152 5010 5154
f 5149 5007 5005
f 5157 5159 5015
f 5158 5016 5160
f 5166 5024 5168
f 5167 5025 5023
f 5165 5167 5023
f 5166 5022 5024
f 5164 5022 5166
f 5165 5023 5021
f 5163 5165 5021
f 5159 5017 5015
f 5164 5020 5022
f 5163 5021 5019
f 5161 5163 5019
f 5162 5018 5020
f 5160 5018 5162
f 5161 5019 5017
f 5159 5161 5017
f 5160 5016 5018
f 5162 5020 5164
f 5738 5594 5596
f 5265 5267 5123
f 5266 5124 5268
f 5372 5230 5374
f 5373 5231 5229
f 5371 5373 5229
f 5372 5228 5230
f 5370 5228 5372
f 5371 5229 5227
f 5369 5371 5227
f 5370 5226 5228
f 5368 5226 5370
f 5369 5227 5225
f 5367 5369 5225
f 5368 5224 5226
f 5366 5224 5368
f 5367 5225 5223
f 5365 5367 5223
f 5374 5230 5232
f 5373 5375 5231
f 5375 5233 5231
f 5374 5232 5376
f 5382 5240 5384
f 5383 5241 5239
f 5381 5383 5239
f 5382 5238 5240
f 5380 5238 5382
f 5381 5239 5237
f 5379 5381 5237
f 5366 5222 5224
f 5380 5236 5238
f 5379 5237 5235
f 5377 5379 5235
f 5378 5234 5236
f 5376 5234 5378
f 5377 5235 5233
f 5375 5377 5233
f 5376 5232 5234
f 5378 5236 5380
f 5384 5240 5242
f 5364 5222 5366
f 5363 5365 5221
f 5354 5210 5212
f 5352 5210 5354
f 5353 5211 5209
f 5351 5353 5209
f 5352 5208 5210
f 5350 5208 5352
f 5351 5209 5207
f 5349 5351 5207
f 5350 5206 5208
f 5348 5206 5350
f 5349 5207 5205
f 5347 5349 5205
f 5348 5204 5206
f 5346 5204 5348
f 5347 5205 5203
f 5353 5355 5211
f 5355 5213 5211
f 5354 5212 5356
f 5356 5212 5214
f 5364 5220 5222
f 5362 5220 5364
f 5363 5221 5219
f 5361 5363 5219
f 5362 5218 5220
f 5360 5218 5362
f 5361 5219 5217
f 5365 5223 5221
f 5359 5361 5217
f 5358 5216 5360
f 5359 5217 5215
f 5357 5359 5215
f 5358 5214 5216
f 5356 5214 5358
f 5357 5215 5213
f 5355 5357 5213
f 5360 5216 5218
f 5383 5385 5241
f 5385 5243 5241
f 5384 5242 5386
f 5413 5271 5269
f 5411 5413 5269
f 5412 5268 5270
f 5410 5268 5412
f 5411 5269 5267
f 5409 5411 5267
f 5410 5266 5268
f 5408 5266 5410
f 5409 5267 5265
f 5407 5409 5265
f 5408 5264 5266
f 5406 5264 5408
f 5407 5265 5263
f 5405 5407 5263
f 5406 5262 5264
f 5412 5270 5414
f 5414 5270 5272
f 5413 5415 5271
f 5415 5273 5271
f 5423 5281 5279
f 5421 5423 5279
f 5422 5278 5280
f 5420 5278 5422
f 5421 5279 5277
f 5419 5421 5277
f 5420 5276 5278
f 5404 5262 5406
f 5418 5276 5420
f 5417 5419 5275
f 5418 5274 5276
f 5416 5274 5418
f 5417 5275 5273
f 5415 5417 5273
f 5416 5272 5274
f 5414 5272 5416
f 5419 5277 5275
f 5405 5263 5261
f 5403 5405 5261
f 5404 5260 5262
f 5252 5393 5394
f 5390 5248 5392
f 5392 5248 5250
f 5249 5392 5250
f 5391 5392 5249
f 5391 5249 5389
f 5389 5249 5247
f 5251 5393 5252
f 5390 5246 5248
f 5389 5247 5245
f 5387 5389 5245
f 5388 5244 5246
f 5386 5244 5388
f 5387 5245 5243
f 5385 5387 5243
f 5386 5242 5244
f 5388 5246 5390
f 5345 5347 5203
f 5393 5251 5395
f 5253 5396 5395
f 5402 5260 5404
f 5403 5261 5259
f 5401 5403 5259
f 5402 5258 5260
f 5400 5258 5402
f 5401 5259 5257
f 5399 5401 5257
f 5251 5253 5395
f 5400 5256 5258
f 5399 5257 5255
f 5397 5399 5255
f 5398 5254 5256
f 5396 5254 5398
f 5397 5255 5252
f 5394 5397 5252
f 5254 5396 5253
f 5398 5256 5400
f 5346 5202 5204
f 5344 5202 5346
f 5345 5203 5201
f 5295 5153 5151
f 5293 5295 5151
f 5294 5150 5152
f 5292 5150 5294
f 5293 5151 5149
f 5291 5293 5149
f 5292 5148 5150
f 5290 5148 5292
f 5291 5149 5147
f 5289 5291 5147
f 5290 5146 5148
f 5288 5146 5290
f 5289 5147 5145
f 5287 5289 5145
f 5288 5144 5146
f 5294 5152 5296
f 5296 5152 5154
f 5295 5297 5153
f 5297 5155 5153
f 5305 5163 5161
f 5303 5305 5161
f 5304 5160 5162
f 5302 5160 5304
f 5303 5161 5159
f 5301 5303 5159
f 5302 5158 5160
f 5286 5144 5288
f 5300 5158 5302
f 5299 5301 5157
f 5300 5156 5158
f 5298 5156 5300
f 5299 5157 5155
f 5297 5299 5155
f 5298 5154 5156
f 5296 5154 5298
f 5301 5159 5157
f 5287 5145 5143
f 5285 5287 5143
f 5286 5142 5144
f 5274 5132 5276
f 5275 5133 5131
f 5273 5275 5131
f 5274 5130 5132
f 5272 5130 5274
f 5273 5131 5129
f 5271 5273 5129
f 5276 5132 5134
f 5272 5128 5130
f 5271 5129 5127
f 5269 5271 5127
f 5270 5126 5128
f 5268 5126 5270
f 5269 5127 5125
f 5267 5269 5125
f 5268 5124 5126
f 5270 5128 5272
f 5304 5162 5306
f 5275 5277 5133
f 5276 5134 5278
f 5284 5142 5286
f 5285 5143 5141
f 5283 5285 5141
f 5284 5140 5142
f 5282 5140 5284
f 5283 5141 5139
f 5281 5283 5139
f 5277 5135 5133
f 5282 5138 5140
f 5281 5139 5137
f 5279 5281 5137
f 5280 5136 5138
f 5278 5136 5280
f 5279 5137 5135
f 5277 5279 5135
f 5278 5134 5136
f 5280 5138 5282
f 5267 5125 5123
f 5306 5162 5164
f 5307 5165 5163
f 5333 5335 5191
f 5334 5190 5192
f 5332 5190 5334
f 5333 5191 5189
f 5331 5333 5189
f 5332 5188 5190
f 5330 5188 5332
f 5331 5189 5187
f 5329 5331 5187
f 5330 5186 5188
f 5328 5186 5330
f 5329 5187 5185
f 5327 5329 5185
f 5328 5184 5186
f 5326 5184 5328
f 5335 5193 5191
f 5334 5192 5336
f 5336 5192 5194
f 5335 5337 5193
f 5343 5345 5201
f 5344 5200 5202
f 5342 5200 5344
f 5343 5201 5199
f 5341 5343 5199
f 5342 5198 5200
f 5340 5198 5342
f 5327 5185 5183
f 5341 5199 5197
f 5340 5196 5198
f 5338 5196 5340
f 5339 5197 5195
f 5337 5339 5195
f 5338 5194 5196
f 5336 5194 5338
f 5337 5195 5193
f 5339 5341 5197
f 5325 5327 5183
f 5326 5182 5184
f 5324 5182 5326
f 5315 5173 5171
f 5313 5315 5171
f 5314 5170 5172
f 5312 5170 5314
f 5313 5171 5169
f 5311 5313 5169
f 5312 5168 5170
f 5314 5172 5316
f 5310 5168 5312
f 5309 5311 5167
f 5310 5166 5168
f 5308 5166 5310
f 5309 5167 5165
f 5307 5309 5165
f 5308 5164 5166
f 5306 5164 5308
f 5311 5169 5167
f 5305 5307 5163
f 5316 5172 5174
f 5317 5175 5173
f 5325 5183 5181
f 5323 5325 5181
f 5324 5180 5182
f 5322 5180 5324
f 5323 5181 5179
f 5321 5323 5179
f 5322 5178 5180
f 5315 5317 5173
f 5320 5178 5322
f 5319 5321 5177
f 5320 5176 5178
f 5318 5176 5320
f 5319 5177 5175
f 5317 5319 5175
f 5318 5174 5176
f 5316 5174 5318
f 5321 5179 5177
f 6368 6224 6226
f 5737 5739 5595
f 5738 5596 5740
f 6160 6016 6018
f 6158 6016 6160
f 6159 6017 6015
f 6157 6159 6015
f 6158 6014 6016
f 6156 6014 6158
f 6157 6015 6013
f 6155 6157 6013
f 6156 6012 6014
f 6154 6012 6156
f 6155 6013 6011
f 6153 6155 6011
f 6154 6010 6012
f 6152 6010 6154
f 6153 6011 6009
f 6159 6161 6017
f 6161 6019 6017
f 6160 6018 6162
f 6162 6018 6020
f 6170 6026 6028
f 6168 6026 6170
f 6169 6027 6025
f 6167 6169 6025
f 6168 6024 6026
f 6166 6024 6168
f 6167 6025 6023
f 6151 6153 6009
f 6165 6167 6023
f 6164 6022 6166
f 6165 6023 6021
f 6163 6165 6021
f 6164 6020 6022
f 6162 6020 6164
f 6163 6021 6019
f 6161 6163 6019
f 6166 6022 6024
f 6169 6171 6027
f 6152 6008 6010
f 6151 6009 6007
f 6139 6141 5997
f 6140 5996 5998
f 6138 5996 6140
f 6139 5997 5995
f 6137 6139 5995
f 6138 5994 5996
f 6136 5994 6138
f 6137 5995 5993
f 6135 6137 5993
f 6136 5992 5994
f 6134 5992 6136
f 6135 5993 5991
f 6133 6135 5991
f 6134 5990 5992
f 6132 5990 6134
f 6141 5999 5997
f 6140 5998 6142
f 6142 5998 6000
f 6141 6143 5999
f 6149 6151 6007
f 6150 6006 6008
f 6148 6006 6150
f 6149 6007 6005
f 6147 6149 6005
f 6148 6004 6006
f 6146 6004 6148
f 6150 6008 6152
f 6147 6005 6003
f 6146 6002 6004
f 6144 6002 6146
f 6145 6003 6001
f 6143 6145 6001
f 6144 6000 6002
f 6142 6000 6144
f 6143 6001 5999
f 6145 6147 6003
f 6171 6029 6027
f 6170 6028 6172
f 6172 6028 6030
f 6198 6056 6200
f 6199 6057 6055
f 6197 6199 6055
f 6198 6054 6056
f 6196 6054 6198
f 6197 6055 6053
f 6195 6197 6053
f 6196 6052 6054
f 6194 6052 6196
f 6195 6053 6051
f 6193 6195 6051
f 6194 6050 6052
f 6192 6050 6194
f 6193 6051 6049
f 6191 6193 6049
f 6200 6056 6058
f 6199 6201 6057
f 6201 6059 6057
f 6200 6058 6202
f 6208 6066 6210
f 6209 6067 6065
f 6207 6209 6065
f 6208 6064 6066
f 6206 6064 6208
f 6207 6065 6063
f 6205 6207 6063
f 6192 6048 6050
f 6206 6062 6064
f 6205 6063 6061
f 6203 6205 6061
f 6204 6060 6062
f 6202 6060 6204
f 6203 6061 6059
f 6201 6203 6059
f 6202 6058 6060
f 6204 6062 6206
f 6190 6048 6192
f 6191 6049 6047
f 6189 6191 6047
f 6180 6036 6038
f 6178 6036 6180
f 6179 6037 6035
f 6177 6179 6035
f 6178 6034 6036
f 6176 6034 6178
f 6177 6035 6033
f 6179 6181 6037
f 6175 6177 6033
f 6174 6032 6176
f 6175 6033 6031
f 6173 6175 6031
f 6174 6030 6032
f 6172 6030 6174
f 6173 6031 6029
f 6171 6173 6029
f 6176 6032 6034
f 6133 5991 5989
f 6181 6039 6037
f 6182 6038 6040
f 6190 6046 6048
f 6188 6046 6190
f 6189 6047 6045
f 6187 6189 6045
f 6188 6044 6046
f 6186 6044 6188
f 6187 6045 6043
f 6180 6038 6182
f 6185 6187 6043
f 6184 6042 6186
f 6185 6043 6041
f 6183 6185 6041
f 6184 6040 6042
f 6182 6040 6184
f 6183 6041 6039
f 6181 6183 6039
f 6186 6042 6044
f 6210 6066 6068
f 6131 6133 5989
f 6130 5988 6132
f 6080 5938 6082
f 6081 5939 5937
f 6079 6081 5937
f 6080 5936 5938
f 6078 5936 6080
f 6079 5937 5935
f 6077 6079 5935
f 6078 5934 5936
f 6076 5934 6078
f 6077 5935 5933
f 6075 6077 5933
f 6076 5932 5934
f 6074 5932 6076
f 6075 5933 5931
f 6073 6075 5931
f 6082 5938 5940
f 6081 6083 5939
f 6083 5941 5939
f 6082 5940 6084
f 6090 5948 6092
f 6091 5949 5947
f 6089 6091 5947
f 6090 5946 5948
f 6088 5946 6090
f 6089 5947 5945
f 6087 6089 5945
f 6074 5930 5932
f 6088 5944 5946
f 6087 5945 5943
f 6085 6087 5943
f 6086 5942 5944
f 6084 5942 6086
f 6085 5943 5941
f 6083 6085 5941
f 6084 5940 5942
f 6086 5944 6088
f 6092 5948 5950
f 6072 5930 6074
f 6071 6073 5929
f 6062 5918 5920
f 6060 5918 6062
f 6061 5919 5917
f 6059 6061 5917
f 6060 5916 5918
f 6058 5916 6060
f 6059 5917 5915
f 6057 6059 5915
f 6058 5914 5916
f 6056 5914 6058
f 6057 5915 5913
f 6055 6057 5913
f 6056 5912 5914
f 6054 5912 6056
f 6055 5913 5911
f 6061 6063 5919
f 6063 5921 5919
f 6062 5920 6064
f 6064 5920 5922
f 6072 5928 5930
f 6070 5928 6072
f 6071 5929 5927
f 6069 6071 5927
f 6070 5926 5928
f 6068 5926 6070
f 6069 5927 5925
f 6073 5931 5929
f 6067 6069 5925
f 6066 5924 6068
f 6067 5925 5923
f 6065 6067 5923
f 6066 5922 5924
f 6064 5922 6066
f 6065 5923 5921
f 6063 6065 5921
f 6068 5924 5926
f 6091 6093 5949
f 6093 5951 5949
f 6092 5950 6094
f 6121 5979 5977
f 6119 6121 5977
f 6120 5976 5978
f 6118 5976 6120
f 6119 5977 5975
f 6117 6119 5975
f 6118 5974 5976
f 6116 5974 6118
f 6117 5975 5973
f 6115 6117 5973
f 6116 5972 5974
f 6114 5972 6116
f 6115 5973 5971
f 6113 6115 5971
f 6114 5970 5972
f 6120 5978 6122
f 6122 5978 5980
f 6121 6123 5979
f 6123 5981 5979
f 6131 5989 5987
f 6129 6131 5987
f 6130 5986 5988
f 6128 5986 6130
f 6129 5987 5985
f 6127 6129 5985
f 6128 5984 5986
f 6112 5970 6114
f 6126 5984 6128
f 6125 6127 5983
f 6126 5982 5984
f 6124 5982 6126
f 6125 5983 5981
f 6123 6125 5981
f 6124 5980 5982
f 6122 5980 6124
f 6127 5985 5983
f 6113 5971 5969
f 6111 6113 5969
f 6112 5968 5970
f 6101 6102 5959
f 6101 5959 6099
f 6099 5959 5957
f 6100 5956 5958
f 6098 5956 6100
f 6099 5957 5955
f 6097 6099 5955
f 5959 6102 5960
f 6098 5954 5956
f 6097 5955 5953
f 6095 6097 5953
f 6096 5952 5954
f 6094 5952 6096
f 6095 5953 5951
f 6093 6095 5951
f 6094 5950 5952
f 6096 5954 6098
f 6132 5988 5990
f 6102 5958 5960
f 5962 6103 6104
f 6110 5968 6112
f 6111 5969 5967
f 6109 6111 5967
f 6110 5966 5968
f 6108 5966 6110
f 6109 5967 5965
f 6107 6109 5965
f 6100 5958 6102
f 6108 5964 5966
f 6107 5965 5962
f 6104 6107 5962
f 5964 6106 5963
f 5963 6106 6105
f 5961 5963 6105
f 6103 5961 6105
f 5961 6103 5962
f 6106 5964 6108
f 6209 6211 6067
f 6211 6069 6067
f 6210 6068 6212
f 6316 6174 6318
f 6317 6175 6173
f 6315 6317 6173
f 6316 6172 6174
f 6314 6172 6316
f 6315 6173 6171
f 6313 6315 6171
f 6314 6170 6172
f 6312 6170 6314
f 6313 6171 6169
f 6311 6313 6169
f 6312 6168 6170
f 6310 6168 6312
f 6311 6169 6167
f 6309 6311 6167
f 6318 6174 6176
f 6317 6319 6175
f 6319 6177 6175
f 6318 6176 6320
f 6326 6184 6328
f 6327 6185 6183
f 6325 6327 6183
f 6326 6182 6184
f 6324 6182 6326
f 6325 6183 6181
f 6323 6325 6181
f 6310 6166 6168
f 6324 6180 6182
f 6323 6181 6179
f 6321 6323 6179
f 6322 6178 6180
f 6320 6178 6322
f 6321 6179 6177
f 6319 6321 6177
f 6320 6176 6178
f 6322 6180 6324
f 6328 6184 6186
f 6308 6166 6310
f 6307 6309 6165
f 6298 6154 6156
f 6296 6154 6298
f 6297 6155 6153
f 6295 6297 6153
f 6296 6152 6154
f 6294 6152 6296
f 6295 6153 6151
f 6293 6295 6151
f 6294 6150 6152
f 6292 6150 6294
f 6293 6151 6149
f 6291 6293 6149
f 6292 6148 6150
f 6290 6148 6292
f 6291 6149 6147
f 6297 6299 6155
f 6299 6157 6155
f 6298 6156 6300
f 6300 6156 6158
f 6308 6164 6166
f 6306 6164 6308
f 6307 6165 6163
f 6305 6307 6163
f 6306 6162 6164
f 6304 6162 6306
f 6305 6163 6161
f 6309 6167 6165
f 6303 6305 6161
f 6302 6160 6304
f 6303 6161 6159
f 6301 6303 6159
f 6302 6158 6160
f 6300 6158 6302
f 6301 6159 6157
f 6299 6301 6157
f 6304 6160 6162
f 6327 6329 6185
f 6329 6187 6185
f 6328 6186 6330
f 6357 6215 6213
f 6355 6357 6213
f 6356 6212 6214
f 6354 6212 6356
f 6355 6213 6211
f 6353 6355 6211
f 6354 6210 6212
f 6352 6210 6354
f 6353 6211 6209
f 6351 6353 6209
f 6352 6208 6210
f 6350 6208 6352
f 6351 6209 6207
f 6349 6351 6207
f 6350 6206 6208
f 6356 6214 6358
f 6358 6214 6216
f 6357 6359 6215
f 6359 6217 6215
f 6367 6225 6223
f 6365 6367 6223
f 6366 6222 6224
f 6364 6222 6366
f 6365 6223 6221
f 6363 6365 6221
f 6364 6220 6222
f 6348 6206 6350
f 6362 6220 6364
f 6361 6363 6219
f 6362 6218 6220
f 6360 6218 6362
f 6361 6219 6217
f 6359 6361 6217
f 6360 6216 6218
f 6358 6216 6360
f 6363 6221 6219
f 6349 6207 6205
f 6347 6349 6205
f 6348 6204 6206
f 6336 6194 6338
f 6337 6195 6193
f 6335 6337 6193
f 6336 6192 6194
f 6334 6192 6336
f 6335 6193 6191
f 6333 6335 6191
f 6338 6194 6196
f 6334 6190 6192
f 6333 6191 6189
f 6331 6333 6189
f 6332 6188 6190
f 6330 6188 6332
f 6331 6189 6187
f 6329 6331 6187
f 6330 6186 6188
f 6332 6190 6334
f 6289 6291 6147
f 6337 6339 6195
f 6338 6196 6340
f 6346 6204 6348
f 6347 6205 6203
f 6345 6347 6203
f 6346 6202 6204
f 6344 6202 6346
f 6345 6203 6201
f 6343 6345 6201
f 6339 6197 6195
f 6344 6200 6202
f 6343 6201 6199
f 6341 6343 6199
f 6342 6198 6200
f 6340 6198 6342
f 6341 6199 6197
f 6339 6341 6197
f 6340 6196 6198
f 6342 6200 6344
f 6290 6146 6148
f 6288 6146 6290
f 6289 6147 6145
f 6239 6097 6095
f 6237 6239 6095
f 6238 6094 6096
f 6236 6094 6238
f 6237 6095 6093
f 6235 6237 6093
f 6236 6092 6094
f 6234 6092 6236
f 6235 6093 6091
f 6233 6235 6091
f 6234 6090 6092
f 6232 6090 6234
f 6233 6091 6089
f 6231 6233 6089
f 6232 6088 6090
f 6238 6096 6240
f 6240 6096 6098
f 6239 6241 6097
f 6241 6099 6097
f 6249 6107 6104
f 6246 6249 6104
f 6106 6248 6105
f 6105 6248 6247
f 6103 6105 6247
f 6245 6103 6247
f 6103 6245 6104
f 6230 6088 6232
f 6104 6245 6246
f 6244 6100 6102
f 6101 6244 6102
f 6243 6244 6101
f 6243 6101 6241
f 6241 6101 6099
f 6242 6098 6100
f 6240 6098 6242
f 6242 6100 6244
f 6231 6089 6087
f 6229 6231 6087
f 6230 6086 6088
f 6218 6076 6220
f 6219 6077 6075
f 6217 6219 6075
f 6218 6074 6076
f 6216 6074 6218
f 6217 6075 6073
f 6215 6217 6073
f 6220 6076 6078
f 6216 6072 6074
f 6215 6073 6071
f 6213 6215 6071
f 6214 6070 6072
f 6212 6070 6214
f 6213 6071 6069
f 6211 6213 6069
f 6212 6068 6070
f 6214 6072 6216
f 6248 6106 6250
f 6219 6221 6077
f 6220 6078 6222
f 6228 6086 6230
f 6229 6087 6085
f 6227 6229 6085
f 6228 6084 6086
f 6226 6084 6228
f 6227 6085 6083
f 6225 6227 6083
f 6221 6079 6077
f 6226 6082 6084
f 6225 6083 6081
f 6223 6225 6081
f 6224 6080 6082
f 6222 6080 6224
f 6223 6081 6079
f 6221 6223 6079
f 6222 6078 6080
f 6224 6082 6226
f 6053 6055 5911
f 6250 6106 6108
f 6251 6109 6107
f 6277 6279 6135
f 6278 6134 6136
f 6276 6134 6278
f 6277 6135 6133
f 6275 6277 6133
f 6276 6132 6134
f 6274 6132 6276
f 6275 6133 6131
f 6273 6275 6131
f 6274 6130 6132
f 6272 6130 6274
f 6273 6131 6129
f 6271 6273 6129
f 6272 6128 6130
f 6270 6128 6272
f 6279 6137 6135
f 6278 6136 6280
f 6280 6136 6138
f 6279 6281 6137
f 6287 6289 6145
f 6288 6144 6146
f 6286 6144 6288
f 6287 6145 6143
f 6285 6287 6143
f 6286 6142 6144
f 6284 6142 6286
f 6271 6129 6127
f 6285 6143 6141
f 6284 6140 6142
f 6282 6140 6284
f 6283 6141 6139
f 6281 6283 6139
f 6282 6138 6140
f 6280 6138 6282
f 6281 6139 6137
f 6283 6285 6141
f 6269 6271 6127
f 6270 6126 6128
f 6268 6126 6270
f 6259 6117 6115
f 6257 6259 6115
f 6258 6114 6116
f 6256 6114 6258
f 6257 6115 6113
f 6255 6257 6113
f 6256 6112 6114
f 6258 6116 6260
f 6254 6112 6256
f 6253 6255 6111
f 6254 6110 6112
f 6252 6110 6254
f 6253 6111 6109
f 6251 6253 6109
f 6252 6108 6110
f 6250 6108 6252
f 6255 6113 6111
f 6249 6251 6107
f 6260 6116 6118
f 6261 6119 6117
f 6269 6127 6125
f 6267 6269 6125
f 6268 6124 6126
f 6266 6124 6268
f 6267 6125 6123
f 6265 6267 6123
f 6266 6122 6124
f 6259 6261 6117
f 6264 6122 6266
f 6263 6265 6121
f 6264 6120 6122
f 6262 6120 6264
f 6263 6121 6119
f 6261 6263 6119
f 6262 6118 6120
f 6260 6118 6262
f 6265 6123 6121
f 6054 5910 5912
f 6052 5910 6054
f 6053 5911 5909
f 5844 5702 5846
f 5845 5703 5701
f 5843 5845 5701
f 5844 5700 5702
f 5842 5700 5844
f 5843 5701 5699
f 5841 5843 5699
f 5842 5698 5700
f 5840 5698 5842
f 5841 5699 5697
f 5839 5841 5697
f 5840 5696 5698
f 5838 5696 5840
f 5839 5697 5695
f 5837 5839 5695
f 5846 5702 5704
f 5845 5847 5703
f 5847 5705 5703
f 5846 5704 5848
f 5854 5712 5856
f 5855 5713 5711
f 5853 5855 5711
f 5854 5710 5712
f 5852 5710 5854
f 5853 5711 5709
f 5851 5853 5709
f 5838 5694 5696
f 5852 5708 5710
f 5851 5709 5707
f 5849 5851 5707
f 5850 5706 5708
f 5848 5706 5850
f 5849 5707 5705
f 5847 5849 5705
f 5848 5704 5706
f 5850 5708 5852
f 5856 5712 5714
f 5836 5694 5838
f 5835 5837 5693
f 5826 5682 5684
f 5824 5682 5826
f 5825 5683 5681
f 5823 5825 5681
f 5824 5680 5682
f 5822 5680 5824
f 5823 5681 5678
f 5820 5823 5678
f 5680 5822 5679
f 5679 5822 5821
f 5677 5679 5821
f 5819 5677 5821
f 5677 5819 5678
f 5678 5819 5820
f 5816 5674 5818
f 5825 5827 5683
f 5827 5685 5683
f 5826 5684 5828
f 5828 5684 5686
f 5836 5692 5694
f 5834 5692 5836
f 5835 5693 5691
f 5833 5835 5691
f 5834 5690 5692
f 5832 5690 5834
f 5833 5691 5689
f 5837 5695 5693
f 5831 5833 5689
f 5830 5688 5832
f 5831 5689 5687
f 5829 5831 5687
f 5830 5686 5688
f 5828 5686 5830
f 5829 5687 5685
f 5827 5829 5685
f 5832 5688 5690
f 5855 5857 5713
f 5857 5715 5713
f 5856 5714 5858
f 5885 5743 5741
f 5883 5885 5741
f 5884 5740 5742
f 5882 5740 5884
f 5883 5741 5739
f 5881 5883 5739
f 5882 5738 5740
f 5880 5738 5882
f 5881 5739 5737
f 5879 5881 5737
f 5880 5736 5738
f 5878 5736 5880
f 5879 5737 5735
f 5877 5879 5735
f 5878 5734 5736
f 5884 5742 5886
f 5886 5742 5744
f 5885 5887 5743
f 5887 5745 5743
f 5895 5753 5751
f 5893 5895 5751
f 5894 5750 5752
f 5892 5750 5894
f 5893 5751 5749
f 5891 5893 5749
f 5892 5748 5750
f 5876 5734 5878
f 5890 5748 5892
f 5889 5891 5747
f 5890 5746 5748
f 5888 5746 5890
f 5889 5747 5745
f 5887 5889 5745
f 5888 5744 5746
f 5886 5744 5888
f 5891 5749 5747
f 5877 5735 5733
f 5875 5877 5733
f 5876 5732 5734
f 5864 5722 5866
f 5865 5723 5721
f 5863 5865 5721
f 5864 5720 5722
f 5862 5720 5864
f 5863 5721 5719
f 5861 5863 5719
f 5866 5722 5724
f 5862 5718 5720
f 5861 5719 5717
f 5859 5861 5717
f 5860 5716 5718
f 5858 5716 5860
f 5859 5717 5715
f 5857 5859 5715
f 5858 5714 5716
f 5860 5718 5862
f 5818 5674 5676
f 5865 5867 5723
f 5866 5724 5868
f 5874 5732 5876
f 5875 5733 5731
f 5873 5875 5731
f 5874 5730 5732
f 5872 5730 5874
f 5873 5731 5729
f 5871 5873 5729
f 5867 5725 5723
f 5872 5728 5730
f 5871 5729 5727
f 5869 5871 5727
f 5870 5726 5728
f 5868 5726 5870
f 5869 5727 5725
f 5867 5869 5725
f 5868 5724 5726
f 5870 5728 5872
f 5675 5818 5676
f 5817 5818 5675
f 5817 5675 5815
f 5767 5625 5623
f 5765 5767 5623
f 5766 5622 5624
f 5764 5622 5766
f 5765 5623 5621
f 5763 5765 5621
f 5764 5620 5622
f 5762 5620 5764
f 5763 5621 5619
f 5761 5763 5619
f 5762 5618 5620
f 5760 5618 5762
f 5761 5619 5617
f 5759 5761 5617
f 5760 5616 5618
f 5766 5624 5768
f 5768 5624 5626
f 5767 5769 5625
f 5769 5627 5625
f 5777 5635 5633
f 5775 5777 5633
f 5776 5632 5634
f 5774 5632 5776
f 5775 5633 5631
f 5773 5775 5631
f 5774 5630 5632
f 5758 5616 5760
f 5772 5630 5774
f 5771 5773 5629
f 5772 5628 5630
f 5770 5628 5772
f 5771 5629 5627
f 5769 5771 5627
f 5770 5626 5628
f 5768 5626 5770
f 5773 5631 5629
f 5759 5617 5615
f 5757 5759 5615
f 5758 5614 5616
f 5746 5604 5748
f 5747 5605 5603
f 5745 5747 5603
f 5746 5602 5604
f 5744 5602 5746
f 5745 5603 5601
f 5743 5745 5601
f 5748 5604 5606
f 5744 5600 5602
f 5743 5601 5599
f 5741 5743 5599
f 5742 5598 5600
f 5740 5598 5742
f 5741 5599 5597
f 5739 5741 5597
f 5740 5596 5598
f 5742 5600 5744
f 5776 5634 5778
f 5747 5749 5605
f 5748 5606 5750
f 5756 5614 5758
f 5757 5615 5613
f 5755 5757 5613
f 5756 5612 5614
f 5754 5612 5756
f 5755 5613 5611
f 5753 5755 5611
f 5749 5607 5605
f 5754 5610 5612
f 5753 5611 5609
f 5751 5753 5609
f 5752 5608 5610
f 5750 5608 5752
f 5751 5609 5607
f 5749 5751 5607
f 5750 5606 5608
f 5752 5610 5754
f 5894 5752 5896
f 5778 5634 5636
f 5779 5637 5635
f 5805 5807 5663
f 5806 5662 5664
f 5804 5662 5806
f 5805 5663 5661
f 5803 5805 5661
f 5804 5660 5662
f 5802 5660 5804
f 5803 5661 5659
f 5801 5803 5659
f 5802 5658 5660
f 5800 5658 5802
f 5801 5659 5657
f 5799 5801 5657
f 5800 5656 5658
f 5798 5656 5800
f 5807 5665 5663
f 5806 5664 5808
f 5808 5664 5666
f 5807 5809 5665
f 5815 5675 5673
f 5816 5672 5674
f 5814 5672 5816
f 5815 5673 5671
f 5813 5815 5671
f 5814 5670 5672
f 5812 5670 5814
f 5799 5657 5655
f 5813 5671 5669
f 5812 5668 5670
f 5810 5668 5812
f 5811 5669 5667
f 5809 5811 5667
f 5810 5666 5668
f 5808 5666 5810
f 5809 5667 5665
f 5811 5813 5669
f 5797 5799 5655
f 5798 5654 5656
f 5796 5654 5798
f 5787 5645 5643
f 5785 5787 5643
f 5786 5642 5644
f 5784 5642 5786
f 5785 5643 5641
f 5783 5785 5641
f 5784 5640 5642
f 5786 5644 5788
f 5782 5640 5784
f 5781 5783 5639
f 5782 5638 5640
f 5780 5638 5782
f 5781 5639 5637
f 5779 5781 5637
f 5780 5636 5638
f 5778 5636 5780
f 5783 5641 5639
f 5777 5779 5635
f 5788 5644 5646
f 5789 5647 5645
f 5797 5655 5653
f 5795 5797 5653
f 5796 5652 5654
f 5794 5652 5796
f 5795 5653 5651
f 5793 5795 5651
f 5794 5650 5652
f 5787 5789 5645
f 5792 5650 5794
f 5791 5793 5649
f 5792 5648 5650
f 5790 5648 5792
f 5791 5649 5647
f 5789 5791 5647
f 5790 5646 5648
f 5788 5646 5790
f 5793 5651 5649
f 5739 5597 5595
f 5896 5752 5754
f 5897 5755 5753
f 6003 5861 5859
f 6001 6003 5859
f 6002 5858 5860
f 6000 5858 6002
f 6001 5859 5857
f 5999 6001 5857
f 6000 5856 5858
f 5998 5856 6000
f 5999 5857 5855
f 5997 5999 5855
f 5998 5854 5856
f 5996 5854 5998
f 5997 5855 5853
f 5995 5997 5853
f 5996 5852 5854
f 6002 5860 6004
f 6004 5860 5862
f 6003 6005 5861
f 6005 5863 5861
f 6013 5871 5869
f 6011 6013 5869
f 6012 5868 5870
f 6010 5868 6012
f 6011 5869 5867
f 6009 6011 5867
f 6010 5866 5868
f 5994 5852 5996
f 6008 5866 6010
f 6007 6009 5865
f 6008 5864 5866
f 6006 5864 6008
f 6007 5865 5863
f 6005 6007 5863
f 6006 5862 5864
f 6004 5862 6006
f 6009 5867 5865
f 6012 5870 6014
f 5995 5853 5851
f 5994 5850 5852
f 5982 5840 5984
f 5983 5841 5839
f 5981 5983 5839
f 5982 5838 5840
f 5980 5838 5982
f 5981 5839 5837
f 5979 5981 5837
f 5980 5836 5838
f 5978 5836 5980
f 5979 5837 5835
f 5977 5979 5835
f 5978 5834 5836
f 5976 5834 5978
f 5977 5835 5833
f 5975 5977 5833
f 5984 5840 5842
f 5983 5985 5841
f 5985 5843 5841
f 5984 5842 5986
f 5992 5850 5994
f 5993 5851 5849
f 5991 5993 5849
f 5992 5848 5850
f 5990 5848 5992
f 5991 5849 5847
f 5989 5991 5847
f 5993 5995 5851
f 5990 5846 5848
f 5989 5847 5845
f 5987 5989 5845
f 5988 5844 5846
f 5986 5844 5988
f 5987 5845 5843
f 5985 5987 5843
f 5986 5842 5844
f 5988 5846 5990
f 6014 5870 5872
f 6013 6015 5871
f 6015 5873 5871
f 6041 6043 5899
f 6042 5898 5900
f 6040 5898 6042
f 6041 5899 5897
f 6039 6041 5897
f 6040 5896 5898
f 6038 5896 6040
f 6039 5897 5895
f 6037 6039 5895
f 6038 5894 5896
f 6036 5894 6038
f 6037 5895 5893
f 6035 6037 5893
f 6036 5892 5894
f 6034 5892 6036
f 6043 5901 5899
f 6042 5900 6044
f 6044 5900 5902
f 6043 6045 5901
f 6051 6053 5909
f 6052 5908 5910
f 6050 5908 6052
f 6051 5909 5907
f 6049 6051 5907
f 6050 5906 5908
f 6048 5906 6050
f 6035 5893 5891
f 6049 5907 5905
f 6048 5904 5906
f 6046 5904 6048
f 6047 5905 5903
f 6045 6047 5903
f 6046 5902 5904
f 6044 5902 6046
f 6045 5903 5901
f 6047 6049 5905
f 6033 6035 5891
f 6034 5890 5892
f 6032 5890 6034
f 6023 5881 5879
f 6021 6023 5879
f 6022 5878 5880
f 6020 5878 6022
f 6021 5879 5877
f 6019 6021 5877
f 6020 5876 5878
f 6022 5880 6024
f 6018 5876 6020
f 6017 6019 5875
f 6018 5874 5876
f 6016 5874 6018
f 6017 5875 5873
f 6015 6017 5873
f 6016 5872 5874
f 6014 5872 6016
f 6019 5877 5875
f 5976 5832 5834
f 6024 5880 5882
f 6025 5883 5881
f 6033 5891 5889
f 6031 6033 5889
f 6032 5888 5890
f 6030 5888 6032
f 6031 5889 5887
f 6029 6031 5887
f 6030 5886 5888
f 6023 6025 5881
f 6028 5886 6030
f 6027 6029 5885
f 6028 5884 5886
f 6026 5884 6028
f 6027 5885 5883
f 6025 6027 5883
f 6026 5882 5884
f 6024 5882 6026
f 6029 5887 5885
f 5974 5832 5976
f 5975 5833 5831
f 5973 5975 5831
f 5923 5925 5781
f 5924 5780 5782
f 5922 5780 5924
f 5923 5781 5779
f 5921 5923 5779
f 5922 5778 5780
f 5920 5778 5922
f 5921 5779 5777
f 5919 5921 5777
f 5920 5776 5778
f 5918 5776 5920
f 5919 5777 5775
f 5917 5919 5775
f 5918 5774 5776
f 5916 5774 5918
f 5925 5783 5781
f 5924 5782 5926
f 5926 5782 5784
f 5925 5927 5783
f 5933 5935 5791
f 5934 5790 5792
f 5932 5790 5934
f 5933 5791 5789
f 5931 5933 5789
f 5932 5788 5790
f 5930 5788 5932
f 5917 5775 5773
f 5931 5789 5787
f 5930 5786 5788
f 5928 5786 5930
f 5929 5787 5785
f 5927 5929 5785
f 5928 5784 5786
f 5926 5784 5928
f 5927 5785 5783
f 5929 5931 5787
f 5915 5917 5773
f 5916 5772 5774
f 5914 5772 5916
f 5905 5763 5761
f 5903 5905 5761
f 5904 5760 5762
f 5902 5760 5904
f 5903 5761 5759
f 5901 5903 5759
f 5902 5758 5760
f 5904 5762 5906
f 5900 5758 5902
f 5899 5901 5757
f 5900 5756 5758
f 5898 5756 5900
f 5899 5757 5755
f 5897 5899 5755
f 5898 5754 5756
f 5896 5754 5898
f 5901 5759 5757
f 5935 5793 5791
f 5906 5762 5764
f 5907 5765 5763
f 5915 5773 5771
f 5913 5915 5771
f 5914 5770 5772
f 5912 5770 5914
f 5913 5771 5769
f 5911 5913 5769
f 5912 5768 5770
f 5905 5907 5763
f 5910 5768 5912
f 5909 5911 5767
f 5910 5766 5768
f 5908 5766 5910
f 5909 5767 5765
f 5907 5909 5765
f 5908 5764 5766
f 5906 5764 5908
f 5911 5769 5767
f 5895 5897 5753
f 5934 5792 5936
f 5935 5937 5793
f 5822 5964 5821
f 5821 5964 5963
f 5819 5821 5963
f 5961 5819 5963
f 5819 5961 5820
f 5820 5961 5962
f 5958 5816 5960
f 5960 5816 5818
f 5817 5960 5818
f 5959 5960 5817
f 5959 5817 5957
f 5957 5817 5815
f 5958 5814 5816
f 5956 5814 5958
f 5957 5815 5813
f 5962 5965 5820
f 5965 5823 5820
f 5964 5822 5966
f 5966 5822 5824
f 5974 5830 5832
f 5972 5830 5974
f 5973 5831 5829
f 5971 5973 5829
f 5972 5828 5830
f 5970 5828 5972
f 5971 5829 5827
f 5955 5957 5813
f 5969 5971 5827
f 5968 5826 5970
f 5969 5827 5825
f 5967 5969 5825
f 5968 5824 5826
f 5966 5824 5968
f 5967 5825 5823
f 5965 5967 5823
f 5970 5826 5828
f 5956 5812 5814
f 5954 5812 5956
f 5955 5813 5811
f 5943 5945 5801
f 5944 5800 5802
f 5942 5800 5944
f 5943 5801 5799
f 5941 5943 5799
f 5942 5798 5800
f 5940 5798 5942
f 5945 5803 5801
f 5941 5799 5797
f 5940 5796 5798
f 5938 5796 5940
f 5939 5797 5795
f 5937 5939 5795
f 5938 5794 5796
f 5936 5794 5938
f 5937 5795 5793
f 5939 5941 5797
f 5936 5792 5794
f 5944 5802 5946
f 5945 5947 5803
f 5953 5955 5811
f 5954 5810 5812
f 5952 5810 5954
f 5953 5811 5809
f 5951 5953 5809
f 5952 5808 5810
f 5950 5808 5952
f 5946 5802 5804
f 5951 5809 5807
f 5950 5806 5808
f 5948 5806 5950
f 5949 5807 5805
f 5947 5949 5805
f 5948 5804 5806
f 5946 5804 5948
f 5947 5805 5803
f 5949 5951 5807
f 4967 5109 4968
f 7627 7485 7483
f 7628 7484 7486
f 9306 9164 9308
f 9307 9165 9163
f 9305 9307 9163
f 9306 9162 9164
f 9304 9162 9306
f 9305 9163 9161
f 9303 9305 9161
f 9304 9160 9162
f 9302 9160 9304
f 9303 9161 9159
f 9301 9303 9159
f 9302 9158 9160
f 9300 9158 9302
f 9301 9159 9157
f 9299 9301 9157
f 9308 9164 9166
f 9307 9309 9165
f 9309 9167 9165
f 9308 9166 9310
f 9316 9174 9318
f 9317 9175 9173
f 9315 9317 9173
f 9316 9172 9174
f 9314 9172 9316
f 9315 9173 9171
f 9313 9315 9171
f 9300 9156 9158
f 9314 9170 9172
f 9313 9171 9169
f 9311 9313 9169
f 9312 9168 9170
f 9310 9168 9312
f 9311 9169 9167
f 9309 9311 9167
f 9310 9166 9168
f 9312 9170 9314
f 9318 9174 9176
f 9298 9156 9300
f 9297 9299 9155
f 9288 9144 9146
f 9286 9144 9288
f 9287 9145 9143
f 9285 9287 9143
f 9286 9142 9144
f 9284 9142 9286
f 9285 9143 9141
f 9283 9285 9141
f 9284 9140 9142
f 9282 9140 9284
f 9283 9141 9139
f 9281 9283 9139
f 9282 9138 9140
f 9280 9138 9282
f 9281 9139 9137
f 9287 9289 9145
f 9289 9147 9145
f 9288 9146 9290
f 9290 9146 9148
f 9298 9154 9156
f 9296 9154 9298
f 9297 9155 9153
f 9295 9297 9153
f 9296 9152 9154
f 9294 9152 9296
f 9295 9153 9151
f 9299 9157 9155
f 9293 9295 9151
f 9292 9150 9294
f 9293 9151 9149
f 9291 9293 9149
f 9292 9148 9150
f 9290 9148 9292
f 9291 9149 9147
f 9289 9291 9147
f 9294 9150 9152
f 9317 9319 9175
f 9319 9177 9175
f 9318 9176 9320
f 9347 9205 9203
f 9345 9347 9203
f 9346 9202 9204
f 9344 9202 9346
f 9345 9203 9201
f 9343 9345 9201
f 9344 9200 9202
f 9342 9200 9344
f 9343 9201 9199
f 9341 9343 9199
f 9342 9198 9200
f 9340 9198 9342
f 9341 9199 9197
f 9339 9341 9197
f 9340 9196 9198
f 9346 9204 9348
f 9348 9204 9206
f 9347 9349 9205
f 9349 9207 9205
f 9357 9215 9213
f 9355 9357 9213
f 9356 9212 9214
f 9354 9212 9356
f 9355 9213 9211
f 9353 9355 9211
f 9354 9210 9212
f 9338 9196 9340
f 9352 9210 9354
f 9351 9353 9209
f 9352 9208 9210
f 9350 9208 9352
f 9351 9209 9207
f 9349 9351 9207
f 9350 9206 9208
f 9348 9206 9350
f 9353 9211 9209
f 9339 9197 9195
f 9337 9339 9195
f 9338 9194 9196
f 9326 9184 9328
f 9327 9185 9183
f 9325 9327 9183
f 9326 9182 9184
f 9324 9182 9326
f 9325 9183 9181
f 9323 9325 9181
f 9328 9184 9186
f 9324 9180 9182
f 9323 9181 9179
f 9321 9323 9179
f 9322 9178 9180
f 9320 9178 9322
f 9321 9179 9177
f 9319 9321 9177
f 9320 9176 9178
f 9322 9180 9324
f 9279 9281 9137
f 9327 9329 9185
f 9328 9186 9330
f 9336 9194 9338
f 9337 9195 9193
f 9335 9337 9193
f 9336 9192 9194
f 9334 9192 9336
f 9335 9193 9191
f 9333 9335 9191
f 9329 9187 9185
f 9334 9190 9192
f 9333 9191 9189
f 9331 9333 9189
f 9332 9188 9190
f 9330 9188 9332
f 9331 9189 9187
f 9329 9331 9187
f 9330 9186 9188
f 9332 9190 9334
f 9356 9214 9358
f 9280 9136 9138
f 9279 9137 9135
f 9085 9087 9229
f 9227 9085 9229
f 9085 9227 9086
f 9086 9227 9228
f 9224 9082 9226
f 9226 9082 9084
f 9083 9226 9084
f 9225 9226 9083
f 9225 9083 9223
f 9223 9083 9081
f 9224 9080 9082
f 9222 9080 9224
f 9223 9081 9079
f 9221 9223 9079
f 9222 9078 9080
f 9087 9230 9229
f 9088 9230 9087
f 9228 9231 9086
f 9231 9089 9086
f 9239 9097 9095
f 9237 9239 9095
f 9238 9094 9096
f 9236 9094 9238
f 9237 9095 9093
f 9235 9237 9093
f 9236 9092 9094
f 9220 9078 9222
f 9234 9092 9236
f 9233 9235 9091
f 9234 9090 9092
f 9232 9090 9234
f 9233 9091 9089
f 9231 9233 9089
f 9232 9088 9090
f 9230 9088 9232
f 9235 9093 9091
f 9238 9096 9240
f 9221 9079 9077
f 9220 9076 9078
f 9208 9066 9210
f 9209 9067 9065
f 9207 9209 9065
f 9208 9064 9066
f 9206 9064 9208
f 9207 9065 9063
f 9205 9207 9063
f 9206 9062 9064
f 9204 9062 9206
f 9205 9063 9061
f 9203 9205 9061
f 9204 9060 9062
f 9202 9060 9204
f 9203 9061 9059
f 9201 9203 9059
f 9210 9066 9068
f 9209 9211 9067
f 9211 9069 9067
f 9210 9068 9212
f 9218 9076 9220
f 9219 9077 9075
f 9217 9219 9075
f 9218 9074 9076
f 9216 9074 9218
f 9217 9075 9073
f 9215 9217 9073
f 9219 9221 9077
f 9216 9072 9074
f 9215 9073 9071
f 9213 9215 9071
f 9214 9070 9072
f 9212 9070 9214
f 9213 9071 9069
f 9211 9213 9069
f 9212 9068 9070
f 9214 9072 9216
f 9240 9096 9098
f 9239 9241 9097
f 9241 9099 9097
f 9267 9269 9125
f 9268 9124 9126
f 9266 9124 9268
f 9267 9125 9123
f 9265 9267 9123
f 9266 9122 9124
f 9264 9122 9266
f 9265 9123 9121
f 9263 9265 9121
f 9264 9120 9122
f 9262 9120 9264
f 9263 9121 9119
f 9261 9263 9119
f 9262 9118 9120
f 9260 9118 9262
f 9269 9127 9125
f 9268 9126 9270
f 9270 9126 9128
f 9269 9271 9127
f 9277 9279 9135
f 9278 9134 9136
f 9276 9134 9278
f 9277 9135 9133
f 9275 9277 9133
f 9276 9132 9134
f 9274 9132 9276
f 9261 9119 9117
f 9275 9133 9131
f 9274 9130 9132
f 9272 9130 9274
f 9273 9131 9129
f 9271 9273 9129
f 9272 9128 9130
f 9270 9128 9272
f 9271 9129 9127
f 9273 9275 9131
f 9259 9261 9117
f 9260 9116 9118
f 9258 9116 9260
f 9249 9107 9105
f 9247 9249 9105
f 9248 9104 9106
f 9246 9104 9248
f 9247 9105 9103
f 9245 9247 9103
f 9246 9102 9104
f 9248 9106 9250
f 9244 9102 9246
f 9243 9245 9101
f 9244 9100 9102
f 9242 9100 9244
f 9243 9101 9099
f 9241 9243 9099
f 9242 9098 9100
f 9240 9098 9242
f 9245 9103 9101
f 9278 9136 9280
f 9250 9106 9108
f 9251 9109 9107
f 9259 9117 9115
f 9257 9259 9115
f 9258 9114 9116
f 9256 9114 9258
f 9257 9115 9113
f 9255 9257 9113
f 9256 9112 9114
f 9249 9251 9107
f 9254 9112 9256
f 9253 9255 9111
f 9254 9110 9112
f 9252 9110 9254
f 9253 9111 9109
f 9251 9253 9109
f 9252 9108 9110
f 9250 9108 9252
f 9255 9113 9111
f 9358 9214 9216
f 9357 9359 9215
f 9359 9217 9215
f 9465 9323 9321
f 9463 9465 9321
f 9464 9320 9322
f 9462 9320 9464
f 9463 9321 9319
f 9461 9463 9319
f 9462 9318 9320
f 9460 9318 9462
f 9461 9319 9317
f 9459 9461 9317
f 9460 9316 9318
f 9458 9316 9460
f 9459 9317 9315
f 9457 9459 9315
f 9458 9314 9316
f 9464 9322 9466
f 9466 9322 9324
f 9465 9467 9323
f 9467 9325 9323
f 9475 9333 9331
f 9473 9475 9331
f 9474 9330 9332
f 9472 9330 9474
f 9473 9331 9329
f 9471 9473 9329
f 9472 9328 9330
f 9456 9314 9458
f 9470 9328 9472
f 9469 9471 9327
f 9470 9326 9328
f 9468 9326 9470
f 9469 9327 9325
f 9467 9469 9325
f 9468 9324 9326
f 9466 9324 9468
f 9471 9329 9327
f 9474 9332 9476
f 9457 9315 9313
f 9456 9312 9314
f 9444 9302 9446
f 9445 9303 9301
f 9443 9445 9301
f 9444 9300 9302
f 9442 9300 9444
f 9443 9301 9299
f 9441 9443 9299
f 9442 9298 9300
f 9440 9298 9442
f 9441 9299 9297
f 9439 9441 9297
f 9440 9296 9298
f 9438 9296 9440
f 9439 9297 9295
f 9437 9439 9295
f 9446 9302 9304
f 9445 9447 9303
f 9447 9305 9303
f 9446 9304 9448
f 9454 9312 9456
f 9455 9313 9311
f 9453 9455 9311
f 9454 9310 9312
f 9452 9310 9454
f 9453 9311 9309
f 9451 9453 9309
f 9455 9457 9313
f 9452 9308 9310
f 9451 9309 9307
f 9449 9451 9307
f 9450 9306 9308
f 9448 9306 9450
f 9449 9307 9305
f 9447 9449 9305
f 9448 9304 9306
f 9450 9308 9452
f 9476 9332 9334
f 9475 9477 9333
f 9477 9335 9333
f 9503 9505 9361
f 9504 9360 9362
f 9502 9360 9504
f 9503 9361 9359
f 9501 9503 9359
f 9502 9358 9360
f 9500 9358 9502
f 9501 9359 9357
f 9499 9501 9357
f 9500 9356 9358
f 9498 9356 9500
f 9499 9357 9355
f 9497 9499 9355
f 9498 9354 9356
f 9496 9354 9498
f 9505 9363 9361
f 9504 9362 9506
f 9506 9362 9364
f 9505 9507 9363
f 9512 9515 9370
f 9372 9514 9371
f 9371 9514 9513
f 9369 9371 9513
f 9511 9369 9513
f 9369 9511 9370
f 9370 9511 9512
f 9497 9355 9353
f 9508 9366 9510
f 9367 9510 9368
f 9509 9510 9367
f 9509 9367 9507
f 9507 9367 9365
f 9508 9364 9366
f 9506 9364 9508
f 9507 9365 9363
f 9510 9366 9368
f 9495 9497 9353
f 9496 9352 9354
f 9494 9352 9496
f 9485 9343 9341
f 9483 9485 9341
f 9484 9340 9342
f 9482 9340 9484
f 9483 9341 9339
f 9481 9483 9339
f 9482 9338 9340
f 9484 9342 9486
f 9480 9338 9482
f 9479 9481 9337
f 9480 9336 9338
f 9478 9336 9480
f 9479 9337 9335
f 9477 9479 9335
f 9478 9334 9336
f 9476 9334 9478
f 9481 9339 9337
f 9438 9294 9296
f 9486 9342 9344
f 9487 9345 9343
f 9495 9353 9351
f 9493 9495 9351
f 9494 9350 9352
f 9492 9350 9494
f 9493 9351 9349
f 9491 9493 9349
f 9492 9348 9350
f 9485 9487 9343
f 9490 9348 9492
f 9489 9491 9347
f 9490 9346 9348
f 9488 9346 9490
f 9489 9347 9345
f 9487 9489 9345
f 9488 9344 9346
f 9486 9344 9488
f 9491 9349 9347
f 9436 9294 9438
f 9437 9295 9293
f 9435 9437 9293
f 9385 9387 9243
f 9386 9242 9244
f 9384 9242 9386
f 9385 9243 9241
f 9383 9385 9241
f 9384 9240 9242
f 9382 9240 9384
f 9383 9241 9239
f 9381 9383 9239
f 9382 9238 9240
f 9380 9238 9382
f 9381 9239 9237
f 9379 9381 9237
f 9380 9236 9238
f 9378 9236 9380
f 9387 9245 9243
f 9386 9244 9388
f 9388 9244 9246
f 9387 9389 9245
f 9395 9397 9253
f 9396 9252 9254
f 9394 9252 9396
f 9395 9253 9251
f 9393 9395 9251
f 9394 9250 9252
f 9392 9250 9394
f 9379 9237 9235
f 9393 9251 9249
f 9392 9248 9250
f 9390 9248 9392
f 9391 9249 9247
f 9389 9391 9247
f 9390 9246 9248
f 9388 9246 9390
f 9389 9247 9245
f 9391 9393 9249
f 9377 9379 9235
f 9378 9234 9236
f 9376 9234 9378
f 9367 9225 9365
f 9365 9225 9223
f 9366 9222 9224
f 9364 9222 9366
f 9365 9223 9221
f 9363 9365 9221
f 9364 9220 9222
f 9367 9368 9225
f 9362 9220 9364
f 9361 9363 9219
f 9362 9218 9220
f 9360 9218 9362
f 9361 9219 9217
f 9359 9361 9217
f 9360 9216 9218
f 9358 9216 9360
f 9363 9221 9219
f 9397 9255 9253
f 9225 9368 9226
f 9366 9224 9368
f 9377 9235 9233
f 9375 9377 9233
f 9376 9232 9234
f 9374 9232 9376
f 9375 9233 9231
f 9373 9375 9231
f 9374 9230 9232
f 9368 9224 9226
f 9372 9230 9374
f 9370 9373 9228
f 9230 9372 9229
f 9229 9372 9371
f 9227 9229 9371
f 9369 9227 9371
f 9227 9369 9228
f 9228 9369 9370
f 9373 9231 9228
f 9202 9058 9060
f 9396 9254 9398
f 9397 9399 9255
f 9426 9282 9284
f 9424 9282 9426
f 9425 9283 9281
f 9423 9425 9281
f 9424 9280 9282
f 9422 9280 9424
f 9423 9281 9279
f 9421 9423 9279
f 9422 9278 9280
f 9420 9278 9422
f 9421 9279 9277
f 9419 9421 9277
f 9420 9276 9278
f 9418 9276 9420
f 9419 9277 9275
f 9425 9427 9283
f 9427 9285 9283
f 9426 9284 9428
f 9428 9284 9286
f 9436 9292 9294
f 9434 9292 9436
f 9435 9293 9291
f 9433 9435 9291
f 9434 9290 9292
f 9432 9290 9434
f 9433 9291 9289
f 9417 9419 9275
f 9431 9433 9289
f 9430 9288 9432
f 9431 9289 9287
f 9429 9431 9287
f 9430 9286 9288
f 9428 9286 9430
f 9429 9287 9285
f 9427 9429 9285
f 9432 9288 9290
f 9418 9274 9276
f 9416 9274 9418
f 9417 9275 9273
f 9405 9407 9263
f 9406 9262 9264
f 9404 9262 9406
f 9405 9263 9261
f 9403 9405 9261
f 9404 9260 9262
f 9402 9260 9404
f 9407 9265 9263
f 9403 9261 9259
f 9402 9258 9260
f 9400 9258 9402
f 9401 9259 9257
f 9399 9401 9257
f 9400 9256 9258
f 9398 9256 9400
f 9399 9257 9255
f 9401 9403 9259
f 9398 9254 9256
f 9406 9264 9408
f 9407 9409 9265
f 9415 9417 9273
f 9416 9272 9274
f 9414 9272 9416
f 9415 9273 9271
f 9413 9415 9271
f 9414 9270 9272
f 9412 9270 9414
f 9408 9264 9266
f 9413 9271 9269
f 9412 9268 9270
f 9410 9268 9412
f 9411 9269 9267
f 9409 9411 9267
f 9410 9266 9268
f 9408 9266 9410
f 9409 9267 9265
f 9411 9413 9269
f 9200 9058 9202
f 9201 9059 9057
f 9199 9201 9057
f 8993 8851 8849
f 8991 8993 8849
f 8992 8848 8850
f 8990 8848 8992
f 8991 8849 8847
f 8989 8991 8847
f 8990 8846 8848
f 8988 8846 8990
f 8989 8847 8845
f 8987 8989 8845
f 8988 8844 8846
f 8986 8844 8988
f 8987 8845 8843
f 8985 8987 8843
f 8986 8842 8844
f 8992 8850 8994
f 8994 8850 8852
f 8993 8995 8851
f 8995 8853 8851
f 9003 8861 8859
f 9001 9003 8859
f 9002 8858 8860
f 9000 8858 9002
f 9001 8859 8857
f 8999 9001 8857
f 9000 8856 8858
f 8984 8842 8986
f 8998 8856 9000
f 8997 8999 8855
f 8998 8854 8856
f 8996 8854 8998
f 8997 8855 8853
f 8995 8997 8853
f 8996 8852 8854
f 8994 8852 8996
f 8999 8857 8855
f 9002 8860 9004
f 8985 8843 8841
f 8984 8840 8842
f 8972 8830 8974
f 8973 8831 8829
f 8971 8973 8829
f 8972 8828 8830
f 8970 8828 8972
f 8971 8829 8827
f 8969 8971 8827
f 8970 8826 8828
f 8968 8826 8970
f 8969 8827 8825
f 8967 8969 8825
f 8968 8824 8826
f 8966 8824 8968
f 8967 8825 8823
f 8965 8967 8823
f 8974 8830 8832
f 8973 8975 8831
f 8975 8833 8831
f 8974 8832 8976
f 8982 8840 8984
f 8983 8841 8839
f 8981 8983 8839
f 8982 8838 8840
f 8980 8838 8982
f 8981 8839 8837
f 8979 8981 8837
f 8983 8985 8841
f 8980 8836 8838
f 8979 8837 8835
f 8977 8979 8835
f 8978 8834 8836
f 8976 8834 8978
f 8977 8835 8833
f 8975 8977 8833
f 8976 8832 8834
f 8978 8836 8980
f 9004 8860 8862
f 9003 9005 8861
f 9005 8863 8861
f 9031 9033 8889
f 9032 8888 8890
f 9030 8888 9032
f 9031 8889 8887
f 9029 9031 8887
f 9030 8886 8888
f 9028 8886 9030
f 9029 8887 8885
f 9027 9029 8885
f 9028 8884 8886
f 9026 8884 9028
f 9027 8885 8883
f 9025 9027 8883
f 9026 8882 8884
f 9024 8882 9026
f 9033 8891 8889
f 9032 8890 9034
f 9034 8890 8892
f 9033 9035 8891
f 9041 9043 8899
f 9042 8898 8900
f 9040 8898 9042
f 9041 8899 8897
f 9039 9041 8897
f 9040 8896 8898
f 9038 8896 9040
f 9025 8883 8881
f 9039 8897 8895
f 9038 8894 8896
f 9036 8894 9038
f 9037 8895 8893
f 9035 9037 8893
f 9036 8892 8894
f 9034 8892 9036
f 9035 8893 8891
f 9037 9039 8895
f 9023 9025 8881
f 9024 8880 8882
f 9022 8880 9024
f 9013 8871 8869
f 9011 9013 8869
f 9012 8868 8870
f 9010 8868 9012
f 9011 8869 8867
f 9009 9011 8867
f 9010 8866 8868
f 9012 8870 9014
f 9008 8866 9010
f 9007 9009 8865
f 9008 8864 8866
f 9006 8864 9008
f 9007 8865 8863
f 9005 9007 8863
f 9006 8862 8864
f 9004 8862 9006
f 9009 8867 8865
f 8966 8822 8824
f 9014 8870 8872
f 9015 8873 8871
f 9023 8881 8879
f 9021 9023 8879
f 9022 8878 8880
f 9020 8878 9022
f 9021 8879 8877
f 9019 9021 8877
f 9020 8876 8878
f 9013 9015 8871
f 9018 8876 9020
f 9017 9019 8875
f 9018 8874 8876
f 9016 8874 9018
f 9017 8875 8873
f 9015 9017 8873
f 9016 8872 8874
f 9014 8872 9016
f 9019 8877 8875
f 8964 8822 8966
f 8965 8823 8821
f 8963 8965 8821
f 8913 8915 8771
f 8914 8770 8772
f 8912 8770 8914
f 8913 8771 8769
f 8911 8913 8769
f 8912 8768 8770
f 8910 8768 8912
f 8911 8769 8767
f 8909 8911 8767
f 8910 8766 8768
f 8908 8766 8910
f 8909 8767 8765
f 8907 8909 8765
f 8908 8764 8766
f 8906 8764 8908
f 8915 8773 8771
f 8914 8772 8916
f 8916 8772 8774
f 8915 8917 8773
f 8923 8925 8781
f 8924 8780 8782
f 8922 8780 8924
f 8923 8781 8779
f 8921 8923 8779
f 8922 8778 8780
f 8920 8778 8922
f 8907 8765 8763
f 8921 8779 8777
f 8920 8776 8778
f 8918 8776 8920
f 8919 8777 8775
f 8917 8919 8775
f 8918 8774 8776
f 8916 8774 8918
f 8917 8775 8773
f 8919 8921 8777
f 8905 8907 8763
f 8906 8762 8764
f 8904 8762 8906
f 8895 8753 8751
f 8893 8895 8751
f 8894 8750 8752
f 8892 8750 8894
f 8893 8751 8749
f 8891 8893 8749
f 8892 8748 8750
f 8894 8752 8896
f 8890 8748 8892
f 8889 8891 8747
f 8890 8746 8748
f 8888 8746 8890
f 8889 8747 8745
f 8887 8889 8745
f 8888 8744 8746
f 8886 8744 8888
f 8891 8749 8747
f 8925 8783 8781
f 8896 8752 8754
f 8897 8755 8753
f 8905 8763 8761
f 8903 8905 8761
f 8904 8760 8762
f 8902 8760 8904
f 8903 8761 8759
f 8901 8903 8759
f 8902 8758 8760
f 8895 8897 8753
f 8900 8758 8902
f 8899 8901 8757
f 8900 8756 8758
f 8898 8756 8900
f 8899 8757 8755
f 8897 8899 8755
f 8898 8754 8756
f 8896 8754 8898
f 8901 8759 8757
f 9043 8901 8899
f 8924 8782 8926
f 8925 8927 8783
f 8954 8810 8812
f 8952 8810 8954
f 8953 8811 8809
f 8951 8953 8809
f 8952 8808 8810
f 8950 8808 8952
f 8951 8809 8807
f 8949 8951 8807
f 8950 8806 8808
f 8948 8806 8950
f 8949 8807 8805
f 8947 8949 8805
f 8948 8804 8806
f 8946 8804 8948
f 8947 8805 8802
f 8953 8955 8811
f 8955 8813 8811
f 8954 8812 8956
f 8956 8812 8814
f 8964 8820 8822
f 8962 8820 8964
f 8963 8821 8819
f 8961 8963 8819
f 8962 8818 8820
f 8960 8818 8962
f 8961 8819 8817
f 8944 8947 8802
f 8959 8961 8817
f 8958 8816 8960
f 8959 8817 8815
f 8957 8959 8815
f 8958 8814 8816
f 8956 8814 8958
f 8957 8815 8813
f 8955 8957 8813
f 8960 8816 8818
f 8804 8946 8803
f 8803 8946 8945
f 8801 8803 8945
f 8933 8935 8791
f 8934 8790 8792
f 8932 8790 8934
f 8933 8791 8789
f 8931 8933 8789
f 8932 8788 8790
f 8930 8788 8932
f 8935 8793 8791
f 8931 8789 8787
f 8930 8786 8788
f 8928 8786 8930
f 8929 8787 8785
f 8927 8929 8785
f 8928 8784 8786
f 8926 8784 8928
f 8927 8785 8783
f 8929 8931 8787
f 8926 8782 8784
f 8934 8792 8936
f 8935 8937 8793
f 8943 8801 8945
f 8801 8943 8802
f 8802 8943 8944
f 8940 8798 8942
f 8942 8798 8800
f 8799 8942 8800
f 8941 8942 8799
f 8936 8792 8794
f 8941 8799 8939
f 8940 8796 8798
f 8938 8796 8940
f 8939 8797 8795
f 8937 8939 8795
f 8938 8794 8796
f 8936 8794 8938
f 8937 8795 8793
f 8939 8799 8797
f 9515 9373 9370
f 9042 8900 9044
f 9043 9045 8901
f 9149 9151 9007
f 9150 9006 9008
f 9148 9006 9150
f 9149 9007 9005
f 9147 9149 9005
f 9148 9004 9006
f 9146 9004 9148
f 9147 9005 9003
f 9145 9147 9003
f 9146 9002 9004
f 9144 9002 9146
f 9145 9003 9001
f 9143 9145 9001
f 9144 9000 9002
f 9142 9000 9144
f 9151 9009 9007
f 9150 9008 9152
f 9152 9008 9010
f 9151 9153 9009
f 9159 9161 9017
f 9160 9016 9018
f 9158 9016 9160
f 9159 9017 9015
f 9157 9159 9015
f 9158 9014 9016
f 9156 9014 9158
f 9143 9001 8999
f 9157 9015 9013
f 9156 9012 9014
f 9154 9012 9156
f 9155 9013 9011
f 9153 9155 9011
f 9154 9010 9012
f 9152 9010 9154
f 9153 9011 9009
f 9155 9157 9013
f 9161 9019 9017
f 9141 9143 8999
f 9140 8998 9142
f 9131 8989 8987
f 9129 9131 8987
f 9130 8986 8988
f 9128 8986 9130
f 9129 8987 8985
f 9127 9129 8985
f 9128 8984 8986
f 9126 8984 9128
f 9127 8985 8983
f 9125 9127 8983
f 9126 8982 8984
f 9124 8982 9126
f 9125 8983 8981
f 9123 9125 8981
f 9124 8980 8982
f 9130 8988 9132
f 9132 8988 8990
f 9131 9133 8989
f 9133 8991 8989
f 9141 8999 8997
f 9139 9141 8997
f 9140 8996 8998
f 9138 8996 9140
f 9139 8997 8995
f 9137 9139 8995
f 9138 8994 8996
f 9142 8998 9000
f 9136 8994 9138
f 9135 9137 8993
f 9136 8992 8994
f 9134 8992 9136
f 9135 8993 8991
f 9133 9135 8991
f 9134 8990 8992
f 9132 8990 9134
f 9137 8995 8993
f 9160 9018 9162
f 9162 9018 9020
f 9161 9163 9019
f 9190 9046 9048
f 9188 9046 9190
f 9189 9047 9045
f 9187 9189 9045
f 9188 9044 9046
f 9186 9044 9188
f 9187 9045 9043
f 9185 9187 9043
f 9186 9042 9044
f 9184 9042 9186
f 9185 9043 9041
f 9183 9185 9041
f 9184 9040 9042
f 9182 9040 9184
f 9183 9041 9039
f 9189 9191 9047
f 9191 9049 9047
f 9190 9048 9192
f 9192 9048 9050
f 9200 9056 9058
f 9198 9056 9200
f 9199 9057 9055
f 9197 9199 9055
f 9198 9054 9056
f 9196 9054 9198
f 9197 9055 9053
f 9181 9183 9039
f 9195 9197 9053
f 9194 9052 9196
f 9195 9053 9051
f 9193 9195 9051
f 9194 9050 9052
f 9192 9050 9194
f 9193 9051 9049
f 9191 9193 9049
f 9196 9052 9054
f 9182 9038 9040
f 9180 9038 9182
f 9181 9039 9037
f 9169 9171 9027
f 9170 9026 9028
f 9168 9026 9170
f 9169 9027 9025
f 9167 9169 9025
f 9168 9024 9026
f 9166 9024 9168
f 9171 9029 9027
f 9167 9025 9023
f 9166 9022 9024
f 9164 9022 9166
f 9165 9023 9021
f 9163 9165 9021
f 9164 9020 9022
f 9162 9020 9164
f 9163 9021 9019
f 9165 9167 9023
f 9122 8980 9124
f 9170 9028 9172
f 9171 9173 9029
f 9179 9181 9037
f 9180 9036 9038
f 9178 9036 9180
f 9179 9037 9035
f 9177 9179 9035
f 9178 9034 9036
f 9176 9034 9178
f 9172 9028 9030
f 9177 9035 9033
f 9176 9032 9034
f 9174 9032 9176
f 9175 9033 9031
f 9173 9175 9031
f 9174 9030 9032
f 9172 9030 9174
f 9173 9031 9029
f 9175 9177 9033
f 9123 8981 8979
f 9121 9123 8979
f 9122 8978 8980
f 9072 8928 8930
f 9070 8928 9072
f 9071 8929 8927
f 9069 9071 8927
f 9070 8926 8928
f 9068 8926 9070
f 9069 8927 8925
f 9067 9069 8925
f 9068 8924 8926
f 9066 8924 9068
f 9067 8925 8923
f 9065 9067 8923
f 9066 8922 8924
f 9064 8922 9066
f 9065 8923 8921
f 9071 9073 8929
f 9073 8931 8929
f 9072 8930 9074
f 9074 8930 8932
f 9082 8938 8940
f 9080 8938 9082
f 9081 8939 8937
f 9079 9081 8937
f 9080 8936 8938
f 9078 8936 9080
f 9079 8937 8935
f 9063 9065 8921
f 9077 9079 8935
f 9076 8934 9078
f 9077 8935 8933
f 9075 9077 8933
f 9076 8932 8934
f 9074 8932 9076
f 9075 8933 8931
f 9073 9075 8931
f 9078 8934 8936
f 9064 8920 8922
f 9062 8920 9064
f 9063 8921 8919
f 9051 9053 8909
f 9052 8908 8910
f 9050 8908 9052
f 9051 8909 8907
f 9049 9051 8907
f 9050 8906 8908
f 9048 8906 9050
f 9053 8911 8909
f 9049 8907 8905
f 9048 8904 8906
f 9046 8904 9048
f 9047 8905 8903
f 9045 9047 8903
f 9046 8902 8904
f 9044 8902 9046
f 9045 8903 8901
f 9047 9049 8905
f 9081 8941 8939
f 9052 8910 9054
f 9053 9055 8911
f 9061 9063 8919
f 9062 8918 8920
f 9060 8918 9062
f 9061 8919 8917
f 9059 9061 8917
f 9060 8916 8918
f 9058 8916 9060
f 9054 8910 8912
f 9059 8917 8915
f 9058 8914 8916
f 9056 8914 9058
f 9057 8915 8913
f 9055 9057 8913
f 9056 8912 8914
f 9054 8912 9056
f 9055 8913 8911
f 9057 9059 8915
f 9044 8900 8902
f 9083 8941 9081
f 8941 9084 8942
f 9110 8968 9112
f 9111 8969 8967
f 9109 9111 8967
f 9110 8966 8968
f 9108 8966 9110
f 9109 8967 8965
f 9107 9109 8965
f 9108 8964 8966
f 9106 8964 9108
f 9107 8965 8963
f 9105 9107 8963
f 9106 8962 8964
f 9104 8962 9106
f 9105 8963 8961
f 9103 9105 8961
f 9112 8968 8970
f 9111 9113 8969
f 9113 8971 8969
f 9112 8970 9114
f 9120 8978 9122
f 9121 8979 8977
f 9119 9121 8977
f 9120 8976 8978
f 9118 8976 9120
f 9119 8977 8975
f 9117 9119 8975
f 9104 8960 8962
f 9118 8974 8976
f 9117 8975 8973
f 9115 9117 8973
f 9116 8972 8974
f 9114 8972 9116
f 9115 8973 8971
f 9113 9115 8971
f 9114 8970 8972
f 9116 8974 9118
f 9102 8960 9104
f 9103 8961 8959
f 9101 9103 8959
f 9092 8948 8950
f 9090 8948 9092
f 9091 8949 8947
f 9089 9091 8947
f 9090 8946 8948
f 9088 8946 9090
f 9089 8947 8944
f 9091 9093 8949
f 9086 9089 8944
f 8945 9088 9087
f 8943 8945 9087
f 9085 8943 9087
f 8943 9085 8944
f 8944 9085 9086
f 9082 8940 9084
f 9084 8940 8942
f 8946 9088 8945
f 9083 9084 8941
f 9093 8951 8949
f 9094 8950 8952
f 9102 8958 8960
f 9100 8958 9102
f 9101 8959 8957
f 9099 9101 8957
f 9100 8956 8958
f 9098 8956 9100
f 9099 8957 8955
f 9092 8950 9094
f 9097 9099 8955
f 9096 8954 9098
f 9097 8955 8953
f 9095 9097 8953
f 9096 8952 8954
f 9094 8952 9096
f 9095 8953 8951
f 9093 9095 8951
f 9098 8954 8956
f 8887 8745 8743
f 9514 9372 9516
f 9515 9517 9373
f 9934 9792 9936
f 9936 9792 9794
f 9793 9936 9794
f 9935 9936 9793
f 9935 9793 9933
f 9933 9793 9791
f 9934 9790 9792
f 9932 9790 9934
f 9933 9791 9789
f 9931 9933 9789
f 9932 9788 9790
f 9930 9788 9932
f 9931 9789 9787
f 9929 9931 9787
f 9930 9786 9788
f 9795 9937 9796
f 9797 9937 9795
f 9938 9937 9797
f 9797 9798 9938
f 9942 9944 9943
f 9941 9942 9943
f 9803 9801 9943
f 9943 9801 9941
f 9800 9802 9940
f 9940 9802 9942
f 9940 9942 9941
f 9928 9786 9930
f 9939 9940 9941
f 9941 9799 9939
f 9798 9800 9938
f 9938 9800 9940
f 9938 9940 9939
f 9937 9938 9939
f 9799 9796 9939
f 9939 9796 9937
f 9801 9799 9941
f 9942 9804 9944
f 9929 9787 9785
f 9928 9784 9786
f 9916 9774 9918
f 9917 9775 9773
f 9915 9917 9773
f 9916 9772 9774
f 9914 9772 9916
f 9915 9773 9771
f 9913 9915 9771
f 9914 9770 9772
f 9912 9770 9914
f 9913 9771 9769
f 9911 9913 9769
f 9912 9768 9770
f 9910 9768 9912
f 9911 9769 9767
f 9909 9911 9767
f 9918 9774 9776
f 9917 9919 9775
f 9919 9777 9775
f 9918 9776 9920
f 9926 9784 9928
f 9927 9785 9783
f 9925 9927 9783
f 9926 9782 9784
f 9924 9782 9926
f 9925 9783 9781
f 9923 9925 9781
f 9927 9929 9785
f 9924 9780 9782
f 9923 9781 9779
f 9921 9923 9779
f 9922 9778 9780
f 9920 9778 9922
f 9921 9779 9777
f 9919 9921 9777
f 9920 9776 9778
f 9922 9780 9924
f 9802 9804 9942
f 9945 9803 9943
f 9805 9803 9945
f 9961 9962 9963
f 9823 9821 9963
f 9963 9821 9961
f 9820 9822 9960
f 9960 9822 9962
f 9960 9962 9961
f 9959 9960 9961
f 9821 9819 9961
f 9961 9819 9959
f 9818 9820 9958
f 9958 9820 9960
f 9958 9960 9959
f 9957 9958 9959
f 9819 9817 9959
f 9959 9817 9957
f 9962 9964 9963
f 9962 9824 9964
f 9822 9824 9962
f 9965 9823 9963
f 9968 9830 9970
f 9968 9970 9969
f 9967 9968 9969
f 9829 9827 9969
f 9969 9827 9967
f 9826 9828 9966
f 9966 9828 9968
f 9816 9818 9956
f 9966 9968 9967
f 9827 9825 9967
f 9967 9825 9965
f 9824 9826 9964
f 9964 9826 9966
f 9964 9966 9965
f 9963 9964 9965
f 9825 9823 9965
f 9965 9966 9967
f 9956 9818 9958
f 9956 9958 9957
f 9955 9956 9957
f 9808 9810 9948
f 9948 9810 9950
f 9948 9950 9949
f 9947 9948 9949
f 9809 9807 9949
f 9949 9807 9947
f 9806 9808 9946
f 9951 9809 9949
f 9946 9808 9948
f 9945 9946 9947
f 9807 9805 9947
f 9947 9805 9945
f 9804 9806 9944
f 9944 9806 9946
f 9944 9946 9945
f 9943 9944 9945
f 9946 9948 9947
f 9910 9766 9768
f 9811 9809 9951
f 9950 9952 9951
f 9817 9815 9957
f 9957 9815 9955
f 9814 9816 9954
f 9954 9816 9956
f 9954 9956 9955
f 9953 9954 9955
f 9815 9813 9955
f 9949 9950 9951
f 9955 9813 9953
f 9952 9814 9954
f 9952 9954 9953
f 9951 9952 9953
f 9813 9811 9953
f 9953 9811 9951
f 9810 9812 9950
f 9950 9812 9952
f 9812 9814 9952
f 9828 9830 9968
f 9908 9766 9910
f 9907 9909 9765
f 9857 9859 9715
f 9858 9714 9716
f 9856 9714 9858
f 9857 9715 9713
f 9855 9857 9713
f 9856 9712 9714
f 9854 9712 9856
f 9855 9713 9711
f 9853 9855 9711
f 9854 9710 9712
f 9852 9710 9854
f 9853 9711 9709
f 9851 9853 9709
f 9852 9708 9710
f 9850 9708 9852
f 9859 9717 9715
f 9858 9716 9860
f 9860 9716 9718
f 9859 9861 9717
f 9867 9869 9725
f 9868 9724 9726
f 9866 9724 9868
f 9867 9725 9723
f 9865 9867 9723
f 9866 9722 9724
f 9864 9722 9866
f 9851 9709 9707
f 9865 9723 9721
f 9864 9720 9722
f 9862 9720 9864
f 9863 9721 9719
f 9861 9863 9719
f 9862 9718 9720
f 9860 9718 9862
f 9861 9719 9717
f 9863 9865 9721
f 9869 9727 9725
f 9849 9851 9707
f 9848 9706 9850
f 9839 9697 9695
f 9837 9839 9695
f 9838 9694 9696
f 9836 9694 9838
f 9837 9695 9693
f 9835 9837 9693
f 9836 9692 9694
f 9834 9692 9836
f 9835 9693 9691
f 9833 9835 9691
f 9834 9690 9692
f 9832 9690 9834
f 9833 9691 9689
f 9831 9833 9689
f 9832 9688 9690
f 9838 9696 9840
f 9840 9696 9698
f 9839 9841 9697
f 9841 9699 9697
f 9849 9707 9705
f 9847 9849 9705
f 9848 9704 9706
f 9846 9704 9848
f 9847 9705 9703
f 9845 9847 9703
f 9846 9702 9704
f 9850 9706 9708
f 9844 9702 9846
f 9843 9845 9701
f 9844 9700 9702
f 9842 9700 9844
f 9843 9701 9699
f 9841 9843 9699
f 9842 9698 9700
f 9840 9698 9842
f 9845 9703 9701
f 9868 9726 9870
f 9870 9726 9728
f 9869 9871 9727
f 9898 9754 9756
f 9896 9754 9898
f 9897 9755 9753
f 9895 9897 9753
f 9896 9752 9754
f 9894 9752 9896
f 9895 9753 9751
f 9893 9895 9751
f 9894 9750 9752
f 9892 9750 9894
f 9893 9751 9749
f 9891 9893 9749
f 9892 9748 9750
f 9890 9748 9892
f 9891 9749 9747
f 9897 9899 9755
f 9899 9757 9755
f 9898 9756 9900
f 9900 9756 9758
f 9908 9764 9766
f 9906 9764 9908
f 9907 9765 9763
f 9905 9907 9763
f 9906 9762 9764
f 9904 9762 9906
f 9905 9763 9761
f 9889 9891 9747
f 9903 9905 9761
f 9902 9760 9904
f 9903 9761 9759
f 9901 9903 9759
f 9902 9758 9760
f 9900 9758 9902
f 9901 9759 9757
f 9899 9901 9757
f 9904 9760 9762
f 9890 9746 9748
f 9888 9746 9890
f 9889 9747 9745
f 9877 9879 9735
f 9878 9734 9736
f 9876 9734 9878
f 9877 9735 9733
f 9875 9877 9733
f 9876 9732 9734
f 9874 9732 9876
f 9879 9737 9735
f 9875 9733 9731
f 9874 9730 9732
f 9872 9730 9874
f 9873 9731 9729
f 9871 9873 9729
f 9872 9728 9730
f 9870 9728 9872
f 9871 9729 9727
f 9873 9875 9731
f 9909 9767 9765
f 9878 9736 9880
f 9879 9881 9737
f 9887 9889 9745
f 9888 9744 9746
f 9886 9744 9888
f 9887 9745 9743
f 9885 9887 9743
f 9886 9742 9744
f 9884 9742 9886
f 9880 9736 9738
f 9885 9743 9741
f 9884 9740 9742
f 9882 9740 9884
f 9883 9741 9739
f 9881 9883 9739
f 9882 9738 9740
f 9880 9738 9882
f 9881 9739 9737
f 9883 9885 9741
f 9971 9829 9969
f 9831 9829 9971
f 9969 9970 9971
f 10040 9902 10042
f 10040 10042 10041
f 10039 10040 10041
f 9901 9899 10041
f 10041 9899 10039
f 9898 9900 10038
f 10038 9900 10040
f 10038 10040 10039
f 10037 10038 10039
f 9899 9897 10039
f 10039 9897 10037
f 9896 9898 10036
f 10036 9898 10038
f 10036 10038 10037
f 10035 10036 10037
f 9900 9902 10040
f 10043 9901 10041
f 9903 9901 10043
f 10041 10042 10043
f 10049 9907 10047
f 9906 9908 10046
f 10046 9908 10048
f 10046 10048 10047
f 10045 10046 10047
f 9907 9905 10047
f 10047 9905 10045
f 9897 9895 10037
f 9904 9906 10044
f 10044 10046 10045
f 10043 10044 10045
f 9905 9903 10045
f 10045 9903 10043
f 9902 9904 10042
f 10042 9904 10044
f 10042 10044 10043
f 10044 9906 10046
f 9909 9907 10049
f 10037 9895 10035
f 10034 9896 10036
f 9889 9887 10029
f 10029 9887 10027
f 9886 9888 10026
f 10026 9888 10028
f 10026 10028 10027
f 10025 10026 10027
f 9887 9885 10027
f 10027 9885 10025
f 9884 9886 10024
f 10024 9886 10026
f 10024 10026 10025
f 10023 10024 10025
f 9885 9883 10025
f 10025 9883 10023
f 9882 9884 10022
f 10027 10028 10029
f 10028 10030 10029
f 10028 9890 10030
f 9888 9890 10028
f 10034 10036 10035
f 10033 10034 10035
f 9895 9893 10035
f 10035 9893 10033
f 9892 9894 10032
f 10032 9894 10034
f 10032 10034 10033
f 9894 9896 10034
f 10031 10032 10033
f 10033 9891 10031
f 9890 9892 10030
f 10030 9892 10032
f 10030 10032 10031
f 10029 10030 10031
f 9891 9889 10031
f 10031 9889 10029
f 9893 9891 10033
f 10047 10048 10049
f 10048 10050 10049
f 10048 9910 10050
f 9926 9928 10066
f 10066 9928 10068
f 10066 10068 10067
f 10065 10066 10067
f 9927 9925 10067
f 10067 9925 10065
f 9924 9926 10064
f 10064 9926 10066
f 10064 10066 10065
f 10063 10064 10065
f 9925 9923 10065
f 10065 9923 10063
f 9922 9924 10062
f 10062 9924 10064
f 10062 10064 10063
f 10069 9927 10067
f 9929 9927 10069
f 10067 10068 10069
f 10068 10070 10069
f 10074 9935 10073
f 10073 9935 9933
f 9932 9934 10072
f 10072 9934 10074
f 10072 10074 10073
f 10071 10072 10073
f 9933 9931 10073
f 10061 10062 10063
f 10073 9931 10071
f 10070 9932 10072
f 10070 10072 10071
f 10069 10070 10071
f 9931 9929 10071
f 10071 9929 10069
f 9928 9930 10068
f 10068 9930 10070
f 9930 9932 10070
f 9923 9921 10063
f 10063 9921 10061
f 9920 9922 10060
f 10053 10054 10055
f 9915 9913 10055
f 10055 9913 10053
f 9912 9914 10052
f 10052 9914 10054
f 10052 10054 10053
f 10051 10052 10053
f 10054 10056 10055
f 9913 9911 10053
f 9910 9912 10050
f 10050 9912 10052
f 10050 10052 10051
f 10049 10050 10051
f 9911 9909 10051
f 10051 9909 10049
f 9908 9910 10048
f 10053 9911 10051
f 10022 9884 10024
f 10054 9916 10056
f 10057 9915 10055
f 10060 9922 10062
f 10060 10062 10061
f 10059 10060 10061
f 9921 9919 10061
f 10061 9919 10059
f 9918 9920 10058
f 10058 9920 10060
f 9914 9916 10054
f 10058 10060 10059
f 9919 9917 10059
f 10059 9917 10057
f 9916 9918 10056
f 10056 9918 10058
f 10056 10058 10057
f 10055 10056 10057
f 9917 9915 10057
f 10057 10058 10059
f 10022 10024 10023
f 10021 10022 10023
f 9883 9881 10023
f 9988 9990 9989
f 9987 9988 9989
f 9849 9847 9989
f 9989 9847 9987
f 9846 9848 9986
f 9986 9848 9988
f 9986 9988 9987
f 9985 9986 9987
f 9847 9845 9987
f 9987 9845 9985
f 9844 9846 9984
f 9984 9846 9986
f 9984 9986 9985
f 9983 9984 9985
f 9845 9843 9985
f 9988 9850 9990
f 9848 9850 9988
f 9991 9849 9989
f 9851 9849 9991
f 9854 9856 9994
f 9994 9856 9996
f 9994 9996 9995
f 9993 9994 9995
f 9855 9853 9995
f 9995 9853 9993
f 9852 9854 9992
f 9985 9843 9983
f 9992 9854 9994
f 9991 9992 9993
f 9853 9851 9993
f 9993 9851 9991
f 9850 9852 9990
f 9990 9852 9992
f 9990 9992 9991
f 9989 9990 9991
f 9992 9994 9993
f 9842 9844 9982
f 9982 9844 9984
f 9982 9984 9983
f 9977 9835 9975
f 9834 9836 9974
f 9974 9836 9976
f 9974 9976 9975
f 9973 9974 9975
f 9835 9833 9975
f 9975 9833 9973
f 9837 9835 9977
f 9832 9834 9972
f 9972 9974 9973
f 9971 9972 9973
f 9833 9831 9973
f 9973 9831 9971
f 9830 9832 9970
f 9970 9832 9972
f 9970 9972 9971
f 9972 9834 9974
f 9997 9855 9995
f 9975 9976 9977
f 9976 9838 9978
f 9981 9982 9983
f 9843 9841 9983
f 9983 9841 9981
f 9840 9842 9980
f 9980 9842 9982
f 9980 9982 9981
f 9979 9980 9981
f 9976 9978 9977
f 9841 9839 9981
f 9838 9840 9978
f 9978 9840 9980
f 9978 9980 9979
f 9977 9978 9979
f 9839 9837 9979
f 9979 9837 9977
f 9836 9838 9976
f 9981 9839 9979
f 9830 9688 9832
f 9857 9855 9997
f 9996 9998 9997
f 10014 9876 10016
f 10014 10016 10015
f 10013 10014 10015
f 9875 9873 10015
f 10015 9873 10013
f 9872 9874 10012
f 10012 9874 10014
f 10012 10014 10013
f 10011 10012 10013
f 9873 9871 10013
f 10013 9871 10011
f 9870 9872 10010
f 10010 9872 10012
f 10010 10012 10011
f 10009 10010 10011
f 9874 9876 10014
f 10017 9875 10015
f 9877 9875 10017
f 10015 10016 10017
f 10023 9881 10021
f 9880 9882 10020
f 10020 9882 10022
f 10020 10022 10021
f 10019 10020 10021
f 9881 9879 10021
f 10021 9879 10019
f 9871 9869 10011
f 9878 9880 10018
f 10018 10020 10019
f 10017 10018 10019
f 9879 9877 10019
f 10019 9877 10017
f 9876 9878 10016
f 10016 9878 10018
f 10016 10018 10017
f 10018 9880 10020
f 10011 9869 10009
f 9868 9870 10008
f 10008 9870 10010
f 9863 9861 10003
f 10003 9861 10001
f 9860 9862 10000
f 10000 9862 10002
f 10000 10002 10001
f 9999 10000 10001
f 9861 9859 10001
f 10001 10002 10003
f 10001 9859 9999
f 9998 9860 10000
f 9998 10000 9999
f 9997 9998 9999
f 9859 9857 9999
f 9999 9857 9997
f 9856 9858 9996
f 9996 9858 9998
f 9858 9860 9998
f 9995 9996 9997
f 10002 10004 10003
f 9862 9864 10002
f 10008 10010 10009
f 10007 10008 10009
f 9869 9867 10009
f 10009 9867 10007
f 9866 9868 10006
f 10006 9868 10008
f 10006 10008 10007
f 10002 9864 10004
f 10005 10006 10007
f 10007 9865 10005
f 9864 9866 10004
f 10004 9866 10006
f 10004 10006 10005
f 10003 10004 10005
f 9865 9863 10005
f 10005 9863 10003
f 9867 9865 10007
f 9831 9689 9687
f 9829 9831 9687
f 9830 9686 9688
f 9621 9623 9479
f 9622 9478 9480
f 9620 9478 9622
f 9621 9479 9477
f 9619 9621 9477
f 9620 9476 9478
f 9618 9476 9620
f 9619 9477 9475
f 9617 9619 9475
f 9618 9474 9476
f 9616 9474 9618
f 9617 9475 9473
f 9615 9617 9473
f 9616 9472 9474
f 9614 9472 9616
f 9623 9481 9479
f 9622 9480 9624
f 9624 9480 9482
f 9623 9625 9481
f 9631 9633 9489
f 9632 9488 9490
f 9630 9488 9632
f 9631 9489 9487
f 9629 9631 9487
f 9630 9486 9488
f 9628 9486 9630
f 9615 9473 9471
f 9629 9487 9485
f 9628 9484 9486
f 9626 9484 9628
f 9627 9485 9483
f 9625 9627 9483
f 9626 9482 9484
f 9624 9482 9626
f 9625 9483 9481
f 9627 9629 9485
f 9633 9491 9489
f 9613 9615 9471
f 9612 9470 9614
f 9603 9461 9459
f 9601 9603 9459
f 9602 9458 9460
f 9600 9458 9602
f 9601 9459 9457
f 9599 9601 9457
f 9600 9456 9458
f 9598 9456 9600
f 9599 9457 9455
f 9597 9599 9455
f 9598 9454 9456
f 9596 9454 9598
f 9597 9455 9453
f 9595 9597 9453
f 9596 9452 9454
f 9602 9460 9604
f 9604 9460 9462
f 9603 9605 9461
f 9605 9463 9461
f 9613 9471 9469
f 9611 9613 9469
f 9612 9468 9470
f 9610 9468 9612
f 9611 9469 9467
f 9609 9611 9467
f 9610 9466 9468
f 9614 9470 9472
f 9608 9466 9610
f 9607 9609 9465
f 9608 9464 9466
f 9606 9464 9608
f 9607 9465 9463
f 9605 9607 9463
f 9606 9462 9464
f 9604 9462 9606
f 9609 9467 9465
f 9632 9490 9634
f 9634 9490 9492
f 9633 9635 9491
f 9662 9518 9520
f 9660 9518 9662
f 9661 9519 9517
f 9659 9661 9517
f 9660 9516 9518
f 9658 9516 9660
f 9659 9517 9515
f 9657 9659 9515
f 9658 9514 9516
f 9656 9514 9658
f 9657 9515 9512
f 9654 9657 9512
f 9514 9656 9513
f 9513 9656 9655
f 9511 9513 9655
f 9661 9663 9519
f 9663 9521 9519
f 9662 9520 9664
f 9664 9520 9522
f 9672 9528 9530
f 9670 9528 9672
f 9671 9529 9527
f 9669 9671 9527
f 9670 9526 9528
f 9668 9526 9670
f 9669 9527 9525
f 9653 9511 9655
f 9667 9669 9525
f 9666 9524 9668
f 9667 9525 9523
f 9665 9667 9523
f 9666 9522 9524
f 9664 9522 9666
f 9665 9523 9521
f 9663 9665 9521
f 9668 9524 9526
f 9511 9653 9512
f 9512 9653 9654
f 9650 9508 9652
f 9641 9643 9499
f 9642 9498 9500
f 9640 9498 9642
f 9641 9499 9497
f 9639 9641 9497
f 9640 9496 9498
f 9638 9496 9640
f 9643 9501 9499
f 9639 9497 9495
f 9638 9494 9496
f 9636 9494 9638
f 9637 9495 9493
f 9635 9637 9493
f 9636 9492 9494
f 9634 9492 9636
f 9635 9493 9491
f 9637 9639 9495
f 9594 9452 9596
f 9642 9500 9644
f 9643 9645 9501
f 9652 9508 9510
f 9509 9652 9510
f 9651 9652 9509
f 9651 9509 9649
f 9649 9509 9507
f 9650 9506 9508
f 9648 9506 9650
f 9644 9500 9502
f 9649 9507 9505
f 9648 9504 9506
f 9646 9504 9648
f 9647 9505 9503
f 9645 9647 9503
f 9646 9502 9504
f 9644 9502 9646
f 9645 9503 9501
f 9647 9649 9505
f 9595 9453 9451
f 9593 9595 9451
f 9594 9450 9452
f 9544 9400 9402
f 9542 9400 9544
f 9543 9401 9399
f 9541 9543 9399
f 9542 9398 9400
f 9540 9398 9542
f 9541 9399 9397
f 9539 9541 9397
f 9540 9396 9398
f 9538 9396 9540
f 9539 9397 9395
f 9537 9539 9395
f 9538 9394 9396
f 9536 9394 9538
f 9537 9395 9393
f 9543 9545 9401
f 9545 9403 9401
f 9544 9402 9546
f 9546 9402 9404
f 9554 9410 9412
f 9552 9410 9554
f 9553 9411 9409
f 9551 9553 9409
f 9552 9408 9410
f 9550 9408 9552
f 9551 9409 9407
f 9535 9537 9393
f 9549 9551 9407
f 9548 9406 9550
f 9549 9407 9405
f 9547 9549 9405
f 9548 9404 9406
f 9546 9404 9548
f 9547 9405 9403
f 9545 9547 9403
f 9550 9406 9408
f 9536 9392 9394
f 9534 9392 9536
f 9535 9393 9391
f 9523 9525 9381
f 9524 9380 9382
f 9522 9380 9524
f 9523 9381 9379
f 9521 9523 9379
f 9522 9378 9380
f 9520 9378 9522
f 9525 9383 9381
f 9521 9379 9377
f 9520 9376 9378
f 9518 9376 9520
f 9519 9377 9375
f 9517 9519 9375
f 9518 9374 9376
f 9516 9374 9518
f 9517 9375 9373
f 9519 9521 9377
f 9553 9555 9411
f 9524 9382 9526
f 9525 9527 9383
f 9533 9535 9391
f 9534 9390 9392
f 9532 9390 9534
f 9533 9391 9389
f 9531 9533 9389
f 9532 9388 9390
f 9530 9388 9532
f 9526 9382 9384
f 9531 9389 9387
f 9530 9386 9388
f 9528 9386 9530
f 9529 9387 9385
f 9527 9529 9385
f 9528 9384 9386
f 9526 9384 9528
f 9527 9385 9383
f 9529 9531 9387
f 9671 9673 9529
f 9555 9413 9411
f 9556 9412 9414
f 9582 9440 9584
f 9583 9441 9439
f 9581 9583 9439
f 9582 9438 9440
f 9580 9438 9582
f 9581 9439 9437
f 9579 9581 9437
f 9580 9436 9438
f 9578 9436 9580
f 9579 9437 9435
f 9577 9579 9435
f 9578 9434 9436
f 9576 9434 9578
f 9577 9435 9433
f 9575 9577 9433
f 9584 9440 9442
f 9583 9585 9441
f 9585 9443 9441
f 9584 9442 9586
f 9592 9450 9594
f 9593 9451 9449
f 9591 9593 9449
f 9592 9448 9450
f 9590 9448 9592
f 9591 9449 9447
f 9589 9591 9447
f 9576 9432 9434
f 9590 9446 9448
f 9589 9447 9445
f 9587 9589 9445
f 9588 9444 9446
f 9586 9444 9588
f 9587 9445 9443
f 9585 9587 9443
f 9586 9442 9444
f 9588 9446 9590
f 9574 9432 9576
f 9575 9433 9431
f 9573 9575 9431
f 9564 9420 9422
f 9562 9420 9564
f 9563 9421 9419
f 9561 9563 9419
f 9562 9418 9420
f 9560 9418 9562
f 9561 9419 9417
f 9563 9565 9421
f 9559 9561 9417
f 9558 9416 9560
f 9559 9417 9415
f 9557 9559 9415
f 9558 9414 9416
f 9556 9414 9558
f 9557 9415 9413
f 9555 9557 9413
f 9560 9416 9418
f 9554 9412 9556
f 9565 9423 9421
f 9566 9422 9424
f 9574 9430 9432
f 9572 9430 9574
f 9573 9431 9429
f 9571 9573 9429
f 9572 9428 9430
f 9570 9428 9572
f 9571 9429 9427
f 9564 9422 9566
f 9569 9571 9427
f 9568 9426 9570
f 9569 9427 9425
f 9567 9569 9425
f 9568 9424 9426
f 9566 9424 9568
f 9567 9425 9423
f 9565 9567 9423
f 9570 9426 9428
f 9516 9372 9374
f 9673 9531 9529
f 9674 9530 9532
f 9780 9636 9638
f 9778 9636 9780
f 9779 9637 9635
f 9777 9779 9635
f 9778 9634 9636
f 9776 9634 9778
f 9777 9635 9633
f 9775 9777 9633
f 9776 9632 9634
f 9774 9632 9776
f 9775 9633 9631
f 9773 9775 9631
f 9774 9630 9632
f 9772 9630 9774
f 9773 9631 9629
f 9779 9781 9637
f 9781 9639 9637
f 9780 9638 9782
f 9782 9638 9640
f 9790 9646 9648
f 9788 9646 9790
f 9789 9647 9645
f 9787 9789 9645
f 9788 9644 9646
f 9786 9644 9788
f 9787 9645 9643
f 9771 9773 9629
f 9785 9787 9643
f 9784 9642 9786
f 9785 9643 9641
f 9783 9785 9641
f 9784 9640 9642
f 9782 9640 9784
f 9783 9641 9639
f 9781 9783 9639
f 9786 9642 9644
f 9789 9791 9647
f 9772 9628 9630
f 9771 9629 9627
f 9759 9761 9617
f 9760 9616 9618
f 9758 9616 9760
f 9759 9617 9615
f 9757 9759 9615
f 9758 9614 9616
f 9756 9614 9758
f 9757 9615 9613
f 9755 9757 9613
f 9756 9612 9614
f 9754 9612 9756
f 9755 9613 9611
f 9753 9755 9611
f 9754 9610 9612
f 9752 9610 9754
f 9761 9619 9617
f 9760 9618 9762
f 9762 9618 9620
f 9761 9763 9619
f 9769 9771 9627
f 9770 9626 9628
f 9768 9626 9770
f 9769 9627 9625
f 9767 9769 9625
f 9768 9624 9626
f 9766 9624 9768
f 9770 9628 9772
f 9767 9625 9623
f 9766 9622 9624
f 9764 9622 9766
f 9765 9623 9621
f 9763 9765 9621
f 9764 9620 9622
f 9762 9620 9764
f 9763 9621 9619
f 9765 9767 9623
f 9791 9649 9647
f 9790 9648 9792
f 9792 9648 9650
f 9818 9676 9820
f 9819 9677 9675
f 9817 9819 9675
f 9818 9674 9676
f 9816 9674 9818
f 9817 9675 9673
f 9815 9817 9673
f 9816 9672 9674
f 9814 9672 9816
f 9815 9673 9671
f 9813 9815 9671
f 9814 9670 9672
f 9812 9670 9814
f 9813 9671 9669
f 9811 9813 9669
f 9820 9676 9678
f 9819 9821 9677
f 9821 9679 9677
f 9820 9678 9822
f 9828 9686 9830
f 9829 9687 9685
f 9827 9829 9685
f 9828 9684 9686
f 9826 9684 9828
f 9827 9685 9683
f 9825 9827 9683
f 9812 9668 9670
f 9826 9682 9684
f 9825 9683 9681
f 9823 9825 9681
f 9824 9680 9682
f 9822 9680 9824
f 9823 9681 9679
f 9821 9823 9679
f 9822 9678 9680
f 9824 9682 9826
f 9810 9668 9812
f 9811 9669 9667
f 9809 9811 9667
f 9800 9656 9658
f 9798 9656 9800
f 9799 9657 9654
f 9796 9799 9654
f 9656 9798 9655
f 9655 9798 9797
f 9653 9655 9797
f 9799 9801 9657
f 9795 9653 9797
f 9654 9795 9796
f 9792 9650 9794
f 9794 9650 9652
f 9651 9794 9652
f 9793 9794 9651
f 9793 9651 9791
f 9791 9651 9649
f 9653 9795 9654
f 9753 9611 9609
f 9801 9659 9657
f 9802 9658 9660
f 9810 9666 9668
f 9808 9666 9810
f 9809 9667 9665
f 9807 9809 9665
f 9808 9664 9666
f 9806 9664 9808
f 9807 9665 9663
f 9800 9658 9802
f 9805 9807 9663
f 9804 9662 9806
f 9805 9663 9661
f 9803 9805 9661
f 9804 9660 9662
f 9802 9660 9804
f 9803 9661 9659
f 9801 9803 9659
f 9806 9662 9664
f 9751 9753 9609
f 9752 9608 9610
f 9750 9608 9752
f 9700 9558 9702
f 9701 9559 9557
f 9699 9701 9557
f 9700 9556 9558
f 9698 9556 9700
f 9699 9557 9555
f 9697 9699 9555
f 9698 9554 9556
f 9696 9554 9698
f 9697 9555 9553
f 9695 9697 9553
f 9696 9552 9554
f 9694 9552 9696
f 9695 9553 9551
f 9693 9695 9551
f 9702 9558 9560
f 9701 9703 9559
f 9703 9561 9559
f 9702 9560 9704
f 9710 9568 9712
f 9711 9569 9567
f 9709 9711 9567
f 9710 9566 9568
f 9708 9566 9710
f 9709 9567 9565
f 9707 9709 9565
f 9694 9550 9552
f 9708 9564 9566
f 9707 9565 9563
f 9705 9707 9563
f 9706 9562 9564
f 9704 9562 9706
f 9705 9563 9561
f 9703 9705 9561
f 9704 9560 9562
f 9706 9564 9708
f 9692 9550 9694
f 9693 9551 9549
f 9691 9693 9549
f 9682 9538 9540
f 9680 9538 9682
f 9681 9539 9537
f 9679 9681 9537
f 9680 9536 9538
f 9678 9536 9680
f 9679 9537 9535
f 9681 9683 9539
f 9677 9679 9535
f 9676 9534 9678
f 9677 9535 9533
f 9675 9677 9533
f 9676 9532 9534
f 9674 9532 9676
f 9675 9533 9531
f 9673 9675 9531
f 9678 9534 9536
f 9712 9568 9570
f 9683 9541 9539
f 9684 9540 9542
f 9692 9548 9550
f 9690 9548 9692
f 9691 9549 9547
f 9689 9691 9547
f 9690 9546 9548
f 9688 9546 9690
f 9689 9547 9545
f 9682 9540 9684
f 9687 9689 9545
f 9686 9544 9688
f 9687 9545 9543
f 9685 9687 9543
f 9686 9542 9544
f 9684 9542 9686
f 9685 9543 9541
f 9683 9685 9541
f 9688 9544 9546
f 9672 9530 9674
f 9711 9713 9569
f 9712 9570 9714
f 9741 9599 9597
f 9739 9741 9597
f 9740 9596 9598
f 9738 9596 9740
f 9739 9597 9595
f 9737 9739 9595
f 9738 9594 9596
f 9736 9594 9738
f 9737 9595 9593
f 9735 9737 9593
f 9736 9592 9594
f 9734 9592 9736
f 9735 9593 9591
f 9733 9735 9591
f 9734 9590 9592
f 9740 9598 9742
f 9742 9598 9600
f 9741 9743 9599
f 9743 9601 9599
f 9751 9609 9607
f 9749 9751 9607
f 9750 9606 9608
f 9748 9606 9750
f 9749 9607 9605
f 9747 9749 9605
f 9748 9604 9606
f 9732 9590 9734
f 9746 9604 9748
f 9745 9747 9603
f 9746 9602 9604
f 9744 9602 9746
f 9745 9603 9601
f 9743 9745 9601
f 9744 9600 9602
f 9742 9600 9744
f 9747 9605 9603
f 9733 9591 9589
f 9731 9733 9589
f 9732 9588 9590
f 9720 9578 9722
f 9721 9579 9577
f 9719 9721 9577
f 9720 9576 9578
f 9718 9576 9720
f 9719 9577 9575
f 9717 9719 9575
f 9722 9578 9580
f 9718 9574 9576
f 9717 9575 9573
f 9715 9717 9573
f 9716 9572 9574
f 9714 9572 9716
f 9715 9573 9571
f 9713 9715 9571
f 9714 9570 9572
f 9716 9574 9718
f 9713 9571 9569
f 9721 9723 9579
f 9722 9580 9724
f 9730 9588 9732
f 9731 9589 9587
f 9729 9731 9587
f 9730 9586 9588
f 9728 9586 9730
f 9729 9587 9585
f 9727 9729 9585
f 9723 9581 9579
f 9728 9584 9586
f 9727 9585 9583
f 9725 9727 9583
f 9726 9582 9584
f 9724 9582 9726
f 9725 9583 9581
f 9723 9725 9581
f 9724 9580 9582
f 9726 9584 9728
f 7626 7484 7628
f 8885 8887 8743
f 8884 8742 8886
f 8047 8049 7905
f 8048 7904 7906
f 8046 7904 8048
f 8047 7905 7903
f 8045 8047 7903
f 8046 7902 7904
f 8044 7902 8046
f 8045 7903 7901
f 8043 8045 7901
f 8044 7900 7902
f 8042 7900 8044
f 8043 7901 7899
f 8041 8043 7899
f 8042 7898 7900
f 8040 7898 8042
f 8049 7907 7905
f 8048 7906 8050
f 8050 7906 7908
f 8049 8051 7907
f 8057 8059 7915
f 8058 7914 7916
f 8056 7914 8058
f 8057 7915 7913
f 8055 8057 7913
f 8056 7912 7914
f 8054 7912 8056
f 8041 7899 7897
f 8055 7913 7911
f 8054 7910 7912
f 8052 7910 8054
f 8053 7911 7909
f 8051 8053 7909
f 8052 7908 7910
f 8050 7908 8052
f 8051 7909 7907
f 8053 8055 7911
f 8059 7917 7915
f 8039 8041 7897
f 8038 7896 8040
f 8029 7887 7885
f 8027 8029 7885
f 8028 7884 7886
f 8026 7884 8028
f 8027 7885 7883
f 8025 8027 7883
f 8026 7882 7884
f 8024 7882 8026
f 8025 7883 7881
f 8023 8025 7881
f 8024 7880 7882
f 8022 7880 8024
f 8023 7881 7879
f 8021 8023 7879
f 8022 7878 7880
f 8028 7886 8030
f 8030 7886 7888
f 8029 8031 7887
f 8031 7889 7887
f 8039 7897 7895
f 8037 8039 7895
f 8038 7894 7896
f 8036 7894 8038
f 8037 7895 7893
f 8035 8037 7893
f 8036 7892 7894
f 8040 7896 7898
f 8034 7892 8036
f 8033 8035 7891
f 8034 7890 7892
f 8032 7890 8034
f 8033 7891 7889
f 8031 8033 7889
f 8032 7888 7890
f 8030 7888 8032
f 8035 7893 7891
f 8058 7916 8060
f 8060 7916 7918
f 8059 8061 7917
f 8088 7944 7946
f 8086 7944 8088
f 8087 7945 7943
f 8085 8087 7943
f 8086 7942 7944
f 8084 7942 8086
f 8085 7943 7941
f 8083 8085 7941
f 8084 7940 7942
f 8082 7940 8084
f 8083 7941 7939
f 8081 8083 7939
f 8082 7938 7940
f 8080 7938 8082
f 8081 7939 7937
f 8087 7947 7945
f 8089 7947 8087
f 8089 8090 7947
f 7947 8090 7948
f 8098 7954 7956
f 8096 7954 8098
f 8097 7955 7953
f 8095 8097 7953
f 8096 7952 7954
f 8094 7952 8096
f 8095 7953 7950
f 8079 8081 7937
f 8092 8095 7950
f 7951 8094 8093
f 7949 7951 8093
f 8091 7949 8093
f 7949 8091 7950
f 7950 8091 8092
f 8088 7946 8090
f 8090 7946 7948
f 7952 8094 7951
f 8080 7936 7938
f 8078 7936 8080
f 8079 7937 7935
f 8067 8069 7925
f 8068 7924 7926
f 8066 7924 8068
f 8067 7925 7923
f 8065 8067 7923
f 8066 7922 7924
f 8064 7922 8066
f 8069 7927 7925
f 8065 7923 7921
f 8064 7920 7922
f 8062 7920 8064
f 8063 7921 7919
f 8061 8063 7919
f 8062 7918 7920
f 8060 7918 8062
f 8061 7919 7917
f 8063 8065 7921
f 8020 7878 8022
f 8068 7926 8070
f 8069 8071 7927
f 8077 8079 7935
f 8078 7934 7936
f 8076 7934 8078
f 8077 7935 7933
f 8075 8077 7933
f 8076 7932 7934
f 8074 7932 8076
f 8070 7926 7928
f 8075 7933 7931
f 8074 7930 7932
f 8072 7930 8074
f 8073 7931 7929
f 8071 8073 7929
f 8072 7928 7930
f 8070 7928 8072
f 8071 7929 7927
f 8073 8075 7931
f 8097 8099 7955
f 8021 7879 7877
f 8020 7876 7878
f 7970 7826 7828
f 7968 7826 7970
f 7969 7827 7825
f 7967 7969 7825
f 7968 7824 7826
f 7966 7824 7968
f 7967 7825 7823
f 7965 7967 7823
f 7966 7822 7824
f 7964 7822 7966
f 7965 7823 7821
f 7963 7965 7821
f 7964 7820 7822
f 7962 7820 7964
f 7963 7821 7819
f 7969 7971 7827
f 7971 7829 7827
f 7970 7828 7972
f 7972 7828 7830
f 7980 7836 7838
f 7978 7836 7980
f 7979 7837 7835
f 7977 7979 7835
f 7978 7834 7836
f 7976 7834 7978
f 7977 7835 7833
f 7961 7963 7819
f 7975 7977 7833
f 7974 7832 7976
f 7975 7833 7831
f 7973 7975 7831
f 7974 7830 7832
f 7972 7830 7974
f 7973 7831 7829
f 7971 7973 7829
f 7976 7832 7834
f 7979 7981 7837
f 7962 7818 7820
f 7961 7819 7817
f 7949 7807 7951
f 7807 7949 7808
f 7808 7949 7950
f 7946 7804 7948
f 7948 7804 7806
f 7805 7948 7806
f 7947 7948 7805
f 7947 7805 7945
f 7945 7805 7803
f 7946 7802 7804
f 7944 7802 7946
f 7945 7803 7801
f 7943 7945 7801
f 7944 7800 7802
f 7942 7800 7944
f 7807 7809 7951
f 7809 7952 7951
f 7810 7952 7809
f 7950 7953 7808
f 7959 7961 7817
f 7960 7816 7818
f 7958 7816 7960
f 7959 7817 7815
f 7957 7959 7815
f 7958 7814 7816
f 7956 7814 7958
f 7960 7818 7962
f 7957 7815 7813
f 7956 7812 7814
f 7954 7812 7956
f 7955 7813 7811
f 7953 7955 7811
f 7954 7810 7812
f 7952 7810 7954
f 7953 7811 7808
f 7955 7957 7813
f 7981 7839 7837
f 7980 7838 7982
f 7982 7838 7840
f 8008 7866 8010
f 8009 7867 7865
f 8007 8009 7865
f 8008 7864 7866
f 8006 7864 8008
f 8007 7865 7863
f 8005 8007 7863
f 8006 7862 7864
f 8004 7862 8006
f 8005 7863 7861
f 8003 8005 7861
f 8004 7860 7862
f 8002 7860 8004
f 8003 7861 7859
f 8001 8003 7859
f 8010 7866 7868
f 8009 8011 7867
f 8011 7869 7867
f 8010 7868 8012
f 8018 7876 8020
f 8019 7877 7875
f 8017 8019 7875
f 8018 7874 7876
f 8016 7874 8018
f 8017 7875 7873
f 8015 8017 7873
f 8002 7858 7860
f 8016 7872 7874
f 8015 7873 7871
f 8013 8015 7871
f 8014 7870 7872
f 8012 7870 8014
f 8013 7871 7869
f 8011 8013 7869
f 8012 7868 7870
f 8014 7872 8016
f 8000 7858 8002
f 8001 7859 7857
f 7999 8001 7857
f 7990 7846 7848
f 7988 7846 7990
f 7989 7847 7845
f 7987 7989 7845
f 7988 7844 7846
f 7986 7844 7988
f 7987 7845 7843
f 7989 7991 7847
f 7985 7987 7843
f 7984 7842 7986
f 7985 7843 7841
f 7983 7985 7841
f 7984 7840 7842
f 7982 7840 7984
f 7983 7841 7839
f 7981 7983 7839
f 7986 7842 7844
f 8019 8021 7877
f 7991 7849 7847
f 7992 7848 7850
f 8000 7856 7858
f 7998 7856 8000
f 7999 7857 7855
f 7997 7999 7855
f 7998 7854 7856
f 7996 7854 7998
f 7997 7855 7853
f 7990 7848 7992
f 7995 7997 7853
f 7994 7852 7996
f 7995 7853 7851
f 7993 7995 7851
f 7994 7850 7852
f 7992 7850 7994
f 7993 7851 7849
f 7991 7993 7849
f 7996 7852 7854
f 8099 7957 7955
f 8098 7956 8100
f 8100 7956 7958
f 8206 8062 8064
f 8204 8062 8206
f 8205 8063 8061
f 8203 8205 8061
f 8204 8060 8062
f 8202 8060 8204
f 8203 8061 8059
f 8201 8203 8059
f 8202 8058 8060
f 8200 8058 8202
f 8201 8059 8057
f 8199 8201 8057
f 8200 8056 8058
f 8198 8056 8200
f 8199 8057 8055
f 8205 8207 8063
f 8207 8065 8063
f 8206 8064 8208
f 8208 8064 8066
f 8216 8072 8074
f 8214 8072 8216
f 8215 8073 8071
f 8213 8215 8071
f 8214 8070 8072
f 8212 8070 8214
f 8213 8071 8069
f 8197 8199 8055
f 8211 8213 8069
f 8210 8068 8212
f 8211 8069 8067
f 8209 8211 8067
f 8210 8066 8068
f 8208 8066 8210
f 8209 8067 8065
f 8207 8209 8065
f 8212 8068 8070
f 8215 8217 8073
f 8198 8054 8056
f 8197 8055 8053
f 8185 8187 8043
f 8186 8042 8044
f 8184 8042 8186
f 8185 8043 8041
f 8183 8185 8041
f 8184 8040 8042
f 8182 8040 8184
f 8183 8041 8039
f 8181 8183 8039
f 8182 8038 8040
f 8180 8038 8182
f 8181 8039 8037
f 8179 8181 8037
f 8180 8036 8038
f 8178 8036 8180
f 8187 8045 8043
f 8186 8044 8188
f 8188 8044 8046
f 8187 8189 8045
f 8195 8197 8053
f 8196 8052 8054
f 8194 8052 8196
f 8195 8053 8051
f 8193 8195 8051
f 8194 8050 8052
f 8192 8050 8194
f 8196 8054 8198
f 8193 8051 8049
f 8192 8048 8050
f 8190 8048 8192
f 8191 8049 8047
f 8189 8191 8047
f 8190 8046 8048
f 8188 8046 8190
f 8189 8047 8045
f 8191 8193 8049
f 8217 8075 8073
f 8216 8074 8218
f 8218 8074 8076
f 8244 8102 8246
f 8245 8103 8101
f 8243 8245 8101
f 8244 8100 8102
f 8242 8100 8244
f 8243 8101 8099
f 8241 8243 8099
f 8242 8098 8100
f 8240 8098 8242
f 8241 8099 8097
f 8239 8241 8097
f 8240 8096 8098
f 8238 8096 8240
f 8239 8097 8095
f 8237 8239 8095
f 8246 8102 8104
f 8245 8247 8103
f 8247 8105 8103
f 8246 8104 8248
f 8254 8112 8256
f 8255 8113 8111
f 8253 8255 8111
f 8254 8110 8112
f 8252 8110 8254
f 8253 8111 8109
f 8251 8253 8109
f 8238 8094 8096
f 8252 8108 8110
f 8251 8109 8107
f 8249 8251 8107
f 8250 8106 8108
f 8248 8106 8250
f 8249 8107 8105
f 8247 8249 8105
f 8248 8104 8106
f 8250 8108 8252
f 8236 8094 8238
f 8237 8095 8092
f 8234 8237 8092
f 8226 8082 8084
f 8224 8082 8226
f 8225 8083 8081
f 8223 8225 8081
f 8224 8080 8082
f 8222 8080 8224
f 8223 8081 8079
f 8225 8227 8083
f 8221 8223 8079
f 8220 8078 8222
f 8221 8079 8077
f 8219 8221 8077
f 8220 8076 8078
f 8218 8076 8220
f 8219 8077 8075
f 8217 8219 8075
f 8222 8078 8080
f 8179 8037 8035
f 8227 8085 8083
f 8228 8084 8086
f 8094 8236 8093
f 8093 8236 8235
f 8091 8093 8235
f 8233 8091 8235
f 8091 8233 8092
f 8092 8233 8234
f 8230 8088 8232
f 8226 8084 8228
f 8232 8088 8090
f 8231 8232 8089
f 8231 8089 8229
f 8229 8089 8087
f 8230 8086 8088
f 8228 8086 8230
f 8229 8087 8085
f 8227 8229 8085
f 8089 8232 8090
f 8177 8179 8035
f 8178 8034 8036
f 8176 8034 8178
f 8126 7984 8128
f 8127 7985 7983
f 8125 8127 7983
f 8126 7982 7984
f 8124 7982 8126
f 8125 7983 7981
f 8123 8125 7981
f 8124 7980 7982
f 8122 7980 8124
f 8123 7981 7979
f 8121 8123 7979
f 8122 7978 7980
f 8120 7978 8122
f 8121 7979 7977
f 8119 8121 7977
f 8128 7984 7986
f 8127 8129 7985
f 8129 7987 7985
f 8128 7986 8130
f 8136 7994 8138
f 8137 7995 7993
f 8135 8137 7993
f 8136 7992 7994
f 8134 7992 8136
f 8135 7993 7991
f 8133 8135 7991
f 8120 7976 7978
f 8134 7990 7992
f 8133 7991 7989
f 8131 8133 7989
f 8132 7988 7990
f 8130 7988 8132
f 8131 7989 7987
f 8129 8131 7987
f 8130 7986 7988
f 8132 7990 8134
f 8118 7976 8120
f 8119 7977 7975
f 8117 8119 7975
f 8108 7964 7966
f 8106 7964 8108
f 8107 7965 7963
f 8105 8107 7963
f 8106 7962 7964
f 8104 7962 8106
f 8105 7963 7961
f 8107 8109 7965
f 8103 8105 7961
f 8102 7960 8104
f 8103 7961 7959
f 8101 8103 7959
f 8102 7958 7960
f 8100 7958 8102
f 8101 7959 7957
f 8099 8101 7957
f 8104 7960 7962
f 8138 7994 7996
f 8109 7967 7965
f 8110 7966 7968
f 8118 7974 7976
f 8116 7974 8118
f 8117 7975 7973
f 8115 8117 7973
f 8116 7972 7974
f 8114 7972 8116
f 8115 7973 7971
f 8108 7966 8110
f 8113 8115 7971
f 8112 7970 8114
f 8113 7971 7969
f 8111 8113 7969
f 8112 7968 7970
f 8110 7968 8112
f 8111 7969 7967
f 8109 8111 7967
f 8114 7970 7972
f 7943 7801 7799
f 8137 8139 7995
f 8138 7996 8140
f 8167 8025 8023
f 8165 8167 8023
f 8166 8022 8024
f 8164 8022 8166
f 8165 8023 8021
f 8163 8165 8021
f 8164 8020 8022
f 8162 8020 8164
f 8163 8021 8019
f 8161 8163 8019
f 8162 8018 8020
f 8160 8018 8162
f 8161 8019 8017
f 8159 8161 8017
f 8160 8016 8018
f 8166 8024 8168
f 8168 8024 8026
f 8167 8169 8025
f 8169 8027 8025
f 8177 8035 8033
f 8175 8177 8033
f 8176 8032 8034
f 8174 8032 8176
f 8175 8033 8031
f 8173 8175 8031
f 8174 8030 8032
f 8158 8016 8160
f 8172 8030 8174
f 8171 8173 8029
f 8172 8028 8030
f 8170 8028 8172
f 8171 8029 8027
f 8169 8171 8027
f 8170 8026 8028
f 8168 8026 8170
f 8173 8031 8029
f 8159 8017 8015
f 8157 8159 8015
f 8158 8014 8016
f 8146 8004 8148
f 8147 8005 8003
f 8145 8147 8003
f 8146 8002 8004
f 8144 8002 8146
f 8145 8003 8001
f 8143 8145 8001
f 8148 8004 8006
f 8144 8000 8002
f 8143 8001 7999
f 8141 8143 7999
f 8142 7998 8000
f 8140 7998 8142
f 8141 7999 7997
f 8139 8141 7997
f 8140 7996 7998
f 8142 8000 8144
f 8139 7997 7995
f 8147 8149 8005
f 8148 8006 8150
f 8156 8014 8158
f 8157 8015 8013
f 8155 8157 8013
f 8156 8012 8014
f 8154 8012 8156
f 8155 8013 8011
f 8153 8155 8011
f 8149 8007 8005
f 8154 8010 8012
f 8153 8011 8009
f 8151 8153 8009
f 8152 8008 8010
f 8150 8008 8152
f 8151 8009 8007
f 8149 8151 8007
f 8150 8006 8008
f 8152 8010 8154
f 7941 7943 7799
f 7942 7798 7800
f 7940 7798 7942
f 7734 7590 7592
f 7732 7590 7734
f 7733 7591 7589
f 7731 7733 7589
f 7732 7588 7590
f 7730 7588 7732
f 7731 7589 7587
f 7729 7731 7587
f 7730 7586 7588
f 7728 7586 7730
f 7729 7587 7585
f 7727 7729 7585
f 7728 7584 7586
f 7726 7584 7728
f 7727 7585 7583
f 7733 7735 7591
f 7735 7593 7591
f 7734 7592 7736
f 7736 7592 7594
f 7744 7600 7602
f 7742 7600 7744
f 7743 7601 7599
f 7741 7743 7599
f 7742 7598 7600
f 7740 7598 7742
f 7741 7599 7597
f 7725 7727 7583
f 7739 7741 7597
f 7738 7596 7740
f 7739 7597 7595
f 7737 7739 7595
f 7738 7594 7596
f 7736 7594 7738
f 7737 7595 7593
f 7735 7737 7593
f 7740 7596 7598
f 7743 7745 7601
f 7726 7582 7584
f 7725 7583 7581
f 7713 7715 7571
f 7714 7570 7572
f 7712 7570 7714
f 7713 7571 7569
f 7711 7713 7569
f 7712 7568 7570
f 7710 7568 7712
f 7711 7569 7567
f 7709 7711 7567
f 7710 7566 7568
f 7708 7566 7710
f 7709 7567 7565
f 7707 7709 7565
f 7708 7564 7566
f 7706 7564 7708
f 7715 7573 7571
f 7714 7572 7716
f 7716 7572 7574
f 7715 7717 7573
f 7723 7725 7581
f 7724 7580 7582
f 7722 7580 7724
f 7723 7581 7579
f 7721 7723 7579
f 7722 7578 7580
f 7720 7578 7722
f 7724 7582 7726
f 7721 7579 7577
f 7720 7576 7578
f 7718 7576 7720
f 7719 7577 7575
f 7717 7719 7575
f 7718 7574 7576
f 7716 7574 7718
f 7717 7575 7573
f 7719 7721 7577
f 7745 7603 7601
f 7744 7602 7746
f 7746 7602 7604
f 7772 7630 7774
f 7773 7631 7629
f 7771 7773 7629
f 7772 7628 7630
f 7770 7628 7772
f 7771 7629 7627
f 7769 7771 7627
f 7770 7626 7628
f 7768 7626 7770
f 7769 7627 7625
f 7767 7769 7625
f 7768 7624 7626
f 7766 7624 7768
f 7767 7625 7623
f 7765 7767 7623
f 7774 7630 7632
f 7773 7775 7631
f 7775 7633 7631
f 7774 7632 7776
f 7782 7640 7784
f 7783 7641 7639
f 7781 7783 7639
f 7782 7638 7640
f 7780 7638 7782
f 7781 7639 7637
f 7779 7781 7637
f 7766 7622 7624
f 7780 7636 7638
f 7779 7637 7635
f 7777 7779 7635
f 7778 7634 7636
f 7776 7634 7778
f 7777 7635 7633
f 7775 7777 7633
f 7776 7632 7634
f 7778 7636 7780
f 7764 7622 7766
f 7765 7623 7621
f 7763 7765 7621
f 7754 7610 7612
f 7752 7610 7754
f 7753 7611 7609
f 7751 7753 7609
f 7752 7608 7610
f 7750 7608 7752
f 7751 7609 7607
f 7753 7755 7611
f 7749 7751 7607
f 7748 7606 7750
f 7749 7607 7605
f 7747 7749 7605
f 7748 7604 7606
f 7746 7604 7748
f 7747 7605 7603
f 7745 7747 7603
f 7750 7606 7608
f 7707 7565 7563
f 7755 7613 7611
f 7756 7612 7614
f 7764 7620 7622
f 7762 7620 7764
f 7763 7621 7619
f 7761 7763 7619
f 7762 7618 7620
f 7760 7618 7762
f 7761 7619 7617
f 7754 7612 7756
f 7759 7761 7617
f 7758 7616 7760
f 7759 7617 7615
f 7757 7759 7615
f 7758 7614 7616
f 7756 7614 7758
f 7757 7615 7613
f 7755 7757 7613
f 7760 7616 7618
f 7705 7707 7563
f 7706 7562 7564
f 7704 7562 7706
f 7654 7512 7656
f 7655 7513 7511
f 7653 7655 7511
f 7654 7510 7512
f 7652 7510 7654
f 7653 7511 7509
f 7651 7653 7509
f 7652 7508 7510
f 7650 7508 7652
f 7651 7509 7507
f 7649 7651 7507
f 7650 7506 7508
f 7648 7506 7650
f 7649 7507 7505
f 7647 7649 7505
f 7656 7512 7514
f 7655 7657 7513
f 7657 7515 7513
f 7656 7514 7658
f 7524 7665 7666
f 7662 7520 7664
f 7664 7520 7522
f 7521 7664 7522
f 7663 7664 7521
f 7663 7521 7661
f 7661 7521 7519
f 7648 7504 7506
f 7662 7518 7520
f 7661 7519 7517
f 7659 7661 7517
f 7660 7516 7518
f 7658 7516 7660
f 7659 7517 7515
f 7657 7659 7515
f 7658 7514 7516
f 7660 7518 7662
f 7646 7504 7648
f 7647 7505 7503
f 7645 7647 7503
f 7636 7492 7494
f 7634 7492 7636
f 7635 7493 7491
f 7633 7635 7491
f 7634 7490 7492
f 7632 7490 7634
f 7633 7491 7489
f 7635 7637 7493
f 7631 7633 7489
f 7630 7488 7632
f 7631 7489 7487
f 7629 7631 7487
f 7630 7486 7488
f 7628 7486 7630
f 7629 7487 7485
f 7627 7629 7485
f 7632 7488 7490
f 7523 7665 7524
f 7637 7495 7493
f 7638 7494 7496
f 7646 7502 7504
f 7644 7502 7646
f 7645 7503 7501
f 7643 7645 7501
f 7644 7500 7502
f 7642 7500 7644
f 7643 7501 7499
f 7636 7494 7638
f 7641 7643 7499
f 7640 7498 7642
f 7641 7499 7497
f 7639 7641 7497
f 7640 7496 7498
f 7638 7496 7640
f 7639 7497 7495
f 7637 7639 7495
f 7642 7498 7500
f 7784 7640 7642
f 7665 7523 7667
f 7525 7668 7667
f 7695 7553 7551
f 7693 7695 7551
f 7694 7550 7552
f 7692 7550 7694
f 7693 7551 7549
f 7691 7693 7549
f 7692 7548 7550
f 7690 7548 7692
f 7691 7549 7547
f 7689 7691 7547
f 7690 7546 7548
f 7688 7546 7690
f 7689 7547 7545
f 7687 7689 7545
f 7688 7544 7546
f 7694 7552 7696
f 7696 7552 7554
f 7695 7697 7553
f 7697 7555 7553
f 7705 7563 7561
f 7703 7705 7561
f 7704 7560 7562
f 7702 7560 7704
f 7703 7561 7559
f 7701 7703 7559
f 7702 7558 7560
f 7686 7544 7688
f 7700 7558 7702
f 7699 7701 7557
f 7700 7556 7558
f 7698 7556 7700
f 7699 7557 7555
f 7697 7699 7555
f 7698 7554 7556
f 7696 7554 7698
f 7701 7559 7557
f 7687 7545 7543
f 7685 7687 7543
f 7686 7542 7544
f 7674 7532 7676
f 7675 7533 7531
f 7673 7675 7531
f 7674 7530 7532
f 7672 7530 7674
f 7673 7531 7529
f 7671 7673 7529
f 7676 7532 7534
f 7672 7528 7530
f 7671 7529 7527
f 7669 7671 7527
f 7670 7526 7528
f 7668 7526 7670
f 7669 7527 7524
f 7666 7669 7524
f 7526 7668 7525
f 7670 7528 7672
f 7523 7525 7667
f 7675 7677 7533
f 7676 7534 7678
f 7684 7542 7686
f 7685 7543 7541
f 7683 7685 7541
f 7684 7540 7542
f 7682 7540 7684
f 7683 7541 7539
f 7681 7683 7539
f 7677 7535 7533
f 7682 7538 7540
f 7681 7539 7537
f 7679 7681 7537
f 7680 7536 7538
f 7678 7536 7680
f 7679 7537 7535
f 7677 7679 7535
f 7678 7534 7536
f 7680 7538 7682
f 8256 8112 8114
f 7783 7785 7641
f 7784 7642 7786
f 7890 7748 7892
f 7891 7749 7747
f 7889 7891 7747
f 7890 7746 7748
f 7888 7746 7890
f 7889 7747 7745
f 7887 7889 7745
f 7888 7744 7746
f 7886 7744 7888
f 7887 7745 7743
f 7885 7887 7743
f 7886 7742 7744
f 7884 7742 7886
f 7885 7743 7741
f 7883 7885 7741
f 7892 7748 7750
f 7891 7893 7749
f 7893 7751 7749
f 7892 7750 7894
f 7900 7758 7902
f 7901 7759 7757
f 7899 7901 7757
f 7900 7756 7758
f 7898 7756 7900
f 7899 7757 7755
f 7897 7899 7755
f 7884 7740 7742
f 7898 7754 7756
f 7897 7755 7753
f 7895 7897 7753
f 7896 7752 7754
f 7894 7752 7896
f 7895 7753 7751
f 7893 7895 7751
f 7894 7750 7752
f 7896 7754 7898
f 7902 7758 7760
f 7882 7740 7884
f 7881 7883 7739
f 7872 7728 7730
f 7870 7728 7872
f 7871 7729 7727
f 7869 7871 7727
f 7870 7726 7728
f 7868 7726 7870
f 7869 7727 7725
f 7867 7869 7725
f 7868 7724 7726
f 7866 7724 7868
f 7867 7725 7723
f 7865 7867 7723
f 7866 7722 7724
f 7864 7722 7866
f 7865 7723 7721
f 7871 7873 7729
f 7873 7731 7729
f 7872 7730 7874
f 7874 7730 7732
f 7882 7738 7740
f 7880 7738 7882
f 7881 7739 7737
f 7879 7881 7737
f 7880 7736 7738
f 7878 7736 7880
f 7879 7737 7735
f 7883 7741 7739
f 7877 7879 7735
f 7876 7734 7878
f 7877 7735 7733
f 7875 7877 7733
f 7876 7732 7734
f 7874 7732 7876
f 7875 7733 7731
f 7873 7875 7731
f 7878 7734 7736
f 7901 7903 7759
f 7903 7761 7759
f 7902 7760 7904
f 7931 7789 7787
f 7929 7931 7787
f 7930 7786 7788
f 7928 7786 7930
f 7929 7787 7785
f 7927 7929 7785
f 7928 7784 7786
f 7926 7784 7928
f 7927 7785 7783
f 7925 7927 7783
f 7926 7782 7784
f 7924 7782 7926
f 7925 7783 7781
f 7923 7925 7781
f 7924 7780 7782
f 7930 7788 7932
f 7932 7788 7790
f 7931 7933 7789
f 7933 7791 7789
f 7941 7799 7797
f 7939 7941 7797
f 7940 7796 7798
f 7938 7796 7940
f 7939 7797 7795
f 7937 7939 7795
f 7938 7794 7796
f 7922 7780 7924
f 7936 7794 7938
f 7935 7937 7793
f 7936 7792 7794
f 7934 7792 7936
f 7935 7793 7791
f 7933 7935 7791
f 7934 7790 7792
f 7932 7790 7934
f 7937 7795 7793
f 7923 7781 7779
f 7921 7923 7779
f 7922 7778 7780
f 7910 7768 7912
f 7911 7769 7767
f 7909 7911 7767
f 7910 7766 7768
f 7908 7766 7910
f 7909 7767 7765
f 7907 7909 7765
f 7912 7768 7770
f 7908 7764 7766
f 7907 7765 7763
f 7905 7907 7763
f 7906 7762 7764
f 7904 7762 7906
f 7905 7763 7761
f 7903 7905 7761
f 7904 7760 7762
f 7906 7764 7908
f 7863 7865 7721
f 7911 7913 7769
f 7912 7770 7914
f 7920 7778 7922
f 7921 7779 7777
f 7919 7921 7777
f 7920 7776 7778
f 7918 7776 7920
f 7919 7777 7775
f 7917 7919 7775
f 7913 7771 7769
f 7918 7774 7776
f 7917 7775 7773
f 7915 7917 7773
f 7916 7772 7774
f 7914 7772 7916
f 7915 7773 7771
f 7913 7915 7771
f 7914 7770 7772
f 7916 7774 7918
f 7864 7720 7722
f 7862 7720 7864
f 7863 7721 7719
f 7813 7671 7669
f 7811 7813 7669
f 7812 7668 7670
f 7810 7668 7812
f 7811 7669 7666
f 7808 7811 7666
f 7668 7810 7667
f 7667 7810 7809
f 7665 7667 7809
f 7807 7665 7809
f 7665 7807 7666
f 7666 7807 7808
f 7804 7662 7806
f 7806 7662 7664
f 7663 7806 7664
f 7812 7670 7814
f 7814 7670 7672
f 7813 7815 7671
f 7815 7673 7671
f 7823 7681 7679
f 7821 7823 7679
f 7822 7678 7680
f 7820 7678 7822
f 7821 7679 7677
f 7819 7821 7677
f 7820 7676 7678
f 7805 7806 7663
f 7818 7676 7820
f 7817 7819 7675
f 7818 7674 7676
f 7816 7674 7818
f 7817 7675 7673
f 7815 7817 7673
f 7816 7672 7674
f 7814 7672 7816
f 7819 7677 7675
f 7805 7663 7803
f 7803 7663 7661
f 7804 7660 7662
f 7792 7650 7794
f 7793 7651 7649
f 7791 7793 7649
f 7792 7648 7650
f 7790 7648 7792
f 7791 7649 7647
f 7789 7791 7647
f 7794 7650 7652
f 7790 7646 7648
f 7789 7647 7645
f 7787 7789 7645
f 7788 7644 7646
f 7786 7644 7788
f 7787 7645 7643
f 7785 7787 7643
f 7786 7642 7644
f 7788 7646 7790
f 7822 7680 7824
f 7793 7795 7651
f 7794 7652 7796
f 7802 7660 7804
f 7803 7661 7659
f 7801 7803 7659
f 7802 7658 7660
f 7800 7658 7802
f 7801 7659 7657
f 7799 7801 7657
f 7795 7653 7651
f 7800 7656 7658
f 7799 7657 7655
f 7797 7799 7655
f 7798 7654 7656
f 7796 7654 7798
f 7797 7655 7653
f 7795 7797 7653
f 7796 7652 7654
f 7798 7656 7800
f 7785 7643 7641
f 7824 7680 7682
f 7825 7683 7681
f 7851 7853 7709
f 7852 7708 7710
f 7850 7708 7852
f 7851 7709 7707
f 7849 7851 7707
f 7850 7706 7708
f 7848 7706 7850
f 7849 7707 7705
f 7847 7849 7705
f 7848 7704 7706
f 7846 7704 7848
f 7847 7705 7703
f 7845 7847 7703
f 7846 7702 7704
f 7844 7702 7846
f 7853 7711 7709
f 7852 7710 7854
f 7854 7710 7712
f 7853 7855 7711
f 7861 7863 7719
f 7862 7718 7720
f 7860 7718 7862
f 7861 7719 7717
f 7859 7861 7717
f 7860 7716 7718
f 7858 7716 7860
f 7845 7703 7701
f 7859 7717 7715
f 7858 7714 7716
f 7856 7714 7858
f 7857 7715 7713
f 7855 7857 7713
f 7856 7712 7714
f 7854 7712 7856
f 7855 7713 7711
f 7857 7859 7715
f 7843 7845 7701
f 7844 7700 7702
f 7842 7700 7844
f 7833 7691 7689
f 7831 7833 7689
f 7832 7688 7690
f 7830 7688 7832
f 7831 7689 7687
f 7829 7831 7687
f 7830 7686 7688
f 7832 7690 7834
f 7828 7686 7830
f 7827 7829 7685
f 7828 7684 7686
f 7826 7684 7828
f 7827 7685 7683
f 7825 7827 7683
f 7826 7682 7684
f 7824 7682 7826
f 7829 7687 7685
f 7823 7825 7681
f 7834 7690 7692
f 7835 7693 7691
f 7843 7701 7699
f 7841 7843 7699
f 7842 7698 7700
f 7840 7698 7842
f 7841 7699 7697
f 7839 7841 7697
f 7840 7696 7698
f 7833 7835 7691
f 7838 7696 7840
f 7837 7839 7695
f 7838 7694 7696
f 7836 7694 7838
f 7837 7695 7693
f 7835 7837 7693
f 7836 7692 7694
f 7834 7692 7836
f 7839 7697 7695
f 8886 8742 8744
f 8255 8257 8113
f 8256 8114 8258
f 8678 8534 8536
f 8676 8534 8678
f 8677 8535 8533
f 8675 8677 8533
f 8676 8532 8534
f 8674 8532 8676
f 8675 8533 8531
f 8673 8675 8531
f 8674 8530 8532
f 8672 8530 8674
f 8673 8531 8529
f 8671 8673 8529
f 8672 8528 8530
f 8670 8528 8672
f 8671 8529 8527
f 8677 8679 8535
f 8679 8537 8535
f 8678 8536 8680
f 8680 8536 8538
f 8688 8544 8546
f 8686 8544 8688
f 8687 8545 8543
f 8685 8687 8543
f 8686 8542 8544
f 8684 8542 8686
f 8685 8543 8541
f 8669 8671 8527
f 8683 8685 8541
f 8682 8540 8684
f 8683 8541 8539
f 8681 8683 8539
f 8682 8538 8540
f 8680 8538 8682
f 8681 8539 8537
f 8679 8681 8537
f 8684 8540 8542
f 8687 8689 8545
f 8670 8526 8528
f 8669 8527 8525
f 8658 8514 8516
f 8515 8658 8516
f 8657 8658 8515
f 8657 8515 8655
f 8655 8515 8513
f 8656 8512 8514
f 8654 8512 8656
f 8655 8513 8511
f 8653 8655 8511
f 8654 8510 8512
f 8652 8510 8654
f 8653 8511 8509
f 8651 8653 8509
f 8652 8508 8510
f 8650 8508 8652
f 8656 8514 8658
f 8518 8659 8660
f 8517 8659 8518
f 8659 8517 8661
f 8667 8669 8525
f 8668 8524 8526
f 8666 8524 8668
f 8667 8525 8523
f 8665 8667 8523
f 8666 8522 8524
f 8664 8522 8666
f 8668 8526 8670
f 8665 8523 8521
f 8664 8520 8522
f 8662 8520 8664
f 8663 8521 8518
f 8660 8663 8518
f 8520 8662 8519
f 8519 8662 8661
f 8517 8519 8661
f 8663 8665 8521
f 8689 8547 8545
f 8688 8546 8690
f 8690 8546 8548
f 8716 8574 8718
f 8717 8575 8573
f 8715 8717 8573
f 8716 8572 8574
f 8714 8572 8716
f 8715 8573 8571
f 8713 8715 8571
f 8714 8570 8572
f 8712 8570 8714
f 8713 8571 8569
f 8711 8713 8569
f 8712 8568 8570
f 8710 8568 8712
f 8711 8569 8567
f 8709 8711 8567
f 8718 8574 8576
f 8717 8719 8575
f 8719 8577 8575
f 8718 8576 8720
f 8726 8584 8728
f 8727 8585 8583
f 8725 8727 8583
f 8726 8582 8584
f 8724 8582 8726
f 8725 8583 8581
f 8723 8725 8581
f 8710 8566 8568
f 8724 8580 8582
f 8723 8581 8579
f 8721 8723 8579
f 8722 8578 8580
f 8720 8578 8722
f 8721 8579 8577
f 8719 8721 8577
f 8720 8576 8578
f 8722 8580 8724
f 8708 8566 8710
f 8709 8567 8565
f 8707 8709 8565
f 8698 8554 8556
f 8696 8554 8698
f 8697 8555 8553
f 8695 8697 8553
f 8696 8552 8554
f 8694 8552 8696
f 8695 8553 8551
f 8697 8699 8555
f 8693 8695 8551
f 8692 8550 8694
f 8693 8551 8549
f 8691 8693 8549
f 8692 8548 8550
f 8690 8548 8692
f 8691 8549 8547
f 8689 8691 8547
f 8694 8550 8552
f 8651 8509 8507
f 8699 8557 8555
f 8700 8556 8558
f 8708 8564 8566
f 8706 8564 8708
f 8707 8565 8563
f 8705 8707 8563
f 8706 8562 8564
f 8704 8562 8706
f 8705 8563 8561
f 8698 8556 8700
f 8703 8705 8561
f 8702 8560 8704
f 8703 8561 8559
f 8701 8703 8559
f 8702 8558 8560
f 8700 8558 8702
f 8701 8559 8557
f 8699 8701 8557
f 8704 8560 8562
f 8728 8584 8586
f 8649 8651 8507
f 8648 8506 8650
f 8598 8456 8600
f 8599 8457 8455
f 8597 8599 8455
f 8598 8454 8456
f 8596 8454 8598
f 8597 8455 8453
f 8595 8597 8453
f 8596 8452 8454
f 8594 8452 8596
f 8595 8453 8451
f 8593 8595 8451
f 8594 8450 8452
f 8592 8450 8594
f 8593 8451 8449
f 8591 8593 8449
f 8600 8456 8458
f 8599 8601 8457
f 8601 8459 8457
f 8600 8458 8602
f 8608 8466 8610
f 8609 8467 8465
f 8607 8609 8465
f 8608 8464 8466
f 8606 8464 8608
f 8607 8465 8463
f 8605 8607 8463
f 8592 8448 8450
f 8606 8462 8464
f 8605 8463 8461
f 8603 8605 8461
f 8604 8460 8462
f 8602 8460 8604
f 8603 8461 8459
f 8601 8603 8459
f 8602 8458 8460
f 8604 8462 8606
f 8610 8466 8468
f 8590 8448 8592
f 8589 8591 8447
f 8580 8436 8438
f 8578 8436 8580
f 8579 8437 8435
f 8577 8579 8435
f 8578 8434 8436
f 8576 8434 8578
f 8577 8435 8433
f 8575 8577 8433
f 8576 8432 8434
f 8574 8432 8576
f 8575 8433 8431
f 8573 8575 8431
f 8574 8430 8432
f 8572 8430 8574
f 8573 8431 8429
f 8579 8581 8437
f 8581 8439 8437
f 8580 8438 8582
f 8582 8438 8440
f 8590 8446 8448
f 8588 8446 8590
f 8589 8447 8445
f 8587 8589 8445
f 8588 8444 8446
f 8586 8444 8588
f 8587 8445 8443
f 8591 8449 8447
f 8585 8587 8443
f 8584 8442 8586
f 8585 8443 8441
f 8583 8585 8441
f 8584 8440 8442
f 8582 8440 8584
f 8583 8441 8439
f 8581 8583 8439
f 8586 8442 8444
f 8609 8611 8467
f 8611 8469 8467
f 8610 8468 8612
f 8639 8497 8495
f 8637 8639 8495
f 8638 8494 8496
f 8636 8494 8638
f 8637 8495 8493
f 8635 8637 8493
f 8636 8492 8494
f 8634 8492 8636
f 8635 8493 8491
f 8633 8635 8491
f 8634 8490 8492
f 8632 8490 8634
f 8633 8491 8489
f 8631 8633 8489
f 8632 8488 8490
f 8638 8496 8640
f 8640 8496 8498
f 8639 8641 8497
f 8641 8499 8497
f 8649 8507 8505
f 8647 8649 8505
f 8648 8504 8506
f 8646 8504 8648
f 8647 8505 8503
f 8645 8647 8503
f 8646 8502 8504
f 8630 8488 8632
f 8644 8502 8646
f 8643 8645 8501
f 8644 8500 8502
f 8642 8500 8644
f 8643 8501 8499
f 8641 8643 8499
f 8642 8498 8500
f 8640 8498 8642
f 8645 8503 8501
f 8631 8489 8487
f 8629 8631 8487
f 8630 8486 8488
f 8618 8476 8620
f 8619 8477 8475
f 8617 8619 8475
f 8618 8474 8476
f 8616 8474 8618
f 8617 8475 8473
f 8615 8617 8473
f 8620 8476 8478
f 8616 8472 8474
f 8615 8473 8471
f 8613 8615 8471
f 8614 8470 8472
f 8612 8470 8614
f 8613 8471 8469
f 8611 8613 8469
f 8612 8468 8470
f 8614 8472 8616
f 8650 8506 8508
f 8619 8621 8477
f 8620 8478 8622
f 8628 8486 8630
f 8629 8487 8485
f 8627 8629 8485
f 8628 8484 8486
f 8626 8484 8628
f 8627 8485 8483
f 8625 8627 8483
f 8621 8479 8477
f 8626 8482 8484
f 8625 8483 8481
f 8623 8625 8481
f 8624 8480 8482
f 8622 8480 8624
f 8623 8481 8479
f 8621 8623 8479
f 8622 8478 8480
f 8624 8482 8626
f 8727 8729 8585
f 8729 8587 8585
f 8728 8586 8730
f 8834 8692 8836
f 8835 8693 8691
f 8833 8835 8691
f 8834 8690 8692
f 8832 8690 8834
f 8833 8691 8689
f 8831 8833 8689
f 8832 8688 8690
f 8830 8688 8832
f 8831 8689 8687
f 8829 8831 8687
f 8830 8686 8688
f 8828 8686 8830
f 8829 8687 8685
f 8827 8829 8685
f 8836 8692 8694
f 8835 8837 8693
f 8837 8695 8693
f 8836 8694 8838
f 8844 8702 8846
f 8845 8703 8701
f 8843 8845 8701
f 8844 8700 8702
f 8842 8700 8844
f 8843 8701 8699
f 8841 8843 8699
f 8828 8684 8686
f 8842 8698 8700
f 8841 8699 8697
f 8839 8841 8697
f 8840 8696 8698
f 8838 8696 8840
f 8839 8697 8695
f 8837 8839 8695
f 8838 8694 8696
f 8840 8698 8842
f 8846 8702 8704
f 8826 8684 8828
f 8825 8827 8683
f 8816 8672 8674
f 8814 8672 8816
f 8815 8673 8671
f 8813 8815 8671
f 8814 8670 8672
f 8812 8670 8814
f 8813 8671 8669
f 8811 8813 8669
f 8812 8668 8670
f 8810 8668 8812
f 8811 8669 8667
f 8809 8811 8667
f 8810 8666 8668
f 8808 8666 8810
f 8809 8667 8665
f 8815 8817 8673
f 8817 8675 8673
f 8816 8674 8818
f 8818 8674 8676
f 8826 8682 8684
f 8824 8682 8826
f 8825 8683 8681
f 8823 8825 8681
f 8824 8680 8682
f 8822 8680 8824
f 8823 8681 8679
f 8827 8685 8683
f 8821 8823 8679
f 8820 8678 8822
f 8821 8679 8677
f 8819 8821 8677
f 8820 8676 8678
f 8818 8676 8820
f 8819 8677 8675
f 8817 8819 8675
f 8822 8678 8680
f 8845 8847 8703
f 8847 8705 8703
f 8846 8704 8848
f 8875 8733 8731
f 8873 8875 8731
f 8874 8730 8732
f 8872 8730 8874
f 8873 8731 8729
f 8871 8873 8729
f 8872 8728 8730
f 8870 8728 8872
f 8871 8729 8727
f 8869 8871 8727
f 8870 8726 8728
f 8868 8726 8870
f 8869 8727 8725
f 8867 8869 8725
f 8868 8724 8726
f 8874 8732 8876
f 8876 8732 8734
f 8875 8877 8733
f 8877 8735 8733
f 8885 8743 8741
f 8883 8885 8741
f 8884 8740 8742
f 8882 8740 8884
f 8883 8741 8739
f 8881 8883 8739
f 8882 8738 8740
f 8866 8724 8868
f 8880 8738 8882
f 8879 8881 8737
f 8880 8736 8738
f 8878 8736 8880
f 8879 8737 8735
f 8877 8879 8735
f 8878 8734 8736
f 8876 8734 8878
f 8881 8739 8737
f 8867 8725 8723
f 8865 8867 8723
f 8866 8722 8724
f 8854 8712 8856
f 8855 8713 8711
f 8853 8855 8711
f 8854 8710 8712
f 8852 8710 8854
f 8853 8711 8709
f 8851 8853 8709
f 8856 8712 8714
f 8852 8708 8710
f 8851 8709 8707
f 8849 8851 8707
f 8850 8706 8708
f 8848 8706 8850
f 8849 8707 8705
f 8847 8849 8705
f 8848 8704 8706
f 8850 8708 8852
f 8807 8809 8665
f 8855 8857 8713
f 8856 8714 8858
f 8864 8722 8866
f 8865 8723 8721
f 8863 8865 8721
f 8864 8720 8722
f 8862 8720 8864
f 8863 8721 8719
f 8861 8863 8719
f 8857 8715 8713
f 8862 8718 8720
f 8861 8719 8717
f 8859 8861 8717
f 8860 8716 8718
f 8858 8716 8860
f 8859 8717 8715
f 8857 8859 8715
f 8858 8714 8716
f 8860 8718 8862
f 8808 8664 8666
f 8806 8664 8808
f 8807 8665 8663
f 8757 8615 8613
f 8755 8757 8613
f 8756 8612 8614
f 8754 8612 8756
f 8755 8613 8611
f 8753 8755 8611
f 8754 8610 8612
f 8752 8610 8754
f 8753 8611 8609
f 8751 8753 8609
f 8752 8608 8610
f 8750 8608 8752
f 8751 8609 8607
f 8749 8751 8607
f 8750 8606 8608
f 8756 8614 8758
f 8758 8614 8616
f 8757 8759 8615
f 8759 8617 8615
f 8767 8625 8623
f 8765 8767 8623
f 8766 8622 8624
f 8764 8622 8766
f 8765 8623 8621
f 8763 8765 8621
f 8764 8620 8622
f 8748 8606 8750
f 8762 8620 8764
f 8761 8763 8619
f 8762 8618 8620
f 8760 8618 8762
f 8761 8619 8617
f 8759 8761 8617
f 8760 8616 8618
f 8758 8616 8760
f 8763 8621 8619
f 8749 8607 8605
f 8747 8749 8605
f 8748 8604 8606
f 8736 8594 8738
f 8737 8595 8593
f 8735 8737 8593
f 8736 8592 8594
f 8734 8592 8736
f 8735 8593 8591
f 8733 8735 8591
f 8738 8594 8596
f 8734 8590 8592
f 8733 8591 8589
f 8731 8733 8589
f 8732 8588 8590
f 8730 8588 8732
f 8731 8589 8587
f 8729 8731 8587
f 8730 8586 8588
f 8732 8590 8734
f 8766 8624 8768
f 8737 8739 8595
f 8738 8596 8740
f 8746 8604 8748
f 8747 8605 8603
f 8745 8747 8603
f 8746 8602 8604
f 8744 8602 8746
f 8745 8603 8601
f 8743 8745 8601
f 8739 8597 8595
f 8744 8600 8602
f 8743 8601 8599
f 8741 8743 8599
f 8742 8598 8600
f 8740 8598 8742
f 8741 8599 8597
f 8739 8741 8597
f 8740 8596 8598
f 8742 8600 8744
f 8571 8573 8429
f 8768 8624 8626
f 8769 8627 8625
f 8795 8797 8653
f 8796 8652 8654
f 8794 8652 8796
f 8795 8653 8651
f 8793 8795 8651
f 8794 8650 8652
f 8792 8650 8794
f 8793 8651 8649
f 8791 8793 8649
f 8792 8648 8650
f 8790 8648 8792
f 8791 8649 8647
f 8789 8791 8647
f 8790 8646 8648
f 8788 8646 8790
f 8797 8655 8653
f 8796 8654 8798
f 8798 8654 8656
f 8797 8657 8655
f 8805 8807 8663
f 8806 8662 8664
f 8804 8662 8806
f 8805 8663 8660
f 8802 8805 8660
f 8662 8804 8661
f 8661 8804 8803
f 8789 8647 8645
f 8659 8661 8803
f 8659 8801 8660
f 8660 8801 8802
f 8798 8656 8800
f 8800 8656 8658
f 8657 8800 8658
f 8799 8800 8657
f 8799 8657 8797
f 8801 8659 8803
f 8787 8789 8645
f 8788 8644 8646
f 8786 8644 8788
f 8777 8635 8633
f 8775 8777 8633
f 8776 8632 8634
f 8774 8632 8776
f 8775 8633 8631
f 8773 8775 8631
f 8774 8630 8632
f 8776 8634 8778
f 8772 8630 8774
f 8771 8773 8629
f 8772 8628 8630
f 8770 8628 8772
f 8771 8629 8627
f 8769 8771 8627
f 8770 8626 8628
f 8768 8626 8770
f 8773 8631 8629
f 8767 8769 8625
f 8778 8634 8636
f 8779 8637 8635
f 8787 8645 8643
f 8785 8787 8643
f 8786 8642 8644
f 8784 8642 8786
f 8785 8643 8641
f 8783 8785 8641
f 8784 8640 8642
f 8777 8779 8635
f 8782 8640 8784
f 8781 8783 8639
f 8782 8638 8640
f 8780 8638 8782
f 8781 8639 8637
f 8779 8781 8637
f 8780 8636 8638
f 8778 8636 8780
f 8783 8641 8639
f 8572 8428 8430
f 8570 8428 8572
f 8571 8429 8427
f 8362 8220 8364
f 8363 8221 8219
f 8361 8363 8219
f 8362 8218 8220
f 8360 8218 8362
f 8361 8219 8217
f 8359 8361 8217
f 8360 8216 8218
f 8358 8216 8360
f 8359 8217 8215
f 8357 8359 8215
f 8358 8214 8216
f 8356 8214 8358
f 8357 8215 8213
f 8355 8357 8213
f 8364 8220 8222
f 8363 8365 8221
f 8365 8223 8221
f 8364 8222 8366
f 8373 8374 8231
f 8373 8231 8371
f 8371 8231 8229
f 8372 8228 8230
f 8370 8228 8372
f 8371 8229 8227
f 8369 8371 8227
f 8356 8212 8214
f 8370 8226 8228
f 8369 8227 8225
f 8367 8369 8225
f 8368 8224 8226
f 8366 8224 8368
f 8367 8225 8223
f 8365 8367 8223
f 8366 8222 8224
f 8368 8226 8370
f 8231 8374 8232
f 8354 8212 8356
f 8353 8355 8211
f 8344 8200 8202
f 8342 8200 8344
f 8343 8201 8199
f 8341 8343 8199
f 8342 8198 8200
f 8340 8198 8342
f 8341 8199 8197
f 8339 8341 8197
f 8340 8196 8198
f 8338 8196 8340
f 8339 8197 8195
f 8337 8339 8195
f 8338 8194 8196
f 8336 8194 8338
f 8337 8195 8193
f 8343 8345 8201
f 8345 8203 8201
f 8344 8202 8346
f 8346 8202 8204
f 8354 8210 8212
f 8352 8210 8354
f 8353 8211 8209
f 8351 8353 8209
f 8352 8208 8210
f 8350 8208 8352
f 8351 8209 8207
f 8355 8213 8211
f 8349 8351 8207
f 8348 8206 8350
f 8349 8207 8205
f 8347 8349 8205
f 8348 8204 8206
f 8346 8204 8348
f 8347 8205 8203
f 8345 8347 8203
f 8350 8206 8208
f 8374 8230 8232
f 8372 8230 8374
f 8234 8375 8376
f 8403 8261 8259
f 8401 8403 8259
f 8402 8258 8260
f 8400 8258 8402
f 8401 8259 8257
f 8399 8401 8257
f 8400 8256 8258
f 8398 8256 8400
f 8399 8257 8255
f 8397 8399 8255
f 8398 8254 8256
f 8396 8254 8398
f 8397 8255 8253
f 8395 8397 8253
f 8396 8252 8254
f 8402 8260 8404
f 8404 8260 8262
f 8403 8405 8261
f 8405 8263 8261
f 8413 8271 8269
f 8411 8413 8269
f 8412 8268 8270
f 8410 8268 8412
f 8411 8269 8267
f 8409 8411 8267
f 8410 8266 8268
f 8394 8252 8396
f 8408 8266 8410
f 8407 8409 8265
f 8408 8264 8266
f 8406 8264 8408
f 8407 8265 8263
f 8405 8407 8263
f 8406 8262 8264
f 8404 8262 8406
f 8409 8267 8265
f 8395 8253 8251
f 8393 8395 8251
f 8394 8250 8252
f 8382 8240 8384
f 8383 8241 8239
f 8381 8383 8239
f 8382 8238 8240
f 8380 8238 8382
f 8381 8239 8237
f 8379 8381 8237
f 8384 8240 8242
f 8380 8236 8238
f 8379 8237 8234
f 8376 8379 8234
f 8236 8378 8235
f 8235 8378 8377
f 8233 8235 8377
f 8375 8233 8377
f 8233 8375 8234
f 8378 8236 8380
f 8335 8337 8193
f 8383 8385 8241
f 8384 8242 8386
f 8392 8250 8394
f 8393 8251 8249
f 8391 8393 8249
f 8392 8248 8250
f 8390 8248 8392
f 8391 8249 8247
f 8389 8391 8247
f 8385 8243 8241
f 8390 8246 8248
f 8389 8247 8245
f 8387 8389 8245
f 8388 8244 8246
f 8386 8244 8388
f 8387 8245 8243
f 8385 8387 8243
f 8386 8242 8244
f 8388 8246 8390
f 8336 8192 8194
f 8334 8192 8336
f 8335 8193 8191
f 8285 8143 8141
f 8283 8285 8141
f 8284 8140 8142
f 8282 8140 8284
f 8283 8141 8139
f 8281 8283 8139
f 8282 8138 8140
f 8280 8138 8282
f 8281 8139 8137
f 8279 8281 8137
f 8280 8136 8138
f 8278 8136 8280
f 8279 8137 8135
f 8277 8279 8135
f 8278 8134 8136
f 8284 8142 8286
f 8286 8142 8144
f 8285 8287 8143
f 8287 8145 8143
f 8295 8153 8151
f 8293 8295 8151
f 8294 8150 8152
f 8292 8150 8294
f 8293 8151 8149
f 8291 8293 8149
f 8292 8148 8150
f 8276 8134 8278
f 8290 8148 8292
f 8289 8291 8147
f 8290 8146 8148
f 8288 8146 8290
f 8289 8147 8145
f 8287 8289 8145
f 8288 8144 8146
f 8286 8144 8288
f 8291 8149 8147
f 8277 8135 8133
f 8275 8277 8133
f 8276 8132 8134
f 8264 8122 8266
f 8265 8123 8121
f 8263 8265 8121
f 8264 8120 8122
f 8262 8120 8264
f 8263 8121 8119
f 8261 8263 8119
f 8266 8122 8124
f 8262 8118 8120
f 8261 8119 8117
f 8259 8261 8117
f 8260 8116 8118
f 8258 8116 8260
f 8259 8117 8115
f 8257 8259 8115
f 8258 8114 8116
f 8260 8118 8262
f 8294 8152 8296
f 8265 8267 8123
f 8266 8124 8268
f 8274 8132 8276
f 8275 8133 8131
f 8273 8275 8131
f 8274 8130 8132
f 8272 8130 8274
f 8273 8131 8129
f 8271 8273 8129
f 8267 8125 8123
f 8272 8128 8130
f 8271 8129 8127
f 8269 8271 8127
f 8270 8126 8128
f 8268 8126 8270
f 8269 8127 8125
f 8267 8269 8125
f 8268 8124 8126
f 8270 8128 8272
f 8412 8270 8414
f 8296 8152 8154
f 8297 8155 8153
f 8323 8325 8181
f 8324 8180 8182
f 8322 8180 8324
f 8323 8181 8179
f 8321 8323 8179
f 8322 8178 8180
f 8320 8178 8322
f 8321 8179 8177
f 8319 8321 8177
f 8320 8176 8178
f 8318 8176 8320
f 8319 8177 8175
f 8317 8319 8175
f 8318 8174 8176
f 8316 8174 8318
f 8325 8183 8181
f 8324 8182 8326
f 8326 8182 8184
f 8325 8327 8183
f 8333 8335 8191
f 8334 8190 8192
f 8332 8190 8334
f 8333 8191 8189
f 8331 8333 8189
f 8332 8188 8190
f 8330 8188 8332
f 8317 8175 8173
f 8331 8189 8187
f 8330 8186 8188
f 8328 8186 8330
f 8329 8187 8185
f 8327 8329 8185
f 8328 8184 8186
f 8326 8184 8328
f 8327 8185 8183
f 8329 8331 8187
f 8315 8317 8173
f 8316 8172 8174
f 8314 8172 8316
f 8305 8163 8161
f 8303 8305 8161
f 8304 8160 8162
f 8302 8160 8304
f 8303 8161 8159
f 8301 8303 8159
f 8302 8158 8160
f 8304 8162 8306
f 8300 8158 8302
f 8299 8301 8157
f 8300 8156 8158
f 8298 8156 8300
f 8299 8157 8155
f 8297 8299 8155
f 8298 8154 8156
f 8296 8154 8298
f 8301 8159 8157
f 8295 8297 8153
f 8306 8162 8164
f 8307 8165 8163
f 8315 8173 8171
f 8313 8315 8171
f 8314 8170 8172
f 8312 8170 8314
f 8313 8171 8169
f 8311 8313 8169
f 8312 8168 8170
f 8305 8307 8163
f 8310 8168 8312
f 8309 8311 8167
f 8310 8166 8168
f 8308 8166 8310
f 8309 8167 8165
f 8307 8309 8165
f 8308 8164 8166
f 8306 8164 8308
f 8311 8169 8167
f 8257 8115 8113
f 8414 8270 8272
f 8415 8273 8271
f 8521 8379 8376
f 8518 8521 8376
f 8378 8520 8377
f 8377 8520 8519
f 8375 8377 8519
f 8517 8375 8519
f 8375 8517 8376
f 8376 8517 8518
f 8514 8372 8516
f 8516 8372 8374
f 8373 8516 8374
f 8515 8516 8373
f 8515 8373 8513
f 8513 8373 8371
f 8514 8370 8372
f 8520 8378 8522
f 8522 8378 8380
f 8521 8523 8379
f 8523 8381 8379
f 8531 8389 8387
f 8529 8531 8387
f 8530 8386 8388
f 8528 8386 8530
f 8529 8387 8385
f 8527 8529 8385
f 8528 8384 8386
f 8512 8370 8514
f 8526 8384 8528
f 8525 8527 8383
f 8526 8382 8384
f 8524 8382 8526
f 8525 8383 8381
f 8523 8525 8381
f 8524 8380 8382
f 8522 8380 8524
f 8527 8385 8383
f 8530 8388 8532
f 8513 8371 8369
f 8512 8368 8370
f 8500 8358 8502
f 8501 8359 8357
f 8499 8501 8357
f 8500 8356 8358
f 8498 8356 8500
f 8499 8357 8355
f 8497 8499 8355
f 8498 8354 8356
f 8496 8354 8498
f 8497 8355 8353
f 8495 8497 8353
f 8496 8352 8354
f 8494 8352 8496
f 8495 8353 8351
f 8493 8495 8351
f 8502 8358 8360
f 8501 8503 8359
f 8503 8361 8359
f 8502 8360 8504
f 8510 8368 8512
f 8511 8369 8367
f 8509 8511 8367
f 8510 8366 8368
f 8508 8366 8510
f 8509 8367 8365
f 8507 8509 8365
f 8511 8513 8369
f 8508 8364 8366
f 8507 8365 8363
f 8505 8507 8363
f 8506 8362 8364
f 8504 8362 8506
f 8505 8363 8361
f 8503 8505 8361
f 8504 8360 8362
f 8506 8364 8508
f 8532 8388 8390
f 8531 8533 8389
f 8533 8391 8389
f 8559 8561 8417
f 8560 8416 8418
f 8558 8416 8560
f 8559 8417 8415
f 8557 8559 8415
f 8558 8414 8416
f 8556 8414 8558
f 8557 8415 8413
f 8555 8557 8413
f 8556 8412 8414
f 8554 8412 8556
f 8555 8413 8411
f 8553 8555 8411
f 8554 8410 8412
f 8552 8410 8554
f 8561 8419 8417
f 8560 8418 8562
f 8562 8418 8420
f 8561 8563 8419
f 8569 8571 8427
f 8570 8426 8428
f 8568 8426 8570
f 8569 8427 8425
f 8567 8569 8425
f 8568 8424 8426
f 8566 8424 8568
f 8553 8411 8409
f 8567 8425 8423
f 8566 8422 8424
f 8564 8422 8566
f 8565 8423 8421
f 8563 8565 8421
f 8564 8420 8422
f 8562 8420 8564
f 8563 8421 8419
f 8565 8567 8423
f 8551 8553 8409
f 8552 8408 8410
f 8550 8408 8552
f 8541 8399 8397
f 8539 8541 8397
f 8540 8396 8398
f 8538 8396 8540
f 8539 8397 8395
f 8537 8539 8395
f 8538 8394 8396
f 8540 8398 8542
f 8536 8394 8538
f 8535 8537 8393
f 8536 8392 8394
f 8534 8392 8536
f 8535 8393 8391
f 8533 8535 8391
f 8534 8390 8392
f 8532 8390 8534
f 8537 8395 8393
f 8494 8350 8352
f 8542 8398 8400
f 8543 8401 8399
f 8551 8409 8407
f 8549 8551 8407
f 8550 8406 8408
f 8548 8406 8550
f 8549 8407 8405
f 8547 8549 8405
f 8548 8404 8406
f 8541 8543 8399
f 8546 8404 8548
f 8545 8547 8403
f 8546 8402 8404
f 8544 8402 8546
f 8545 8403 8401
f 8543 8545 8401
f 8544 8400 8402
f 8542 8400 8544
f 8547 8405 8403
f 8492 8350 8494
f 8493 8351 8349
f 8491 8493 8349
f 8441 8443 8299
f 8442 8298 8300
f 8440 8298 8442
f 8441 8299 8297
f 8439 8441 8297
f 8440 8296 8298
f 8438 8296 8440
f 8439 8297 8295
f 8437 8439 8295
f 8438 8294 8296
f 8436 8294 8438
f 8437 8295 8293
f 8435 8437 8293
f 8436 8292 8294
f 8434 8292 8436
f 8443 8301 8299
f 8442 8300 8444
f 8444 8300 8302
f 8443 8445 8301
f 8451 8453 8309
f 8452 8308 8310
f 8450 8308 8452
f 8451 8309 8307
f 8449 8451 8307
f 8450 8306 8308
f 8448 8306 8450
f 8435 8293 8291
f 8449 8307 8305
f 8448 8304 8306
f 8446 8304 8448
f 8447 8305 8303
f 8445 8447 8303
f 8446 8302 8304
f 8444 8302 8446
f 8445 8303 8301
f 8447 8449 8305
f 8433 8435 8291
f 8434 8290 8292
f 8432 8290 8434
f 8423 8281 8279
f 8421 8423 8279
f 8422 8278 8280
f 8420 8278 8422
f 8421 8279 8277
f 8419 8421 8277
f 8420 8276 8278
f 8422 8280 8424
f 8418 8276 8420
f 8417 8419 8275
f 8418 8274 8276
f 8416 8274 8418
f 8417 8275 8273
f 8415 8417 8273
f 8416 8272 8274
f 8414 8272 8416
f 8419 8277 8275
f 8453 8311 8309
f 8424 8280 8282
f 8425 8283 8281
f 8433 8291 8289
f 8431 8433 8289
f 8432 8288 8290
f 8430 8288 8432
f 8431 8289 8287
f 8429 8431 8287
f 8430 8286 8288
f 8423 8425 8281
f 8428 8286 8430
f 8427 8429 8285
f 8428 8284 8286
f 8426 8284 8428
f 8427 8285 8283
f 8425 8427 8283
f 8426 8282 8284
f 8424 8282 8426
f 8429 8287 8285
f 8413 8415 8271
f 8452 8310 8454
f 8453 8455 8311
f 8482 8338 8340
f 8480 8338 8482
f 8481 8339 8337
f 8479 8481 8337
f 8480 8336 8338
f 8478 8336 8480
f 8479 8337 8335
f 8477 8479 8335
f 8478 8334 8336
f 8476 8334 8478
f 8477 8335 8333
f 8475 8477 8333
f 8476 8332 8334
f 8474 8332 8476
f 8475 8333 8331
f 8481 8483 8339
f 8483 8341 8339
f 8482 8340 8484
f 8484 8340 8342
f 8492 8348 8350
f 8490 8348 8492
f 8491 8349 8347
f 8489 8491 8347
f 8490 8346 8348
f 8488 8346 8490
f 8489 8347 8345
f 8473 8475 8331
f 8487 8489 8345
f 8486 8344 8488
f 8487 8345 8343
f 8485 8487 8343
f 8486 8342 8344
f 8484 8342 8486
f 8485 8343 8341
f 8483 8485 8341
f 8488 8344 8346
f 8474 8330 8332
f 8472 8330 8474
f 8473 8331 8329
f 8461 8463 8319
f 8462 8318 8320
f 8460 8318 8462
f 8461 8319 8317
f 8459 8461 8317
f 8460 8316 8318
f 8458 8316 8460
f 8463 8321 8319
f 8459 8317 8315
f 8458 8314 8316
f 8456 8314 8458
f 8457 8315 8313
f 8455 8457 8313
f 8456 8312 8314
f 8454 8312 8456
f 8455 8313 8311
f 8457 8459 8315
f 8454 8310 8312
f 8462 8320 8464
f 8463 8465 8321
f 8471 8473 8329
f 8472 8328 8330
f 8470 8328 8472
f 8471 8329 8327
f 8469 8471 8327
f 8470 8326 8328
f 8468 8326 8470
f 8464 8320 8322
f 8469 8327 8325
f 8468 8324 8326
f 8466 8324 8468
f 8467 8325 8323
f 8465 8467 8323
f 8466 8322 8324
f 8464 8322 8466
f 8465 8323 8321
f 8467 8469 8325
f 4968 5109 5110
f 5106 4964 5108
f 5108 4964 4966
f 1753 1611 1609
f 1751 1753 1609
f 1752 1608 1610
f 1750 1608 1752
f 1751 1609 1607
f 1749 1751 1607
f 1750 1606 1608
f 1748 1606 1750
f 1749 1607 1605
f 1747 1749 1605
f 1748 1604 1606
f 1746 1604 1748
f 1747 1605 1603
f 1745 1747 1603
f 1746 1602 1604
f 1752 1610 1754
f 1754 1610 1612
f 1753 1755 1611
f 1755 1613 1611
f 1763 1621 1619
f 1761 1763 1619
f 1762 1618 1620
f 1760 1618 1762
f 1761 1619 1617
f 1759 1761 1617
f 1760 1616 1618
f 1744 1602 1746
f 1758 1616 1760
f 1757 1759 1615
f 1758 1614 1616
f 1756 1614 1758
f 1757 1615 1613
f 1755 1757 1613
f 1756 1612 1614
f 1754 1612 1756
f 1759 1617 1615
f 1762 1620 1764
f 1745 1603 1601
f 1744 1600 1602
f 1732 1590 1734
f 1733 1591 1589
f 1731 1733 1589
f 1732 1588 1590
f 1730 1588 1732
f 1731 1589 1587
f 1729 1731 1587
f 1730 1586 1588
f 1728 1586 1730
f 1729 1587 1585
f 1727 1729 1585
f 1728 1584 1586
f 1726 1584 1728
f 1727 1585 1583
f 1725 1727 1583
f 1734 1590 1592
f 1733 1735 1591
f 1735 1593 1591
f 1734 1592 1736
f 1742 1600 1744
f 1743 1601 1599
f 1741 1743 1599
f 1742 1598 1600
f 1740 1598 1742
f 1741 1599 1597
f 1739 1741 1597
f 1743 1745 1601
f 1740 1596 1598
f 1739 1597 1595
f 1737 1739 1595
f 1738 1594 1596
f 1736 1594 1738
f 1737 1595 1593
f 1735 1737 1593
f 1736 1592 1594
f 1738 1596 1740
f 1764 1620 1622
f 1763 1765 1621
f 1765 1623 1621
f 1791 1793 1649
f 1792 1648 1650
f 1790 1648 1792
f 1791 1649 1647
f 1789 1791 1647
f 1790 1646 1648
f 1788 1646 1790
f 1789 1647 1645
f 1787 1789 1645
f 1788 1644 1646
f 1786 1644 1788
f 1787 1645 1643
f 1785 1787 1643
f 1786 1642 1644
f 1784 1642 1786
f 1793 1651 1649
f 1792 1650 1794
f 1794 1650 1652
f 1793 1795 1651
f 1801 1803 1659
f 1802 1658 1660
f 1800 1658 1802
f 1801 1659 1657
f 1799 1801 1657
f 1800 1656 1658
f 1798 1656 1800
f 1785 1643 1641
f 1799 1657 1655
f 1798 1654 1656
f 1796 1654 1798
f 1797 1655 1653
f 1795 1797 1653
f 1796 1652 1654
f 1794 1652 1796
f 1795 1653 1651
f 1797 1799 1655
f 1783 1785 1641
f 1784 1640 1642
f 1782 1640 1784
f 1773 1631 1629
f 1771 1773 1629
f 1772 1628 1630
f 1770 1628 1772
f 1771 1629 1627
f 1769 1771 1627
f 1770 1626 1628
f 1772 1630 1774
f 1768 1626 1770
f 1767 1769 1625
f 1768 1624 1626
f 1766 1624 1768
f 1767 1625 1623
f 1765 1767 1623
f 1766 1622 1624
f 1764 1622 1766
f 1769 1627 1625
f 1726 1582 1584
f 1774 1630 1632
f 1775 1633 1631
f 1783 1641 1639
f 1781 1783 1639
f 1782 1638 1640
f 1780 1638 1782
f 1781 1639 1637
f 1779 1781 1637
f 1780 1636 1638
f 1773 1775 1631
f 1778 1636 1780
f 1777 1779 1635
f 1778 1634 1636
f 1776 1634 1778
f 1777 1635 1633
f 1775 1777 1633
f 1776 1632 1634
f 1774 1632 1776
f 1779 1637 1635
f 1803 1661 1659
f 1724 1582 1726
f 1723 1725 1581
f 1673 1675 1531
f 1674 1530 1532
f 1672 1530 1674
f 1673 1531 1529
f 1671 1673 1529
f 1672 1528 1530
f 1670 1528 1672
f 1671 1529 1527
f 1669 1671 1527
f 1670 1526 1528
f 1668 1526 1670
f 1669 1527 1525
f 1667 1669 1525
f 1668 1524 1526
f 1666 1524 1668
f 1675 1533 1531
f 1674 1532 1676
f 1676 1532 1534
f 1675 1677 1533
f 1683 1685 1541
f 1684 1540 1542
f 1682 1540 1684
f 1683 1541 1539
f 1681 1683 1539
f 1682 1538 1540
f 1680 1538 1682
f 1667 1525 1523
f 1681 1539 1537
f 1680 1536 1538
f 1678 1536 1680
f 1679 1537 1535
f 1677 1679 1535
f 1678 1534 1536
f 1676 1534 1678
f 1677 1535 1533
f 1679 1681 1537
f 1685 1543 1541
f 1665 1667 1523
f 1664 1522 1666
f 1655 1513 1511
f 1653 1655 1511
f 1654 1510 1512
f 1652 1510 1654
f 1653 1511 1509
f 1651 1653 1509
f 1652 1508 1510
f 1650 1508 1652
f 1651 1509 1507
f 1649 1651 1507
f 1650 1506 1508
f 1648 1506 1650
f 1649 1507 1505
f 1647 1649 1505
f 1648 1504 1506
f 1654 1512 1656
f 1656 1512 1514
f 1655 1657 1513
f 1657 1515 1513
f 1665 1523 1521
f 1663 1665 1521
f 1664 1520 1522
f 1662 1520 1664
f 1663 1521 1519
f 1661 1663 1519
f 1662 1518 1520
f 1666 1522 1524
f 1660 1518 1662
f 1659 1661 1517
f 1660 1516 1518
f 1658 1516 1660
f 1659 1517 1515
f 1657 1659 1515
f 1658 1514 1516
f 1656 1514 1658
f 1661 1519 1517
f 1684 1542 1686
f 1686 1542 1544
f 1685 1687 1543
f 1714 1570 1572
f 1712 1570 1714
f 1713 1571 1569
f 1711 1713 1569
f 1712 1568 1570
f 1710 1568 1712
f 1711 1569 1567
f 1709 1711 1567
f 1710 1566 1568
f 1708 1566 1710
f 1709 1567 1565
f 1707 1709 1565
f 1708 1564 1566
f 1706 1564 1708
f 1707 1565 1563
f 1713 1715 1571
f 1715 1573 1571
f 1714 1572 1716
f 1716 1572 1574
f 1724 1580 1582
f 1722 1580 1724
f 1723 1581 1579
f 1721 1723 1579
f 1722 1578 1580
f 1720 1578 1722
f 1721 1579 1577
f 1705 1707 1563
f 1719 1721 1577
f 1718 1576 1720
f 1719 1577 1575
f 1717 1719 1575
f 1718 1574 1576
f 1716 1574 1718
f 1717 1575 1573
f 1715 1717 1573
f 1720 1576 1578
f 1706 1562 1564
f 1704 1562 1706
f 1705 1563 1560
f 1693 1695 1551
f 1694 1550 1552
f 1692 1550 1694
f 1693 1551 1549
f 1691 1693 1549
f 1692 1548 1550
f 1690 1548 1692
f 1695 1553 1551
f 1691 1549 1547
f 1690 1546 1548
f 1688 1546 1690
f 1689 1547 1545
f 1687 1689 1545
f 1688 1544 1546
f 1686 1544 1688
f 1687 1545 1543
f 1689 1691 1547
f 1725 1583 1581
f 1694 1552 1696
f 1695 1697 1553
f 1702 1705 1560
f 1562 1704 1561
f 1561 1704 1703
f 1559 1561 1703
f 1701 1559 1703
f 1559 1701 1560
f 1560 1701 1702
f 1696 1552 1554
f 1698 1556 1700
f 1557 1700 1558
f 1699 1700 1557
f 1699 1557 1697
f 1697 1557 1555
f 1698 1554 1556
f 1696 1554 1698
f 1697 1555 1553
f 1700 1556 1558
f 1802 1660 1804
f 1804 1660 1662
f 1803 1805 1661
f 1909 1911 1767
f 1910 1766 1768
f 1908 1766 1910
f 1909 1767 1765
f 1907 1909 1765
f 1908 1764 1766
f 1906 1764 1908
f 1907 1765 1763
f 1905 1907 1763
f 1906 1762 1764
f 1904 1762 1906
f 1905 1763 1761
f 1903 1905 1761
f 1904 1760 1762
f 1902 1760 1904
f 1911 1769 1767
f 1910 1768 1912
f 1912 1768 1770
f 1911 1913 1769
f 1919 1921 1777
f 1920 1776 1778
f 1918 1776 1920
f 1919 1777 1775
f 1917 1919 1775
f 1918 1774 1776
f 1916 1774 1918
f 1903 1761 1759
f 1917 1775 1773
f 1916 1772 1774
f 1914 1772 1916
f 1915 1773 1771
f 1913 1915 1771
f 1914 1770 1772
f 1912 1770 1914
f 1913 1771 1769
f 1915 1917 1773
f 1921 1779 1777
f 1901 1903 1759
f 1900 1758 1902
f 1891 1749 1747
f 1889 1891 1747
f 1890 1746 1748
f 1888 1746 1890
f 1889 1747 1745
f 1887 1889 1745
f 1888 1744 1746
f 1886 1744 1888
f 1887 1745 1743
f 1885 1887 1743
f 1886 1742 1744
f 1884 1742 1886
f 1885 1743 1741
f 1883 1885 1741
f 1884 1740 1742
f 1890 1748 1892
f 1892 1748 1750
f 1891 1893 1749
f 1893 1751 1749
f 1901 1759 1757
f 1899 1901 1757
f 1900 1756 1758
f 1898 1756 1900
f 1899 1757 1755
f 1897 1899 1755
f 1898 1754 1756
f 1902 1758 1760
f 1896 1754 1898
f 1895 1897 1753
f 1896 1752 1754
f 1894 1752 1896
f 1895 1753 1751
f 1893 1895 1751
f 1894 1750 1752
f 1892 1750 1894
f 1897 1755 1753
f 1920 1778 1922
f 1922 1778 1780
f 1921 1923 1779
f 1950 1806 1808
f 1948 1806 1950
f 1949 1807 1805
f 1947 1949 1805
f 1948 1804 1806
f 1946 1804 1948
f 1947 1805 1803
f 1945 1947 1803
f 1946 1802 1804
f 1944 1802 1946
f 1945 1803 1801
f 1943 1945 1801
f 1944 1800 1802
f 1942 1800 1944
f 1943 1801 1799
f 1949 1951 1807
f 1951 1809 1807
f 1950 1808 1952
f 1952 1808 1810
f 1960 1816 1818
f 1958 1816 1960
f 1959 1817 1815
f 1957 1959 1815
f 1958 1814 1816
f 1956 1814 1958
f 1957 1815 1813
f 1941 1943 1799
f 1955 1957 1813
f 1954 1812 1956
f 1955 1813 1811
f 1953 1955 1811
f 1954 1810 1812
f 1952 1810 1954
f 1953 1811 1809
f 1951 1953 1809
f 1956 1812 1814
f 1942 1798 1800
f 1940 1798 1942
f 1941 1799 1797
f 1929 1931 1787
f 1930 1786 1788
f 1928 1786 1930
f 1929 1787 1785
f 1927 1929 1785
f 1928 1784 1786
f 1926 1784 1928
f 1931 1789 1787
f 1927 1785 1783
f 1926 1782 1784
f 1924 1782 1926
f 1925 1783 1781
f 1923 1925 1781
f 1924 1780 1782
f 1922 1780 1924
f 1923 1781 1779
f 1925 1927 1783
f 1882 1740 1884
f 1930 1788 1932
f 1931 1933 1789
f 1939 1941 1797
f 1940 1796 1798
f 1938 1796 1940
f 1939 1797 1795
f 1937 1939 1795
f 1938 1794 1796
f 1936 1794 1938
f 1932 1788 1790
f 1937 1795 1793
f 1936 1792 1794
f 1934 1792 1936
f 1935 1793 1791
f 1933 1935 1791
f 1934 1790 1792
f 1932 1790 1934
f 1933 1791 1789
f 1935 1937 1793
f 1883 1741 1739
f 1881 1883 1739
f 1882 1738 1740
f 1832 1688 1690
f 1830 1688 1832
f 1831 1689 1687
f 1829 1831 1687
f 1830 1686 1688
f 1828 1686 1830
f 1829 1687 1685
f 1827 1829 1685
f 1828 1684 1686
f 1826 1684 1828
f 1827 1685 1683
f 1825 1827 1683
f 1826 1682 1684
f 1824 1682 1826
f 1825 1683 1681
f 1831 1833 1689
f 1833 1691 1689
f 1832 1690 1834
f 1834 1690 1692
f 1699 1842 1700
f 1841 1842 1699
f 1841 1699 1839
f 1839 1699 1697
f 1840 1696 1698
f 1838 1696 1840
f 1839 1697 1695
f 1823 1825 1681
f 1837 1839 1695
f 1836 1694 1838
f 1837 1695 1693
f 1835 1837 1693
f 1836 1692 1694
f 1834 1692 1836
f 1835 1693 1691
f 1833 1835 1691
f 1838 1694 1696
f 1824 1680 1682
f 1822 1680 1824
f 1823 1681 1679
f 1811 1813 1669
f 1812 1668 1670
f 1810 1668 1812
f 1811 1669 1667
f 1809 1811 1667
f 1810 1666 1668
f 1808 1666 1810
f 1813 1671 1669
f 1809 1667 1665
f 1808 1664 1666
f 1806 1664 1808
f 1807 1665 1663
f 1805 1807 1663
f 1806 1662 1664
f 1804 1662 1806
f 1805 1663 1661
f 1807 1809 1665
f 1842 1698 1700
f 1812 1670 1814
f 1813 1815 1671
f 1821 1823 1679
f 1822 1678 1680
f 1820 1678 1822
f 1821 1679 1677
f 1819 1821 1677
f 1820 1676 1678
f 1818 1676 1820
f 1814 1670 1672
f 1819 1677 1675
f 1818 1674 1676
f 1816 1674 1818
f 1817 1675 1673
f 1815 1817 1673
f 1816 1672 1674
f 1814 1672 1816
f 1815 1673 1671
f 1817 1819 1675
f 1646 1504 1648
f 1840 1698 1842
f 1701 1843 1702
f 1870 1728 1872
f 1871 1729 1727
f 1869 1871 1727
f 1870 1726 1728
f 1868 1726 1870
f 1869 1727 1725
f 1867 1869 1725
f 1868 1724 1726
f 1866 1724 1868
f 1867 1725 1723
f 1865 1867 1723
f 1866 1722 1724
f 1864 1722 1866
f 1865 1723 1721
f 1863 1865 1721
f 1872 1728 1730
f 1871 1873 1729
f 1873 1731 1729
f 1872 1730 1874
f 1880 1738 1882
f 1881 1739 1737
f 1879 1881 1737
f 1880 1736 1738
f 1878 1736 1880
f 1879 1737 1735
f 1877 1879 1735
f 1864 1720 1722
f 1878 1734 1736
f 1877 1735 1733
f 1875 1877 1733
f 1876 1732 1734
f 1874 1732 1876
f 1875 1733 1731
f 1873 1875 1731
f 1874 1730 1732
f 1876 1734 1878
f 1862 1720 1864
f 1863 1721 1719
f 1861 1863 1719
f 1852 1708 1710
f 1850 1708 1852
f 1851 1709 1707
f 1849 1851 1707
f 1850 1706 1708
f 1848 1706 1850
f 1849 1707 1705
f 1851 1853 1709
f 1847 1849 1705
f 1846 1704 1848
f 1847 1705 1702
f 1844 1847 1702
f 1704 1846 1703
f 1703 1846 1845
f 1701 1703 1845
f 1843 1701 1845
f 1848 1704 1706
f 1702 1843 1844
f 1853 1711 1709
f 1854 1710 1712
f 1862 1718 1720
f 1860 1718 1862
f 1861 1719 1717
f 1859 1861 1717
f 1860 1716 1718
f 1858 1716 1860
f 1859 1717 1715
f 1852 1710 1854
f 1857 1859 1715
f 1856 1714 1858
f 1857 1715 1713
f 1855 1857 1713
f 1856 1712 1714
f 1854 1712 1856
f 1855 1713 1711
f 1853 1855 1711
f 1858 1714 1716
f 1647 1505 1503
f 1645 1647 1503
f 1646 1502 1504
f 1437 1439 1295
f 1438 1294 1296
f 1436 1294 1438
f 1437 1295 1293
f 1435 1437 1293
f 1436 1292 1294
f 1434 1292 1436
f 1435 1293 1291
f 1433 1435 1291
f 1434 1290 1292
f 1432 1290 1434
f 1433 1291 1289
f 1431 1433 1289
f 1432 1288 1290
f 1430 1288 1432
f 1439 1297 1295
f 1438 1296 1440
f 1440 1296 1298
f 1439 1441 1297
f 1447 1449 1305
f 1448 1304 1306
f 1446 1304 1448
f 1447 1305 1303
f 1445 1447 1303
f 1446 1302 1304
f 1444 1302 1446
f 1431 1289 1287
f 1445 1303 1301
f 1444 1300 1302
f 1442 1300 1444
f 1443 1301 1299
f 1441 1443 1299
f 1442 1298 1300
f 1440 1298 1442
f 1441 1299 1297
f 1443 1445 1301
f 1449 1307 1305
f 1429 1431 1287
f 1428 1286 1430
f 1275 1277 1419
f 1417 1275 1419
f 1275 1417 1276
f 1276 1417 1418
f 1414 1272 1416
f 1416 1272 1274
f 1273 1416 1274
f 1415 1416 1273
f 1415 1273 1413
f 1413 1273 1271
f 1414 1270 1272
f 1412 1270 1414
f 1413 1271 1269
f 1411 1413 1269
f 1412 1268 1270
f 1277 1420 1419
f 1278 1420 1277
f 1418 1421 1276
f 1421 1279 1276
f 1429 1287 1285
f 1427 1429 1285
f 1428 1284 1286
f 1426 1284 1428
f 1427 1285 1283
f 1425 1427 1283
f 1426 1282 1284
f 1430 1286 1288
f 1424 1282 1426
f 1423 1425 1281
f 1424 1280 1282
f 1422 1280 1424
f 1423 1281 1279
f 1421 1423 1279
f 1422 1278 1280
f 1420 1278 1422
f 1425 1283 1281
f 1448 1306 1450
f 1450 1306 1308
f 1449 1451 1307
f 1478 1334 1336
f 1476 1334 1478
f 1477 1335 1333
f 1475 1477 1333
f 1476 1332 1334
f 1474 1332 1476
f 1475 1333 1331
f 1473 1475 1331
f 1474 1330 1332
f 1472 1330 1474
f 1473 1331 1329
f 1471 1473 1329
f 1472 1328 1330
f 1470 1328 1472
f 1471 1329 1327
f 1477 1479 1335
f 1479 1337 1335
f 1478 1336 1480
f 1480 1336 1338
f 1488 1344 1346
f 1486 1344 1488
f 1487 1345 1343
f 1485 1487 1343
f 1486 1342 1344
f 1484 1342 1486
f 1485 1343 1341
f 1469 1471 1327
f 1483 1485 1341
f 1482 1340 1484
f 1483 1341 1339
f 1481 1483 1339
f 1482 1338 1340
f 1480 1338 1482
f 1481 1339 1337
f 1479 1481 1337
f 1484 1340 1342
f 1470 1326 1328
f 1468 1326 1470
f 1469 1327 1325
f 1457 1459 1315
f 1458 1314 1316
f 1456 1314 1458
f 1457 1315 1313
f 1455 1457 1313
f 1456 1312 1314
f 1454 1312 1456
f 1459 1317 1315
f 1455 1313 1311
f 1454 1310 1312
f 1452 1310 1454
f 1453 1311 1309
f 1451 1453 1309
f 1452 1308 1310
f 1450 1308 1452
f 1451 1309 1307
f 1453 1455 1311
f 1410 1268 1412
f 1458 1316 1460
f 1459 1461 1317
f 1467 1469 1325
f 1468 1324 1326
f 1466 1324 1468
f 1467 1325 1323
f 1465 1467 1323
f 1466 1322 1324
f 1464 1322 1466
f 1460 1316 1318
f 1465 1323 1321
f 1464 1320 1322
f 1462 1320 1464
f 1463 1321 1319
f 1461 1463 1319
f 1462 1318 1320
f 1460 1318 1462
f 1461 1319 1317
f 1463 1465 1321
f 1411 1269 1267
f 1409 1411 1267
f 1410 1266 1268
f 1360 1216 1218
f 1358 1216 1360
f 1359 1217 1215
f 1357 1359 1215
f 1358 1214 1216
f 1356 1214 1358
f 1357 1215 1213
f 1355 1357 1213
f 1356 1212 1214
f 1354 1212 1356
f 1355 1213 1211
f 1353 1355 1211
f 1354 1210 1212
f 1352 1210 1354
f 1353 1211 1209
f 1359 1361 1217
f 1361 1219 1217
f 1360 1218 1362
f 1362 1218 1220
f 1370 1226 1228
f 1368 1226 1370
f 1369 1227 1225
f 1367 1369 1225
f 1368 1224 1226
f 1366 1224 1368
f 1367 1225 1223
f 1351 1353 1209
f 1365 1367 1223
f 1364 1222 1366
f 1365 1223 1221
f 1363 1365 1221
f 1364 1220 1222
f 1362 1220 1364
f 1363 1221 1219
f 1361 1363 1219
f 1366 1222 1224
f 1352 1208 1210
f 1350 1208 1352
f 1351 1209 1207
f 1339 1341 1197
f 1340 1196 1198
f 1338 1196 1340
f 1339 1197 1195
f 1337 1339 1195
f 1338 1194 1196
f 1336 1194 1338
f 1341 1199 1197
f 1337 1195 1193
f 1336 1192 1194
f 1334 1192 1336
f 1335 1193 1191
f 1333 1335 1191
f 1334 1190 1192
f 1332 1190 1334
f 1333 1191 1189
f 1335 1337 1193
f 1369 1371 1227
f 1340 1198 1342
f 1341 1343 1199
f 1349 1351 1207
f 1350 1206 1208
f 1348 1206 1350
f 1349 1207 1205
f 1347 1349 1205
f 1348 1204 1206
f 1346 1204 1348
f 1342 1198 1200
f 1347 1205 1203
f 1346 1202 1204
f 1344 1202 1346
f 1345 1203 1201
f 1343 1345 1201
f 1344 1200 1202
f 1342 1200 1344
f 1343 1201 1199
f 1345 1347 1203
f 1487 1489 1345
f 1371 1229 1227
f 1372 1228 1230
f 1398 1256 1400
f 1399 1257 1255
f 1397 1399 1255
f 1398 1254 1256
f 1396 1254 1398
f 1397 1255 1253
f 1395 1397 1253
f 1396 1252 1254
f 1394 1252 1396
f 1395 1253 1251
f 1393 1395 1251
f 1394 1250 1252
f 1392 1250 1394
f 1393 1251 1249
f 1391 1393 1249
f 1400 1256 1258
f 1399 1401 1257
f 1401 1259 1257
f 1400 1258 1402
f 1408 1266 1410
f 1409 1267 1265
f 1407 1409 1265
f 1408 1264 1266
f 1406 1264 1408
f 1407 1265 1263
f 1405 1407 1263
f 1392 1248 1250
f 1406 1262 1264
f 1405 1263 1261
f 1403 1405 1261
f 1404 1260 1262
f 1402 1260 1404
f 1403 1261 1259
f 1401 1403 1259
f 1402 1258 1260
f 1404 1262 1406
f 1390 1248 1392
f 1391 1249 1247
f 1389 1391 1247
f 1380 1236 1238
f 1378 1236 1380
f 1379 1237 1235
f 1377 1379 1235
f 1378 1234 1236
f 1376 1234 1378
f 1377 1235 1233
f 1379 1381 1237
f 1375 1377 1233
f 1374 1232 1376
f 1375 1233 1231
f 1373 1375 1231
f 1374 1230 1232
f 1372 1230 1374
f 1373 1231 1229
f 1371 1373 1229
f 1376 1232 1234
f 1370 1228 1372
f 1381 1239 1237
f 1382 1238 1240
f 1390 1246 1248
f 1388 1246 1390
f 1389 1247 1245
f 1387 1389 1245
f 1388 1244 1246
f 1386 1244 1388
f 1387 1245 1243
f 1380 1238 1382
f 1385 1387 1243
f 1384 1242 1386
f 1385 1243 1241
f 1383 1385 1241
f 1384 1240 1242
f 1382 1240 1384
f 1383 1241 1239
f 1381 1383 1239
f 1386 1242 1244
f 1959 1961 1817
f 1489 1347 1345
f 1490 1346 1348
f 1596 1452 1454
f 1594 1452 1596
f 1595 1453 1451
f 1593 1595 1451
f 1594 1450 1452
f 1592 1450 1594
f 1593 1451 1449
f 1591 1593 1449
f 1592 1448 1450
f 1590 1448 1592
f 1591 1449 1447
f 1589 1591 1447
f 1590 1446 1448
f 1588 1446 1590
f 1589 1447 1445
f 1595 1597 1453
f 1597 1455 1453
f 1596 1454 1598
f 1598 1454 1456
f 1606 1462 1464
f 1604 1462 1606
f 1605 1463 1461
f 1603 1605 1461
f 1604 1460 1462
f 1602 1460 1604
f 1603 1461 1459
f 1587 1589 1445
f 1601 1603 1459
f 1600 1458 1602
f 1601 1459 1457
f 1599 1601 1457
f 1600 1456 1458
f 1598 1456 1600
f 1599 1457 1455
f 1597 1599 1455
f 1602 1458 1460
f 1605 1607 1463
f 1588 1444 1446
f 1587 1445 1443
f 1575 1577 1433
f 1576 1432 1434
f 1574 1432 1576
f 1575 1433 1431
f 1573 1575 1431
f 1574 1430 1432
f 1572 1430 1574
f 1573 1431 1429
f 1571 1573 1429
f 1572 1428 1430
f 1570 1428 1572
f 1571 1429 1427
f 1569 1571 1427
f 1570 1426 1428
f 1568 1426 1570
f 1577 1435 1433
f 1576 1434 1578
f 1578 1434 1436
f 1577 1579 1435
f 1585 1587 1443
f 1586 1442 1444
f 1584 1442 1586
f 1585 1443 1441
f 1583 1585 1441
f 1584 1440 1442
f 1582 1440 1584
f 1586 1444 1588
f 1583 1441 1439
f 1582 1438 1440
f 1580 1438 1582
f 1581 1439 1437
f 1579 1581 1437
f 1580 1436 1438
f 1578 1436 1580
f 1579 1437 1435
f 1581 1583 1439
f 1607 1465 1463
f 1606 1464 1608
f 1608 1464 1466
f 1634 1492 1636
f 1635 1493 1491
f 1633 1635 1491
f 1634 1490 1492
f 1632 1490 1634
f 1633 1491 1489
f 1631 1633 1489
f 1632 1488 1490
f 1630 1488 1632
f 1631 1489 1487
f 1629 1631 1487
f 1630 1486 1488
f 1628 1486 1630
f 1629 1487 1485
f 1627 1629 1485
f 1636 1492 1494
f 1635 1637 1493
f 1637 1495 1493
f 1636 1494 1638
f 1644 1502 1646
f 1645 1503 1501
f 1643 1645 1501
f 1644 1500 1502
f 1642 1500 1644
f 1643 1501 1499
f 1641 1643 1499
f 1628 1484 1486
f 1642 1498 1500
f 1641 1499 1497
f 1639 1641 1497
f 1640 1496 1498
f 1638 1496 1640
f 1639 1497 1495
f 1637 1639 1495
f 1638 1494 1496
f 1640 1498 1642
f 1626 1484 1628
f 1627 1485 1483
f 1625 1627 1483
f 1616 1472 1474
f 1614 1472 1616
f 1615 1473 1471
f 1613 1615 1471
f 1614 1470 1472
f 1612 1470 1614
f 1613 1471 1469
f 1615 1617 1473
f 1611 1613 1469
f 1610 1468 1612
f 1611 1469 1467
f 1609 1611 1467
f 1610 1466 1468
f 1608 1466 1610
f 1609 1467 1465
f 1607 1609 1465
f 1612 1468 1470
f 1569 1427 1425
f 1617 1475 1473
f 1618 1474 1476
f 1626 1482 1484
f 1624 1482 1626
f 1625 1483 1481
f 1623 1625 1481
f 1624 1480 1482
f 1622 1480 1624
f 1623 1481 1479
f 1616 1474 1618
f 1621 1623 1479
f 1620 1478 1622
f 1621 1479 1477
f 1619 1621 1477
f 1620 1476 1478
f 1618 1476 1620
f 1619 1477 1475
f 1617 1619 1475
f 1622 1478 1480
f 1567 1569 1425
f 1568 1424 1426
f 1566 1424 1568
f 1516 1374 1518
f 1517 1375 1373
f 1515 1517 1373
f 1516 1372 1374
f 1514 1372 1516
f 1515 1373 1371
f 1513 1515 1371
f 1514 1370 1372
f 1512 1370 1514
f 1513 1371 1369
f 1511 1513 1369
f 1512 1368 1370
f 1510 1368 1512
f 1511 1369 1367
f 1509 1511 1367
f 1518 1374 1376
f 1517 1519 1375
f 1519 1377 1375
f 1518 1376 1520
f 1526 1384 1528
f 1527 1385 1383
f 1525 1527 1383
f 1526 1382 1384
f 1524 1382 1526
f 1525 1383 1381
f 1523 1525 1381
f 1510 1366 1368
f 1524 1380 1382
f 1523 1381 1379
f 1521 1523 1379
f 1522 1378 1380
f 1520 1378 1522
f 1521 1379 1377
f 1519 1521 1377
f 1520 1376 1378
f 1522 1380 1524
f 1508 1366 1510
f 1509 1367 1365
f 1507 1509 1365
f 1498 1354 1356
f 1496 1354 1498
f 1497 1355 1353
f 1495 1497 1353
f 1496 1352 1354
f 1494 1352 1496
f 1495 1353 1351
f 1497 1499 1355
f 1493 1495 1351
f 1492 1350 1494
f 1493 1351 1349
f 1491 1493 1349
f 1492 1348 1350
f 1490 1348 1492
f 1491 1349 1347
f 1489 1491 1347
f 1494 1350 1352
f 1528 1384 1386
f 1499 1357 1355
f 1500 1356 1358
f 1508 1364 1366
f 1506 1364 1508
f 1507 1365 1363
f 1505 1507 1363
f 1506 1362 1364
f 1504 1362 1506
f 1505 1363 1361
f 1498 1356 1500
f 1503 1505 1361
f 1502 1360 1504
f 1503 1361 1359
f 1501 1503 1359
f 1502 1358 1360
f 1500 1358 1502
f 1501 1359 1357
f 1499 1501 1357
f 1504 1360 1362
f 1488 1346 1490
f 1527 1529 1385
f 1528 1386 1530
f 1557 1415 1555
f 1555 1415 1413
f 1556 1412 1414
f 1554 1412 1556
f 1555 1413 1411
f 1553 1555 1411
f 1554 1410 1412
f 1552 1410 1554
f 1553 1411 1409
f 1551 1553 1409
f 1552 1408 1410
f 1550 1408 1552
f 1551 1409 1407
f 1549 1551 1407
f 1550 1406 1408
f 1557 1558 1415
f 1415 1558 1416
f 1558 1414 1416
f 1556 1414 1558
f 1567 1425 1423
f 1565 1567 1423
f 1566 1422 1424
f 1564 1422 1566
f 1565 1423 1421
f 1563 1565 1421
f 1564 1420 1422
f 1548 1406 1550
f 1562 1420 1564
f 1560 1563 1418
f 1420 1562 1419
f 1419 1562 1561
f 1417 1419 1561
f 1559 1417 1561
f 1417 1559 1418
f 1418 1559 1560
f 1563 1421 1418
f 1549 1407 1405
f 1547 1549 1405
f 1548 1404 1406
f 1536 1394 1538
f 1537 1395 1393
f 1535 1537 1393
f 1536 1392 1394
f 1534 1392 1536
f 1535 1393 1391
f 1533 1535 1391
f 1538 1394 1396
f 1534 1390 1392
f 1533 1391 1389
f 1531 1533 1389
f 1532 1388 1390
f 1530 1388 1532
f 1531 1389 1387
f 1529 1531 1387
f 1530 1386 1388
f 1532 1390 1534
f 1529 1387 1385
f 1537 1539 1395
f 1538 1396 1540
f 1546 1404 1548
f 1547 1405 1403
f 1545 1547 1403
f 1546 1402 1404
f 1544 1402 1546
f 1545 1403 1401
f 1543 1545 1401
f 1539 1397 1395
f 1544 1400 1402
f 1543 1401 1399
f 1541 1543 1399
f 1542 1398 1400
f 1540 1398 1542
f 1541 1399 1397
f 1539 1541 1397
f 1540 1396 1398
f 1542 1400 1544
f 1331 1333 1189
f 1961 1819 1817
f 1962 1818 1820
f 2381 2383 2239
f 2382 2238 2240
f 2380 2238 2382
f 2381 2239 2237
f 2379 2381 2237
f 2380 2236 2238
f 2378 2236 2380
f 2379 2237 2235
f 2377 2379 2235
f 2378 2234 2236
f 2376 2234 2378
f 2377 2235 2233
f 2375 2377 2233
f 2376 2232 2234
f 2374 2232 2376
f 2383 2241 2239
f 2382 2240 2384
f 2384 2240 2242
f 2383 2385 2241
f 2391 2393 2249
f 2392 2248 2250
f 2390 2248 2392
f 2391 2249 2247
f 2389 2391 2247
f 2390 2246 2248
f 2388 2246 2390
f 2375 2233 2231
f 2389 2247 2245
f 2388 2244 2246
f 2386 2244 2388
f 2387 2245 2243
f 2385 2387 2243
f 2386 2242 2244
f 2384 2242 2386
f 2385 2243 2241
f 2387 2389 2245
f 2393 2251 2249
f 2373 2375 2231
f 2372 2230 2374
f 2363 2221 2219
f 2361 2363 2219
f 2362 2218 2220
f 2360 2218 2362
f 2361 2219 2217
f 2359 2361 2217
f 2360 2216 2218
f 2358 2216 2360
f 2359 2217 2215
f 2357 2359 2215
f 2358 2214 2216
f 2356 2214 2358
f 2357 2215 2213
f 2355 2357 2213
f 2356 2212 2214
f 2362 2220 2364
f 2364 2220 2222
f 2363 2365 2221
f 2365 2223 2221
f 2373 2231 2229
f 2371 2373 2229
f 2372 2228 2230
f 2370 2228 2372
f 2371 2229 2227
f 2369 2371 2227
f 2370 2226 2228
f 2374 2230 2232
f 2368 2226 2370
f 2367 2369 2225
f 2368 2224 2226
f 2366 2224 2368
f 2367 2225 2223
f 2365 2367 2223
f 2366 2222 2224
f 2364 2222 2366
f 2369 2227 2225
f 2392 2250 2394
f 2394 2250 2252
f 2393 2395 2251
f 2422 2278 2280
f 2420 2278 2422
f 2421 2279 2277
f 2419 2421 2277
f 2420 2276 2278
f 2418 2276 2420
f 2419 2277 2275
f 2417 2419 2275
f 2418 2274 2276
f 2416 2274 2418
f 2417 2275 2273
f 2415 2417 2273
f 2416 2272 2274
f 2414 2272 2416
f 2415 2273 2270
f 2421 2423 2279
f 2423 2281 2279
f 2422 2280 2424
f 2424 2280 2282
f 2432 2288 2290
f 2430 2288 2432
f 2431 2289 2287
f 2429 2431 2287
f 2430 2286 2288
f 2428 2286 2430
f 2429 2287 2285
f 2412 2415 2270
f 2427 2429 2285
f 2426 2284 2428
f 2427 2285 2283
f 2425 2427 2283
f 2426 2282 2284
f 2424 2282 2426
f 2425 2283 2281
f 2423 2425 2281
f 2428 2284 2286
f 2272 2414 2271
f 2271 2414 2413
f 2269 2271 2413
f 2401 2403 2259
f 2402 2258 2260
f 2400 2258 2402
f 2401 2259 2257
f 2399 2401 2257
f 2400 2256 2258
f 2398 2256 2400
f 2403 2261 2259
f 2399 2257 2255
f 2398 2254 2256
f 2396 2254 2398
f 2397 2255 2253
f 2395 2397 2253
f 2396 2252 2254
f 2394 2252 2396
f 2395 2253 2251
f 2397 2399 2255
f 2354 2212 2356
f 2402 2260 2404
f 2403 2405 2261
f 2411 2269 2413
f 2269 2411 2270
f 2270 2411 2412
f 2408 2266 2410
f 2410 2266 2268
f 2267 2410 2268
f 2409 2410 2267
f 2404 2260 2262
f 2409 2267 2407
f 2408 2264 2266
f 2406 2264 2408
f 2407 2265 2263
f 2405 2407 2263
f 2406 2262 2264
f 2404 2262 2406
f 2405 2263 2261
f 2407 2267 2265
f 2431 2433 2289
f 2355 2213 2211
f 2354 2210 2212
f 2304 2160 2162
f 2302 2160 2304
f 2303 2161 2159
f 2301 2303 2159
f 2302 2158 2160
f 2300 2158 2302
f 2301 2159 2157
f 2299 2301 2157
f 2300 2156 2158
f 2298 2156 2300
f 2299 2157 2155
f 2297 2299 2155
f 2298 2154 2156
f 2296 2154 2298
f 2297 2155 2153
f 2303 2305 2161
f 2305 2163 2161
f 2304 2162 2306
f 2306 2162 2164
f 2314 2170 2172
f 2312 2170 2314
f 2313 2171 2169
f 2311 2313 2169
f 2312 2168 2170
f 2310 2168 2312
f 2311 2169 2167
f 2295 2297 2153
f 2309 2311 2167
f 2308 2166 2310
f 2309 2167 2165
f 2307 2309 2165
f 2308 2164 2166
f 2306 2164 2308
f 2307 2165 2163
f 2305 2307 2163
f 2310 2166 2168
f 2313 2315 2171
f 2296 2152 2154
f 2295 2153 2151
f 2283 2285 2141
f 2284 2140 2142
f 2282 2140 2284
f 2283 2141 2139
f 2281 2283 2139
f 2282 2138 2140
f 2280 2138 2282
f 2281 2139 2137
f 2279 2281 2137
f 2280 2136 2138
f 2278 2136 2280
f 2279 2137 2135
f 2277 2279 2135
f 2278 2134 2136
f 2276 2134 2278
f 2285 2143 2141
f 2284 2142 2286
f 2286 2142 2144
f 2285 2287 2143
f 2293 2295 2151
f 2294 2150 2152
f 2292 2150 2294
f 2293 2151 2149
f 2291 2293 2149
f 2292 2148 2150
f 2290 2148 2292
f 2294 2152 2296
f 2291 2149 2147
f 2290 2146 2148
f 2288 2146 2290
f 2289 2147 2145
f 2287 2289 2145
f 2288 2144 2146
f 2286 2144 2288
f 2287 2145 2143
f 2289 2291 2147
f 2315 2173 2171
f 2314 2172 2316
f 2316 2172 2174
f 2342 2200 2344
f 2343 2201 2199
f 2341 2343 2199
f 2342 2198 2200
f 2340 2198 2342
f 2341 2199 2197
f 2339 2341 2197
f 2340 2196 2198
f 2338 2196 2340
f 2339 2197 2195
f 2337 2339 2195
f 2338 2194 2196
f 2336 2194 2338
f 2337 2195 2193
f 2335 2337 2193
f 2344 2200 2202
f 2343 2345 2201
f 2345 2203 2201
f 2344 2202 2346
f 2352 2210 2354
f 2353 2211 2209
f 2351 2353 2209
f 2352 2208 2210
f 2350 2208 2352
f 2351 2209 2207
f 2349 2351 2207
f 2336 2192 2194
f 2350 2206 2208
f 2349 2207 2205
f 2347 2349 2205
f 2348 2204 2206
f 2346 2204 2348
f 2347 2205 2203
f 2345 2347 2203
f 2346 2202 2204
f 2348 2206 2350
f 2334 2192 2336
f 2335 2193 2191
f 2333 2335 2191
f 2324 2180 2182
f 2322 2180 2324
f 2323 2181 2179
f 2321 2323 2179
f 2322 2178 2180
f 2320 2178 2322
f 2321 2179 2177
f 2323 2325 2181
f 2319 2321 2177
f 2318 2176 2320
f 2319 2177 2175
f 2317 2319 2175
f 2318 2174 2176
f 2316 2174 2318
f 2317 2175 2173
f 2315 2317 2173
f 2320 2176 2178
f 2353 2355 2211
f 2325 2183 2181
f 2326 2182 2184
f 2334 2190 2192
f 2332 2190 2334
f 2333 2191 2189
f 2331 2333 2189
f 2332 2188 2190
f 2330 2188 2332
f 2331 2189 2187
f 2324 2182 2326
f 2329 2331 2187
f 2328 2186 2330
f 2329 2187 2185
f 2327 2329 2185
f 2328 2184 2186
f 2326 2184 2328
f 2327 2185 2183
f 2325 2327 2183
f 2330 2186 2188
f 2433 2291 2289
f 2432 2290 2434
f 2434 2290 2292
f 2540 2396 2398
f 2538 2396 2540
f 2539 2397 2395
f 2537 2539 2395
f 2538 2394 2396
f 2536 2394 2538
f 2537 2395 2393
f 2535 2537 2393
f 2536 2392 2394
f 2534 2392 2536
f 2535 2393 2391
f 2533 2535 2391
f 2534 2390 2392
f 2532 2390 2534
f 2533 2391 2389
f 2539 2541 2397
f 2541 2399 2397
f 2540 2398 2542
f 2542 2398 2400
f 2550 2406 2408
f 2548 2406 2550
f 2549 2407 2405
f 2547 2549 2405
f 2548 2404 2406
f 2546 2404 2548
f 2547 2405 2403
f 2531 2533 2389
f 2545 2547 2403
f 2544 2402 2546
f 2545 2403 2401
f 2543 2545 2401
f 2544 2400 2402
f 2542 2400 2544
f 2543 2401 2399
f 2541 2543 2399
f 2546 2402 2404
f 2549 2409 2407
f 2532 2388 2390
f 2531 2389 2387
f 2519 2521 2377
f 2520 2376 2378
f 2518 2376 2520
f 2519 2377 2375
f 2517 2519 2375
f 2518 2374 2376
f 2516 2374 2518
f 2517 2375 2373
f 2515 2517 2373
f 2516 2372 2374
f 2514 2372 2516
f 2515 2373 2371
f 2513 2515 2371
f 2514 2370 2372
f 2512 2370 2514
f 2521 2379 2377
f 2520 2378 2522
f 2522 2378 2380
f 2521 2523 2379
f 2529 2531 2387
f 2530 2386 2388
f 2528 2386 2530
f 2529 2387 2385
f 2527 2529 2385
f 2528 2384 2386
f 2526 2384 2528
f 2530 2388 2532
f 2527 2385 2383
f 2526 2382 2384
f 2524 2382 2526
f 2525 2383 2381
f 2523 2525 2381
f 2524 2380 2382
f 2522 2380 2524
f 2523 2381 2379
f 2525 2527 2383
f 2551 2409 2549
f 2551 2552 2409
f 2409 2552 2410
f 2578 2436 2580
f 2579 2437 2435
f 2577 2579 2435
f 2578 2434 2436
f 2576 2434 2578
f 2577 2435 2433
f 2575 2577 2433
f 2576 2432 2434
f 2574 2432 2576
f 2575 2433 2431
f 2573 2575 2431
f 2574 2430 2432
f 2572 2430 2574
f 2573 2431 2429
f 2571 2573 2429
f 2580 2436 2438
f 2579 2581 2437
f 2581 2439 2437
f 2580 2438 2582
f 2588 2446 2590
f 2589 2447 2445
f 2587 2589 2445
f 2588 2444 2446
f 2586 2444 2588
f 2587 2445 2443
f 2585 2587 2443
f 2572 2428 2430
f 2586 2442 2444
f 2585 2443 2441
f 2583 2585 2441
f 2584 2440 2442
f 2582 2440 2584
f 2583 2441 2439
f 2581 2583 2439
f 2582 2438 2440
f 2584 2442 2586
f 2570 2428 2572
f 2571 2429 2427
f 2569 2571 2427
f 2560 2416 2418
f 2558 2416 2560
f 2559 2417 2415
f 2557 2559 2415
f 2558 2414 2416
f 2556 2414 2558
f 2557 2415 2412
f 2559 2561 2417
f 2554 2557 2412
f 2413 2556 2555
f 2411 2413 2555
f 2553 2411 2555
f 2411 2553 2412
f 2412 2553 2554
f 2550 2408 2552
f 2552 2408 2410
f 2414 2556 2413
f 2513 2371 2369
f 2561 2419 2417
f 2562 2418 2420
f 2570 2426 2428
f 2568 2426 2570
f 2569 2427 2425
f 2567 2569 2425
f 2568 2424 2426
f 2566 2424 2568
f 2567 2425 2423
f 2560 2418 2562
f 2565 2567 2423
f 2564 2422 2566
f 2565 2423 2421
f 2563 2565 2421
f 2564 2420 2422
f 2562 2420 2564
f 2563 2421 2419
f 2561 2563 2419
f 2566 2422 2424
f 2511 2513 2369
f 2512 2368 2370
f 2510 2368 2512
f 2460 2318 2462
f 2461 2319 2317
f 2459 2461 2317
f 2460 2316 2318
f 2458 2316 2460
f 2459 2317 2315
f 2457 2459 2315
f 2458 2314 2316
f 2456 2314 2458
f 2457 2315 2313
f 2455 2457 2313
f 2456 2312 2314
f 2454 2312 2456
f 2455 2313 2311
f 2453 2455 2311
f 2462 2318 2320
f 2461 2463 2319
f 2463 2321 2319
f 2462 2320 2464
f 2470 2328 2472
f 2471 2329 2327
f 2469 2471 2327
f 2470 2326 2328
f 2468 2326 2470
f 2469 2327 2325
f 2467 2469 2325
f 2454 2310 2312
f 2468 2324 2326
f 2467 2325 2323
f 2465 2467 2323
f 2466 2322 2324
f 2464 2322 2466
f 2465 2323 2321
f 2463 2465 2321
f 2464 2320 2322
f 2466 2324 2468
f 2452 2310 2454
f 2453 2311 2309
f 2451 2453 2309
f 2442 2298 2300
f 2440 2298 2442
f 2441 2299 2297
f 2439 2441 2297
f 2440 2296 2298
f 2438 2296 2440
f 2439 2297 2295
f 2441 2443 2299
f 2437 2439 2295
f 2436 2294 2438
f 2437 2295 2293
f 2435 2437 2293
f 2436 2292 2294
f 2434 2292 2436
f 2435 2293 2291
f 2433 2435 2291
f 2438 2294 2296
f 2472 2328 2330
f 2443 2301 2299
f 2444 2300 2302
f 2452 2308 2310
f 2450 2308 2452
f 2451 2309 2307
f 2449 2451 2307
f 2450 2306 2308
f 2448 2306 2450
f 2449 2307 2305
f 2442 2300 2444
f 2447 2449 2305
f 2446 2304 2448
f 2447 2305 2303
f 2445 2447 2303
f 2446 2302 2304
f 2444 2302 2446
f 2445 2303 2301
f 2443 2445 2301
f 2448 2304 2306
f 2277 2135 2133
f 2471 2473 2329
f 2472 2330 2474
f 2501 2359 2357
f 2499 2501 2357
f 2500 2356 2358
f 2498 2356 2500
f 2499 2357 2355
f 2497 2499 2355
f 2498 2354 2356
f 2496 2354 2498
f 2497 2355 2353
f 2495 2497 2353
f 2496 2352 2354
f 2494 2352 2496
f 2495 2353 2351
f 2493 2495 2351
f 2494 2350 2352
f 2500 2358 2502
f 2502 2358 2360
f 2501 2503 2359
f 2503 2361 2359
f 2511 2369 2367
f 2509 2511 2367
f 2510 2366 2368
f 2508 2366 2510
f 2509 2367 2365
f 2507 2509 2365
f 2508 2364 2366
f 2492 2350 2494
f 2506 2364 2508
f 2505 2507 2363
f 2506 2362 2364
f 2504 2362 2506
f 2505 2363 2361
f 2503 2505 2361
f 2504 2360 2362
f 2502 2360 2504
f 2507 2365 2363
f 2493 2351 2349
f 2491 2493 2349
f 2492 2348 2350
f 2480 2338 2482
f 2481 2339 2337
f 2479 2481 2337
f 2480 2336 2338
f 2478 2336 2480
f 2479 2337 2335
f 2477 2479 2335
f 2482 2338 2340
f 2478 2334 2336
f 2477 2335 2333
f 2475 2477 2333
f 2476 2332 2334
f 2474 2332 2476
f 2475 2333 2331
f 2473 2475 2331
f 2474 2330 2332
f 2476 2334 2478
f 2473 2331 2329
f 2481 2483 2339
f 2482 2340 2484
f 2490 2348 2492
f 2491 2349 2347
f 2489 2491 2347
f 2490 2346 2348
f 2488 2346 2490
f 2489 2347 2345
f 2487 2489 2345
f 2483 2341 2339
f 2488 2344 2346
f 2487 2345 2343
f 2485 2487 2343
f 2486 2342 2344
f 2484 2342 2486
f 2485 2343 2341
f 2483 2485 2341
f 2484 2340 2342
f 2486 2344 2488
f 2275 2277 2133
f 2276 2132 2134
f 2274 2132 2276
f 2068 1924 1926
f 2066 1924 2068
f 2067 1925 1923
f 2065 2067 1923
f 2066 1922 1924
f 2064 1922 2066
f 2065 1923 1921
f 2063 2065 1921
f 2064 1920 1922
f 2062 1920 2064
f 2063 1921 1919
f 2061 2063 1919
f 2062 1918 1920
f 2060 1918 2062
f 2061 1919 1917
f 2067 2069 1925
f 2069 1927 1925
f 2068 1926 2070
f 2070 1926 1928
f 2078 1934 1936
f 2076 1934 2078
f 2077 1935 1933
f 2075 2077 1933
f 2076 1932 1934
f 2074 1932 2076
f 2075 1933 1931
f 2059 2061 1917
f 2073 2075 1931
f 2072 1930 2074
f 2073 1931 1929
f 2071 2073 1929
f 2072 1928 1930
f 2070 1928 2072
f 2071 1929 1927
f 2069 2071 1927
f 2074 1930 1932
f 2077 2079 1935
f 2060 1916 1918
f 2059 1917 1915
f 2047 2049 1905
f 2048 1904 1906
f 2046 1904 2048
f 2047 1905 1903
f 2045 2047 1903
f 2046 1902 1904
f 2044 1902 2046
f 2045 1903 1901
f 2043 2045 1901
f 2044 1900 1902
f 2042 1900 2044
f 2043 1901 1899
f 2041 2043 1899
f 2042 1898 1900
f 2040 1898 2042
f 2049 1907 1905
f 2048 1906 2050
f 2050 1906 1908
f 2049 2051 1907
f 2057 2059 1915
f 2058 1914 1916
f 2056 1914 2058
f 2057 1915 1913
f 2055 2057 1913
f 2056 1912 1914
f 2054 1912 2056
f 2058 1916 2060
f 2055 1913 1911
f 2054 1910 1912
f 2052 1910 2054
f 2053 1911 1909
f 2051 2053 1909
f 2052 1908 1910
f 2050 1908 2052
f 2051 1909 1907
f 2053 2055 1911
f 2079 1937 1935
f 2078 1936 2080
f 2080 1936 1938
f 2106 1964 2108
f 2107 1965 1963
f 2105 2107 1963
f 2106 1962 1964
f 2104 1962 2106
f 2105 1963 1961
f 2103 2105 1961
f 2104 1960 1962
f 2102 1960 2104
f 2103 1961 1959
f 2101 2103 1959
f 2102 1958 1960
f 2100 1958 2102
f 2101 1959 1957
f 2099 2101 1957
f 2108 1964 1966
f 2107 2109 1965
f 2109 1967 1965
f 2108 1966 2110
f 2116 1974 2118
f 2117 1975 1973
f 2115 2117 1973
f 2116 1972 1974
f 2114 1972 2116
f 2115 1973 1971
f 2113 2115 1971
f 2100 1956 1958
f 2114 1970 1972
f 2113 1971 1969
f 2111 2113 1969
f 2112 1968 1970
f 2110 1968 2112
f 2111 1969 1967
f 2109 2111 1967
f 2110 1966 1968
f 2112 1970 2114
f 2098 1956 2100
f 2099 1957 1955
f 2097 2099 1955
f 2088 1944 1946
f 2086 1944 2088
f 2087 1945 1943
f 2085 2087 1943
f 2086 1942 1944
f 2084 1942 2086
f 2085 1943 1941
f 2087 2089 1945
f 2083 2085 1941
f 2082 1940 2084
f 2083 1941 1939
f 2081 2083 1939
f 2082 1938 1940
f 2080 1938 2082
f 2081 1939 1937
f 2079 2081 1937
f 2084 1940 1942
f 2041 1899 1897
f 2089 1947 1945
f 2090 1946 1948
f 2098 1954 1956
f 2096 1954 2098
f 2097 1955 1953
f 2095 2097 1953
f 2096 1952 1954
f 2094 1952 2096
f 2095 1953 1951
f 2088 1946 2090
f 2093 2095 1951
f 2092 1950 2094
f 2093 1951 1949
f 2091 2093 1949
f 2092 1948 1950
f 2090 1948 2092
f 2091 1949 1947
f 2089 2091 1947
f 2094 1950 1952
f 2039 2041 1897
f 2040 1896 1898
f 2038 1896 2040
f 1988 1846 1990
f 1989 1847 1844
f 1986 1989 1844
f 1846 1988 1845
f 1845 1988 1987
f 1843 1845 1987
f 1985 1843 1987
f 1843 1985 1844
f 1844 1985 1986
f 1982 1840 1984
f 1984 1840 1842
f 1841 1984 1842
f 1983 1984 1841
f 1983 1841 1981
f 1981 1841 1839
f 1990 1846 1848
f 1989 1991 1847
f 1991 1849 1847
f 1990 1848 1992
f 1998 1856 2000
f 1999 1857 1855
f 1997 1999 1855
f 1998 1854 1856
f 1996 1854 1998
f 1997 1855 1853
f 1995 1997 1853
f 1982 1838 1840
f 1996 1852 1854
f 1995 1853 1851
f 1993 1995 1851
f 1994 1850 1852
f 1992 1850 1994
f 1993 1851 1849
f 1991 1993 1849
f 1992 1848 1850
f 1994 1852 1996
f 1980 1838 1982
f 1981 1839 1837
f 1979 1981 1837
f 1970 1826 1828
f 1968 1826 1970
f 1969 1827 1825
f 1967 1969 1825
f 1968 1824 1826
f 1966 1824 1968
f 1967 1825 1823
f 1969 1971 1827
f 1965 1967 1823
f 1964 1822 1966
f 1965 1823 1821
f 1963 1965 1821
f 1964 1820 1822
f 1962 1820 1964
f 1963 1821 1819
f 1961 1963 1819
f 1966 1822 1824
f 2000 1856 1858
f 1971 1829 1827
f 1972 1828 1830
f 1980 1836 1838
f 1978 1836 1980
f 1979 1837 1835
f 1977 1979 1835
f 1978 1834 1836
f 1976 1834 1978
f 1977 1835 1833
f 1970 1828 1972
f 1975 1977 1833
f 1974 1832 1976
f 1975 1833 1831
f 1973 1975 1831
f 1974 1830 1832
f 1972 1830 1974
f 1973 1831 1829
f 1971 1973 1829
f 1976 1832 1834
f 2118 1974 1976
f 1999 2001 1857
f 2000 1858 2002
f 2029 1887 1885
f 2027 2029 1885
f 2028 1884 1886
f 2026 1884 2028
f 2027 1885 1883
f 2025 2027 1883
f 2026 1882 1884
f 2024 1882 2026
f 2025 1883 1881
f 2023 2025 1881
f 2024 1880 1882
f 2022 1880 2024
f 2023 1881 1879
f 2021 2023 1879
f 2022 1878 1880
f 2028 1886 2030
f 2030 1886 1888
f 2029 2031 1887
f 2031 1889 1887
f 2039 1897 1895
f 2037 2039 1895
f 2038 1894 1896
f 2036 1894 2038
f 2037 1895 1893
f 2035 2037 1893
f 2036 1892 1894
f 2020 1878 2022
f 2034 1892 2036
f 2033 2035 1891
f 2034 1890 1892
f 2032 1890 2034
f 2033 1891 1889
f 2031 2033 1889
f 2032 1888 1890
f 2030 1888 2032
f 2035 1893 1891
f 2021 1879 1877
f 2019 2021 1877
f 2020 1876 1878
f 2008 1866 2010
f 2009 1867 1865
f 2007 2009 1865
f 2008 1864 1866
f 2006 1864 2008
f 2007 1865 1863
f 2005 2007 1863
f 2010 1866 1868
f 2006 1862 1864
f 2005 1863 1861
f 2003 2005 1861
f 2004 1860 1862
f 2002 1860 2004
f 2003 1861 1859
f 2001 2003 1859
f 2002 1858 1860
f 2004 1862 2006
f 2001 1859 1857
f 2009 2011 1867
f 2010 1868 2012
f 2018 1876 2020
f 2019 1877 1875
f 2017 2019 1875
f 2018 1874 1876
f 2016 1874 2018
f 2017 1875 1873
f 2015 2017 1873
f 2011 1869 1867
f 2016 1872 1874
f 2015 1873 1871
f 2013 2015 1871
f 2014 1870 1872
f 2012 1870 2014
f 2013 1871 1869
f 2011 2013 1869
f 2012 1868 1870
f 2014 1872 2016
f 1960 1818 1962
f 2117 2119 1975
f 2118 1976 2120
f 2224 2082 2226
f 2225 2083 2081
f 2223 2225 2081
f 2224 2080 2082
f 2222 2080 2224
f 2223 2081 2079
f 2221 2223 2079
f 2222 2078 2080
f 2220 2078 2222
f 2221 2079 2077
f 2219 2221 2077
f 2220 2076 2078
f 2218 2076 2220
f 2219 2077 2075
f 2217 2219 2075
f 2226 2082 2084
f 2225 2227 2083
f 2227 2085 2083
f 2226 2084 2228
f 2234 2092 2236
f 2235 2093 2091
f 2233 2235 2091
f 2234 2090 2092
f 2232 2090 2234
f 2233 2091 2089
f 2231 2233 2089
f 2218 2074 2076
f 2232 2088 2090
f 2231 2089 2087
f 2229 2231 2087
f 2230 2086 2088
f 2228 2086 2230
f 2229 2087 2085
f 2227 2229 2085
f 2228 2084 2086
f 2230 2088 2232
f 2236 2092 2094
f 2216 2074 2218
f 2215 2217 2073
f 2206 2062 2064
f 2204 2062 2206
f 2205 2063 2061
f 2203 2205 2061
f 2204 2060 2062
f 2202 2060 2204
f 2203 2061 2059
f 2201 2203 2059
f 2202 2058 2060
f 2200 2058 2202
f 2201 2059 2057
f 2199 2201 2057
f 2200 2056 2058
f 2198 2056 2200
f 2199 2057 2055
f 2205 2207 2063
f 2207 2065 2063
f 2206 2064 2208
f 2208 2064 2066
f 2216 2072 2074
f 2214 2072 2216
f 2215 2073 2071
f 2213 2215 2071
f 2214 2070 2072
f 2212 2070 2214
f 2213 2071 2069
f 2217 2075 2073
f 2211 2213 2069
f 2210 2068 2212
f 2211 2069 2067
f 2209 2211 2067
f 2210 2066 2068
f 2208 2066 2210
f 2209 2067 2065
f 2207 2209 2065
f 2212 2068 2070
f 2235 2237 2093
f 2237 2095 2093
f 2236 2094 2238
f 2265 2123 2121
f 2263 2265 2121
f 2264 2120 2122
f 2262 2120 2264
f 2263 2121 2119
f 2261 2263 2119
f 2262 2118 2120
f 2260 2118 2262
f 2261 2119 2117
f 2259 2261 2117
f 2260 2116 2118
f 2258 2116 2260
f 2259 2117 2115
f 2257 2259 2115
f 2258 2114 2116
f 2264 2122 2266
f 2266 2122 2124
f 2265 2125 2123
f 2267 2125 2265
f 2275 2133 2131
f 2273 2275 2131
f 2274 2130 2132
f 2272 2130 2274
f 2273 2131 2128
f 2270 2273 2128
f 2130 2272 2129
f 2256 2114 2258
f 2129 2272 2271
f 2269 2127 2271
f 2127 2269 2128
f 2128 2269 2270
f 2266 2124 2268
f 2268 2124 2126
f 2125 2268 2126
f 2267 2268 2125
f 2127 2129 2271
f 2257 2115 2113
f 2255 2257 2113
f 2256 2112 2114
f 2244 2102 2246
f 2245 2103 2101
f 2243 2245 2101
f 2244 2100 2102
f 2242 2100 2244
f 2243 2101 2099
f 2241 2243 2099
f 2246 2102 2104
f 2242 2098 2100
f 2241 2099 2097
f 2239 2241 2097
f 2240 2096 2098
f 2238 2096 2240
f 2239 2097 2095
f 2237 2239 2095
f 2238 2094 2096
f 2240 2098 2242
f 2197 2199 2055
f 2245 2247 2103
f 2246 2104 2248
f 2254 2112 2256
f 2255 2113 2111
f 2253 2255 2111
f 2254 2110 2112
f 2252 2110 2254
f 2253 2111 2109
f 2251 2253 2109
f 2247 2105 2103
f 2252 2108 2110
f 2251 2109 2107
f 2249 2251 2107
f 2250 2106 2108
f 2248 2106 2250
f 2249 2107 2105
f 2247 2249 2105
f 2248 2104 2106
f 2250 2108 2252
f 2198 2054 2056
f 2196 2054 2198
f 2197 2055 2053
f 2147 2005 2003
f 2145 2147 2003
f 2146 2002 2004
f 2144 2002 2146
f 2145 2003 2001
f 2143 2145 2001
f 2144 2000 2002
f 2142 2000 2144
f 2143 2001 1999
f 2141 2143 1999
f 2142 1998 2000
f 2140 1998 2142
f 2141 1999 1997
f 2139 2141 1997
f 2140 1996 1998
f 2146 2004 2148
f 2148 2004 2006
f 2147 2149 2005
f 2149 2007 2005
f 2157 2015 2013
f 2155 2157 2013
f 2156 2012 2014
f 2154 2012 2156
f 2155 2013 2011
f 2153 2155 2011
f 2154 2010 2012
f 2138 1996 2140
f 2152 2010 2154
f 2151 2153 2009
f 2152 2008 2010
f 2150 2008 2152
f 2151 2009 2007
f 2149 2151 2007
f 2150 2006 2008
f 2148 2006 2150
f 2153 2011 2009
f 2139 1997 1995
f 2137 2139 1995
f 2138 1994 1996
f 1986 2127 2128
f 2124 1982 2126
f 2126 1982 1984
f 1983 2126 1984
f 2125 2126 1983
f 2125 1983 2123
f 2123 1983 1981
f 1985 2127 1986
f 2124 1980 1982
f 2123 1981 1979
f 2121 2123 1979
f 2122 1978 1980
f 2120 1978 2122
f 2121 1979 1977
f 2119 2121 1977
f 2120 1976 1978
f 2122 1980 2124
f 2156 2014 2158
f 2127 1985 2129
f 1987 2130 2129
f 2136 1994 2138
f 2137 1995 1993
f 2135 2137 1993
f 2136 1992 1994
f 2134 1992 2136
f 2135 1993 1991
f 2133 2135 1991
f 1985 1987 2129
f 2134 1990 1992
f 2133 1991 1989
f 2131 2133 1989
f 2132 1988 1990
f 2130 1988 2132
f 2131 1989 1986
f 2128 2131 1986
f 1988 2130 1987
f 2132 1990 2134
f 2119 1977 1975
f 2158 2014 2016
f 2159 2017 2015
f 2185 2187 2043
f 2186 2042 2044
f 2184 2042 2186
f 2185 2043 2041
f 2183 2185 2041
f 2184 2040 2042
f 2182 2040 2184
f 2183 2041 2039
f 2181 2183 2039
f 2182 2038 2040
f 2180 2038 2182
f 2181 2039 2037
f 2179 2181 2037
f 2180 2036 2038
f 2178 2036 2180
f 2187 2045 2043
f 2186 2044 2188
f 2188 2044 2046
f 2187 2189 2045
f 2195 2197 2053
f 2196 2052 2054
f 2194 2052 2196
f 2195 2053 2051
f 2193 2195 2051
f 2194 2050 2052
f 2192 2050 2194
f 2179 2037 2035
f 2193 2051 2049
f 2192 2048 2050
f 2190 2048 2192
f 2191 2049 2047
f 2189 2191 2047
f 2190 2046 2048
f 2188 2046 2190
f 2189 2047 2045
f 2191 2193 2049
f 2177 2179 2035
f 2178 2034 2036
f 2176 2034 2178
f 2167 2025 2023
f 2165 2167 2023
f 2166 2022 2024
f 2164 2022 2166
f 2165 2023 2021
f 2163 2165 2021
f 2164 2020 2022
f 2166 2024 2168
f 2162 2020 2164
f 2161 2163 2019
f 2162 2018 2020
f 2160 2018 2162
f 2161 2019 2017
f 2159 2161 2017
f 2160 2016 2018
f 2158 2016 2160
f 2163 2021 2019
f 2157 2159 2015
f 2168 2024 2026
f 2169 2027 2025
f 2177 2035 2033
f 2175 2177 2033
f 2176 2032 2034
f 2174 2032 2176
f 2175 2033 2031
f 2173 2175 2031
f 2174 2030 2032
f 2167 2169 2025
f 2172 2030 2174
f 2171 2173 2029
f 2172 2028 2030
f 2170 2028 2172
f 2171 2029 2027
f 2169 2171 2027
f 2170 2026 2028
f 2168 2026 2170
f 2173 2031 2029
f 2590 2446 2448
f 1332 1188 1190
f 1331 1189 1187
f 494 350 352
f 492 350 494
f 493 351 349
f 491 493 349
f 492 348 350
f 490 348 492
f 491 349 347
f 489 491 347
f 490 346 348
f 488 346 490
f 489 347 345
f 487 489 345
f 488 344 346
f 486 344 488
f 487 345 343
f 493 495 351
f 495 353 351
f 494 352 496
f 496 352 354
f 504 360 362
f 502 360 504
f 503 361 359
f 501 503 359
f 502 358 360
f 500 358 502
f 501 359 357
f 485 487 343
f 499 501 357
f 498 356 500
f 499 357 355
f 497 499 355
f 498 354 356
f 496 354 498
f 497 355 353
f 495 497 353
f 500 356 358
f 503 505 361
f 486 342 344
f 485 343 341
f 473 475 331
f 474 330 332
f 472 330 474
f 473 331 329
f 471 473 329
f 472 328 330
f 470 328 472
f 471 329 327
f 469 471 327
f 470 326 328
f 468 326 470
f 469 327 325
f 467 469 325
f 468 324 326
f 466 324 468
f 475 333 331
f 474 332 476
f 476 332 334
f 475 477 333
f 483 485 341
f 484 340 342
f 482 340 484
f 483 341 339
f 481 483 339
f 482 338 340
f 480 338 482
f 484 342 486
f 481 339 337
f 480 336 338
f 478 336 480
f 479 337 335
f 477 479 335
f 478 334 336
f 476 334 478
f 477 335 333
f 479 481 337
f 505 363 361
f 504 362 506
f 506 362 364
f 532 390 534
f 533 391 389
f 531 533 389
f 532 388 390
f 530 388 532
f 531 389 387
f 529 531 387
f 530 386 388
f 528 386 530
f 529 387 385
f 527 529 385
f 528 384 386
f 526 384 528
f 527 385 383
f 525 527 383
f 534 390 392
f 533 535 391
f 535 393 391
f 534 392 536
f 542 400 544
f 543 401 399
f 541 543 399
f 542 398 400
f 540 398 542
f 541 399 397
f 539 541 397
f 526 382 384
f 540 396 398
f 539 397 395
f 537 539 395
f 538 394 396
f 536 394 538
f 537 395 393
f 535 537 393
f 536 392 394
f 538 396 540
f 524 382 526
f 525 383 381
f 523 525 381
f 514 370 372
f 512 370 514
f 513 371 369
f 511 513 369
f 512 368 370
f 510 368 512
f 511 369 367
f 513 515 371
f 509 511 367
f 508 366 510
f 509 367 365
f 507 509 365
f 508 364 366
f 506 364 508
f 507 365 363
f 505 507 363
f 510 366 368
f 467 325 323
f 515 373 371
f 516 372 374
f 524 380 382
f 522 380 524
f 523 381 379
f 521 523 379
f 522 378 380
f 520 378 522
f 521 379 377
f 514 372 516
f 519 521 377
f 518 376 520
f 519 377 375
f 517 519 375
f 518 374 376
f 516 374 518
f 517 375 373
f 515 517 373
f 520 376 378
f 544 400 402
f 465 467 323
f 464 322 466
f 414 266 416
f 415 268 264
f 413 415 264
f 414 262 266
f 412 262 414
f 413 264 260
f 411 413 260
f 412 258 262
f 410 258 412
f 411 260 256
f 409 411 256
f 410 254 258
f 408 254 410
f 409 256 252
f 407 409 252
f 416 266 270
f 415 417 268
f 417 272 268
f 416 270 418
f 283 426 425
f 281 283 425
f 423 281 425
f 281 423 282
f 282 423 424
f 420 278 422
f 422 278 280
f 408 250 254
f 279 422 280
f 421 279 419
f 419 279 276
f 420 274 278
f 418 274 420
f 419 276 272
f 417 419 272
f 418 270 274
f 421 422 279
f 284 426 283
f 406 250 408
f 405 407 248
f 396 226 230
f 394 226 396
f 395 228 224
f 393 395 224
f 394 222 226
f 392 222 394
f 393 224 220
f 391 393 220
f 392 218 222
f 390 218 392
f 391 220 216
f 389 391 216
f 390 214 218
f 388 214 390
f 389 216 212
f 395 397 228
f 397 232 228
f 396 230 398
f 398 230 234
f 406 246 250
f 404 246 406
f 405 248 244
f 403 405 244
f 404 242 246
f 402 242 404
f 403 244 240
f 407 252 248
f 401 403 240
f 400 238 402
f 401 240 236
f 399 401 236
f 400 234 238
f 398 234 400
f 399 236 232
f 397 399 232
f 402 238 242
f 424 427 282
f 427 285 282
f 426 284 428
f 455 313 311
f 453 455 311
f 454 310 312
f 452 310 454
f 453 311 309
f 451 453 309
f 452 308 310
f 450 308 452
f 451 309 307
f 449 451 307
f 450 306 308
f 448 306 450
f 449 307 305
f 447 449 305
f 448 304 306
f 454 312 456
f 456 312 314
f 455 457 313
f 457 315 313
f 465 323 321
f 463 465 321
f 464 320 322
f 462 320 464
f 463 321 319
f 461 463 319
f 462 318 320
f 446 304 448
f 460 318 462
f 459 461 317
f 460 316 318
f 458 316 460
f 459 317 315
f 457 459 315
f 458 314 316
f 456 314 458
f 461 319 317
f 447 305 303
f 445 447 303
f 446 302 304
f 434 292 436
f 435 293 291
f 433 435 291
f 434 290 292
f 432 290 434
f 433 291 289
f 431 433 289
f 436 292 294
f 432 288 290
f 431 289 287
f 429 431 287
f 430 286 288
f 428 286 430
f 429 287 285
f 427 429 285
f 428 284 286
f 430 288 432
f 466 322 324
f 435 437 293
f 436 294 438
f 444 302 446
f 445 303 301
f 443 445 301
f 444 300 302
f 442 300 444
f 443 301 299
f 441 443 299
f 437 295 293
f 442 298 300
f 441 299 297
f 439 441 297
f 440 296 298
f 438 296 440
f 439 297 295
f 437 439 295
f 438 294 296
f 440 298 442
f 543 545 401
f 545 403 401
f 544 402 546
f 650 508 652
f 651 509 507
f 649 651 507
f 650 506 508
f 648 506 650
f 649 507 505
f 647 649 505
f 648 504 506
f 646 504 648
f 647 505 503
f 645 647 503
f 646 502 504
f 644 502 646
f 645 503 501
f 643 645 501
f 652 508 510
f 651 653 509
f 653 511 509
f 652 510 654
f 660 518 662
f 661 519 517
f 659 661 517
f 660 516 518
f 658 516 660
f 659 517 515
f 657 659 515
f 644 500 502
f 658 514 516
f 657 515 513
f 655 657 513
f 656 512 514
f 654 512 656
f 655 513 511
f 653 655 511
f 654 510 512
f 656 514 658
f 662 518 520
f 642 500 644
f 641 643 499
f 632 488 490
f 630 488 632
f 631 489 487
f 629 631 487
f 630 486 488
f 628 486 630
f 629 487 485
f 627 629 485
f 628 484 486
f 626 484 628
f 627 485 483
f 625 627 483
f 626 482 484
f 624 482 626
f 625 483 481
f 631 633 489
f 633 491 489
f 632 490 634
f 634 490 492
f 642 498 500
f 640 498 642
f 641 499 497
f 639 641 497
f 640 496 498
f 638 496 640
f 639 497 495
f 643 501 499
f 637 639 495
f 636 494 638
f 637 495 493
f 635 637 493
f 636 492 494
f 634 492 636
f 635 493 491
f 633 635 491
f 638 494 496
f 661 663 519
f 663 521 519
f 662 520 664
f 691 549 547
f 689 691 547
f 690 546 548
f 688 546 690
f 689 547 545
f 687 689 545
f 688 544 546
f 686 544 688
f 687 545 543
f 685 687 543
f 686 542 544
f 684 542 686
f 685 543 541
f 683 685 541
f 684 540 542
f 690 548 692
f 692 548 550
f 691 693 549
f 693 551 549
f 701 559 557
f 699 701 557
f 700 556 558
f 698 556 700
f 699 557 555
f 697 699 555
f 698 554 556
f 682 540 684
f 696 554 698
f 695 697 553
f 696 552 554
f 694 552 696
f 695 553 551
f 693 695 551
f 694 550 552
f 692 550 694
f 697 555 553
f 683 541 539
f 681 683 539
f 682 538 540
f 670 528 672
f 671 529 527
f 669 671 527
f 670 526 528
f 668 526 670
f 669 527 525
f 667 669 525
f 672 528 530
f 668 524 526
f 667 525 523
f 665 667 523
f 666 522 524
f 664 522 666
f 665 523 521
f 663 665 521
f 664 520 522
f 666 524 668
f 623 625 481
f 671 673 529
f 672 530 674
f 680 538 682
f 681 539 537
f 679 681 537
f 680 536 538
f 678 536 680
f 679 537 535
f 677 679 535
f 673 531 529
f 678 534 536
f 677 535 533
f 675 677 533
f 676 532 534
f 674 532 676
f 675 533 531
f 673 675 531
f 674 530 532
f 676 534 678
f 624 480 482
f 622 480 624
f 623 481 479
f 573 431 429
f 571 573 429
f 572 428 430
f 570 428 572
f 571 429 427
f 569 571 427
f 570 426 428
f 568 426 570
f 569 427 424
f 566 569 424
f 426 568 425
f 425 568 567
f 423 425 567
f 565 423 567
f 423 565 424
f 572 430 574
f 574 430 432
f 573 575 431
f 575 433 431
f 583 441 439
f 581 583 439
f 582 438 440
f 580 438 582
f 581 439 437
f 579 581 437
f 580 436 438
f 424 565 566
f 578 436 580
f 577 579 435
f 578 434 436
f 576 434 578
f 577 435 433
f 575 577 433
f 576 432 434
f 574 432 576
f 579 437 435
f 562 420 564
f 564 420 422
f 421 564 422
f 552 410 554
f 553 411 409
f 551 553 409
f 552 408 410
f 550 408 552
f 551 409 407
f 549 551 407
f 554 410 412
f 550 406 408
f 549 407 405
f 547 549 405
f 548 404 406
f 546 404 548
f 547 405 403
f 545 547 403
f 546 402 404
f 548 406 550
f 582 440 584
f 553 555 411
f 554 412 556
f 563 564 421
f 563 421 561
f 561 421 419
f 562 418 420
f 560 418 562
f 561 419 417
f 559 561 417
f 555 413 411
f 560 416 418
f 559 417 415
f 557 559 415
f 558 414 416
f 556 414 558
f 557 415 413
f 555 557 413
f 556 412 414
f 558 416 560
f 387 389 212
f 584 440 442
f 585 443 441
f 611 613 469
f 612 468 470
f 610 468 612
f 611 469 467
f 609 611 467
f 610 466 468
f 608 466 610
f 609 467 465
f 607 609 465
f 608 464 466
f 606 464 608
f 607 465 463
f 605 607 463
f 606 462 464
f 604 462 606
f 613 471 469
f 612 470 614
f 614 470 472
f 613 615 471
f 621 623 479
f 622 478 480
f 620 478 622
f 621 479 477
f 619 621 477
f 620 476 478
f 618 476 620
f 605 463 461
f 619 477 475
f 618 474 476
f 616 474 618
f 617 475 473
f 615 617 473
f 616 472 474
f 614 472 616
f 615 473 471
f 617 619 475
f 603 605 461
f 604 460 462
f 602 460 604
f 593 451 449
f 591 593 449
f 592 448 450
f 590 448 592
f 591 449 447
f 589 591 447
f 590 446 448
f 592 450 594
f 588 446 590
f 587 589 445
f 588 444 446
f 586 444 588
f 587 445 443
f 585 587 443
f 586 442 444
f 584 442 586
f 589 447 445
f 583 585 441
f 594 450 452
f 595 453 451
f 603 461 459
f 601 603 459
f 602 458 460
f 600 458 602
f 601 459 457
f 599 601 457
f 600 456 458
f 593 595 451
f 598 456 600
f 597 599 455
f 598 454 456
f 596 454 598
f 597 455 453
f 595 597 453
f 596 452 454
f 594 452 596
f 599 457 455
f 388 210 214
f 386 210 388
f 387 212 208
f 142 145 146
f 141 143 145
f 139 143 141
f 143 139 144
f 144 139 140
f 137 141 138
f 138 141 142
f 137 139 141
f 135 139 137
f 139 135 140
f 140 135 136
f 133 137 134
f 134 137 138
f 133 135 137
f 131 135 133
f 141 145 142
f 148 143 144
f 147 143 148
f 143 147 145
f 160 155 156
f 153 157 154
f 154 157 158
f 153 155 157
f 151 155 153
f 155 151 156
f 156 151 152
f 135 131 136
f 149 153 150
f 149 151 153
f 147 151 149
f 151 147 152
f 152 147 148
f 145 149 146
f 146 149 150
f 145 147 149
f 150 153 154
f 159 155 160
f 136 131 132
f 130 133 134
f 119 115 120
f 120 115 116
f 113 117 114
f 114 117 118
f 113 115 117
f 111 115 113
f 115 111 116
f 116 111 112
f 109 113 110
f 110 113 114
f 109 111 113
f 107 111 109
f 111 107 112
f 112 107 108
f 105 109 106
f 115 119 117
f 117 119 121
f 118 121 122
f 117 121 118
f 129 131 133
f 127 131 129
f 131 127 132
f 132 127 128
f 125 129 126
f 126 129 130
f 125 127 129
f 129 133 130
f 123 127 125
f 128 123 124
f 121 125 122
f 122 125 126
f 121 123 125
f 119 123 121
f 123 119 124
f 124 119 120
f 127 123 128
f 155 159 157
f 157 159 161
f 158 161 162
f 193 197 194
f 194 197 198
f 193 195 197
f 191 195 193
f 195 191 196
f 196 191 192
f 189 193 190
f 190 193 194
f 189 191 193
f 187 191 189
f 191 187 192
f 192 187 188
f 185 189 186
f 186 189 190
f 185 187 189
f 200 195 196
f 199 195 200
f 195 199 197
f 197 199 201
f 211 207 212
f 212 207 208
f 205 209 206
f 206 209 210
f 205 207 209
f 203 207 205
f 207 203 208
f 183 187 185
f 208 203 204
f 202 205 206
f 201 203 205
f 199 203 201
f 203 199 204
f 204 199 200
f 197 201 198
f 198 201 202
f 201 205 202
f 187 183 188
f 188 183 184
f 181 185 182
f 167 171 169
f 171 167 172
f 172 167 168
f 165 169 166
f 166 169 170
f 165 167 169
f 163 167 165
f 169 171 173
f 167 163 168
f 161 165 162
f 162 165 166
f 161 163 165
f 159 163 161
f 163 159 164
f 164 159 160
f 157 161 158
f 168 163 164
f 106 109 110
f 170 173 174
f 176 171 172
f 182 185 186
f 181 183 185
f 179 183 181
f 183 179 184
f 184 179 180
f 177 181 178
f 178 181 182
f 169 173 170
f 177 179 181
f 179 175 180
f 180 175 176
f 173 177 174
f 174 177 178
f 173 175 177
f 171 175 173
f 175 171 176
f 175 179 177
f 105 107 109
f 103 107 105
f 107 103 108
f 37 39 41
f 35 39 37
f 39 35 40
f 40 35 36
f 33 37 34
f 34 37 38
f 33 35 37
f 31 35 33
f 35 31 36
f 36 31 32
f 29 33 30
f 30 33 34
f 29 31 33
f 27 31 29
f 31 27 32
f 38 41 42
f 37 41 38
f 44 39 40
f 43 39 44
f 49 53 50
f 50 53 54
f 49 51 53
f 47 51 49
f 51 47 52
f 52 47 48
f 45 49 46
f 32 27 28
f 46 49 50
f 43 47 45
f 47 43 48
f 48 43 44
f 41 45 42
f 42 45 46
f 41 43 45
f 39 43 41
f 45 47 49
f 25 29 26
f 26 29 30
f 25 27 29
f 16 11 12
f 9 13 10
f 10 13 14
f 9 11 13
f 7 11 9
f 11 7 12
f 12 7 8
f 15 11 16
f 4 9 6
f 4 7 9
f 1 7 4
f 7 1 8
f 8 1 3
f 5 4 6
f 1 4 2
f 2 4 5
f 6 9 10
f 56 51 52
f 11 15 13
f 14 17 18
f 23 27 25
f 27 23 28
f 28 23 24
f 21 25 22
f 22 25 26
f 21 23 25
f 19 23 21
f 13 15 17
f 23 19 24
f 17 21 18
f 18 21 22
f 17 19 21
f 15 19 17
f 19 15 20
f 20 15 16
f 13 17 14
f 24 19 20
f 207 211 209
f 55 51 56
f 53 55 57
f 90 93 94
f 89 91 93
f 87 91 89
f 91 87 92
f 92 87 88
f 85 89 86
f 86 89 90
f 85 87 89
f 83 87 85
f 87 83 88
f 88 83 84
f 81 85 82
f 82 85 86
f 81 83 85
f 79 83 81
f 89 93 90
f 96 91 92
f 95 91 96
f 91 95 93
f 108 103 104
f 101 105 102
f 102 105 106
f 101 103 105
f 99 103 101
f 103 99 104
f 104 99 100
f 83 79 84
f 97 101 98
f 97 99 101
f 95 99 97
f 99 95 100
f 100 95 96
f 93 97 94
f 94 97 98
f 93 95 97
f 98 101 102
f 84 79 80
f 77 81 78
f 78 81 82
f 67 63 68
f 68 63 64
f 61 65 62
f 62 65 66
f 61 63 65
f 59 63 61
f 63 59 64
f 63 67 65
f 64 59 60
f 58 61 62
f 57 59 61
f 55 59 57
f 59 55 60
f 60 55 56
f 53 57 54
f 54 57 58
f 57 61 58
f 51 55 53
f 65 67 69
f 65 69 66
f 77 79 81
f 75 79 77
f 79 75 80
f 80 75 76
f 73 77 74
f 74 77 78
f 73 75 77
f 66 69 70
f 71 75 73
f 76 71 72
f 69 73 70
f 70 73 74
f 69 71 73
f 67 71 69
f 71 67 72
f 72 67 68
f 75 71 76
f 700 558 702
f 209 211 213
f 209 213 210
f 337 112 108
f 335 337 108
f 336 106 110
f 334 106 336
f 335 108 104
f 333 335 104
f 334 102 106
f 332 102 334
f 333 104 100
f 331 333 100
f 332 98 102
f 330 98 332
f 331 100 96
f 329 331 96
f 330 94 98
f 336 110 338
f 338 110 114
f 337 339 112
f 339 116 112
f 347 132 128
f 345 347 128
f 346 126 130
f 344 126 346
f 345 128 124
f 343 345 124
f 344 122 126
f 328 94 330
f 342 122 344
f 341 343 120
f 342 118 122
f 340 118 342
f 341 120 116
f 339 341 116
f 340 114 118
f 338 114 340
f 343 124 120
f 346 130 348
f 329 96 92
f 328 90 94
f 316 70 318
f 317 72 68
f 315 317 68
f 316 66 70
f 314 66 316
f 315 68 64
f 313 315 64
f 314 62 66
f 312 62 314
f 313 64 60
f 311 313 60
f 312 58 62
f 310 58 312
f 311 60 56
f 309 311 56
f 318 70 74
f 317 319 72
f 319 76 72
f 318 74 320
f 326 90 328
f 327 92 88
f 325 327 88
f 326 86 90
f 324 86 326
f 325 88 84
f 323 325 84
f 327 329 92
f 324 82 86
f 323 84 80
f 321 323 80
f 322 78 82
f 320 78 322
f 321 80 76
f 319 321 76
f 320 74 78
f 322 82 324
f 348 130 134
f 347 349 132
f 349 136 132
f 375 377 188
f 376 186 190
f 374 186 376
f 375 188 184
f 373 375 184
f 374 182 186
f 372 182 374
f 373 184 180
f 371 373 180
f 372 178 182
f 370 178 372
f 371 180 176
f 369 371 176
f 370 174 178
f 368 174 370
f 377 192 188
f 376 190 378
f 378 190 194
f 377 379 192
f 385 387 208
f 386 206 210
f 384 206 386
f 385 208 204
f 383 385 204
f 384 202 206
f 382 202 384
f 369 176 172
f 383 204 200
f 382 198 202
f 380 198 382
f 381 200 196
f 379 381 196
f 380 194 198
f 378 194 380
f 379 196 192
f 381 383 200
f 367 369 172
f 368 170 174
f 366 170 368
f 357 152 148
f 355 357 148
f 356 146 150
f 354 146 356
f 355 148 144
f 353 355 144
f 354 142 146
f 356 150 358
f 352 142 354
f 351 353 140
f 352 138 142
f 350 138 352
f 351 140 136
f 349 351 136
f 350 134 138
f 348 134 350
f 353 144 140
f 310 54 58
f 358 150 154
f 359 156 152
f 367 172 168
f 365 367 168
f 366 166 170
f 364 166 366
f 365 168 164
f 363 365 164
f 364 162 166
f 357 359 152
f 362 162 364
f 361 363 160
f 362 158 162
f 360 158 362
f 361 160 156
f 359 361 156
f 360 154 158
f 358 154 360
f 363 164 160
f 308 54 310
f 309 56 52
f 307 309 52
f 252 247 248
f 245 249 246
f 246 249 250
f 245 247 249
f 243 247 245
f 247 243 248
f 248 243 244
f 241 245 242
f 242 245 246
f 241 243 245
f 239 243 241
f 243 239 244
f 244 239 240
f 237 241 238
f 238 241 242
f 251 247 252
f 247 251 249
f 249 251 253
f 250 253 254
f 259 263 261
f 263 259 264
f 264 259 260
f 257 261 258
f 258 261 262
f 257 259 261
f 255 259 257
f 237 239 241
f 259 255 260
f 253 257 254
f 254 257 258
f 253 255 257
f 251 255 253
f 255 251 256
f 256 251 252
f 249 253 250
f 260 255 256
f 235 239 237
f 239 235 240
f 240 235 236
f 221 223 225
f 219 223 221
f 223 219 224
f 224 219 220
f 217 221 218
f 218 221 222
f 217 219 221
f 222 225 226
f 215 219 217
f 220 215 216
f 213 217 214
f 214 217 218
f 213 215 217
f 211 215 213
f 215 211 216
f 216 211 212
f 219 215 220
f 261 263 265
f 221 225 222
f 227 223 228
f 233 237 234
f 234 237 238
f 233 235 237
f 231 235 233
f 235 231 236
f 236 231 232
f 229 233 230
f 228 223 224
f 230 233 234
f 227 231 229
f 231 227 232
f 232 227 228
f 225 229 226
f 226 229 230
f 225 227 229
f 223 227 225
f 229 231 233
f 210 213 214
f 262 265 266
f 268 263 264
f 298 30 34
f 296 30 298
f 297 32 28
f 295 297 28
f 296 26 30
f 294 26 296
f 295 28 24
f 293 295 24
f 294 22 26
f 292 22 294
f 293 24 20
f 291 293 20
f 292 18 22
f 290 18 292
f 291 20 16
f 297 299 32
f 299 36 32
f 298 34 300
f 300 34 38
f 308 50 54
f 306 50 308
f 307 52 48
f 305 307 48
f 306 46 50
f 304 46 306
f 305 48 44
f 289 291 16
f 303 305 44
f 302 42 304
f 303 44 40
f 301 303 40
f 302 38 42
f 300 38 302
f 301 40 36
f 299 301 36
f 304 42 46
f 290 14 18
f 288 14 290
f 289 16 12
f 274 277 278
f 273 275 277
f 271 275 273
f 275 271 276
f 276 271 272
f 269 273 270
f 270 273 274
f 273 277 274
f 269 271 273
f 271 267 272
f 272 267 268
f 265 269 266
f 266 269 270
f 265 267 269
f 263 267 265
f 267 263 268
f 267 271 269
f 261 265 262
f 276 279 275
f 279 280 275
f 287 289 12
f 288 10 14
f 286 10 288
f 287 12 8
f 285 287 8
f 286 6 10
f 284 6 286
f 275 280 277
f 285 8 3
f 6 284 5
f 5 284 283
f 2 5 283
f 281 2 283
f 2 281 3
f 3 281 282
f 277 280 278
f 282 285 3
f 1330 1188 1332
f 702 558 560
f 703 561 559
f 1122 980 1124
f 1123 981 979
f 1121 1123 979
f 1122 978 980
f 1120 978 1122
f 1121 979 977
f 1119 1121 977
f 1120 976 978
f 1118 976 1120
f 1119 977 975
f 1117 1119 975
f 1118 974 976
f 1116 974 1118
f 1117 975 973
f 1115 1117 973
f 1124 980 982
f 1123 1125 981
f 1125 983 981
f 1124 982 1126
f 992 1133 1134
f 1130 988 1132
f 1132 988 990
f 989 1132 990
f 1131 1132 989
f 1131 989 1129
f 1129 989 987
f 1116 972 974
f 1130 986 988
f 1129 987 985
f 1127 1129 985
f 1128 984 986
f 1126 984 1128
f 1127 985 983
f 1125 1127 983
f 1126 982 984
f 1128 986 1130
f 991 1133 992
f 1114 972 1116
f 1113 1115 971
f 1104 960 962
f 1102 960 1104
f 1103 961 959
f 1101 1103 959
f 1102 958 960
f 1100 958 1102
f 1101 959 957
f 1099 1101 957
f 1100 956 958
f 1098 956 1100
f 1099 957 955
f 1097 1099 955
f 1098 954 956
f 1096 954 1098
f 1097 955 953
f 1103 1105 961
f 1105 963 961
f 1104 962 1106
f 1106 962 964
f 1114 970 972
f 1112 970 1114
f 1113 971 969
f 1111 1113 969
f 1112 968 970
f 1110 968 1112
f 1111 969 967
f 1115 973 971
f 1109 1111 967
f 1108 966 1110
f 1109 967 965
f 1107 1109 965
f 1108 964 966
f 1106 964 1108
f 1107 965 963
f 1105 1107 963
f 1110 966 968
f 1133 991 1135
f 991 993 1135
f 993 1136 1135
f 1163 1021 1019
f 1161 1163 1019
f 1162 1018 1020
f 1160 1018 1162
f 1161 1019 1017
f 1159 1161 1017
f 1160 1016 1018
f 1158 1016 1160
f 1159 1017 1015
f 1157 1159 1015
f 1158 1014 1016
f 1156 1014 1158
f 1157 1015 1013
f 1155 1157 1013
f 1156 1012 1014
f 1162 1020 1164
f 1164 1020 1022
f 1163 1165 1021
f 1165 1023 1021
f 1173 1031 1029
f 1171 1173 1029
f 1172 1028 1030
f 1170 1028 1172
f 1171 1029 1027
f 1169 1171 1027
f 1170 1026 1028
f 1154 1012 1156
f 1168 1026 1170
f 1167 1169 1025
f 1168 1024 1026
f 1166 1024 1168
f 1167 1025 1023
f 1165 1167 1023
f 1166 1022 1024
f 1164 1022 1166
f 1169 1027 1025
f 1155 1013 1011
f 1153 1155 1011
f 1154 1010 1012
f 1142 1000 1144
f 1143 1001 999
f 1141 1143 999
f 1142 998 1000
f 1140 998 1142
f 1141 999 997
f 1139 1141 997
f 1144 1000 1002
f 1140 996 998
f 1139 997 995
f 1137 1139 995
f 1138 994 996
f 1136 994 1138
f 1137 995 992
f 1134 1137 992
f 994 1136 993
f 1138 996 1140
f 1095 1097 953
f 1143 1145 1001
f 1144 1002 1146
f 1152 1010 1154
f 1153 1011 1009
f 1151 1153 1009
f 1152 1008 1010
f 1150 1008 1152
f 1151 1009 1007
f 1149 1151 1007
f 1145 1003 1001
f 1150 1006 1008
f 1149 1007 1005
f 1147 1149 1005
f 1148 1004 1006
f 1146 1004 1148
f 1147 1005 1003
f 1145 1147 1003
f 1146 1002 1004
f 1148 1006 1150
f 1172 1030 1174
f 1096 952 954
f 1095 953 951
f 1045 903 901
f 1043 1045 901
f 1044 900 902
f 1042 900 1044
f 1043 901 899
f 1041 1043 899
f 1042 898 900
f 1040 898 1042
f 1041 899 897
f 1039 1041 897
f 1040 896 898
f 1038 896 1040
f 1039 897 895
f 1037 1039 895
f 1038 894 896
f 1044 902 1046
f 1046 902 904
f 1045 1047 903
f 1047 905 903
f 1055 913 911
f 1053 1055 911
f 1054 910 912
f 1052 910 1054
f 1053 911 909
f 1051 1053 909
f 1052 908 910
f 1036 894 1038
f 1050 908 1052
f 1049 1051 907
f 1050 906 908
f 1048 906 1050
f 1049 907 905
f 1047 1049 905
f 1048 904 906
f 1046 904 1048
f 1051 909 907
f 1054 912 1056
f 1037 895 893
f 1036 892 894
f 1024 882 1026
f 1025 883 881
f 1023 1025 881
f 1024 880 882
f 1022 880 1024
f 1023 881 879
f 1021 1023 879
f 1022 878 880
f 1020 878 1022
f 1021 879 877
f 1019 1021 877
f 1020 876 878
f 1018 876 1020
f 1019 877 875
f 1017 1019 875
f 1026 882 884
f 1025 1027 883
f 1027 885 883
f 1026 884 1028
f 1034 892 1036
f 1035 893 891
f 1033 1035 891
f 1034 890 892
f 1032 890 1034
f 1033 891 889
f 1031 1033 889
f 1035 1037 893
f 1032 888 890
f 1031 889 887
f 1029 1031 887
f 1030 886 888
f 1028 886 1030
f 1029 887 885
f 1027 1029 885
f 1028 884 886
f 1030 888 1032
f 1056 912 914
f 1055 1057 913
f 1057 915 913
f 1083 1085 941
f 1084 940 942
f 1082 940 1084
f 1083 941 939
f 1081 1083 939
f 1082 938 940
f 1080 938 1082
f 1081 939 937
f 1079 1081 937
f 1080 936 938
f 1078 936 1080
f 1079 937 935
f 1077 1079 935
f 1078 934 936
f 1076 934 1078
f 1085 943 941
f 1084 942 1086
f 1086 942 944
f 1085 1087 943
f 1093 1095 951
f 1094 950 952
f 1092 950 1094
f 1093 951 949
f 1091 1093 949
f 1092 948 950
f 1090 948 1092
f 1077 935 933
f 1091 949 947
f 1090 946 948
f 1088 946 1090
f 1089 947 945
f 1087 1089 945
f 1088 944 946
f 1086 944 1088
f 1087 945 943
f 1089 1091 947
f 1075 1077 933
f 1076 932 934
f 1074 932 1076
f 1065 923 921
f 1063 1065 921
f 1064 920 922
f 1062 920 1064
f 1063 921 919
f 1061 1063 919
f 1062 918 920
f 1064 922 1066
f 1060 918 1062
f 1059 1061 917
f 1060 916 918
f 1058 916 1060
f 1059 917 915
f 1057 1059 915
f 1058 914 916
f 1056 914 1058
f 1061 919 917
f 1094 952 1096
f 1066 922 924
f 1067 925 923
f 1075 933 931
f 1073 1075 931
f 1074 930 932
f 1072 930 1074
f 1073 931 929
f 1071 1073 929
f 1072 928 930
f 1065 1067 923
f 1070 928 1072
f 1069 1071 927
f 1070 926 928
f 1068 926 1070
f 1069 927 925
f 1067 1069 925
f 1068 924 926
f 1066 924 1068
f 1071 929 927
f 1174 1030 1032
f 1173 1175 1031
f 1175 1033 1031
f 1281 1139 1137
f 1279 1281 1137
f 1280 1136 1138
f 1278 1136 1280
f 1279 1137 1134
f 1276 1279 1134
f 1136 1278 1135
f 1135 1278 1277
f 1133 1135 1277
f 1275 1133 1277
f 1133 1275 1134
f 1134 1275 1276
f 1272 1130 1274
f 1274 1130 1132
f 1131 1274 1132
f 1280 1138 1282
f 1282 1138 1140
f 1281 1283 1139
f 1283 1141 1139
f 1291 1149 1147
f 1289 1291 1147
f 1290 1146 1148
f 1288 1146 1290
f 1289 1147 1145
f 1287 1289 1145
f 1288 1144 1146
f 1273 1274 1131
f 1286 1144 1288
f 1285 1287 1143
f 1286 1142 1144
f 1284 1142 1286
f 1285 1143 1141
f 1283 1285 1141
f 1284 1140 1142
f 1282 1140 1284
f 1287 1145 1143
f 1290 1148 1292
f 1273 1131 1271
f 1272 1128 1130
f 1260 1118 1262
f 1261 1119 1117
f 1259 1261 1117
f 1260 1116 1118
f 1258 1116 1260
f 1259 1117 1115
f 1257 1259 1115
f 1258 1114 1116
f 1256 1114 1258
f 1257 1115 1113
f 1255 1257 1113
f 1256 1112 1114
f 1254 1112 1256
f 1255 1113 1111
f 1253 1255 1111
f 1262 1118 1120
f 1261 1263 1119
f 1263 1121 1119
f 1262 1120 1264
f 1270 1128 1272
f 1271 1129 1127
f 1269 1271 1127
f 1270 1126 1128
f 1268 1126 1270
f 1269 1127 1125
f 1267 1269 1125
f 1271 1131 1129
f 1268 1124 1126
f 1267 1125 1123
f 1265 1267 1123
f 1266 1122 1124
f 1264 1122 1266
f 1265 1123 1121
f 1263 1265 1121
f 1264 1120 1122
f 1266 1124 1268
f 1292 1148 1150
f 1291 1293 1149
f 1293 1151 1149
f 1319 1321 1177
f 1320 1176 1178
f 1318 1176 1320
f 1319 1177 1175
f 1317 1319 1175
f 1318 1174 1176
f 1316 1174 1318
f 1317 1175 1173
f 1315 1317 1173
f 1316 1172 1174
f 1314 1172 1316
f 1315 1173 1171
f 1313 1315 1171
f 1314 1170 1172
f 1312 1170 1314
f 1321 1179 1177
f 1320 1178 1322
f 1322 1178 1180
f 1321 1323 1179
f 1329 1331 1187
f 1330 1186 1188
f 1328 1186 1330
f 1329 1187 1185
f 1327 1329 1185
f 1328 1184 1186
f 1326 1184 1328
f 1313 1171 1169
f 1327 1185 1183
f 1326 1182 1184
f 1324 1182 1326
f 1325 1183 1181
f 1323 1325 1181
f 1324 1180 1182
f 1322 1180 1324
f 1323 1181 1179
f 1325 1327 1183
f 1311 1313 1169
f 1312 1168 1170
f 1310 1168 1312
f 1301 1159 1157
f 1299 1301 1157
f 1300 1156 1158
f 1298 1156 1300
f 1299 1157 1155
f 1297 1299 1155
f 1298 1154 1156
f 1300 1158 1302
f 1296 1154 1298
f 1295 1297 1153
f 1296 1152 1154
f 1294 1152 1296
f 1295 1153 1151
f 1293 1295 1151
f 1294 1150 1152
f 1292 1150 1294
f 1297 1155 1153
f 1254 1110 1112
f 1302 1158 1160
f 1303 1161 1159
f 1311 1169 1167
f 1309 1311 1167
f 1310 1166 1168
f 1308 1166 1310
f 1309 1167 1165
f 1307 1309 1165
f 1308 1164 1166
f 1301 1303 1159
f 1306 1164 1308
f 1305 1307 1163
f 1306 1162 1164
f 1304 1162 1306
f 1305 1163 1161
f 1303 1305 1161
f 1304 1160 1162
f 1302 1160 1304
f 1307 1165 1163
f 1252 1110 1254
f 1253 1111 1109
f 1251 1253 1109
f 1201 1203 1059
f 1202 1058 1060
f 1200 1058 1202
f 1201 1059 1057
f 1199 1201 1057
f 1200 1056 1058
f 1198 1056 1200
f 1199 1057 1055
f 1197 1199 1055
f 1198 1054 1056
f 1196 1054 1198
f 1197 1055 1053
f 1195 1197 1053
f 1196 1052 1054
f 1194 1052 1196
f 1203 1061 1059
f 1202 1060 1204
f 1204 1060 1062
f 1203 1205 1061
f 1211 1213 1069
f 1212 1068 1070
f 1210 1068 1212
f 1211 1069 1067
f 1209 1211 1067
f 1210 1066 1068
f 1208 1066 1210
f 1195 1053 1051
f 1209 1067 1065
f 1208 1064 1066
f 1206 1064 1208
f 1207 1065 1063
f 1205 1207 1063
f 1206 1062 1064
f 1204 1062 1206
f 1205 1063 1061
f 1207 1209 1065
f 1193 1195 1051
f 1194 1050 1052
f 1192 1050 1194
f 1183 1041 1039
f 1181 1183 1039
f 1182 1038 1040
f 1180 1038 1182
f 1181 1039 1037
f 1179 1181 1037
f 1180 1036 1038
f 1182 1040 1184
f 1178 1036 1180
f 1177 1179 1035
f 1178 1034 1036
f 1176 1034 1178
f 1177 1035 1033
f 1175 1177 1033
f 1176 1032 1034
f 1174 1032 1176
f 1179 1037 1035
f 1213 1071 1069
f 1184 1040 1042
f 1185 1043 1041
f 1193 1051 1049
f 1191 1193 1049
f 1192 1048 1050
f 1190 1048 1192
f 1191 1049 1047
f 1189 1191 1047
f 1190 1046 1048
f 1183 1185 1041
f 1188 1046 1190
f 1187 1189 1045
f 1188 1044 1046
f 1186 1044 1188
f 1187 1045 1043
f 1185 1187 1043
f 1186 1042 1044
f 1184 1042 1186
f 1189 1047 1045
f 1018 874 876
f 1212 1070 1214
f 1213 1215 1071
f 1242 1098 1100
f 1240 1098 1242
f 1241 1099 1097
f 1239 1241 1097
f 1240 1096 1098
f 1238 1096 1240
f 1239 1097 1095
f 1237 1239 1095
f 1238 1094 1096
f 1236 1094 1238
f 1237 1095 1093
f 1235 1237 1093
f 1236 1092 1094
f 1234 1092 1236
f 1235 1093 1091
f 1241 1243 1099
f 1243 1101 1099
f 1242 1100 1244
f 1244 1100 1102
f 1252 1108 1110
f 1250 1108 1252
f 1251 1109 1107
f 1249 1251 1107
f 1250 1106 1108
f 1248 1106 1250
f 1249 1107 1105
f 1233 1235 1091
f 1247 1249 1105
f 1246 1104 1248
f 1247 1105 1103
f 1245 1247 1103
f 1246 1102 1104
f 1244 1102 1246
f 1245 1103 1101
f 1243 1245 1101
f 1248 1104 1106
f 1234 1090 1092
f 1232 1090 1234
f 1233 1091 1089
f 1221 1223 1079
f 1222 1078 1080
f 1220 1078 1222
f 1221 1079 1077
f 1219 1221 1077
f 1220 1076 1078
f 1218 1076 1220
f 1223 1081 1079
f 1219 1077 1075
f 1218 1074 1076
f 1216 1074 1218
f 1217 1075 1073
f 1215 1217 1073
f 1216 1072 1074
f 1214 1072 1216
f 1215 1073 1071
f 1217 1219 1075
f 1214 1070 1072
f 1222 1080 1224
f 1223 1225 1081
f 1231 1233 1089
f 1232 1088 1090
f 1230 1088 1232
f 1231 1089 1087
f 1229 1231 1087
f 1230 1086 1088
f 1228 1086 1230
f 1224 1080 1082
f 1229 1087 1085
f 1228 1084 1086
f 1226 1084 1228
f 1227 1085 1083
f 1225 1227 1083
f 1226 1082 1084
f 1224 1082 1226
f 1225 1083 1081
f 1227 1229 1085
f 1016 874 1018
f 1017 875 873
f 1015 1017 873
f 809 667 665
f 807 809 665
f 808 664 666
f 806 664 808
f 807 665 663
f 805 807 663
f 806 662 664
f 804 662 806
f 805 663 661
f 803 805 661
f 804 660 662
f 802 660 804
f 803 661 659
f 801 803 659
f 802 658 660
f 808 666 810
f 810 666 668
f 809 811 667
f 811 669 667
f 819 677 675
f 817 819 675
f 818 674 676
f 816 674 818
f 817 675 673
f 815 817 673
f 816 672 674
f 800 658 802
f 814 672 816
f 813 815 671
f 814 670 672
f 812 670 814
f 813 671 669
f 811 813 669
f 812 668 670
f 810 668 812
f 815 673 671
f 818 676 820
f 801 659 657
f 800 656 658
f 788 646 790
f 789 647 645
f 787 789 645
f 788 644 646
f 786 644 788
f 787 645 643
f 785 787 643
f 786 642 644
f 784 642 786
f 785 643 641
f 783 785 641
f 784 640 642
f 782 640 784
f 783 641 639
f 781 783 639
f 790 646 648
f 789 791 647
f 791 649 647
f 790 648 792
f 798 656 800
f 799 657 655
f 797 799 655
f 798 654 656
f 796 654 798
f 797 655 653
f 795 797 653
f 799 801 657
f 796 652 654
f 795 653 651
f 793 795 651
f 794 650 652
f 792 650 794
f 793 651 649
f 791 793 649
f 792 648 650
f 794 652 796
f 820 676 678
f 819 821 677
f 821 679 677
f 848 704 706
f 705 848 706
f 847 848 705
f 847 705 845
f 845 705 703
f 846 702 704
f 844 702 846
f 845 703 701
f 843 845 701
f 844 700 702
f 842 700 844
f 843 701 699
f 841 843 699
f 842 698 700
f 840 698 842
f 846 704 848
f 708 849 850
f 707 849 708
f 849 707 851
f 857 859 715
f 858 714 716
f 856 714 858
f 857 715 713
f 855 857 713
f 856 712 714
f 854 712 856
f 841 699 697
f 855 713 711
f 854 710 712
f 852 710 854
f 853 711 708
f 850 853 708
f 710 852 709
f 709 852 851
f 707 709 851
f 853 855 711
f 839 841 697
f 840 696 698
f 838 696 840
f 829 687 685
f 827 829 685
f 828 684 686
f 826 684 828
f 827 685 683
f 825 827 683
f 826 682 684
f 828 686 830
f 824 682 826
f 823 825 681
f 824 680 682
f 822 680 824
f 823 681 679
f 821 823 679
f 822 678 680
f 820 678 822
f 825 683 681
f 782 638 640
f 830 686 688
f 831 689 687
f 839 697 695
f 837 839 695
f 838 694 696
f 836 694 838
f 837 695 693
f 835 837 693
f 836 692 694
f 829 831 687
f 834 692 836
f 833 835 691
f 834 690 692
f 832 690 834
f 833 691 689
f 831 833 689
f 832 688 690
f 830 688 832
f 835 693 691
f 780 638 782
f 781 639 637
f 779 781 637
f 729 731 587
f 730 586 588
f 728 586 730
f 729 587 585
f 727 729 585
f 728 584 586
f 726 584 728
f 727 585 583
f 725 727 583
f 726 582 584
f 724 582 726
f 725 583 581
f 723 725 581
f 724 580 582
f 722 580 724
f 731 589 587
f 730 588 732
f 732 588 590
f 731 733 589
f 739 741 597
f 740 596 598
f 738 596 740
f 739 597 595
f 737 739 595
f 738 594 596
f 736 594 738
f 723 581 579
f 737 595 593
f 736 592 594
f 734 592 736
f 735 593 591
f 733 735 591
f 734 590 592
f 732 590 734
f 733 591 589
f 735 737 593
f 721 723 579
f 722 578 580
f 720 578 722
f 711 569 566
f 708 711 566
f 568 710 567
f 567 710 709
f 565 567 709
f 707 565 709
f 565 707 566
f 710 568 712
f 566 707 708
f 706 562 564
f 563 706 564
f 705 706 563
f 705 563 703
f 703 563 561
f 704 560 562
f 702 560 704
f 704 562 706
f 741 599 597
f 712 568 570
f 713 571 569
f 721 579 577
f 719 721 577
f 720 576 578
f 718 576 720
f 719 577 575
f 717 719 575
f 718 574 576
f 711 713 569
f 716 574 718
f 715 717 573
f 716 572 574
f 714 572 716
f 715 573 571
f 713 715 571
f 714 570 572
f 712 570 714
f 717 575 573
f 859 717 715
f 740 598 742
f 741 743 599
f 770 626 628
f 768 626 770
f 769 627 625
f 767 769 625
f 768 624 626
f 766 624 768
f 767 625 623
f 765 767 623
f 766 622 624
f 764 622 766
f 765 623 621
f 763 765 621
f 764 620 622
f 762 620 764
f 763 621 619
f 769 771 627
f 771 629 627
f 770 628 772
f 772 628 630
f 780 636 638
f 778 636 780
f 779 637 635
f 777 779 635
f 778 634 636
f 776 634 778
f 777 635 633
f 761 763 619
f 775 777 633
f 774 632 776
f 775 633 631
f 773 775 631
f 774 630 632
f 772 630 774
f 773 631 629
f 771 773 629
f 776 632 634
f 762 618 620
f 760 618 762
f 761 619 617
f 749 751 607
f 750 606 608
f 748 606 750
f 749 607 605
f 747 749 605
f 748 604 606
f 746 604 748
f 751 609 607
f 747 605 603
f 746 602 604
f 744 602 746
f 745 603 601
f 743 745 601
f 744 600 602
f 742 600 744
f 743 601 599
f 745 747 603
f 742 598 600
f 750 608 752
f 751 753 609
f 759 761 617
f 760 616 618
f 758 616 760
f 759 617 615
f 757 759 615
f 758 614 616
f 756 614 758
f 752 608 610
f 757 615 613
f 756 612 614
f 754 612 756
f 755 613 611
f 753 755 611
f 754 610 612
f 752 610 754
f 753 611 609
f 755 757 613
f 701 703 559
f 858 716 860
f 859 861 717
f 965 967 823
f 966 822 824
f 964 822 966
f 965 823 821
f 963 965 821
f 964 820 822
f 962 820 964
f 963 821 819
f 961 963 819
f 962 818 820
f 960 818 962
f 961 819 817
f 959 961 817
f 960 816 818
f 958 816 960
f 967 825 823
f 966 824 968
f 968 824 826
f 967 969 825
f 975 977 833
f 976 832 834
f 974 832 976
f 975 833 831
f 973 975 831
f 974 830 832
f 972 830 974
f 959 817 815
f 973 831 829
f 972 828 830
f 970 828 972
f 971 829 827
f 969 971 827
f 970 826 828
f 968 826 970
f 969 827 825
f 971 973 829
f 977 835 833
f 957 959 815
f 956 814 958
f 947 805 803
f 945 947 803
f 946 802 804
f 944 802 946
f 945 803 801
f 943 945 801
f 944 800 802
f 942 800 944
f 943 801 799
f 941 943 799
f 942 798 800
f 940 798 942
f 941 799 797
f 939 941 797
f 940 796 798
f 946 804 948
f 948 804 806
f 947 949 805
f 949 807 805
f 957 815 813
f 955 957 813
f 956 812 814
f 954 812 956
f 955 813 811
f 953 955 811
f 954 810 812
f 958 814 816
f 952 810 954
f 951 953 809
f 952 808 810
f 950 808 952
f 951 809 807
f 949 951 807
f 950 806 808
f 948 806 950
f 953 811 809
f 976 834 978
f 978 834 836
f 977 979 835
f 1006 862 864
f 1004 862 1006
f 1005 863 861
f 1003 1005 861
f 1004 860 862
f 1002 860 1004
f 1003 861 859
f 1001 1003 859
f 1002 858 860
f 1000 858 1002
f 1001 859 857
f 999 1001 857
f 1000 856 858
f 998 856 1000
f 999 857 855
f 1005 1007 863
f 1007 865 863
f 1006 864 1008
f 1008 864 866
f 1016 872 874
f 1014 872 1016
f 1015 873 871
f 1013 1015 871
f 1014 870 872
f 1012 870 1014
f 1013 871 869
f 997 999 855
f 1011 1013 869
f 1010 868 1012
f 1011 869 867
f 1009 1011 867
f 1010 866 868
f 1008 866 1010
f 1009 867 865
f 1007 1009 865
f 1012 868 870
f 998 854 856
f 996 854 998
f 997 855 853
f 985 987 843
f 986 842 844
f 984 842 986
f 985 843 841
f 983 985 841
f 984 840 842
f 982 840 984
f 987 845 843
f 983 841 839
f 982 838 840
f 980 838 982
f 981 839 837
f 979 981 837
f 980 836 838
f 978 836 980
f 979 837 835
f 981 983 839
f 938 796 940
f 986 844 988
f 987 847 845
f 995 997 853
f 996 852 854
f 994 852 996
f 995 853 850
f 992 995 850
f 852 994 851
f 851 994 993
f 988 844 846
f 849 851 993
f 849 991 850
f 850 991 992
f 988 846 990
f 990 846 848
f 847 990 848
f 989 990 847
f 989 847 987
f 991 849 993
f 939 797 795
f 937 939 795
f 938 794 796
f 888 744 746
f 886 744 888
f 887 745 743
f 885 887 743
f 886 742 744
f 884 742 886
f 885 743 741
f 883 885 741
f 884 740 742
f 882 740 884
f 883 741 739
f 881 883 739
f 882 738 740
f 880 738 882
f 881 739 737
f 887 889 745
f 889 747 745
f 888 746 890
f 890 746 748
f 898 754 756
f 896 754 898
f 897 755 753
f 895 897 753
f 896 752 754
f 894 752 896
f 895 753 751
f 879 881 737
f 893 895 751
f 892 750 894
f 893 751 749
f 891 893 749
f 892 748 750
f 890 748 892
f 891 749 747
f 889 891 747
f 894 750 752
f 880 736 738
f 878 736 880
f 879 737 735
f 867 869 725
f 868 724 726
f 866 724 868
f 867 725 723
f 865 867 723
f 866 722 724
f 864 722 866
f 869 727 725
f 865 723 721
f 864 720 722
f 862 720 864
f 863 721 719
f 861 863 719
f 862 718 720
f 860 718 862
f 861 719 717
f 863 865 721
f 897 899 755
f 868 726 870
f 869 871 727
f 877 879 735
f 878 734 736
f 876 734 878
f 877 735 733
f 875 877 733
f 876 732 734
f 874 732 876
f 870 726 728
f 875 733 731
f 874 730 732
f 872 730 874
f 873 731 729
f 871 873 729
f 872 728 730
f 870 728 872
f 871 729 727
f 873 875 731
f 860 716 718
f 899 757 755
f 900 756 758
f 926 784 928
f 927 785 783
f 925 927 783
f 926 782 784
f 924 782 926
f 925 783 781
f 923 925 781
f 924 780 782
f 922 780 924
f 923 781 779
f 921 923 779
f 922 778 780
f 920 778 922
f 921 779 777
f 919 921 777
f 928 784 786
f 927 929 785
f 929 787 785
f 928 786 930
f 936 794 938
f 937 795 793
f 935 937 793
f 936 792 794
f 934 792 936
f 935 793 791
f 933 935 791
f 920 776 778
f 934 790 792
f 933 791 789
f 931 933 789
f 932 788 790
f 930 788 932
f 931 789 787
f 929 931 787
f 930 786 788
f 932 790 934
f 918 776 920
f 919 777 775
f 917 919 775
f 908 764 766
f 906 764 908
f 907 765 763
f 905 907 763
f 906 762 764
f 904 762 906
f 905 763 761
f 907 909 765
f 903 905 761
f 902 760 904
f 903 761 759
f 901 903 759
f 902 758 760
f 900 758 902
f 901 759 757
f 899 901 757
f 904 760 762
f 898 756 900
f 909 767 765
f 910 766 768
f 918 774 776
f 916 774 918
f 917 775 773
f 915 917 773
f 916 772 774
f 914 772 916
f 915 773 771
f 908 766 910
f 913 915 771
f 912 770 914
f 913 771 769
f 911 913 769
f 912 768 770
f 910 768 912
f 911 769 767
f 909 911 767
f 914 770 772
f 2589 2591 2447
f 2591 2449 2447
f 2590 2448 2592
f 4270 4128 4272
f 4271 4129 4127
f 4269 4271 4127
f 4270 4126 4128
f 4268 4126 4270
f 4269 4127 4125
f 4267 4269 4125
f 4268 4124 4126
f 4266 4124 4268
f 4267 4125 4123
f 4265 4267 4123
f 4266 4122 4124
f 4264 4122 4266
f 4265 4123 4121
f 4263 4265 4121
f 4272 4128 4130
f 4271 4273 4129
f 4273 4131 4129
f 4272 4130 4274
f 4280 4138 4282
f 4281 4139 4137
f 4279 4281 4137
f 4280 4136 4138
f 4278 4136 4280
f 4279 4137 4135
f 4277 4279 4135
f 4264 4120 4122
f 4278 4134 4136
f 4277 4135 4133
f 4275 4277 4133
f 4276 4132 4134
f 4274 4132 4276
f 4275 4133 4131
f 4273 4275 4131
f 4274 4130 4132
f 4276 4134 4278
f 4282 4138 4140
f 4262 4120 4264
f 4261 4263 4119
f 4252 4108 4110
f 4250 4108 4252
f 4251 4109 4107
f 4249 4251 4107
f 4250 4106 4108
f 4248 4106 4250
f 4249 4107 4105
f 4247 4249 4105
f 4248 4104 4106
f 4246 4104 4248
f 4247 4105 4103
f 4245 4247 4103
f 4246 4102 4104
f 4244 4102 4246
f 4245 4103 4101
f 4251 4253 4109
f 4253 4111 4109
f 4252 4110 4254
f 4254 4110 4112
f 4262 4118 4120
f 4260 4118 4262
f 4261 4119 4116
f 4258 4261 4116
f 4118 4260 4117
f 4117 4260 4259
f 4115 4117 4259
f 4263 4121 4119
f 4257 4115 4259
f 4116 4257 4258
f 4254 4112 4256
f 4256 4112 4114
f 4113 4256 4114
f 4255 4256 4113
f 4255 4113 4253
f 4253 4113 4111
f 4115 4257 4116
f 4281 4283 4139
f 4283 4141 4139
f 4282 4140 4284
f 4311 4169 4167
f 4309 4311 4167
f 4310 4166 4168
f 4308 4166 4310
f 4309 4167 4165
f 4307 4309 4165
f 4308 4164 4166
f 4306 4164 4308
f 4307 4165 4163
f 4305 4307 4163
f 4306 4162 4164
f 4304 4162 4306
f 4305 4163 4161
f 4303 4305 4161
f 4304 4160 4162
f 4310 4168 4312
f 4312 4168 4170
f 4311 4313 4169
f 4313 4171 4169
f 4321 4179 4177
f 4319 4321 4177
f 4320 4176 4178
f 4318 4176 4320
f 4319 4177 4175
f 4317 4319 4175
f 4318 4174 4176
f 4302 4160 4304
f 4316 4174 4318
f 4315 4317 4173
f 4316 4172 4174
f 4314 4172 4316
f 4315 4173 4171
f 4313 4315 4171
f 4314 4170 4172
f 4312 4170 4314
f 4317 4175 4173
f 4303 4161 4159
f 4301 4303 4159
f 4302 4158 4160
f 4290 4148 4292
f 4291 4149 4147
f 4289 4291 4147
f 4290 4146 4148
f 4288 4146 4290
f 4289 4147 4145
f 4287 4289 4145
f 4292 4148 4150
f 4288 4144 4146
f 4287 4145 4143
f 4285 4287 4143
f 4286 4142 4144
f 4284 4142 4286
f 4285 4143 4141
f 4283 4285 4141
f 4284 4140 4142
f 4286 4144 4288
f 4243 4245 4101
f 4291 4293 4149
f 4292 4150 4294
f 4300 4158 4302
f 4301 4159 4157
f 4299 4301 4157
f 4300 4156 4158
f 4298 4156 4300
f 4299 4157 4155
f 4297 4299 4155
f 4293 4151 4149
f 4298 4154 4156
f 4297 4155 4153
f 4295 4297 4153
f 4296 4152 4154
f 4294 4152 4296
f 4295 4153 4151
f 4293 4295 4151
f 4294 4150 4152
f 4296 4154 4298
f 4320 4178 4322
f 4244 4100 4102
f 4243 4101 4099
f 4193 4051 4049
f 4191 4193 4049
f 4192 4048 4050
f 4190 4048 4192
f 4191 4049 4047
f 4189 4191 4047
f 4190 4046 4048
f 4188 4046 4190
f 4189 4047 4045
f 4187 4189 4045
f 4188 4044 4046
f 4186 4044 4188
f 4187 4045 4043
f 4185 4187 4043
f 4186 4042 4044
f 4192 4050 4194
f 4194 4050 4052
f 4193 4195 4051
f 4195 4053 4051
f 4203 4061 4059
f 4201 4203 4059
f 4202 4058 4060
f 4200 4058 4202
f 4201 4059 4057
f 4199 4201 4057
f 4200 4056 4058
f 4184 4042 4186
f 4198 4056 4200
f 4197 4199 4055
f 4198 4054 4056
f 4196 4054 4198
f 4197 4055 4053
f 4195 4197 4053
f 4196 4052 4054
f 4194 4052 4196
f 4199 4057 4055
f 4202 4060 4204
f 4185 4043 4041
f 4184 4040 4042
f 4172 4030 4174
f 4173 4031 4029
f 4171 4173 4029
f 4172 4028 4030
f 4170 4028 4172
f 4171 4029 4027
f 4169 4171 4027
f 4170 4026 4028
f 4168 4026 4170
f 4169 4027 4025
f 4167 4169 4025
f 4168 4024 4026
f 4166 4024 4168
f 4167 4025 4023
f 4165 4167 4023
f 4174 4030 4032
f 4173 4175 4031
f 4175 4033 4031
f 4174 4032 4176
f 4182 4040 4184
f 4183 4041 4039
f 4181 4183 4039
f 4182 4038 4040
f 4180 4038 4182
f 4181 4039 4037
f 4179 4181 4037
f 4183 4185 4041
f 4180 4036 4038
f 4179 4037 4035
f 4177 4179 4035
f 4178 4034 4036
f 4176 4034 4178
f 4177 4035 4033
f 4175 4177 4033
f 4176 4032 4034
f 4178 4036 4180
f 4204 4060 4062
f 4203 4205 4061
f 4205 4063 4061
f 4231 4233 4089
f 4232 4088 4090
f 4230 4088 4232
f 4231 4089 4087
f 4229 4231 4087
f 4230 4086 4088
f 4228 4086 4230
f 4229 4087 4085
f 4227 4229 4085
f 4228 4084 4086
f 4226 4084 4228
f 4227 4085 4083
f 4225 4227 4083
f 4226 4082 4084
f 4224 4082 4226
f 4233 4091 4089
f 4232 4090 4234
f 4234 4090 4092
f 4233 4235 4091
f 4241 4243 4099
f 4242 4098 4100
f 4240 4098 4242
f 4241 4099 4097
f 4239 4241 4097
f 4240 4096 4098
f 4238 4096 4240
f 4225 4083 4081
f 4239 4097 4095
f 4238 4094 4096
f 4236 4094 4238
f 4237 4095 4093
f 4235 4237 4093
f 4236 4092 4094
f 4234 4092 4236
f 4235 4093 4091
f 4237 4239 4095
f 4223 4225 4081
f 4224 4080 4082
f 4222 4080 4224
f 4213 4071 4069
f 4211 4213 4069
f 4212 4068 4070
f 4210 4068 4212
f 4211 4069 4067
f 4209 4211 4067
f 4210 4066 4068
f 4212 4070 4214
f 4208 4066 4210
f 4207 4209 4065
f 4208 4064 4066
f 4206 4064 4208
f 4207 4065 4063
f 4205 4207 4063
f 4206 4062 4064
f 4204 4062 4206
f 4209 4067 4065
f 4242 4100 4244
f 4214 4070 4072
f 4215 4073 4071
f 4223 4081 4079
f 4221 4223 4079
f 4222 4078 4080
f 4220 4078 4222
f 4221 4079 4077
f 4219 4221 4077
f 4220 4076 4078
f 4213 4215 4071
f 4218 4076 4220
f 4217 4219 4075
f 4218 4074 4076
f 4216 4074 4218
f 4217 4075 4073
f 4215 4217 4073
f 4216 4072 4074
f 4214 4072 4216
f 4219 4077 4075
f 4322 4178 4180
f 4321 4323 4179
f 4323 4181 4179
f 4429 4287 4285
f 4427 4429 4285
f 4428 4284 4286
f 4426 4284 4428
f 4427 4285 4283
f 4425 4427 4283
f 4426 4282 4284
f 4424 4282 4426
f 4425 4283 4281
f 4423 4425 4281
f 4424 4280 4282
f 4422 4280 4424
f 4423 4281 4279
f 4421 4423 4279
f 4422 4278 4280
f 4428 4286 4430
f 4430 4286 4288
f 4429 4431 4287
f 4431 4289 4287
f 4439 4297 4295
f 4437 4439 4295
f 4438 4294 4296
f 4436 4294 4438
f 4437 4295 4293
f 4435 4437 4293
f 4436 4292 4294
f 4420 4278 4422
f 4434 4292 4436
f 4433 4435 4291
f 4434 4290 4292
f 4432 4290 4434
f 4433 4291 4289
f 4431 4433 4289
f 4432 4288 4290
f 4430 4288 4432
f 4435 4293 4291
f 4438 4296 4440
f 4421 4279 4277
f 4420 4276 4278
f 4408 4266 4410
f 4409 4267 4265
f 4407 4409 4265
f 4408 4264 4266
f 4406 4264 4408
f 4407 4265 4263
f 4405 4407 4263
f 4406 4262 4264
f 4404 4262 4406
f 4405 4263 4261
f 4403 4405 4261
f 4404 4260 4262
f 4402 4260 4404
f 4403 4261 4258
f 4400 4403 4258
f 4410 4266 4268
f 4409 4411 4267
f 4411 4269 4267
f 4410 4268 4412
f 4418 4276 4420
f 4419 4277 4275
f 4417 4419 4275
f 4418 4274 4276
f 4416 4274 4418
f 4417 4275 4273
f 4415 4417 4273
f 4419 4421 4277
f 4416 4272 4274
f 4415 4273 4271
f 4413 4415 4271
f 4414 4270 4272
f 4412 4270 4414
f 4413 4271 4269
f 4411 4413 4269
f 4412 4268 4270
f 4414 4272 4416
f 4440 4296 4298
f 4439 4441 4297
f 4441 4299 4297
f 4467 4469 4325
f 4468 4324 4326
f 4466 4324 4468
f 4467 4325 4323
f 4465 4467 4323
f 4466 4322 4324
f 4464 4322 4466
f 4465 4323 4321
f 4463 4465 4321
f 4464 4320 4322
f 4462 4320 4464
f 4463 4321 4319
f 4461 4463 4319
f 4462 4318 4320
f 4460 4318 4462
f 4469 4327 4325
f 4468 4326 4470
f 4470 4326 4328
f 4469 4471 4327
f 4477 4479 4335
f 4478 4334 4336
f 4476 4334 4478
f 4477 4335 4333
f 4475 4477 4333
f 4476 4332 4334
f 4474 4332 4476
f 4461 4319 4317
f 4475 4333 4331
f 4474 4330 4332
f 4472 4330 4474
f 4473 4331 4329
f 4471 4473 4329
f 4472 4328 4330
f 4470 4328 4472
f 4471 4329 4327
f 4473 4475 4331
f 4459 4461 4317
f 4460 4316 4318
f 4458 4316 4460
f 4449 4307 4305
f 4447 4449 4305
f 4448 4304 4306
f 4446 4304 4448
f 4447 4305 4303
f 4445 4447 4303
f 4446 4302 4304
f 4448 4306 4450
f 4444 4302 4446
f 4443 4445 4301
f 4444 4300 4302
f 4442 4300 4444
f 4443 4301 4299
f 4441 4443 4299
f 4442 4298 4300
f 4440 4298 4442
f 4445 4303 4301
f 4260 4402 4259
f 4450 4306 4308
f 4451 4309 4307
f 4459 4317 4315
f 4457 4459 4315
f 4458 4314 4316
f 4456 4314 4458
f 4457 4315 4313
f 4455 4457 4313
f 4456 4312 4314
f 4449 4451 4307
f 4454 4312 4456
f 4453 4455 4311
f 4454 4310 4312
f 4452 4310 4454
f 4453 4311 4309
f 4451 4453 4309
f 4452 4308 4310
f 4450 4308 4452
f 4455 4313 4311
f 4259 4402 4401
f 4257 4259 4401
f 4399 4257 4401
f 4349 4351 4207
f 4350 4206 4208
f 4348 4206 4350
f 4349 4207 4205
f 4347 4349 4205
f 4348 4204 4206
f 4346 4204 4348
f 4347 4205 4203
f 4345 4347 4203
f 4346 4202 4204
f 4344 4202 4346
f 4345 4203 4201
f 4343 4345 4201
f 4344 4200 4202
f 4342 4200 4344
f 4351 4209 4207
f 4350 4208 4352
f 4352 4208 4210
f 4351 4353 4209
f 4359 4361 4217
f 4360 4216 4218
f 4358 4216 4360
f 4359 4217 4215
f 4357 4359 4215
f 4358 4214 4216
f 4356 4214 4358
f 4343 4201 4199
f 4357 4215 4213
f 4356 4212 4214
f 4354 4212 4356
f 4355 4213 4211
f 4353 4355 4211
f 4354 4210 4212
f 4352 4210 4354
f 4353 4211 4209
f 4355 4357 4213
f 4341 4343 4199
f 4342 4198 4200
f 4340 4198 4342
f 4331 4189 4187
f 4329 4331 4187
f 4330 4186 4188
f 4328 4186 4330
f 4329 4187 4185
f 4327 4329 4185
f 4328 4184 4186
f 4330 4188 4332
f 4326 4184 4328
f 4325 4327 4183
f 4326 4182 4184
f 4324 4182 4326
f 4325 4183 4181
f 4323 4325 4181
f 4324 4180 4182
f 4322 4180 4324
f 4327 4185 4183
f 4361 4219 4217
f 4332 4188 4190
f 4333 4191 4189
f 4341 4199 4197
f 4339 4341 4197
f 4340 4196 4198
f 4338 4196 4340
f 4339 4197 4195
f 4337 4339 4195
f 4338 4194 4196
f 4331 4333 4189
f 4336 4194 4338
f 4335 4337 4193
f 4336 4192 4194
f 4334 4192 4336
f 4335 4193 4191
f 4333 4335 4191
f 4334 4190 4192
f 4332 4190 4334
f 4337 4195 4193
f 4166 4022 4024
f 4360 4218 4362
f 4361 4363 4219
f 4390 4246 4248
f 4388 4246 4390
f 4389 4247 4245
f 4387 4389 4245
f 4388 4244 4246
f 4386 4244 4388
f 4387 4245 4243
f 4385 4387 4243
f 4386 4242 4244
f 4384 4242 4386
f 4385 4243 4241
f 4383 4385 4241
f 4384 4240 4242
f 4382 4240 4384
f 4383 4241 4239
f 4389 4391 4247
f 4391 4249 4247
f 4390 4248 4392
f 4392 4248 4250
f 4257 4399 4258
f 4258 4399 4400
f 4396 4254 4398
f 4398 4254 4256
f 4255 4398 4256
f 4397 4398 4255
f 4397 4255 4395
f 4381 4383 4239
f 4395 4255 4253
f 4394 4252 4396
f 4395 4253 4251
f 4393 4395 4251
f 4394 4250 4252
f 4392 4250 4394
f 4393 4251 4249
f 4391 4393 4249
f 4396 4252 4254
f 4382 4238 4240
f 4380 4238 4382
f 4381 4239 4237
f 4369 4371 4227
f 4370 4226 4228
f 4368 4226 4370
f 4369 4227 4225
f 4367 4369 4225
f 4368 4224 4226
f 4366 4224 4368
f 4371 4229 4227
f 4367 4225 4223
f 4366 4222 4224
f 4364 4222 4366
f 4365 4223 4221
f 4363 4365 4221
f 4364 4220 4222
f 4362 4220 4364
f 4363 4221 4219
f 4365 4367 4223
f 4362 4218 4220
f 4370 4228 4372
f 4371 4373 4229
f 4379 4381 4237
f 4380 4236 4238
f 4378 4236 4380
f 4379 4237 4235
f 4377 4379 4235
f 4378 4234 4236
f 4376 4234 4378
f 4372 4228 4230
f 4377 4235 4233
f 4376 4232 4234
f 4374 4232 4376
f 4375 4233 4231
f 4373 4375 4231
f 4374 4230 4232
f 4372 4230 4374
f 4373 4231 4229
f 4375 4377 4233
f 4164 4022 4166
f 4165 4023 4021
f 4163 4165 4021
f 3957 3815 3813
f 3955 3957 3813
f 3956 3812 3814
f 3954 3812 3956
f 3955 3813 3811
f 3953 3955 3811
f 3954 3810 3812
f 3952 3810 3954
f 3953 3811 3809
f 3951 3953 3809
f 3952 3808 3810
f 3950 3808 3952
f 3951 3809 3807
f 3949 3951 3807
f 3950 3806 3808
f 3956 3814 3958
f 3958 3814 3816
f 3957 3959 3815
f 3959 3817 3815
f 3967 3825 3823
f 3965 3967 3823
f 3966 3822 3824
f 3964 3822 3966
f 3965 3823 3821
f 3963 3965 3821
f 3964 3820 3822
f 3948 3806 3950
f 3962 3820 3964
f 3961 3963 3819
f 3962 3818 3820
f 3960 3818 3962
f 3961 3819 3817
f 3959 3961 3817
f 3960 3816 3818
f 3958 3816 3960
f 3963 3821 3819
f 3966 3824 3968
f 3949 3807 3805
f 3948 3804 3806
f 3936 3794 3938
f 3937 3795 3793
f 3935 3937 3793
f 3936 3792 3794
f 3934 3792 3936
f 3935 3793 3791
f 3933 3935 3791
f 3934 3790 3792
f 3932 3790 3934
f 3933 3791 3789
f 3931 3933 3789
f 3932 3788 3790
f 3930 3788 3932
f 3931 3789 3787
f 3929 3931 3787
f 3938 3794 3796
f 3937 3939 3795
f 3939 3797 3795
f 3938 3796 3940
f 3946 3804 3948
f 3947 3805 3803
f 3945 3947 3803
f 3946 3802 3804
f 3944 3802 3946
f 3945 3803 3801
f 3943 3945 3801
f 3947 3949 3805
f 3944 3800 3802
f 3943 3801 3799
f 3941 3943 3799
f 3942 3798 3800
f 3940 3798 3942
f 3941 3799 3797
f 3939 3941 3797
f 3940 3796 3798
f 3942 3800 3944
f 3968 3824 3826
f 3967 3969 3825
f 3969 3827 3825
f 3995 3997 3853
f 3996 3852 3854
f 3994 3852 3996
f 3995 3853 3851
f 3993 3995 3851
f 3994 3850 3852
f 3992 3850 3994
f 3993 3851 3849
f 3991 3993 3849
f 3992 3848 3850
f 3990 3848 3992
f 3991 3849 3847
f 3989 3991 3847
f 3990 3846 3848
f 3988 3846 3990
f 3997 3855 3853
f 3996 3854 3998
f 3998 3854 3856
f 3997 3999 3855
f 4005 4007 3863
f 4006 3862 3864
f 4004 3862 4006
f 4005 3863 3861
f 4003 4005 3861
f 4004 3860 3862
f 4002 3860 4004
f 3989 3847 3845
f 4003 3861 3859
f 4002 3858 3860
f 4000 3858 4002
f 4001 3859 3857
f 3999 4001 3857
f 4000 3856 3858
f 3998 3856 4000
f 3999 3857 3855
f 4001 4003 3859
f 3987 3989 3845
f 3988 3844 3846
f 3986 3844 3988
f 3977 3835 3832
f 3974 3977 3832
f 3834 3976 3833
f 3833 3976 3975
f 3831 3833 3975
f 3973 3831 3975
f 3831 3973 3832
f 3976 3834 3978
f 3832 3973 3974
f 3972 3828 3830
f 3829 3972 3830
f 3971 3972 3829
f 3971 3829 3969
f 3969 3829 3827
f 3970 3826 3828
f 3968 3826 3970
f 3970 3828 3972
f 3930 3786 3788
f 3978 3834 3836
f 3979 3837 3835
f 3987 3845 3843
f 3985 3987 3843
f 3986 3842 3844
f 3984 3842 3986
f 3985 3843 3841
f 3983 3985 3841
f 3984 3840 3842
f 3977 3979 3835
f 3982 3840 3984
f 3981 3983 3839
f 3982 3838 3840
f 3980 3838 3982
f 3981 3839 3837
f 3979 3981 3837
f 3980 3836 3838
f 3978 3836 3980
f 3983 3841 3839
f 3928 3786 3930
f 3929 3787 3785
f 3927 3929 3785
f 3877 3879 3735
f 3878 3734 3736
f 3876 3734 3878
f 3877 3735 3733
f 3875 3877 3733
f 3876 3732 3734
f 3874 3732 3876
f 3875 3733 3731
f 3873 3875 3731
f 3874 3730 3732
f 3872 3730 3874
f 3873 3731 3729
f 3871 3873 3729
f 3872 3728 3730
f 3870 3728 3872
f 3879 3737 3735
f 3878 3736 3880
f 3880 3736 3738
f 3879 3881 3737
f 3887 3889 3745
f 3888 3744 3746
f 3886 3744 3888
f 3887 3745 3743
f 3885 3887 3743
f 3886 3742 3744
f 3884 3742 3886
f 3871 3729 3727
f 3885 3743 3741
f 3884 3740 3742
f 3882 3740 3884
f 3883 3741 3739
f 3881 3883 3739
f 3882 3738 3740
f 3880 3738 3882
f 3881 3739 3737
f 3883 3885 3741
f 3869 3871 3727
f 3870 3726 3728
f 3868 3726 3870
f 3859 3717 3715
f 3857 3859 3715
f 3858 3714 3716
f 3856 3714 3858
f 3857 3715 3713
f 3855 3857 3713
f 3856 3712 3714
f 3858 3716 3860
f 3854 3712 3856
f 3853 3855 3711
f 3854 3710 3712
f 3852 3710 3854
f 3853 3711 3709
f 3851 3853 3709
f 3852 3708 3710
f 3850 3708 3852
f 3855 3713 3711
f 3889 3747 3745
f 3860 3716 3718
f 3861 3719 3717
f 3869 3727 3725
f 3867 3869 3725
f 3868 3724 3726
f 3866 3724 3868
f 3867 3725 3723
f 3865 3867 3723
f 3866 3722 3724
f 3859 3861 3717
f 3864 3722 3866
f 3863 3865 3721
f 3864 3720 3722
f 3862 3720 3864
f 3863 3721 3719
f 3861 3863 3719
f 3862 3718 3720
f 3860 3718 3862
f 3865 3723 3721
f 4007 3865 3863
f 3888 3746 3890
f 3889 3891 3747
f 3918 3774 3776
f 3916 3774 3918
f 3917 3775 3773
f 3915 3917 3773
f 3916 3772 3774
f 3914 3772 3916
f 3915 3773 3771
f 3913 3915 3771
f 3914 3770 3772
f 3912 3770 3914
f 3913 3771 3769
f 3911 3913 3769
f 3912 3768 3770
f 3910 3768 3912
f 3911 3769 3767
f 3917 3919 3775
f 3919 3777 3775
f 3918 3776 3920
f 3920 3776 3778
f 3928 3784 3786
f 3926 3784 3928
f 3927 3785 3783
f 3925 3927 3783
f 3926 3782 3784
f 3924 3782 3926
f 3925 3783 3781
f 3909 3911 3767
f 3923 3925 3781
f 3922 3780 3924
f 3923 3781 3779
f 3921 3923 3779
f 3922 3778 3780
f 3920 3778 3922
f 3921 3779 3777
f 3919 3921 3777
f 3924 3780 3782
f 3910 3766 3768
f 3908 3766 3910
f 3909 3767 3765
f 3897 3899 3755
f 3898 3754 3756
f 3896 3754 3898
f 3897 3755 3753
f 3895 3897 3753
f 3896 3752 3754
f 3894 3752 3896
f 3899 3757 3755
f 3895 3753 3751
f 3894 3750 3752
f 3892 3750 3894
f 3893 3751 3749
f 3891 3893 3749
f 3892 3748 3750
f 3890 3748 3892
f 3891 3749 3747
f 3893 3895 3751
f 3890 3746 3748
f 3898 3756 3900
f 3899 3901 3757
f 3907 3909 3765
f 3908 3764 3766
f 3906 3764 3908
f 3907 3765 3763
f 3905 3907 3763
f 3906 3762 3764
f 3904 3762 3906
f 3900 3756 3758
f 3905 3763 3761
f 3904 3760 3762
f 3902 3760 3904
f 3903 3761 3759
f 3901 3903 3759
f 3902 3758 3760
f 3900 3758 3902
f 3901 3759 3757
f 3903 3905 3761
f 4479 4337 4335
f 4006 3864 4008
f 4007 4009 3865
f 4114 3970 3972
f 3971 4114 3972
f 4113 4114 3971
f 4113 3971 4111
f 4111 3971 3969
f 4112 3968 3970
f 4110 3968 4112
f 4111 3969 3967
f 4109 4111 3967
f 4110 3966 3968
f 4108 3966 4110
f 4109 3967 3965
f 4107 4109 3965
f 4108 3964 3966
f 4106 3964 4108
f 4112 3970 4114
f 3974 4115 4116
f 3973 4115 3974
f 4115 3973 4117
f 4123 4125 3981
f 4124 3980 3982
f 4122 3980 4124
f 4123 3981 3979
f 4121 4123 3979
f 4122 3978 3980
f 4120 3978 4122
f 4107 3965 3963
f 4121 3979 3977
f 4120 3976 3978
f 4118 3976 4120
f 4119 3977 3974
f 4116 4119 3974
f 3976 4118 3975
f 3975 4118 4117
f 3973 3975 4117
f 4119 4121 3977
f 4125 3983 3981
f 4105 4107 3963
f 4104 3962 4106
f 4095 3953 3951
f 4093 4095 3951
f 4094 3950 3952
f 4092 3950 4094
f 4093 3951 3949
f 4091 4093 3949
f 4092 3948 3950
f 4090 3948 4092
f 4091 3949 3947
f 4089 4091 3947
f 4090 3946 3948
f 4088 3946 4090
f 4089 3947 3945
f 4087 4089 3945
f 4088 3944 3946
f 4094 3952 4096
f 4096 3952 3954
f 4095 4097 3953
f 4097 3955 3953
f 4105 3963 3961
f 4103 4105 3961
f 4104 3960 3962
f 4102 3960 4104
f 4103 3961 3959
f 4101 4103 3959
f 4102 3958 3960
f 4106 3962 3964
f 4100 3958 4102
f 4099 4101 3957
f 4100 3956 3958
f 4098 3956 4100
f 4099 3957 3955
f 4097 4099 3955
f 4098 3954 3956
f 4096 3954 4098
f 4101 3959 3957
f 4124 3982 4126
f 4126 3982 3984
f 4125 4127 3983
f 4154 4010 4012
f 4152 4010 4154
f 4153 4011 4009
f 4151 4153 4009
f 4152 4008 4010
f 4150 4008 4152
f 4151 4009 4007
f 4149 4151 4007
f 4150 4006 4008
f 4148 4006 4150
f 4149 4007 4005
f 4147 4149 4005
f 4148 4004 4006
f 4146 4004 4148
f 4147 4005 4003
f 4153 4155 4011
f 4155 4013 4011
f 4154 4012 4156
f 4156 4012 4014
f 4164 4020 4022
f 4162 4020 4164
f 4163 4021 4019
f 4161 4163 4019
f 4162 4018 4020
f 4160 4018 4162
f 4161 4019 4017
f 4145 4147 4003
f 4159 4161 4017
f 4158 4016 4160
f 4159 4017 4015
f 4157 4159 4015
f 4158 4014 4016
f 4156 4014 4158
f 4157 4015 4013
f 4155 4157 4013
f 4160 4016 4018
f 4146 4002 4004
f 4144 4002 4146
f 4145 4003 4001
f 4133 4135 3991
f 4134 3990 3992
f 4132 3990 4134
f 4133 3991 3989
f 4131 4133 3989
f 4132 3988 3990
f 4130 3988 4132
f 4135 3993 3991
f 4131 3989 3987
f 4130 3986 3988
f 4128 3986 4130
f 4129 3987 3985
f 4127 4129 3985
f 4128 3984 3986
f 4126 3984 4128
f 4127 3985 3983
f 4129 4131 3987
f 4086 3944 4088
f 4134 3992 4136
f 4135 4137 3993
f 4143 4145 4001
f 4144 4000 4002
f 4142 4000 4144
f 4143 4001 3999
f 4141 4143 3999
f 4142 3998 4000
f 4140 3998 4142
f 4136 3992 3994
f 4141 3999 3997
f 4140 3996 3998
f 4138 3996 4140
f 4139 3997 3995
f 4137 4139 3995
f 4138 3994 3996
f 4136 3994 4138
f 4137 3995 3993
f 4139 4141 3997
f 4087 3945 3943
f 4085 4087 3943
f 4086 3942 3944
f 4036 3892 3894
f 4034 3892 4036
f 4035 3893 3891
f 4033 4035 3891
f 4034 3890 3892
f 4032 3890 4034
f 4033 3891 3889
f 4031 4033 3889
f 4032 3888 3890
f 4030 3888 4032
f 4031 3889 3887
f 4029 4031 3887
f 4030 3886 3888
f 4028 3886 4030
f 4029 3887 3885
f 4035 4037 3893
f 4037 3895 3893
f 4036 3894 4038
f 4038 3894 3896
f 4046 3902 3904
f 4044 3902 4046
f 4045 3903 3901
f 4043 4045 3901
f 4044 3900 3902
f 4042 3900 4044
f 4043 3901 3899
f 4027 4029 3885
f 4041 4043 3899
f 4040 3898 4042
f 4041 3899 3897
f 4039 4041 3897
f 4040 3896 3898
f 4038 3896 4040
f 4039 3897 3895
f 4037 4039 3895
f 4042 3898 3900
f 4028 3884 3886
f 4026 3884 4028
f 4027 3885 3883
f 4015 4017 3873
f 4016 3872 3874
f 4014 3872 4016
f 4015 3873 3871
f 4013 4015 3871
f 4014 3870 3872
f 4012 3870 4014
f 4017 3875 3873
f 4013 3871 3869
f 4012 3868 3870
f 4010 3868 4012
f 4011 3869 3867
f 4009 4011 3867
f 4010 3866 3868
f 4008 3866 4010
f 4009 3867 3865
f 4011 4013 3869
f 4045 4047 3903
f 4016 3874 4018
f 4017 4019 3875
f 4025 4027 3883
f 4026 3882 3884
f 4024 3882 4026
f 4025 3883 3881
f 4023 4025 3881
f 4024 3880 3882
f 4022 3880 4024
f 4018 3874 3876
f 4023 3881 3879
f 4022 3878 3880
f 4020 3878 4022
f 4021 3879 3877
f 4019 4021 3877
f 4020 3876 3878
f 4018 3876 4020
f 4019 3877 3875
f 4021 4023 3879
f 4008 3864 3866
f 4047 3905 3903
f 4048 3904 3906
f 4074 3932 4076
f 4075 3933 3931
f 4073 4075 3931
f 4074 3930 3932
f 4072 3930 4074
f 4073 3931 3929
f 4071 4073 3929
f 4072 3928 3930
f 4070 3928 4072
f 4071 3929 3927
f 4069 4071 3927
f 4070 3926 3928
f 4068 3926 4070
f 4069 3927 3925
f 4067 4069 3925
f 4076 3932 3934
f 4075 4077 3933
f 4077 3935 3933
f 4076 3934 4078
f 4084 3942 4086
f 4085 3943 3941
f 4083 4085 3941
f 4084 3940 3942
f 4082 3940 4084
f 4083 3941 3939
f 4081 4083 3939
f 4068 3924 3926
f 4082 3938 3940
f 4081 3939 3937
f 4079 4081 3937
f 4080 3936 3938
f 4078 3936 4080
f 4079 3937 3935
f 4077 4079 3935
f 4078 3934 3936
f 4080 3938 4082
f 4066 3924 4068
f 4067 3925 3923
f 4065 4067 3923
f 4056 3912 3914
f 4054 3912 4056
f 4055 3913 3911
f 4053 4055 3911
f 4054 3910 3912
f 4052 3910 4054
f 4053 3911 3909
f 4055 4057 3913
f 4051 4053 3909
f 4050 3908 4052
f 4051 3909 3907
f 4049 4051 3907
f 4050 3906 3908
f 4048 3906 4050
f 4049 3907 3905
f 4047 4049 3905
f 4052 3908 3910
f 4046 3904 4048
f 4057 3915 3913
f 4058 3914 3916
f 4066 3922 3924
f 4064 3922 4066
f 4065 3923 3921
f 4063 4065 3921
f 4064 3920 3922
f 4062 3920 4064
f 4063 3921 3919
f 4056 3914 4058
f 4061 4063 3919
f 4060 3918 4062
f 4061 3919 3917
f 4059 4061 3917
f 4060 3916 3918
f 4058 3916 4060
f 4059 3917 3915
f 4057 4059 3915
f 4062 3918 3920
f 3851 3709 3707
f 4478 4336 4480
f 4479 4481 4337
f 4901 4759 4757
f 4899 4901 4757
f 4900 4756 4758
f 4898 4756 4900
f 4899 4757 4755
f 4897 4899 4755
f 4898 4754 4756
f 4896 4754 4898
f 4897 4755 4753
f 4895 4897 4753
f 4896 4752 4754
f 4894 4752 4896
f 4895 4753 4751
f 4893 4895 4751
f 4894 4750 4752
f 4900 4758 4902
f 4902 4758 4760
f 4901 4903 4759
f 4903 4761 4759
f 4911 4769 4767
f 4909 4911 4767
f 4910 4766 4768
f 4908 4766 4910
f 4909 4767 4765
f 4907 4909 4765
f 4908 4764 4766
f 4892 4750 4894
f 4906 4764 4908
f 4905 4907 4763
f 4906 4762 4764
f 4904 4762 4906
f 4905 4763 4761
f 4903 4905 4761
f 4904 4760 4762
f 4902 4760 4904
f 4907 4765 4763
f 4910 4768 4912
f 4893 4751 4749
f 4892 4748 4750
f 4880 4738 4882
f 4881 4739 4737
f 4879 4881 4737
f 4880 4736 4738
f 4878 4736 4880
f 4879 4737 4735
f 4877 4879 4735
f 4878 4734 4736
f 4876 4734 4878
f 4877 4735 4733
f 4875 4877 4733
f 4876 4732 4734
f 4874 4732 4876
f 4875 4733 4731
f 4873 4875 4731
f 4882 4738 4740
f 4881 4883 4739
f 4883 4741 4739
f 4882 4740 4884
f 4890 4748 4892
f 4891 4749 4747
f 4889 4891 4747
f 4890 4746 4748
f 4888 4746 4890
f 4889 4747 4745
f 4887 4889 4745
f 4891 4893 4749
f 4888 4744 4746
f 4887 4745 4743
f 4885 4887 4743
f 4886 4742 4744
f 4884 4742 4886
f 4885 4743 4741
f 4883 4885 4741
f 4884 4740 4742
f 4886 4744 4888
f 4912 4768 4770
f 4911 4913 4769
f 4913 4771 4769
f 4939 4941 4797
f 4940 4796 4798
f 4938 4796 4940
f 4939 4797 4795
f 4937 4939 4795
f 4938 4794 4796
f 4936 4794 4938
f 4937 4795 4793
f 4935 4937 4793
f 4936 4792 4794
f 4934 4792 4936
f 4935 4793 4791
f 4933 4935 4791
f 4934 4790 4792
f 4932 4790 4934
f 4941 4799 4797
f 4940 4798 4942
f 4942 4798 4800
f 4941 4943 4799
f 4949 4951 4807
f 4950 4806 4808
f 4948 4806 4950
f 4949 4807 4805
f 4947 4949 4805
f 4948 4804 4806
f 4946 4804 4948
f 4933 4791 4789
f 4947 4805 4803
f 4946 4802 4804
f 4944 4802 4946
f 4945 4803 4801
f 4943 4945 4801
f 4944 4800 4802
f 4942 4800 4944
f 4943 4801 4799
f 4945 4947 4803
f 4931 4933 4789
f 4932 4788 4790
f 4930 4788 4932
f 4921 4779 4777
f 4919 4921 4777
f 4920 4776 4778
f 4918 4776 4920
f 4919 4777 4775
f 4917 4919 4775
f 4918 4774 4776
f 4920 4778 4922
f 4916 4774 4918
f 4915 4917 4773
f 4916 4772 4774
f 4914 4772 4916
f 4915 4773 4771
f 4913 4915 4771
f 4914 4770 4772
f 4912 4770 4914
f 4917 4775 4773
f 4874 4730 4732
f 4922 4778 4780
f 4923 4781 4779
f 4931 4789 4787
f 4929 4931 4787
f 4930 4786 4788
f 4928 4786 4930
f 4929 4787 4785
f 4927 4929 4785
f 4928 4784 4786
f 4921 4923 4779
f 4926 4784 4928
f 4925 4927 4783
f 4926 4782 4784
f 4924 4782 4926
f 4925 4783 4781
f 4923 4925 4781
f 4924 4780 4782
f 4922 4780 4924
f 4927 4785 4783
f 4951 4809 4807
f 4872 4730 4874
f 4871 4873 4729
f 4821 4681 4679
f 4822 4678 4680
f 4820 4678 4822
f 4821 4679 4677
f 4819 4821 4677
f 4820 4676 4678
f 4818 4676 4820
f 4819 4677 4675
f 4817 4819 4675
f 4818 4674 4676
f 4816 4674 4818
f 4817 4675 4673
f 4815 4817 4673
f 4816 4672 4674
f 4814 4672 4816
f 4823 4681 4821
f 4823 4824 4681
f 4681 4824 4682
f 4824 4680 4682
f 4831 4833 4689
f 4832 4688 4690
f 4830 4688 4832
f 4831 4689 4687
f 4829 4831 4687
f 4830 4686 4688
f 4828 4686 4830
f 4815 4673 4671
f 4829 4687 4684
f 4686 4828 4685
f 4685 4828 4827
f 4683 4685 4827
f 4825 4683 4827
f 4683 4825 4684
f 4684 4825 4826
f 4822 4680 4824
f 4826 4829 4684
f 4833 4691 4689
f 4813 4815 4671
f 4812 4670 4814
f 4803 4661 4659
f 4801 4803 4659
f 4802 4658 4660
f 4800 4658 4802
f 4801 4659 4657
f 4799 4801 4657
f 4800 4656 4658
f 4798 4656 4800
f 4799 4657 4655
f 4797 4799 4655
f 4798 4654 4656
f 4796 4654 4798
f 4797 4655 4653
f 4795 4797 4653
f 4796 4652 4654
f 4802 4660 4804
f 4804 4660 4662
f 4803 4805 4661
f 4805 4663 4661
f 4813 4671 4669
f 4811 4813 4669
f 4812 4668 4670
f 4810 4668 4812
f 4811 4669 4667
f 4809 4811 4667
f 4810 4666 4668
f 4814 4670 4672
f 4808 4666 4810
f 4807 4809 4665
f 4808 4664 4666
f 4806 4664 4808
f 4807 4665 4663
f 4805 4807 4663
f 4806 4662 4664
f 4804 4662 4806
f 4809 4667 4665
f 4832 4690 4834
f 4834 4690 4692
f 4833 4835 4691
f 4862 4718 4720
f 4860 4718 4862
f 4861 4719 4717
f 4859 4861 4717
f 4860 4716 4718
f 4858 4716 4860
f 4859 4717 4715
f 4857 4859 4715
f 4858 4714 4716
f 4856 4714 4858
f 4857 4715 4713
f 4855 4857 4713
f 4856 4712 4714
f 4854 4712 4856
f 4855 4713 4711
f 4861 4863 4719
f 4863 4721 4719
f 4862 4720 4864
f 4864 4720 4722
f 4872 4728 4730
f 4870 4728 4872
f 4871 4729 4727
f 4869 4871 4727
f 4870 4726 4728
f 4868 4726 4870
f 4869 4727 4725
f 4853 4855 4711
f 4867 4869 4725
f 4866 4724 4868
f 4867 4725 4723
f 4865 4867 4723
f 4866 4722 4724
f 4864 4722 4866
f 4865 4723 4721
f 4863 4865 4721
f 4868 4724 4726
f 4854 4710 4712
f 4852 4710 4854
f 4853 4711 4709
f 4841 4843 4699
f 4842 4698 4700
f 4840 4698 4842
f 4841 4699 4697
f 4839 4841 4697
f 4840 4696 4698
f 4838 4696 4840
f 4843 4701 4699
f 4839 4697 4695
f 4838 4694 4696
f 4836 4694 4838
f 4837 4695 4693
f 4835 4837 4693
f 4836 4692 4694
f 4834 4692 4836
f 4835 4693 4691
f 4837 4839 4695
f 4873 4731 4729
f 4842 4700 4844
f 4843 4845 4701
f 4851 4853 4709
f 4852 4708 4710
f 4850 4708 4852
f 4851 4709 4707
f 4849 4851 4707
f 4850 4706 4708
f 4848 4706 4850
f 4844 4700 4702
f 4849 4707 4705
f 4848 4704 4706
f 4846 4704 4848
f 4847 4705 4703
f 4845 4847 4703
f 4846 4702 4704
f 4844 4702 4846
f 4845 4703 4701
f 4847 4849 4705
f 4950 4808 4952
f 4952 4808 4810
f 4951 4953 4809
f 5057 5059 4915
f 5058 4914 4916
f 5056 4914 5058
f 5057 4915 4913
f 5055 5057 4913
f 5056 4912 4914
f 5054 4912 5056
f 5055 4913 4911
f 5053 5055 4911
f 5054 4910 4912
f 5052 4910 5054
f 5053 4911 4909
f 5051 5053 4909
f 5052 4908 4910
f 5050 4908 5052
f 5059 4917 4915
f 5058 4916 5060
f 5060 4916 4918
f 5059 5061 4917
f 5067 5069 4925
f 5068 4924 4926
f 5066 4924 5068
f 5067 4925 4923
f 5065 5067 4923
f 5066 4922 4924
f 5064 4922 5066
f 5051 4909 4907
f 5065 4923 4921
f 5064 4920 4922
f 5062 4920 5064
f 5063 4921 4919
f 5061 5063 4919
f 5062 4918 4920
f 5060 4918 5062
f 5061 4919 4917
f 5063 5065 4921
f 5069 4927 4925
f 5049 5051 4907
f 5048 4906 5050
f 5039 4897 4895
f 5037 5039 4895
f 5038 4894 4896
f 5036 4894 5038
f 5037 4895 4893
f 5035 5037 4893
f 5036 4892 4894
f 5034 4892 5036
f 5035 4893 4891
f 5033 5035 4891
f 5034 4890 4892
f 5032 4890 5034
f 5033 4891 4889
f 5031 5033 4889
f 5032 4888 4890
f 5038 4896 5040
f 5040 4896 4898
f 5039 5041 4897
f 5041 4899 4897
f 5049 4907 4905
f 5047 5049 4905
f 5048 4904 4906
f 5046 4904 5048
f 5047 4905 4903
f 5045 5047 4903
f 5046 4902 4904
f 5050 4906 4908
f 5044 4902 5046
f 5043 5045 4901
f 5044 4900 4902
f 5042 4900 5044
f 5043 4901 4899
f 5041 5043 4899
f 5042 4898 4900
f 5040 4898 5042
f 5045 4903 4901
f 5068 4926 5070
f 5070 4926 4928
f 5069 5071 4927
f 5098 4954 4956
f 5096 4954 5098
f 5097 4955 4953
f 5095 5097 4953
f 5096 4952 4954
f 5094 4952 5096
f 5095 4953 4951
f 5093 5095 4951
f 5094 4950 4952
f 5092 4950 5094
f 5093 4951 4949
f 5091 5093 4949
f 5092 4948 4950
f 5090 4948 5092
f 5091 4949 4947
f 5097 5099 4955
f 5099 4957 4955
f 5098 4956 5100
f 5100 4956 4958
f 4965 5108 4966
f 5107 5108 4965
f 5107 4965 5105
f 5105 4965 4963
f 5106 4962 4964
f 5104 4962 5106
f 5105 4963 4961
f 5089 5091 4947
f 5103 5105 4961
f 5102 4960 5104
f 5103 4961 4959
f 5101 5103 4959
f 5102 4958 4960
f 5100 4958 5102
f 5101 4959 4957
f 5099 5101 4957
f 5104 4960 4962
f 5090 4946 4948
f 5088 4946 5090
f 5089 4947 4945
f 5077 5079 4935
f 5078 4934 4936
f 5076 4934 5078
f 5077 4935 4933
f 5075 5077 4933
f 5076 4932 4934
f 5074 4932 5076
f 5079 4937 4935
f 5075 4933 4931
f 5074 4930 4932
f 5072 4930 5074
f 5073 4931 4929
f 5071 5073 4929
f 5072 4928 4930
f 5070 4928 5072
f 5071 4929 4927
f 5073 5075 4931
f 5030 4888 5032
f 5078 4936 5080
f 5079 5081 4937
f 5087 5089 4945
f 5088 4944 4946
f 5086 4944 5088
f 5087 4945 4943
f 5085 5087 4943
f 5086 4942 4944
f 5084 4942 5086
f 5080 4936 4938
f 5085 4943 4941
f 5084 4940 4942
f 5082 4940 5084
f 5083 4941 4939
f 5081 5083 4939
f 5082 4938 4940
f 5080 4938 5082
f 5081 4939 4937
f 5083 5085 4941
f 5031 4889 4887
f 5029 5031 4887
f 5030 4886 4888
f 4980 4836 4838
f 4978 4836 4980
f 4979 4837 4835
f 4977 4979 4835
f 4978 4834 4836
f 4976 4834 4978
f 4977 4835 4833
f 4975 4977 4833
f 4976 4832 4834
f 4974 4832 4976
f 4975 4833 4831
f 4973 4975 4831
f 4974 4830 4832
f 4972 4830 4974
f 4973 4831 4829
f 4979 4981 4837
f 4981 4839 4837
f 4980 4838 4982
f 4982 4838 4840
f 4990 4846 4848
f 4988 4846 4990
f 4989 4847 4845
f 4987 4989 4845
f 4988 4844 4846
f 4986 4844 4988
f 4987 4845 4843
f 4971 4973 4829
f 4985 4987 4843
f 4984 4842 4986
f 4985 4843 4841
f 4983 4985 4841
f 4984 4840 4842
f 4982 4840 4984
f 4983 4841 4839
f 4981 4983 4839
f 4986 4842 4844
f 4972 4828 4830
f 4970 4828 4972
f 4971 4829 4826
f 4959 4961 4817
f 4960 4816 4818
f 4958 4816 4960
f 4959 4817 4815
f 4957 4959 4815
f 4958 4814 4816
f 4956 4814 4958
f 4961 4819 4817
f 4957 4815 4813
f 4956 4812 4814
f 4954 4812 4956
f 4955 4813 4811
f 4953 4955 4811
f 4954 4810 4812
f 4952 4810 4954
f 4953 4811 4809
f 4955 4957 4813
f 4989 4991 4847
f 4960 4818 4962
f 4961 4963 4819
f 4968 4971 4826
f 4828 4970 4827
f 4827 4970 4969
f 4825 4827 4969
f 4967 4825 4969
f 4825 4967 4826
f 4826 4967 4968
f 4962 4818 4820
f 4964 4822 4966
f 4823 4966 4824
f 4965 4966 4823
f 4965 4823 4963
f 4963 4823 4821
f 4964 4820 4822
f 4962 4820 4964
f 4963 4821 4819
f 4966 4822 4824
f 4794 4652 4796
f 4991 4849 4847
f 4992 4848 4850
f 5018 4876 5020
f 5019 4877 4875
f 5017 5019 4875
f 5018 4874 4876
f 5016 4874 5018
f 5017 4875 4873
f 5015 5017 4873
f 5016 4872 4874
f 5014 4872 5016
f 5015 4873 4871
f 5013 5015 4871
f 5014 4870 4872
f 5012 4870 5014
f 5013 4871 4869
f 5011 5013 4869
f 5020 4876 4878
f 5019 5021 4877
f 5021 4879 4877
f 5020 4878 5022
f 5028 4886 5030
f 5029 4887 4885
f 5027 5029 4885
f 5028 4884 4886
f 5026 4884 5028
f 5027 4885 4883
f 5025 5027 4883
f 5012 4868 4870
f 5026 4882 4884
f 5025 4883 4881
f 5023 5025 4881
f 5024 4880 4882
f 5022 4880 5024
f 5023 4881 4879
f 5021 5023 4879
f 5022 4878 4880
f 5024 4882 5026
f 5010 4868 5012
f 5011 4869 4867
f 5009 5011 4867
f 5000 4856 4858
f 4998 4856 5000
f 4999 4857 4855
f 4997 4999 4855
f 4998 4854 4856
f 4996 4854 4998
f 4997 4855 4853
f 4999 5001 4857
f 4995 4997 4853
f 4994 4852 4996
f 4995 4853 4851
f 4993 4995 4851
f 4994 4850 4852
f 4992 4850 4994
f 4993 4851 4849
f 4991 4993 4849
f 4996 4852 4854
f 4990 4848 4992
f 5001 4859 4857
f 5002 4858 4860
f 5010 4866 4868
f 5008 4866 5010
f 5009 4867 4865
f 5007 5009 4865
f 5008 4864 4866
f 5006 4864 5008
f 5007 4865 4863
f 5000 4858 5002
f 5005 5007 4863
f 5004 4862 5006
f 5005 4863 4861
f 5003 5005 4861
f 5004 4860 4862
f 5002 4860 5004
f 5003 4861 4859
f 5001 5003 4859
f 5006 4862 4864
f 4795 4653 4651
f 4793 4795 4651
f 4794 4650 4652
f 4585 4587 4443
f 4586 4442 4444
f 4584 4442 4586
f 4585 4443 4441
f 4583 4585 4441
f 4584 4440 4442
f 4582 4440 4584
f 4583 4441 4439
f 4581 4583 4439
f 4582 4438 4440
f 4580 4438 4582
f 4581 4439 4437
f 4579 4581 4437
f 4580 4436 4438
f 4578 4436 4580
f 4587 4445 4443
f 4586 4444 4588
f 4588 4444 4446
f 4587 4589 4445
f 4595 4597 4453
f 4596 4452 4454
f 4594 4452 4596
f 4595 4453 4451
f 4593 4595 4451
f 4594 4450 4452
f 4592 4450 4594
f 4579 4437 4435
f 4593 4451 4449
f 4592 4448 4450
f 4590 4448 4592
f 4591 4449 4447
f 4589 4591 4447
f 4590 4446 4448
f 4588 4446 4590
f 4589 4447 4445
f 4591 4593 4449
f 4597 4455 4453
f 4577 4579 4435
f 4576 4434 4578
f 4567 4425 4423
f 4565 4567 4423
f 4566 4422 4424
f 4564 4422 4566
f 4565 4423 4421
f 4563 4565 4421
f 4564 4420 4422
f 4562 4420 4564
f 4563 4421 4419
f 4561 4563 4419
f 4562 4418 4420
f 4560 4418 4562
f 4561 4419 4417
f 4559 4561 4417
f 4560 4416 4418
f 4566 4424 4568
f 4568 4424 4426
f 4567 4569 4425
f 4569 4427 4425
f 4577 4435 4433
f 4575 4577 4433
f 4576 4432 4434
f 4574 4432 4576
f 4575 4433 4431
f 4573 4575 4431
f 4574 4430 4432
f 4578 4434 4436
f 4572 4430 4574
f 4571 4573 4429
f 4572 4428 4430
f 4570 4428 4572
f 4571 4429 4427
f 4569 4571 4427
f 4570 4426 4428
f 4568 4426 4570
f 4573 4431 4429
f 4596 4454 4598
f 4598 4454 4456
f 4597 4599 4455
f 4626 4482 4484
f 4624 4482 4626
f 4625 4483 4481
f 4623 4625 4481
f 4624 4480 4482
f 4622 4480 4624
f 4623 4481 4479
f 4621 4623 4479
f 4622 4478 4480
f 4620 4478 4622
f 4621 4479 4477
f 4619 4621 4477
f 4620 4476 4478
f 4618 4476 4620
f 4619 4477 4475
f 4625 4627 4483
f 4627 4485 4483
f 4626 4484 4628
f 4628 4484 4486
f 4636 4492 4494
f 4634 4492 4636
f 4635 4493 4491
f 4633 4635 4491
f 4634 4490 4492
f 4632 4490 4634
f 4633 4491 4489
f 4617 4619 4475
f 4631 4633 4489
f 4630 4488 4632
f 4631 4489 4487
f 4629 4631 4487
f 4630 4486 4488
f 4628 4486 4630
f 4629 4487 4485
f 4627 4629 4485
f 4632 4488 4490
f 4618 4474 4476
f 4616 4474 4618
f 4617 4475 4473
f 4605 4607 4463
f 4606 4462 4464
f 4604 4462 4606
f 4605 4463 4461
f 4603 4605 4461
f 4604 4460 4462
f 4602 4460 4604
f 4607 4465 4463
f 4603 4461 4459
f 4602 4458 4460
f 4600 4458 4602
f 4601 4459 4457
f 4599 4601 4457
f 4600 4456 4458
f 4598 4456 4600
f 4599 4457 4455
f 4601 4603 4459
f 4558 4416 4560
f 4606 4464 4608
f 4607 4609 4465
f 4615 4617 4473
f 4616 4472 4474
f 4614 4472 4616
f 4615 4473 4471
f 4613 4615 4471
f 4614 4470 4472
f 4612 4470 4614
f 4608 4464 4466
f 4613 4471 4469
f 4612 4468 4470
f 4610 4468 4612
f 4611 4469 4467
f 4609 4611 4467
f 4610 4466 4468
f 4608 4466 4610
f 4609 4467 4465
f 4611 4613 4469
f 4559 4417 4415
f 4557 4559 4415
f 4558 4414 4416
f 4508 4364 4366
f 4506 4364 4508
f 4507 4365 4363
f 4505 4507 4363
f 4506 4362 4364
f 4504 4362 4506
f 4505 4363 4361
f 4503 4505 4361
f 4504 4360 4362
f 4502 4360 4504
f 4503 4361 4359
f 4501 4503 4359
f 4502 4358 4360
f 4500 4358 4502
f 4501 4359 4357
f 4507 4509 4365
f 4509 4367 4365
f 4508 4366 4510
f 4510 4366 4368
f 4518 4374 4376
f 4516 4374 4518
f 4517 4375 4373
f 4515 4517 4373
f 4516 4372 4374
f 4514 4372 4516
f 4515 4373 4371
f 4499 4501 4357
f 4513 4515 4371
f 4512 4370 4514
f 4513 4371 4369
f 4511 4513 4369
f 4512 4368 4370
f 4510 4368 4512
f 4511 4369 4367
f 4509 4511 4367
f 4514 4370 4372
f 4500 4356 4358
f 4498 4356 4500
f 4499 4357 4355
f 4487 4489 4345
f 4488 4344 4346
f 4486 4344 4488
f 4487 4345 4343
f 4485 4487 4343
f 4486 4342 4344
f 4484 4342 4486
f 4489 4347 4345
f 4485 4343 4341
f 4484 4340 4342
f 4482 4340 4484
f 4483 4341 4339
f 4481 4483 4339
f 4482 4338 4340
f 4480 4338 4482
f 4481 4339 4337
f 4483 4485 4341
f 4517 4519 4375
f 4488 4346 4490
f 4489 4491 4347
f 4497 4499 4355
f 4498 4354 4356
f 4496 4354 4498
f 4497 4355 4353
f 4495 4497 4353
f 4496 4352 4354
f 4494 4352 4496
f 4490 4346 4348
f 4495 4353 4351
f 4494 4350 4352
f 4492 4350 4494
f 4493 4351 4349
f 4491 4493 4349
f 4492 4348 4350
f 4490 4348 4492
f 4491 4349 4347
f 4493 4495 4351
f 4635 4637 4493
f 4519 4377 4375
f 4520 4376 4378
f 4546 4404 4548
f 4547 4405 4403
f 4545 4547 4403
f 4546 4402 4404
f 4544 4402 4546
f 4545 4403 4400
f 4542 4545 4400
f 4402 4544 4401
f 4401 4544 4543
f 4399 4401 4543
f 4541 4399 4543
f 4399 4541 4400
f 4400 4541 4542
f 4538 4396 4540
f 4540 4396 4398
f 4548 4404 4406
f 4547 4549 4405
f 4549 4407 4405
f 4548 4406 4550
f 4556 4414 4558
f 4557 4415 4413
f 4555 4557 4413
f 4556 4412 4414
f 4554 4412 4556
f 4555 4413 4411
f 4553 4555 4411
f 4397 4540 4398
f 4554 4410 4412
f 4553 4411 4409
f 4551 4553 4409
f 4552 4408 4410
f 4550 4408 4552
f 4551 4409 4407
f 4549 4551 4407
f 4550 4406 4408
f 4552 4410 4554
f 4539 4540 4397
f 4539 4397 4537
f 4537 4397 4395
f 4528 4384 4386
f 4526 4384 4528
f 4527 4385 4383
f 4525 4527 4383
f 4526 4382 4384
f 4524 4382 4526
f 4525 4383 4381
f 4527 4529 4385
f 4523 4525 4381
f 4522 4380 4524
f 4523 4381 4379
f 4521 4523 4379
f 4522 4378 4380
f 4520 4378 4522
f 4521 4379 4377
f 4519 4521 4377
f 4524 4380 4382
f 4518 4376 4520
f 4529 4387 4385
f 4530 4386 4388
f 4538 4394 4396
f 4536 4394 4538
f 4537 4395 4393
f 4535 4537 4393
f 4536 4392 4394
f 4534 4392 4536
f 4535 4393 4391
f 4528 4386 4530
f 4533 4535 4391
f 4532 4390 4534
f 4533 4391 4389
f 4531 4533 4389
f 4532 4388 4390
f 4530 4388 4532
f 4531 4389 4387
f 4529 4531 4387
f 4534 4390 4392
f 4480 4336 4338
f 4637 4495 4493
f 4638 4494 4496
f 4744 4600 4602
f 4742 4600 4744
f 4743 4601 4599
f 4741 4743 4599
f 4742 4598 4600
f 4740 4598 4742
f 4741 4599 4597
f 4739 4741 4597
f 4740 4596 4598
f 4738 4596 4740
f 4739 4597 4595
f 4737 4739 4595
f 4738 4594 4596
f 4736 4594 4738
f 4737 4595 4593
f 4743 4745 4601
f 4745 4603 4601
f 4744 4602 4746
f 4746 4602 4604
f 4754 4610 4612
f 4752 4610 4754
f 4753 4611 4609
f 4751 4753 4609
f 4752 4608 4610
f 4750 4608 4752
f 4751 4609 4607
f 4735 4737 4593
f 4749 4751 4607
f 4748 4606 4750
f 4749 4607 4605
f 4747 4749 4605
f 4748 4604 4606
f 4746 4604 4748
f 4747 4605 4603
f 4745 4747 4603
f 4750 4606 4608
f 4753 4755 4611
f 4736 4592 4594
f 4735 4593 4591
f 4723 4725 4581
f 4724 4580 4582
f 4722 4580 4724
f 4723 4581 4579
f 4721 4723 4579
f 4722 4578 4580
f 4720 4578 4722
f 4721 4579 4577
f 4719 4721 4577
f 4720 4576 4578
f 4718 4576 4720
f 4719 4577 4575
f 4717 4719 4575
f 4718 4574 4576
f 4716 4574 4718
f 4725 4583 4581
f 4724 4582 4726
f 4726 4582 4584
f 4725 4727 4583
f 4733 4735 4591
f 4734 4590 4592
f 4732 4590 4734
f 4733 4591 4589
f 4731 4733 4589
f 4732 4588 4590
f 4730 4588 4732
f 4734 4592 4736
f 4731 4589 4587
f 4730 4586 4588
f 4728 4586 4730
f 4729 4587 4585
f 4727 4729 4585
f 4728 4584 4586
f 4726 4584 4728
f 4727 4585 4583
f 4729 4731 4587
f 4755 4613 4611
f 4754 4612 4756
f 4756 4612 4614
f 4782 4640 4784
f 4783 4641 4639
f 4781 4783 4639
f 4782 4638 4640
f 4780 4638 4782
f 4781 4639 4637
f 4779 4781 4637
f 4780 4636 4638
f 4778 4636 4780
f 4779 4637 4635
f 4777 4779 4635
f 4778 4634 4636
f 4776 4634 4778
f 4777 4635 4633
f 4775 4777 4633
f 4784 4640 4642
f 4783 4785 4641
f 4785 4643 4641
f 4784 4642 4786
f 4792 4650 4794
f 4793 4651 4649
f 4791 4793 4649
f 4792 4648 4650
f 4790 4648 4792
f 4791 4649 4647
f 4789 4791 4647
f 4776 4632 4634
f 4790 4646 4648
f 4789 4647 4645
f 4787 4789 4645
f 4788 4644 4646
f 4786 4644 4788
f 4787 4645 4643
f 4785 4787 4643
f 4786 4642 4644
f 4788 4646 4790
f 4774 4632 4776
f 4775 4633 4631
f 4773 4775 4631
f 4764 4620 4622
f 4762 4620 4764
f 4763 4621 4619
f 4761 4763 4619
f 4762 4618 4620
f 4760 4618 4762
f 4761 4619 4617
f 4763 4765 4621
f 4759 4761 4617
f 4758 4616 4760
f 4759 4617 4615
f 4757 4759 4615
f 4758 4614 4616
f 4756 4614 4758
f 4757 4615 4613
f 4755 4757 4613
f 4760 4616 4618
f 4717 4575 4573
f 4765 4623 4621
f 4766 4622 4624
f 4774 4630 4632
f 4772 4630 4774
f 4773 4631 4629
f 4771 4773 4629
f 4772 4628 4630
f 4770 4628 4772
f 4771 4629 4627
f 4764 4622 4766
f 4769 4771 4627
f 4768 4626 4770
f 4769 4627 4625
f 4767 4769 4625
f 4768 4624 4626
f 4766 4624 4768
f 4767 4625 4623
f 4765 4767 4623
f 4770 4626 4628
f 4715 4717 4573
f 4716 4572 4574
f 4714 4572 4716
f 4664 4522 4666
f 4665 4523 4521
f 4663 4665 4521
f 4664 4520 4522
f 4662 4520 4664
f 4663 4521 4519
f 4661 4663 4519
f 4662 4518 4520
f 4660 4518 4662
f 4661 4519 4517
f 4659 4661 4517
f 4660 4516 4518
f 4658 4516 4660
f 4659 4517 4515
f 4657 4659 4515
f 4666 4522 4524
f 4665 4667 4523
f 4667 4525 4523
f 4666 4524 4668
f 4674 4532 4676
f 4675 4533 4531
f 4673 4675 4531
f 4674 4530 4532
f 4672 4530 4674
f 4673 4531 4529
f 4671 4673 4529
f 4658 4514 4516
f 4672 4528 4530
f 4671 4529 4527
f 4669 4671 4527
f 4670 4526 4528
f 4668 4526 4670
f 4669 4527 4525
f 4667 4669 4525
f 4668 4524 4526
f 4670 4528 4672
f 4656 4514 4658
f 4657 4515 4513
f 4655 4657 4513
f 4646 4502 4504
f 4644 4502 4646
f 4645 4503 4501
f 4643 4645 4501
f 4644 4500 4502
f 4642 4500 4644
f 4643 4501 4499
f 4645 4647 4503
f 4641 4643 4499
f 4640 4498 4642
f 4641 4499 4497
f 4639 4641 4497
f 4640 4496 4498
f 4638 4496 4640
f 4639 4497 4495
f 4637 4639 4495
f 4642 4498 4500
f 4676 4532 4534
f 4647 4505 4503
f 4648 4504 4506
f 4656 4512 4514
f 4654 4512 4656
f 4655 4513 4511
f 4653 4655 4511
f 4654 4510 4512
f 4652 4510 4654
f 4653 4511 4509
f 4646 4504 4648
f 4651 4653 4509
f 4650 4508 4652
f 4651 4509 4507
f 4649 4651 4507
f 4650 4506 4508
f 4648 4506 4650
f 4649 4507 4505
f 4647 4649 4505
f 4652 4508 4510
f 4636 4494 4638
f 4675 4677 4533
f 4676 4534 4678
f 4705 4563 4561
f 4703 4705 4561
f 4704 4560 4562
f 4702 4560 4704
f 4703 4561 4559
f 4701 4703 4559
f 4702 4558 4560
f 4700 4558 4702
f 4701 4559 4557
f 4699 4701 4557
f 4700 4556 4558
f 4698 4556 4700
f 4699 4557 4555
f 4697 4699 4555
f 4698 4554 4556
f 4704 4562 4706
f 4706 4562 4564
f 4705 4707 4563
f 4707 4565 4563
f 4715 4573 4571
f 4713 4715 4571
f 4714 4570 4572
f 4712 4570 4714
f 4713 4571 4569
f 4711 4713 4569
f 4712 4568 4570
f 4696 4554 4698
f 4710 4568 4712
f 4709 4711 4567
f 4710 4566 4568
f 4708 4566 4710
f 4709 4567 4565
f 4707 4709 4565
f 4708 4564 4566
f 4706 4564 4708
f 4711 4569 4567
f 4697 4555 4553
f 4695 4697 4553
f 4696 4552 4554
f 4543 4686 4685
f 4541 4543 4685
f 4683 4541 4685
f 4541 4683 4542
f 4542 4683 4684
f 4680 4538 4682
f 4682 4538 4540
f 4544 4686 4543
f 4539 4682 4540
f 4681 4539 4679
f 4679 4539 4537
f 4680 4536 4538
f 4678 4536 4680
f 4679 4537 4535
f 4677 4679 4535
f 4678 4534 4536
f 4681 4682 4539
f 4677 4535 4533
f 4684 4687 4542
f 4686 4544 4688
f 4694 4552 4696
f 4695 4553 4551
f 4693 4695 4551
f 4694 4550 4552
f 4692 4550 4694
f 4693 4551 4549
f 4691 4693 4549
f 4687 4545 4542
f 4692 4548 4550
f 4691 4549 4547
f 4689 4691 4547
f 4690 4546 4548
f 4688 4546 4690
f 4689 4547 4545
f 4687 4689 4545
f 4688 4544 4546
f 4690 4548 4692
f 3849 3851 3707
f 3850 3706 3708
f 3848 3706 3850
f 3012 2868 2870
f 3010 2868 3012
f 3011 2869 2867
f 3009 3011 2867
f 3010 2866 2868
f 3008 2866 3010
f 3009 2867 2865
f 3007 3009 2865
f 3008 2864 2866
f 3006 2864 3008
f 3007 2865 2863
f 3005 3007 2863
f 3006 2862 2864
f 3004 2862 3006
f 3005 2863 2861
f 3011 3013 2869
f 3013 2871 2869
f 3012 2870 3014
f 3014 2870 2872
f 3022 2878 2880
f 3020 2878 3022
f 3021 2879 2877
f 3019 3021 2877
f 3020 2876 2878
f 3018 2876 3020
f 3019 2877 2875
f 3003 3005 2861
f 3017 3019 2875
f 3016 2874 3018
f 3017 2875 2873
f 3015 3017 2873
f 3016 2872 2874
f 3014 2872 3016
f 3015 2873 2871
f 3013 3015 2871
f 3018 2874 2876
f 3021 3023 2879
f 3004 2860 2862
f 3003 2861 2859
f 2991 2993 2849
f 2992 2848 2850
f 2990 2848 2992
f 2991 2849 2847
f 2989 2991 2847
f 2990 2846 2848
f 2988 2846 2990
f 2989 2847 2845
f 2987 2989 2845
f 2988 2844 2846
f 2986 2844 2988
f 2987 2845 2843
f 2985 2987 2843
f 2986 2842 2844
f 2984 2842 2986
f 2993 2851 2849
f 2992 2850 2994
f 2994 2850 2852
f 2993 2995 2851
f 3001 3003 2859
f 3002 2858 2860
f 3000 2858 3002
f 3001 2859 2857
f 2999 3001 2857
f 3000 2856 2858
f 2998 2856 3000
f 3002 2860 3004
f 2999 2857 2855
f 2998 2854 2856
f 2996 2854 2998
f 2997 2855 2853
f 2995 2997 2853
f 2996 2852 2854
f 2994 2852 2996
f 2995 2853 2851
f 2997 2999 2855
f 3023 2881 2879
f 3022 2880 3024
f 3024 2880 2882
f 3050 2908 3052
f 3051 2909 2907
f 3049 3051 2907
f 3050 2906 2908
f 3048 2906 3050
f 3049 2907 2905
f 3047 3049 2905
f 3048 2904 2906
f 3046 2904 3048
f 3047 2905 2903
f 3045 3047 2903
f 3046 2902 2904
f 3044 2902 3046
f 3045 2903 2901
f 3043 3045 2901
f 3052 2908 2910
f 3051 3053 2909
f 3053 2911 2909
f 3052 2910 3054
f 3060 2918 3062
f 3061 2919 2917
f 3059 3061 2917
f 3060 2916 2918
f 3058 2916 3060
f 3059 2917 2915
f 3057 3059 2915
f 3044 2900 2902
f 3058 2914 2916
f 3057 2915 2913
f 3055 3057 2913
f 3056 2912 2914
f 3054 2912 3056
f 3055 2913 2911
f 3053 3055 2911
f 3054 2910 2912
f 3056 2914 3058
f 3042 2900 3044
f 3043 2901 2899
f 3041 3043 2899
f 3032 2888 2890
f 3030 2888 3032
f 3031 2889 2887
f 3029 3031 2887
f 3030 2886 2888
f 3028 2886 3030
f 3029 2887 2885
f 3031 3033 2889
f 3027 3029 2885
f 3026 2884 3028
f 3027 2885 2883
f 3025 3027 2883
f 3026 2882 2884
f 3024 2882 3026
f 3025 2883 2881
f 3023 3025 2881
f 3028 2884 2886
f 2985 2843 2841
f 3033 2891 2889
f 3034 2890 2892
f 3042 2898 2900
f 3040 2898 3042
f 3041 2899 2897
f 3039 3041 2897
f 3040 2896 2898
f 3038 2896 3040
f 3039 2897 2895
f 3032 2890 3034
f 3037 3039 2895
f 3036 2894 3038
f 3037 2895 2893
f 3035 3037 2893
f 3036 2892 2894
f 3034 2892 3036
f 3035 2893 2891
f 3033 3035 2891
f 3038 2894 2896
f 3062 2918 2920
f 2983 2985 2841
f 2982 2840 2984
f 2932 2790 2934
f 2933 2791 2789
f 2931 2933 2789
f 2932 2788 2790
f 2930 2788 2932
f 2931 2789 2787
f 2929 2931 2787
f 2930 2786 2788
f 2928 2786 2930
f 2929 2787 2785
f 2927 2929 2785
f 2928 2784 2786
f 2926 2784 2928
f 2927 2785 2783
f 2925 2927 2783
f 2934 2790 2792
f 2933 2935 2791
f 2935 2793 2791
f 2934 2792 2936
f 2942 2800 2944
f 2943 2801 2799
f 2941 2943 2799
f 2942 2798 2800
f 2940 2798 2942
f 2941 2799 2797
f 2939 2941 2797
f 2926 2782 2784
f 2940 2796 2798
f 2939 2797 2795
f 2937 2939 2795
f 2938 2794 2796
f 2936 2794 2938
f 2937 2795 2793
f 2935 2937 2793
f 2936 2792 2794
f 2938 2796 2940
f 2944 2800 2802
f 2924 2782 2926
f 2923 2925 2781
f 2914 2770 2772
f 2912 2770 2914
f 2913 2771 2769
f 2911 2913 2769
f 2912 2768 2770
f 2910 2768 2912
f 2911 2769 2767
f 2909 2911 2767
f 2910 2766 2768
f 2908 2766 2910
f 2909 2767 2765
f 2907 2909 2765
f 2908 2764 2766
f 2906 2764 2908
f 2907 2765 2763
f 2913 2915 2771
f 2915 2773 2771
f 2914 2772 2916
f 2916 2772 2774
f 2924 2780 2782
f 2922 2780 2924
f 2923 2781 2779
f 2921 2923 2779
f 2922 2778 2780
f 2920 2778 2922
f 2921 2779 2777
f 2925 2783 2781
f 2919 2921 2777
f 2918 2776 2920
f 2919 2777 2775
f 2917 2919 2775
f 2918 2774 2776
f 2916 2774 2918
f 2917 2775 2773
f 2915 2917 2773
f 2920 2776 2778
f 2943 2945 2801
f 2945 2803 2801
f 2944 2802 2946
f 2973 2831 2829
f 2971 2973 2829
f 2972 2828 2830
f 2970 2828 2972
f 2971 2829 2827
f 2969 2971 2827
f 2970 2826 2828
f 2968 2826 2970
f 2969 2827 2825
f 2967 2969 2825
f 2968 2824 2826
f 2966 2824 2968
f 2967 2825 2823
f 2965 2967 2823
f 2966 2822 2824
f 2972 2830 2974
f 2974 2830 2832
f 2973 2975 2831
f 2975 2833 2831
f 2983 2841 2838
f 2980 2983 2838
f 2840 2982 2839
f 2839 2982 2981
f 2837 2839 2981
f 2979 2837 2981
f 2837 2979 2838
f 2964 2822 2966
f 2838 2979 2980
f 2978 2834 2836
f 2835 2978 2836
f 2977 2978 2835
f 2977 2835 2975
f 2975 2835 2833
f 2976 2832 2834
f 2974 2832 2976
f 2976 2834 2978
f 2965 2823 2821
f 2963 2965 2821
f 2964 2820 2822
f 2952 2810 2954
f 2953 2811 2809
f 2951 2953 2809
f 2952 2808 2810
f 2950 2808 2952
f 2951 2809 2807
f 2949 2951 2807
f 2954 2810 2812
f 2950 2806 2808
f 2949 2807 2805
f 2947 2949 2805
f 2948 2804 2806
f 2946 2804 2948
f 2947 2805 2803
f 2945 2947 2803
f 2946 2802 2804
f 2948 2806 2950
f 2984 2840 2842
f 2953 2955 2811
f 2954 2812 2956
f 2962 2820 2964
f 2963 2821 2819
f 2961 2963 2819
f 2962 2818 2820
f 2960 2818 2962
f 2961 2819 2817
f 2959 2961 2817
f 2955 2813 2811
f 2960 2816 2818
f 2959 2817 2815
f 2957 2959 2815
f 2958 2814 2816
f 2956 2814 2958
f 2957 2815 2813
f 2955 2957 2813
f 2956 2812 2814
f 2958 2816 2960
f 3061 3063 2919
f 3063 2921 2919
f 3062 2920 3064
f 3168 3026 3170
f 3169 3027 3025
f 3167 3169 3025
f 3168 3024 3026
f 3166 3024 3168
f 3167 3025 3023
f 3165 3167 3023
f 3166 3022 3024
f 3164 3022 3166
f 3165 3023 3021
f 3163 3165 3021
f 3164 3020 3022
f 3162 3020 3164
f 3163 3021 3019
f 3161 3163 3019
f 3170 3026 3028
f 3169 3171 3027
f 3171 3029 3027
f 3170 3028 3172
f 3178 3036 3180
f 3179 3037 3035
f 3177 3179 3035
f 3178 3034 3036
f 3176 3034 3178
f 3177 3035 3033
f 3175 3177 3033
f 3162 3018 3020
f 3176 3032 3034
f 3175 3033 3031
f 3173 3175 3031
f 3174 3030 3032
f 3172 3030 3174
f 3173 3031 3029
f 3171 3173 3029
f 3172 3028 3030
f 3174 3032 3176
f 3180 3036 3038
f 3160 3018 3162
f 3159 3161 3017
f 3150 3006 3008
f 3148 3006 3150
f 3149 3007 3005
f 3147 3149 3005
f 3148 3004 3006
f 3146 3004 3148
f 3147 3005 3003
f 3145 3147 3003
f 3146 3002 3004
f 3144 3002 3146
f 3145 3003 3001
f 3143 3145 3001
f 3144 3000 3002
f 3142 3000 3144
f 3143 3001 2999
f 3149 3151 3007
f 3151 3009 3007
f 3150 3008 3152
f 3152 3008 3010
f 3160 3016 3018
f 3158 3016 3160
f 3159 3017 3015
f 3157 3159 3015
f 3158 3014 3016
f 3156 3014 3158
f 3157 3015 3013
f 3161 3019 3017
f 3155 3157 3013
f 3154 3012 3156
f 3155 3013 3011
f 3153 3155 3011
f 3154 3010 3012
f 3152 3010 3154
f 3153 3011 3009
f 3151 3153 3009
f 3156 3012 3014
f 3179 3181 3037
f 3181 3039 3037
f 3180 3038 3182
f 3209 3067 3065
f 3207 3209 3065
f 3208 3064 3066
f 3206 3064 3208
f 3207 3065 3063
f 3205 3207 3063
f 3206 3062 3064
f 3204 3062 3206
f 3205 3063 3061
f 3203 3205 3061
f 3204 3060 3062
f 3202 3060 3204
f 3203 3061 3059
f 3201 3203 3059
f 3202 3058 3060
f 3208 3066 3210
f 3210 3066 3068
f 3209 3211 3067
f 3211 3069 3067
f 3219 3077 3075
f 3217 3219 3075
f 3218 3074 3076
f 3216 3074 3218
f 3217 3075 3073
f 3215 3217 3073
f 3216 3072 3074
f 3200 3058 3202
f 3214 3072 3216
f 3213 3215 3071
f 3214 3070 3072
f 3212 3070 3214
f 3213 3071 3069
f 3211 3213 3069
f 3212 3068 3070
f 3210 3068 3212
f 3215 3073 3071
f 3201 3059 3057
f 3199 3201 3057
f 3200 3056 3058
f 3188 3046 3190
f 3189 3047 3045
f 3187 3189 3045
f 3188 3044 3046
f 3186 3044 3188
f 3187 3045 3043
f 3185 3187 3043
f 3190 3046 3048
f 3186 3042 3044
f 3185 3043 3041
f 3183 3185 3041
f 3184 3040 3042
f 3182 3040 3184
f 3183 3041 3039
f 3181 3183 3039
f 3182 3038 3040
f 3184 3042 3186
f 3141 3143 2999
f 3189 3191 3047
f 3190 3048 3192
f 3198 3056 3200
f 3199 3057 3055
f 3197 3199 3055
f 3198 3054 3056
f 3196 3054 3198
f 3197 3055 3053
f 3195 3197 3053
f 3191 3049 3047
f 3196 3052 3054
f 3195 3053 3051
f 3193 3195 3051
f 3194 3050 3052
f 3192 3050 3194
f 3193 3051 3049
f 3191 3193 3049
f 3192 3048 3050
f 3194 3052 3196
f 3142 2998 3000
f 3140 2998 3142
f 3141 2999 2997
f 3091 2949 2947
f 3089 3091 2947
f 3090 2946 2948
f 3088 2946 3090
f 3089 2947 2945
f 3087 3089 2945
f 3088 2944 2946
f 3086 2944 3088
f 3087 2945 2943
f 3085 3087 2943
f 3086 2942 2944
f 3084 2942 3086
f 3085 2943 2941
f 3083 3085 2941
f 3084 2940 2942
f 3090 2948 3092
f 3092 2948 2950
f 3091 3093 2949
f 3093 2951 2949
f 3101 2959 2957
f 3099 3101 2957
f 3100 2956 2958
f 3098 2956 3100
f 3099 2957 2955
f 3097 3099 2955
f 3098 2954 2956
f 3082 2940 3084
f 3096 2954 3098
f 3095 3097 2953
f 3096 2952 2954
f 3094 2952 3096
f 3095 2953 2951
f 3093 3095 2951
f 3094 2950 2952
f 3092 2950 3094
f 3097 2955 2953
f 3083 2941 2939
f 3081 3083 2939
f 3082 2938 2940
f 3070 2928 3072
f 3071 2929 2927
f 3069 3071 2927
f 3070 2926 2928
f 3068 2926 3070
f 3069 2927 2925
f 3067 3069 2925
f 3072 2928 2930
f 3068 2924 2926
f 3067 2925 2923
f 3065 3067 2923
f 3066 2922 2924
f 3064 2922 3066
f 3065 2923 2921
f 3063 3065 2921
f 3064 2920 2922
f 3066 2924 3068
f 3100 2958 3102
f 3071 3073 2929
f 3072 2930 3074
f 3080 2938 3082
f 3081 2939 2937
f 3079 3081 2937
f 3080 2936 2938
f 3078 2936 3080
f 3079 2937 2935
f 3077 3079 2935
f 3073 2931 2929
f 3078 2934 2936
f 3077 2935 2933
f 3075 3077 2933
f 3076 2932 2934
f 3074 2932 3076
f 3075 2933 2931
f 3073 3075 2931
f 3074 2930 2932
f 3076 2934 3078
f 2905 2907 2763
f 3102 2958 2960
f 3103 2961 2959
f 3129 3131 2987
f 3130 2986 2988
f 3128 2986 3130
f 3129 2987 2985
f 3127 3129 2985
f 3128 2984 2986
f 3126 2984 3128
f 3127 2985 2983
f 3125 3127 2983
f 3126 2982 2984
f 3124 2982 3126
f 3125 2983 2980
f 3122 3125 2980
f 2982 3124 2981
f 2981 3124 3123
f 3131 2989 2987
f 3130 2988 3132
f 3132 2988 2990
f 3131 3133 2989
f 3139 3141 2997
f 3140 2996 2998
f 3138 2996 3140
f 3139 2997 2995
f 3137 3139 2995
f 3138 2994 2996
f 3136 2994 3138
f 2979 2981 3123
f 3137 2995 2993
f 3136 2992 2994
f 3134 2992 3136
f 3135 2993 2991
f 3133 3135 2991
f 3134 2990 2992
f 3132 2990 3134
f 3133 2991 2989
f 3135 3137 2993
f 3121 2979 3123
f 2979 3121 2980
f 2980 3121 3122
f 3111 2969 2967
f 3109 3111 2967
f 3110 2966 2968
f 3108 2966 3110
f 3109 2967 2965
f 3107 3109 2965
f 3108 2964 2966
f 3110 2968 3112
f 3106 2964 3108
f 3105 3107 2963
f 3106 2962 2964
f 3104 2962 3106
f 3105 2963 2961
f 3103 3105 2961
f 3104 2960 2962
f 3102 2960 3104
f 3107 2965 2963
f 3101 3103 2959
f 3112 2968 2970
f 3113 2971 2969
f 3118 2976 3120
f 3120 2976 2978
f 2977 3120 2978
f 3119 3120 2977
f 3119 2977 3117
f 3117 2977 2975
f 3118 2974 2976
f 3111 3113 2969
f 3116 2974 3118
f 3115 3117 2973
f 3116 2972 2974
f 3114 2972 3116
f 3115 2973 2971
f 3113 3115 2971
f 3114 2970 2972
f 3112 2970 3114
f 3117 2975 2973
f 2906 2762 2764
f 2904 2762 2906
f 2905 2763 2761
f 2555 2698 2697
f 2553 2555 2697
f 2695 2553 2697
f 2553 2695 2554
f 2554 2695 2696
f 2692 2550 2694
f 2694 2550 2552
f 2551 2694 2552
f 2693 2694 2551
f 2693 2551 2691
f 2691 2551 2549
f 2692 2548 2550
f 2690 2548 2692
f 2691 2549 2547
f 2689 2691 2547
f 2556 2698 2555
f 2696 2699 2554
f 2699 2557 2554
f 2698 2556 2700
f 2706 2564 2708
f 2707 2565 2563
f 2705 2707 2563
f 2706 2562 2564
f 2704 2562 2706
f 2705 2563 2561
f 2703 2705 2561
f 2690 2546 2548
f 2704 2560 2562
f 2703 2561 2559
f 2701 2703 2559
f 2702 2558 2560
f 2700 2558 2702
f 2701 2559 2557
f 2699 2701 2557
f 2700 2556 2558
f 2702 2560 2704
f 2708 2564 2566
f 2688 2546 2690
f 2687 2689 2545
f 2678 2534 2536
f 2676 2534 2678
f 2677 2535 2533
f 2675 2677 2533
f 2676 2532 2534
f 2674 2532 2676
f 2675 2533 2531
f 2673 2675 2531
f 2674 2530 2532
f 2672 2530 2674
f 2673 2531 2529
f 2671 2673 2529
f 2672 2528 2530
f 2670 2528 2672
f 2671 2529 2527
f 2677 2679 2535
f 2679 2537 2535
f 2678 2536 2680
f 2680 2536 2538
f 2688 2544 2546
f 2686 2544 2688
f 2687 2545 2543
f 2685 2687 2543
f 2686 2542 2544
f 2684 2542 2686
f 2685 2543 2541
f 2689 2547 2545
f 2683 2685 2541
f 2682 2540 2684
f 2683 2541 2539
f 2681 2683 2539
f 2682 2538 2540
f 2680 2538 2682
f 2681 2539 2537
f 2679 2681 2537
f 2684 2540 2542
f 2707 2709 2565
f 2709 2567 2565
f 2708 2566 2710
f 2737 2595 2593
f 2735 2737 2593
f 2736 2592 2594
f 2734 2592 2736
f 2735 2593 2591
f 2733 2735 2591
f 2734 2590 2592
f 2732 2590 2734
f 2733 2591 2589
f 2731 2733 2589
f 2732 2588 2590
f 2730 2588 2732
f 2731 2589 2587
f 2729 2731 2587
f 2730 2586 2588
f 2736 2594 2738
f 2738 2594 2596
f 2737 2739 2595
f 2739 2597 2595
f 2747 2605 2603
f 2745 2747 2603
f 2746 2602 2604
f 2744 2602 2746
f 2745 2603 2601
f 2743 2745 2601
f 2744 2600 2602
f 2728 2586 2730
f 2742 2600 2744
f 2741 2743 2599
f 2742 2598 2600
f 2740 2598 2742
f 2741 2599 2597
f 2739 2741 2597
f 2740 2596 2598
f 2738 2596 2740
f 2743 2601 2599
f 2729 2587 2585
f 2727 2729 2585
f 2728 2584 2586
f 2716 2574 2718
f 2717 2575 2573
f 2715 2717 2573
f 2716 2572 2574
f 2714 2572 2716
f 2715 2573 2571
f 2713 2715 2571
f 2718 2574 2576
f 2714 2570 2572
f 2713 2571 2569
f 2711 2713 2569
f 2712 2568 2570
f 2710 2568 2712
f 2711 2569 2567
f 2709 2711 2567
f 2710 2566 2568
f 2712 2570 2714
f 2669 2671 2527
f 2717 2719 2575
f 2718 2576 2720
f 2726 2584 2728
f 2727 2585 2583
f 2725 2727 2583
f 2726 2582 2584
f 2724 2582 2726
f 2725 2583 2581
f 2723 2725 2581
f 2719 2577 2575
f 2724 2580 2582
f 2723 2581 2579
f 2721 2723 2579
f 2722 2578 2580
f 2720 2578 2722
f 2721 2579 2577
f 2719 2721 2577
f 2720 2576 2578
f 2722 2580 2724
f 2670 2526 2528
f 2668 2526 2670
f 2669 2527 2525
f 2619 2477 2475
f 2617 2619 2475
f 2618 2474 2476
f 2616 2474 2618
f 2617 2475 2473
f 2615 2617 2473
f 2616 2472 2474
f 2614 2472 2616
f 2615 2473 2471
f 2613 2615 2471
f 2614 2470 2472
f 2612 2470 2614
f 2613 2471 2469
f 2611 2613 2469
f 2612 2468 2470
f 2618 2476 2620
f 2620 2476 2478
f 2619 2621 2477
f 2621 2479 2477
f 2629 2487 2485
f 2627 2629 2485
f 2628 2484 2486
f 2626 2484 2628
f 2627 2485 2483
f 2625 2627 2483
f 2626 2482 2484
f 2610 2468 2612
f 2624 2482 2626
f 2623 2625 2481
f 2624 2480 2482
f 2622 2480 2624
f 2623 2481 2479
f 2621 2623 2479
f 2622 2478 2480
f 2620 2478 2622
f 2625 2483 2481
f 2611 2469 2467
f 2609 2611 2467
f 2610 2466 2468
f 2598 2456 2600
f 2599 2457 2455
f 2597 2599 2455
f 2598 2454 2456
f 2596 2454 2598
f 2597 2455 2453
f 2595 2597 2453
f 2600 2456 2458
f 2596 2452 2454
f 2595 2453 2451
f 2593 2595 2451
f 2594 2450 2452
f 2592 2450 2594
f 2593 2451 2449
f 2591 2593 2449
f 2592 2448 2450
f 2594 2452 2596
f 2628 2486 2630
f 2599 2601 2457
f 2600 2458 2602
f 2608 2466 2610
f 2609 2467 2465
f 2607 2609 2465
f 2608 2464 2466
f 2606 2464 2608
f 2607 2465 2463
f 2605 2607 2463
f 2601 2459 2457
f 2606 2462 2464
f 2605 2463 2461
f 2603 2605 2461
f 2604 2460 2462
f 2602 2460 2604
f 2603 2461 2459
f 2601 2603 2459
f 2602 2458 2460
f 2604 2462 2606
f 2746 2604 2748
f 2630 2486 2488
f 2631 2489 2487
f 2657 2659 2515
f 2658 2514 2516
f 2656 2514 2658
f 2657 2515 2513
f 2655 2657 2513
f 2656 2512 2514
f 2654 2512 2656
f 2655 2513 2511
f 2653 2655 2511
f 2654 2510 2512
f 2652 2510 2654
f 2653 2511 2509
f 2651 2653 2509
f 2652 2508 2510
f 2650 2508 2652
f 2659 2517 2515
f 2658 2516 2660
f 2660 2516 2518
f 2659 2661 2517
f 2667 2669 2525
f 2668 2524 2526
f 2666 2524 2668
f 2667 2525 2523
f 2665 2667 2523
f 2666 2522 2524
f 2664 2522 2666
f 2651 2509 2507
f 2665 2523 2521
f 2664 2520 2522
f 2662 2520 2664
f 2663 2521 2519
f 2661 2663 2519
f 2662 2518 2520
f 2660 2518 2662
f 2661 2519 2517
f 2663 2665 2521
f 2649 2651 2507
f 2650 2506 2508
f 2648 2506 2650
f 2639 2497 2495
f 2637 2639 2495
f 2638 2494 2496
f 2636 2494 2638
f 2637 2495 2493
f 2635 2637 2493
f 2636 2492 2494
f 2638 2496 2640
f 2634 2492 2636
f 2633 2635 2491
f 2634 2490 2492
f 2632 2490 2634
f 2633 2491 2489
f 2631 2633 2489
f 2632 2488 2490
f 2630 2488 2632
f 2635 2493 2491
f 2629 2631 2487
f 2640 2496 2498
f 2641 2499 2497
f 2649 2507 2505
f 2647 2649 2505
f 2648 2504 2506
f 2646 2504 2648
f 2647 2505 2503
f 2645 2647 2503
f 2646 2502 2504
f 2639 2641 2497
f 2644 2502 2646
f 2643 2645 2501
f 2644 2500 2502
f 2642 2500 2644
f 2643 2501 2499
f 2641 2643 2499
f 2642 2498 2500
f 2640 2498 2642
f 2645 2503 2501
f 3218 3076 3220
f 2748 2604 2606
f 2749 2607 2605
f 2855 2713 2711
f 2853 2855 2711
f 2854 2710 2712
f 2852 2710 2854
f 2853 2711 2709
f 2851 2853 2709
f 2852 2708 2710
f 2850 2708 2852
f 2851 2709 2707
f 2849 2851 2707
f 2850 2706 2708
f 2848 2706 2850
f 2849 2707 2705
f 2847 2849 2705
f 2848 2704 2706
f 2854 2712 2856
f 2856 2712 2714
f 2855 2857 2713
f 2857 2715 2713
f 2865 2723 2721
f 2863 2865 2721
f 2864 2720 2722
f 2862 2720 2864
f 2863 2721 2719
f 2861 2863 2719
f 2862 2718 2720
f 2846 2704 2848
f 2860 2718 2862
f 2859 2861 2717
f 2860 2716 2718
f 2858 2716 2860
f 2859 2717 2715
f 2857 2859 2715
f 2858 2714 2716
f 2856 2714 2858
f 2861 2719 2717
f 2864 2722 2866
f 2847 2705 2703
f 2846 2702 2704
f 2835 2836 2693
f 2835 2693 2833
f 2833 2693 2691
f 2834 2690 2692
f 2832 2690 2834
f 2833 2691 2689
f 2831 2833 2689
f 2832 2688 2690
f 2830 2688 2832
f 2831 2689 2687
f 2829 2831 2687
f 2830 2686 2688
f 2828 2686 2830
f 2829 2687 2685
f 2827 2829 2685
f 2693 2836 2694
f 2836 2692 2694
f 2834 2692 2836
f 2696 2837 2838
f 2844 2702 2846
f 2845 2703 2701
f 2843 2845 2701
f 2844 2700 2702
f 2842 2700 2844
f 2843 2701 2699
f 2841 2843 2699
f 2845 2847 2703
f 2842 2698 2700
f 2841 2699 2696
f 2838 2841 2696
f 2698 2840 2697
f 2697 2840 2839
f 2695 2697 2839
f 2837 2695 2839
f 2695 2837 2696
f 2840 2698 2842
f 2866 2722 2724
f 2865 2867 2723
f 2867 2725 2723
f 2893 2895 2751
f 2894 2750 2752
f 2892 2750 2894
f 2893 2751 2749
f 2891 2893 2749
f 2892 2748 2750
f 2890 2748 2892
f 2891 2749 2747
f 2889 2891 2747
f 2890 2746 2748
f 2888 2746 2890
f 2889 2747 2745
f 2887 2889 2745
f 2888 2744 2746
f 2886 2744 2888
f 2895 2753 2751
f 2894 2752 2896
f 2896 2752 2754
f 2895 2897 2753
f 2903 2905 2761
f 2904 2760 2762
f 2902 2760 2904
f 2903 2761 2759
f 2901 2903 2759
f 2902 2758 2760
f 2900 2758 2902
f 2887 2745 2743
f 2901 2759 2757
f 2900 2756 2758
f 2898 2756 2900
f 2899 2757 2755
f 2897 2899 2755
f 2898 2754 2756
f 2896 2754 2898
f 2897 2755 2753
f 2899 2901 2757
f 2885 2887 2743
f 2886 2742 2744
f 2884 2742 2886
f 2875 2733 2731
f 2873 2875 2731
f 2874 2730 2732
f 2872 2730 2874
f 2873 2731 2729
f 2871 2873 2729
f 2872 2728 2730
f 2874 2732 2876
f 2870 2728 2872
f 2869 2871 2727
f 2870 2726 2728
f 2868 2726 2870
f 2869 2727 2725
f 2867 2869 2725
f 2868 2724 2726
f 2866 2724 2868
f 2871 2729 2727
f 2828 2684 2686
f 2876 2732 2734
f 2877 2735 2733
f 2885 2743 2741
f 2883 2885 2741
f 2884 2740 2742
f 2882 2740 2884
f 2883 2741 2739
f 2881 2883 2739
f 2882 2738 2740
f 2875 2877 2733
f 2880 2738 2882
f 2879 2881 2737
f 2880 2736 2738
f 2878 2736 2880
f 2879 2737 2735
f 2877 2879 2735
f 2878 2734 2736
f 2876 2734 2878
f 2881 2739 2737
f 2826 2684 2828
f 2827 2685 2683
f 2825 2827 2683
f 2775 2777 2633
f 2776 2632 2634
f 2774 2632 2776
f 2775 2633 2631
f 2773 2775 2631
f 2774 2630 2632
f 2772 2630 2774
f 2773 2631 2629
f 2771 2773 2629
f 2772 2628 2630
f 2770 2628 2772
f 2771 2629 2627
f 2769 2771 2627
f 2770 2626 2628
f 2768 2626 2770
f 2777 2635 2633
f 2776 2634 2778
f 2778 2634 2636
f 2777 2779 2635
f 2785 2787 2643
f 2786 2642 2644
f 2784 2642 2786
f 2785 2643 2641
f 2783 2785 2641
f 2784 2640 2642
f 2782 2640 2784
f 2769 2627 2625
f 2783 2641 2639
f 2782 2638 2640
f 2780 2638 2782
f 2781 2639 2637
f 2779 2781 2637
f 2780 2636 2638
f 2778 2636 2780
f 2779 2637 2635
f 2781 2783 2639
f 2767 2769 2625
f 2768 2624 2626
f 2766 2624 2768
f 2757 2615 2613
f 2755 2757 2613
f 2756 2612 2614
f 2754 2612 2756
f 2755 2613 2611
f 2753 2755 2611
f 2754 2610 2612
f 2756 2614 2758
f 2752 2610 2754
f 2751 2753 2609
f 2752 2608 2610
f 2750 2608 2752
f 2751 2609 2607
f 2749 2751 2607
f 2750 2606 2608
f 2748 2606 2750
f 2753 2611 2609
f 2787 2645 2643
f 2758 2614 2616
f 2759 2617 2615
f 2767 2625 2623
f 2765 2767 2623
f 2766 2622 2624
f 2764 2622 2766
f 2765 2623 2621
f 2763 2765 2621
f 2764 2620 2622
f 2757 2759 2615
f 2762 2620 2764
f 2761 2763 2619
f 2762 2618 2620
f 2760 2618 2762
f 2761 2619 2617
f 2759 2761 2617
f 2760 2616 2618
f 2758 2616 2760
f 2763 2621 2619
f 2747 2749 2605
f 2786 2644 2788
f 2787 2789 2645
f 2816 2672 2674
f 2814 2672 2816
f 2815 2673 2671
f 2813 2815 2671
f 2814 2670 2672
f 2812 2670 2814
f 2813 2671 2669
f 2811 2813 2669
f 2812 2668 2670
f 2810 2668 2812
f 2811 2669 2667
f 2809 2811 2667
f 2810 2666 2668
f 2808 2666 2810
f 2809 2667 2665
f 2815 2817 2673
f 2817 2675 2673
f 2816 2674 2818
f 2818 2674 2676
f 2826 2682 2684
f 2824 2682 2826
f 2825 2683 2681
f 2823 2825 2681
f 2824 2680 2682
f 2822 2680 2824
f 2823 2681 2679
f 2807 2809 2665
f 2821 2823 2679
f 2820 2678 2822
f 2821 2679 2677
f 2819 2821 2677
f 2820 2676 2678
f 2818 2676 2820
f 2819 2677 2675
f 2817 2819 2675
f 2822 2678 2680
f 2808 2664 2666
f 2806 2664 2808
f 2807 2665 2663
f 2795 2797 2653
f 2796 2652 2654
f 2794 2652 2796
f 2795 2653 2651
f 2793 2795 2651
f 2794 2650 2652
f 2792 2650 2794
f 2797 2655 2653
f 2793 2651 2649
f 2792 2648 2650
f 2790 2648 2792
f 2791 2649 2647
f 2789 2791 2647
f 2790 2646 2648
f 2788 2646 2790
f 2789 2647 2645
f 2791 2793 2649
f 2788 2644 2646
f 2796 2654 2798
f 2797 2799 2655
f 2805 2807 2663
f 2806 2662 2664
f 2804 2662 2806
f 2805 2663 2661
f 2803 2805 2661
f 2804 2660 2662
f 2802 2660 2804
f 2798 2654 2656
f 2803 2661 2659
f 2802 2658 2660
f 2800 2658 2802
f 2801 2659 2657
f 2799 2801 2657
f 2800 2656 2658
f 2798 2656 2800
f 2799 2657 2655
f 2801 2803 2659
f 3220 3076 3078
f 3219 3221 3077
f 3221 3079 3077
f 3642 3498 3500
f 3640 3498 3642
f 3641 3499 3497
f 3639 3641 3497
f 3640 3496 3498
f 3638 3496 3640
f 3639 3497 3495
f 3637 3639 3495
f 3638 3494 3496
f 3636 3494 3638
f 3637 3495 3493
f 3635 3637 3493
f 3636 3492 3494
f 3634 3492 3636
f 3635 3493 3491
f 3641 3643 3499
f 3643 3501 3499
f 3642 3500 3644
f 3644 3500 3502
f 3652 3508 3510
f 3650 3508 3652
f 3651 3509 3507
f 3649 3651 3507
f 3650 3506 3508
f 3648 3506 3650
f 3649 3507 3505
f 3633 3635 3491
f 3647 3649 3505
f 3646 3504 3648
f 3647 3505 3503
f 3645 3647 3503
f 3646 3502 3504
f 3644 3502 3646
f 3645 3503 3501
f 3643 3645 3501
f 3648 3504 3506
f 3651 3653 3509
f 3634 3490 3492
f 3633 3491 3489
f 3621 3623 3479
f 3622 3478 3480
f 3620 3478 3622
f 3621 3479 3477
f 3619 3621 3477
f 3620 3476 3478
f 3618 3476 3620
f 3619 3477 3475
f 3617 3619 3475
f 3618 3474 3476
f 3616 3474 3618
f 3617 3475 3473
f 3615 3617 3473
f 3616 3472 3474
f 3614 3472 3616
f 3623 3481 3479
f 3622 3480 3624
f 3624 3480 3482
f 3623 3625 3481
f 3631 3633 3489
f 3632 3488 3490
f 3630 3488 3632
f 3631 3489 3487
f 3629 3631 3487
f 3630 3486 3488
f 3628 3486 3630
f 3632 3490 3634
f 3629 3487 3485
f 3628 3484 3486
f 3626 3484 3628
f 3627 3485 3483
f 3625 3627 3483
f 3626 3482 3484
f 3624 3482 3626
f 3625 3483 3481
f 3627 3629 3485
f 3653 3511 3509
f 3652 3510 3654
f 3654 3510 3512
f 3680 3538 3682
f 3681 3539 3537
f 3679 3681 3537
f 3680 3536 3538
f 3678 3536 3680
f 3679 3537 3535
f 3677 3679 3535
f 3678 3534 3536
f 3676 3534 3678
f 3677 3535 3533
f 3675 3677 3533
f 3676 3532 3534
f 3674 3532 3676
f 3675 3533 3531
f 3673 3675 3531
f 3682 3538 3540
f 3681 3683 3539
f 3683 3541 3539
f 3682 3540 3684
f 3549 3692 3691
f 3547 3549 3691
f 3689 3547 3691
f 3547 3689 3548
f 3548 3689 3690
f 3686 3544 3688
f 3688 3544 3546
f 3674 3530 3532
f 3545 3688 3546
f 3687 3545 3685
f 3685 3545 3543
f 3686 3542 3544
f 3684 3542 3686
f 3685 3543 3541
f 3683 3685 3541
f 3684 3540 3542
f 3687 3688 3545
f 3672 3530 3674
f 3673 3531 3529
f 3671 3673 3529
f 3662 3518 3520
f 3660 3518 3662
f 3661 3519 3517
f 3659 3661 3517
f 3660 3516 3518
f 3658 3516 3660
f 3659 3517 3515
f 3661 3663 3519
f 3657 3659 3515
f 3656 3514 3658
f 3657 3515 3513
f 3655 3657 3513
f 3656 3512 3514
f 3654 3512 3656
f 3655 3513 3511
f 3653 3655 3511
f 3658 3514 3516
f 3615 3473 3471
f 3663 3521 3519
f 3664 3520 3522
f 3672 3528 3530
f 3670 3528 3672
f 3671 3529 3527
f 3669 3671 3527
f 3670 3526 3528
f 3668 3526 3670
f 3669 3527 3525
f 3662 3520 3664
f 3667 3669 3525
f 3666 3524 3668
f 3667 3525 3523
f 3665 3667 3523
f 3666 3522 3524
f 3664 3522 3666
f 3665 3523 3521
f 3663 3665 3521
f 3668 3524 3526
f 3613 3615 3471
f 3614 3470 3472
f 3612 3470 3614
f 3562 3420 3564
f 3563 3421 3419
f 3561 3563 3419
f 3562 3418 3420
f 3560 3418 3562
f 3561 3419 3417
f 3559 3561 3417
f 3560 3416 3418
f 3558 3416 3560
f 3559 3417 3415
f 3557 3559 3415
f 3558 3414 3416
f 3556 3414 3558
f 3557 3415 3413
f 3555 3557 3413
f 3564 3420 3422
f 3563 3565 3421
f 3565 3423 3421
f 3564 3422 3566
f 3572 3430 3574
f 3573 3431 3429
f 3571 3573 3429
f 3572 3428 3430
f 3570 3428 3572
f 3571 3429 3427
f 3569 3571 3427
f 3556 3412 3414
f 3570 3426 3428
f 3569 3427 3425
f 3567 3569 3425
f 3568 3424 3426
f 3566 3424 3568
f 3567 3425 3423
f 3565 3567 3423
f 3566 3422 3424
f 3568 3426 3570
f 3554 3412 3556
f 3555 3413 3411
f 3553 3555 3411
f 3544 3400 3402
f 3542 3400 3544
f 3543 3401 3399
f 3541 3543 3399
f 3542 3398 3400
f 3540 3398 3542
f 3541 3399 3397
f 3543 3403 3401
f 3539 3541 3397
f 3538 3396 3540
f 3539 3397 3395
f 3537 3539 3395
f 3538 3394 3396
f 3536 3394 3538
f 3537 3395 3393
f 3535 3537 3393
f 3540 3396 3398
f 3574 3430 3432
f 3545 3403 3543
f 3403 3546 3404
f 3554 3410 3412
f 3552 3410 3554
f 3553 3411 3409
f 3551 3553 3409
f 3552 3408 3410
f 3550 3408 3552
f 3551 3409 3406
f 3545 3546 3403
f 3548 3551 3406
f 3407 3550 3549
f 3405 3407 3549
f 3547 3405 3549
f 3405 3547 3406
f 3406 3547 3548
f 3544 3402 3546
f 3546 3402 3404
f 3408 3550 3407
f 3550 3692 3549
f 3573 3575 3431
f 3574 3432 3576
f 3603 3461 3459
f 3601 3603 3459
f 3602 3458 3460
f 3600 3458 3602
f 3601 3459 3457
f 3599 3601 3457
f 3600 3456 3458
f 3598 3456 3600
f 3599 3457 3455
f 3597 3599 3455
f 3598 3454 3456
f 3596 3454 3598
f 3597 3455 3453
f 3595 3597 3453
f 3596 3452 3454
f 3602 3460 3604
f 3604 3460 3462
f 3603 3605 3461
f 3605 3463 3461
f 3613 3471 3469
f 3611 3613 3469
f 3612 3468 3470
f 3610 3468 3612
f 3611 3469 3467
f 3609 3611 3467
f 3610 3466 3468
f 3594 3452 3596
f 3608 3466 3610
f 3607 3609 3465
f 3608 3464 3466
f 3606 3464 3608
f 3607 3465 3463
f 3605 3607 3463
f 3606 3462 3464
f 3604 3462 3606
f 3609 3467 3465
f 3595 3453 3451
f 3593 3595 3451
f 3594 3450 3452
f 3582 3440 3584
f 3583 3441 3439
f 3581 3583 3439
f 3582 3438 3440
f 3580 3438 3582
f 3581 3439 3437
f 3579 3581 3437
f 3584 3440 3442
f 3580 3436 3438
f 3579 3437 3435
f 3577 3579 3435
f 3578 3434 3436
f 3576 3434 3578
f 3577 3435 3433
f 3575 3577 3433
f 3576 3432 3434
f 3578 3436 3580
f 3575 3433 3431
f 3583 3585 3441
f 3584 3442 3586
f 3592 3450 3594
f 3593 3451 3449
f 3591 3593 3449
f 3592 3448 3450
f 3590 3448 3592
f 3591 3449 3447
f 3589 3591 3447
f 3585 3443 3441
f 3590 3446 3448
f 3589 3447 3445
f 3587 3589 3445
f 3588 3444 3446
f 3586 3444 3588
f 3587 3445 3443
f 3585 3587 3443
f 3586 3442 3444
f 3588 3446 3590
f 3536 3392 3394
f 3690 3693 3548
f 3692 3550 3694
f 3798 3656 3800
f 3799 3657 3655
f 3797 3799 3655
f 3798 3654 3656
f 3796 3654 3798
f 3797 3655 3653
f 3795 3797 3653
f 3796 3652 3654
f 3794 3652 3796
f 3795 3653 3651
f 3793 3795 3651
f 3794 3650 3652
f 3792 3650 3794
f 3793 3651 3649
f 3791 3793 3649
f 3800 3656 3658
f 3799 3801 3657
f 3801 3659 3657
f 3800 3658 3802
f 3808 3666 3810
f 3809 3667 3665
f 3807 3809 3665
f 3808 3664 3666
f 3806 3664 3808
f 3807 3665 3663
f 3805 3807 3663
f 3792 3648 3650
f 3806 3662 3664
f 3805 3663 3661
f 3803 3805 3661
f 3804 3660 3662
f 3802 3660 3804
f 3803 3661 3659
f 3801 3803 3659
f 3802 3658 3660
f 3804 3662 3806
f 3810 3666 3668
f 3790 3648 3792
f 3789 3791 3647
f 3780 3636 3638
f 3778 3636 3780
f 3779 3637 3635
f 3777 3779 3635
f 3778 3634 3636
f 3776 3634 3778
f 3777 3635 3633
f 3775 3777 3633
f 3776 3632 3634
f 3774 3632 3776
f 3775 3633 3631
f 3773 3775 3631
f 3774 3630 3632
f 3772 3630 3774
f 3773 3631 3629
f 3779 3781 3637
f 3781 3639 3637
f 3780 3638 3782
f 3782 3638 3640
f 3790 3646 3648
f 3788 3646 3790
f 3789 3647 3645
f 3787 3789 3645
f 3788 3644 3646
f 3786 3644 3788
f 3787 3645 3643
f 3791 3649 3647
f 3785 3787 3643
f 3784 3642 3786
f 3785 3643 3641
f 3783 3785 3641
f 3784 3640 3642
f 3782 3640 3784
f 3783 3641 3639
f 3781 3783 3639
f 3786 3642 3644
f 3809 3811 3667
f 3811 3669 3667
f 3810 3668 3812
f 3839 3697 3695
f 3837 3839 3695
f 3838 3694 3696
f 3836 3694 3838
f 3837 3695 3693
f 3835 3837 3693
f 3836 3692 3694
f 3834 3692 3836
f 3835 3693 3690
f 3832 3835 3690
f 3692 3834 3691
f 3691 3834 3833
f 3689 3691 3833
f 3831 3689 3833
f 3689 3831 3690
f 3838 3696 3840
f 3840 3696 3698
f 3839 3841 3697
f 3841 3699 3697
f 3849 3707 3705
f 3847 3849 3705
f 3848 3704 3706
f 3846 3704 3848
f 3847 3705 3703
f 3845 3847 3703
f 3846 3702 3704
f 3690 3831 3832
f 3844 3702 3846
f 3843 3845 3701
f 3844 3700 3702
f 3842 3700 3844
f 3843 3701 3699
f 3841 3843 3699
f 3842 3698 3700
f 3840 3698 3842
f 3845 3703 3701
f 3828 3686 3830
f 3830 3686 3688
f 3687 3830 3688
f 3818 3676 3820
f 3819 3677 3675
f 3817 3819 3675
f 3818 3674 3676
f 3816 3674 3818
f 3817 3675 3673
f 3815 3817 3673
f 3820 3676 3678
f 3816 3672 3674
f 3815 3673 3671
f 3813 3815 3671
f 3814 3670 3672
f 3812 3670 3814
f 3813 3671 3669
f 3811 3813 3669
f 3812 3668 3670
f 3814 3672 3816
f 3771 3773 3629
f 3819 3821 3677
f 3820 3678 3822
f 3829 3830 3687
f 3829 3687 3827
f 3827 3687 3685
f 3828 3684 3686
f 3826 3684 3828
f 3827 3685 3683
f 3825 3827 3683
f 3821 3679 3677
f 3826 3682 3684
f 3825 3683 3681
f 3823 3825 3681
f 3824 3680 3682
f 3822 3680 3824
f 3823 3681 3679
f 3821 3823 3679
f 3822 3678 3680
f 3824 3682 3826
f 3772 3628 3630
f 3770 3628 3772
f 3771 3629 3627
f 3721 3579 3577
f 3719 3721 3577
f 3720 3576 3578
f 3718 3576 3720
f 3719 3577 3575
f 3717 3719 3575
f 3718 3574 3576
f 3716 3574 3718
f 3717 3575 3573
f 3715 3717 3573
f 3716 3572 3574
f 3714 3572 3716
f 3715 3573 3571
f 3713 3715 3571
f 3714 3570 3572
f 3720 3578 3722
f 3722 3578 3580
f 3721 3723 3579
f 3723 3581 3579
f 3731 3589 3587
f 3729 3731 3587
f 3730 3586 3588
f 3728 3586 3730
f 3729 3587 3585
f 3727 3729 3585
f 3728 3584 3586
f 3712 3570 3714
f 3726 3584 3728
f 3725 3727 3583
f 3726 3582 3584
f 3724 3582 3726
f 3725 3583 3581
f 3723 3725 3581
f 3724 3580 3582
f 3722 3580 3724
f 3727 3585 3583
f 3713 3571 3569
f 3711 3713 3569
f 3712 3568 3570
f 3700 3558 3702
f 3701 3559 3557
f 3699 3701 3557
f 3700 3556 3558
f 3698 3556 3700
f 3699 3557 3555
f 3697 3699 3555
f 3702 3558 3560
f 3698 3554 3556
f 3697 3555 3553
f 3695 3697 3553
f 3696 3552 3554
f 3694 3552 3696
f 3695 3553 3551
f 3693 3695 3551
f 3694 3550 3552
f 3696 3554 3698
f 3730 3588 3732
f 3701 3703 3559
f 3702 3560 3704
f 3710 3568 3712
f 3711 3569 3567
f 3709 3711 3567
f 3710 3566 3568
f 3708 3566 3710
f 3709 3567 3565
f 3707 3709 3565
f 3703 3561 3559
f 3708 3564 3566
f 3707 3565 3563
f 3705 3707 3563
f 3706 3562 3564
f 3704 3562 3706
f 3705 3563 3561
f 3703 3705 3561
f 3704 3560 3562
f 3706 3564 3708
f 3693 3551 3548
f 3732 3588 3590
f 3733 3591 3589
f 3759 3761 3617
f 3760 3616 3618
f 3758 3616 3760
f 3759 3617 3615
f 3757 3759 3615
f 3758 3614 3616
f 3756 3614 3758
f 3757 3615 3613
f 3755 3757 3613
f 3756 3612 3614
f 3754 3612 3756
f 3755 3613 3611
f 3753 3755 3611
f 3754 3610 3612
f 3752 3610 3754
f 3761 3619 3617
f 3760 3618 3762
f 3762 3618 3620
f 3761 3763 3619
f 3769 3771 3627
f 3770 3626 3628
f 3768 3626 3770
f 3769 3627 3625
f 3767 3769 3625
f 3768 3624 3626
f 3766 3624 3768
f 3753 3611 3609
f 3767 3625 3623
f 3766 3622 3624
f 3764 3622 3766
f 3765 3623 3621
f 3763 3765 3621
f 3764 3620 3622
f 3762 3620 3764
f 3763 3621 3619
f 3765 3767 3623
f 3751 3753 3609
f 3752 3608 3610
f 3750 3608 3752
f 3741 3599 3597
f 3739 3741 3597
f 3740 3596 3598
f 3738 3596 3740
f 3739 3597 3595
f 3737 3739 3595
f 3738 3594 3596
f 3740 3598 3742
f 3736 3594 3738
f 3735 3737 3593
f 3736 3592 3594
f 3734 3592 3736
f 3735 3593 3591
f 3733 3735 3591
f 3734 3590 3592
f 3732 3590 3734
f 3737 3595 3593
f 3731 3733 3589
f 3742 3598 3600
f 3743 3601 3599
f 3751 3609 3607
f 3749 3751 3607
f 3750 3606 3608
f 3748 3606 3750
f 3749 3607 3605
f 3747 3749 3605
f 3748 3604 3606
f 3741 3743 3599
f 3746 3604 3748
f 3745 3747 3603
f 3746 3602 3604
f 3744 3602 3746
f 3745 3603 3601
f 3743 3745 3601
f 3744 3600 3602
f 3742 3600 3744
f 3747 3605 3603
f 9936 9935 10074
f 3534 3392 3536
f 3533 3535 3391
f 3327 3185 3183
f 3325 3327 3183
f 3326 3182 3184
f 3324 3182 3326
f 3325 3183 3181
f 3323 3325 3181
f 3324 3180 3182
f 3322 3180 3324
f 3323 3181 3179
f 3321 3323 3179
f 3322 3178 3180
f 3320 3178 3322
f 3321 3179 3177
f 3319 3321 3177
f 3320 3176 3178
f 3326 3184 3328
f 3328 3184 3186
f 3327 3329 3185
f 3329 3187 3185
f 3337 3195 3193
f 3335 3337 3193
f 3336 3192 3194
f 3334 3192 3336
f 3335 3193 3191
f 3333 3335 3191
f 3334 3190 3192
f 3318 3176 3320
f 3332 3190 3334
f 3331 3333 3189
f 3332 3188 3190
f 3330 3188 3332
f 3331 3189 3187
f 3329 3331 3187
f 3330 3186 3188
f 3328 3186 3330
f 3333 3191 3189
f 3336 3194 3338
f 3319 3177 3175
f 3318 3174 3176
f 3306 3164 3308
f 3307 3165 3163
f 3305 3307 3163
f 3306 3162 3164
f 3304 3162 3306
f 3305 3163 3161
f 3303 3305 3161
f 3304 3160 3162
f 3302 3160 3304
f 3303 3161 3159
f 3301 3303 3159
f 3302 3158 3160
f 3300 3158 3302
f 3301 3159 3157
f 3299 3301 3157
f 3308 3164 3166
f 3307 3309 3165
f 3309 3167 3165
f 3308 3166 3310
f 3316 3174 3318
f 3317 3175 3173
f 3315 3317 3173
f 3316 3172 3174
f 3314 3172 3316
f 3315 3173 3171
f 3313 3315 3171
f 3317 3319 3175
f 3314 3170 3172
f 3313 3171 3169
f 3311 3313 3169
f 3312 3168 3170
f 3310 3168 3312
f 3311 3169 3167
f 3309 3311 3167
f 3310 3166 3168
f 3312 3170 3314
f 3338 3194 3196
f 3337 3339 3195
f 3339 3197 3195
f 3365 3367 3223
f 3366 3222 3224
f 3364 3222 3366
f 3365 3223 3221
f 3363 3365 3221
f 3364 3220 3222
f 3362 3220 3364
f 3363 3221 3219
f 3361 3363 3219
f 3362 3218 3220
f 3360 3218 3362
f 3361 3219 3217
f 3359 3361 3217
f 3360 3216 3218
f 3358 3216 3360
f 3367 3225 3223
f 3366 3224 3368
f 3368 3224 3226
f 3367 3369 3225
f 3375 3377 3233
f 3376 3232 3234
f 3374 3232 3376
f 3375 3233 3231
f 3373 3375 3231
f 3374 3230 3232
f 3372 3230 3374
f 3359 3217 3215
f 3373 3231 3229
f 3372 3228 3230
f 3370 3228 3372
f 3371 3229 3227
f 3369 3371 3227
f 3370 3226 3228
f 3368 3226 3370
f 3369 3227 3225
f 3371 3373 3229
f 3357 3359 3215
f 3358 3214 3216
f 3356 3214 3358
f 3347 3205 3203
f 3345 3347 3203
f 3346 3202 3204
f 3344 3202 3346
f 3345 3203 3201
f 3343 3345 3201
f 3344 3200 3202
f 3346 3204 3348
f 3342 3200 3344
f 3341 3343 3199
f 3342 3198 3200
f 3340 3198 3342
f 3341 3199 3197
f 3339 3341 3197
f 3340 3196 3198
f 3338 3196 3340
f 3343 3201 3199
f 3300 3156 3158
f 3348 3204 3206
f 3349 3207 3205
f 3357 3215 3213
f 3355 3357 3213
f 3356 3212 3214
f 3354 3212 3356
f 3355 3213 3211
f 3353 3355 3211
f 3354 3210 3212
f 3347 3349 3205
f 3352 3210 3354
f 3351 3353 3209
f 3352 3208 3210
f 3350 3208 3352
f 3351 3209 3207
f 3349 3351 3207
f 3350 3206 3208
f 3348 3206 3350
f 3353 3211 3209
f 3298 3156 3300
f 3299 3157 3155
f 3297 3299 3155
f 3247 3249 3105
f 3248 3104 3106
f 3246 3104 3248
f 3247 3105 3103
f 3245 3247 3103
f 3246 3102 3104
f 3244 3102 3246
f 3245 3103 3101
f 3243 3245 3101
f 3244 3100 3102
f 3242 3100 3244
f 3243 3101 3099
f 3241 3243 3099
f 3242 3098 3100
f 3240 3098 3242
f 3249 3107 3105
f 3248 3106 3250
f 3250 3106 3108
f 3249 3251 3107
f 3257 3259 3115
f 3258 3114 3116
f 3256 3114 3258
f 3257 3115 3113
f 3255 3257 3113
f 3256 3112 3114
f 3254 3112 3256
f 3241 3099 3097
f 3255 3113 3111
f 3254 3110 3112
f 3252 3110 3254
f 3253 3111 3109
f 3251 3253 3109
f 3252 3108 3110
f 3250 3108 3252
f 3251 3109 3107
f 3253 3255 3111
f 3239 3241 3097
f 3240 3096 3098
f 3238 3096 3240
f 3229 3087 3085
f 3227 3229 3085
f 3228 3084 3086
f 3226 3084 3228
f 3227 3085 3083
f 3225 3227 3083
f 3226 3082 3084
f 3228 3086 3230
f 3224 3082 3226
f 3223 3225 3081
f 3224 3080 3082
f 3222 3080 3224
f 3223 3081 3079
f 3221 3223 3079
f 3222 3078 3080
f 3220 3078 3222
f 3225 3083 3081
f 3259 3117 3115
f 3230 3086 3088
f 3231 3089 3087
f 3239 3097 3095
f 3237 3239 3095
f 3238 3094 3096
f 3236 3094 3238
f 3237 3095 3093
f 3235 3237 3093
f 3236 3092 3094
f 3229 3231 3087
f 3234 3092 3236
f 3233 3235 3091
f 3234 3090 3092
f 3232 3090 3234
f 3233 3091 3089
f 3231 3233 3089
f 3232 3088 3090
f 3230 3088 3232
f 3235 3093 3091
f 3377 3235 3233
f 3258 3116 3260
f 3259 3119 3117
f 3288 3144 3146
f 3286 3144 3288
f 3287 3145 3143
f 3285 3287 3143
f 3286 3142 3144
f 3284 3142 3286
f 3285 3143 3141
f 3283 3285 3141
f 3284 3140 3142
f 3282 3140 3284
f 3283 3141 3139
f 3281 3283 3139
f 3282 3138 3140
f 3280 3138 3282
f 3281 3139 3137
f 3287 3289 3145
f 3289 3147 3145
f 3288 3146 3290
f 3290 3146 3148
f 3298 3154 3156
f 3296 3154 3298
f 3297 3155 3153
f 3295 3297 3153
f 3296 3152 3154
f 3294 3152 3296
f 3295 3153 3151
f 3279 3281 3137
f 3293 3295 3151
f 3292 3150 3294
f 3293 3151 3149
f 3291 3293 3149
f 3292 3148 3150
f 3290 3148 3292
f 3291 3149 3147
f 3289 3291 3147
f 3294 3150 3152
f 3280 3136 3138
f 3278 3136 3280
f 3279 3137 3135
f 3267 3269 3125
f 3268 3124 3126
f 3266 3124 3268
f 3267 3125 3122
f 3264 3267 3122
f 3124 3266 3123
f 3123 3266 3265
f 3269 3127 3125
f 3121 3123 3265
f 3121 3263 3122
f 3122 3263 3264
f 3260 3118 3262
f 3262 3118 3120
f 3119 3262 3120
f 3261 3262 3119
f 3261 3119 3259
f 3263 3121 3265
f 3260 3116 3118
f 3268 3126 3270
f 3269 3271 3127
f 3277 3279 3135
f 3278 3134 3136
f 3276 3134 3278
f 3277 3135 3133
f 3275 3277 3133
f 3276 3132 3134
f 3274 3132 3276
f 3270 3126 3128
f 3275 3133 3131
f 3274 3130 3132
f 3272 3130 3274
f 3273 3131 3129
f 3271 3273 3129
f 3272 3128 3130
f 3270 3128 3272
f 3271 3129 3127
f 3273 3275 3131
f 3535 3393 3391
f 3376 3234 3378
f 3377 3379 3235
f 3483 3485 3341
f 3484 3340 3342
f 3482 3340 3484
f 3483 3341 3339
f 3481 3483 3339
f 3482 3338 3340
f 3480 3338 3482
f 3481 3339 3337
f 3479 3481 3337
f 3480 3336 3338
f 3478 3336 3480
f 3479 3337 3335
f 3477 3479 3335
f 3478 3334 3336
f 3476 3334 3478
f 3485 3343 3341
f 3484 3342 3486
f 3486 3342 3344
f 3485 3487 3343
f 3493 3495 3351
f 3494 3350 3352
f 3492 3350 3494
f 3493 3351 3349
f 3491 3493 3349
f 3492 3348 3350
f 3490 3348 3492
f 3477 3335 3333
f 3491 3349 3347
f 3490 3346 3348
f 3488 3346 3490
f 3489 3347 3345
f 3487 3489 3345
f 3488 3344 3346
f 3486 3344 3488
f 3487 3345 3343
f 3489 3491 3347
f 3495 3353 3351
f 3475 3477 3333
f 3474 3332 3476
f 3465 3323 3321
f 3463 3465 3321
f 3464 3320 3322
f 3462 3320 3464
f 3463 3321 3319
f 3461 3463 3319
f 3462 3318 3320
f 3460 3318 3462
f 3461 3319 3317
f 3459 3461 3317
f 3460 3316 3318
f 3458 3316 3460
f 3459 3317 3315
f 3457 3459 3315
f 3458 3314 3316
f 3464 3322 3466
f 3466 3322 3324
f 3465 3467 3323
f 3467 3325 3323
f 3475 3333 3331
f 3473 3475 3331
f 3474 3330 3332
f 3472 3330 3474
f 3473 3331 3329
f 3471 3473 3329
f 3472 3328 3330
f 3476 3332 3334
f 3470 3328 3472
f 3469 3471 3327
f 3470 3326 3328
f 3468 3326 3470
f 3469 3327 3325
f 3467 3469 3325
f 3468 3324 3326
f 3466 3324 3468
f 3471 3329 3327
f 3494 3352 3496
f 3496 3352 3354
f 3495 3497 3353
f 3524 3380 3382
f 3522 3380 3524
f 3523 3381 3379
f 3521 3523 3379
f 3522 3378 3380
f 3520 3378 3522
f 3521 3379 3377
f 3519 3521 3377
f 3520 3376 3378
f 3518 3376 3520
f 3519 3377 3375
f 3517 3519 3375
f 3518 3374 3376
f 3516 3374 3518
f 3517 3375 3373
f 3523 3525 3381
f 3525 3383 3381
f 3524 3382 3526
f 3526 3382 3384
f 3534 3390 3392
f 3532 3390 3534
f 3533 3391 3389
f 3531 3533 3389
f 3532 3388 3390
f 3530 3388 3532
f 3531 3389 3387
f 3515 3517 3373
f 3529 3531 3387
f 3528 3386 3530
f 3529 3387 3385
f 3527 3529 3385
f 3528 3384 3386
f 3526 3384 3528
f 3527 3385 3383
f 3525 3527 3383
f 3530 3386 3388
f 3516 3372 3374
f 3514 3372 3516
f 3515 3373 3371
f 3503 3505 3361
f 3504 3360 3362
f 3502 3360 3504
f 3503 3361 3359
f 3501 3503 3359
f 3502 3358 3360
f 3500 3358 3502
f 3505 3363 3361
f 3501 3359 3357
f 3500 3356 3358
f 3498 3356 3500
f 3499 3357 3355
f 3497 3499 3355
f 3498 3354 3356
f 3496 3354 3498
f 3497 3355 3353
f 3499 3501 3357
f 3456 3314 3458
f 3504 3362 3506
f 3505 3507 3363
f 3513 3515 3371
f 3514 3370 3372
f 3512 3370 3514
f 3513 3371 3369
f 3511 3513 3369
f 3512 3368 3370
f 3510 3368 3512
f 3506 3362 3364
f 3511 3369 3367
f 3510 3366 3368
f 3508 3366 3510
f 3509 3367 3365
f 3507 3509 3365
f 3508 3364 3366
f 3506 3364 3508
f 3507 3365 3363
f 3509 3511 3367
f 3457 3315 3313
f 3455 3457 3313
f 3456 3312 3314
f 3263 3405 3264
f 3264 3405 3406
f 3402 3260 3404
f 3404 3260 3262
f 3261 3404 3262
f 3403 3404 3261
f 3403 3261 3401
f 3401 3261 3259
f 3402 3258 3260
f 3400 3258 3402
f 3401 3259 3257
f 3399 3401 3257
f 3400 3256 3258
f 3398 3256 3400
f 3399 3257 3255
f 3405 3263 3407
f 3263 3265 3407
f 3265 3408 3407
f 3266 3408 3265
f 3416 3272 3274
f 3414 3272 3416
f 3415 3273 3271
f 3413 3415 3271
f 3414 3270 3272
f 3412 3270 3414
f 3413 3271 3269
f 3397 3399 3255
f 3411 3413 3269
f 3410 3268 3412
f 3411 3269 3267
f 3409 3411 3267
f 3410 3266 3268
f 3408 3266 3410
f 3409 3267 3264
f 3406 3409 3264
f 3412 3268 3270
f 3398 3254 3256
f 3396 3254 3398
f 3397 3255 3253
f 3385 3387 3243
f 3386 3242 3244
f 3384 3242 3386
f 3385 3243 3241
f 3383 3385 3241
f 3384 3240 3242
f 3382 3240 3384
f 3387 3245 3243
f 3383 3241 3239
f 3382 3238 3240
f 3380 3238 3382
f 3381 3239 3237
f 3379 3381 3237
f 3380 3236 3238
f 3378 3236 3380
f 3379 3237 3235
f 3381 3383 3239
f 3415 3417 3273
f 3386 3244 3388
f 3387 3389 3245
f 3395 3397 3253
f 3396 3252 3254
f 3394 3252 3396
f 3395 3253 3251
f 3393 3395 3251
f 3394 3250 3252
f 3392 3250 3394
f 3388 3244 3246
f 3393 3251 3249
f 3392 3248 3250
f 3390 3248 3392
f 3391 3249 3247
f 3389 3391 3247
f 3390 3246 3248
f 3388 3246 3390
f 3389 3247 3245
f 3391 3393 3249
f 3378 3234 3236
f 3417 3275 3273
f 3418 3274 3276
f 3444 3302 3446
f 3445 3303 3301
f 3443 3445 3301
f 3444 3300 3302
f 3442 3300 3444
f 3443 3301 3299
f 3441 3443 3299
f 3442 3298 3300
f 3440 3298 3442
f 3441 3299 3297
f 3439 3441 3297
f 3440 3296 3298
f 3438 3296 3440
f 3439 3297 3295
f 3437 3439 3295
f 3446 3302 3304
f 3445 3447 3303
f 3447 3305 3303
f 3446 3304 3448
f 3454 3312 3456
f 3455 3313 3311
f 3453 3455 3311
f 3454 3310 3312
f 3452 3310 3454
f 3453 3311 3309
f 3451 3453 3309
f 3438 3294 3296
f 3452 3308 3310
f 3451 3309 3307
f 3449 3451 3307
f 3450 3306 3308
f 3448 3306 3450
f 3449 3307 3305
f 3447 3449 3305
f 3448 3304 3306
f 3450 3308 3452
f 3436 3294 3438
f 3437 3295 3293
f 3435 3437 3293
f 3426 3282 3284
f 3424 3282 3426
f 3425 3283 3281
f 3423 3425 3281
f 3424 3280 3282
f 3422 3280 3424
f 3423 3281 3279
f 3425 3427 3283
f 3421 3423 3279
f 3420 3278 3422
f 3421 3279 3277
f 3419 3421 3277
f 3420 3276 3278
f 3418 3276 3420
f 3419 3277 3275
f 3417 3419 3275
f 3422 3278 3280
f 3416 3274 3418
f 3427 3285 3283
f 3428 3284 3286
f 3436 3292 3294
f 3434 3292 3436
f 3435 3293 3291
f 3433 3435 3291
f 3434 3290 3292
f 3432 3290 3434
f 3433 3291 3289
f 3426 3284 3428
f 3431 3433 3289
f 3430 3288 3432
f 3431 3289 3287
f 3429 3431 3287
f 3430 3286 3288
f 3428 3286 3430
f 3429 3287 3285
f 3427 3429 3285
f 3432 3288 3290
f 10074 9934 9936

