# https://github.com/mikedh/trimesh
v -0.37118942 -0.27000000 -0.01464750
v -0.37000000 -0.27118942 -0.01464750
v -0.37000000 -0.27000000 -0.02004745
v -0.37277977 -0.27000000 -0.00464750
v -0.37000000 -0.27277977 -0.00464750
v -0.37388378 -0.27000000 0.00535250
v -0.37000000 -0.27388378 0.00535250
v -0.37469495 -0.27000000 0.01535250
v -0.37000000 -0.27469495 0.01535250
v -0.37000000 -0.27000000 0.02004745
v -0.37118942 -0.26000000 -0.01464750
v -0.37000000 -0.26000000 -0.02004745
v -0.37277977 -0.26000000 -0.00464750
v -0.37388378 -0.26000000 0.00535250
v -0.37469495 -0.26000000 0.01535250
v -0.37000000 -0.26000000 0.02004745
v -0.37118942 -0.25000000 -0.01464750
v -0.37000000 -0.25000000 -0.02004745
v -0.37277977 -0.25000000 -0.00464750
v -0.37388378 -0.25000000 0.00535250
v -0.37469495 -0.25000000 0.01535250
v -0.37000000 -0.25000000 0.02004745
v -0.37118942 -0.24000000 -0.01464750
v -0.37000000 -0.24000000 -0.02004745
v -0.37277977 -0.24000000 -0.00464750
v -0.37388378 -0.24000000 0.00535250
v -0.37469495 -0.24000000 0.01535250
v -0.37000000 -0.24000000 0.02004745
v -0.37118942 -0.23000000 -0.01464750
v -0.37000000 -0.23000000 -0.02004745
v -0.37277977 -0.23000000 -0.00464750
v -0.37388378 -0.23000000 0.00535250
v -0.37469495 -0.23000000 0.01535250
v -0.37000000 -0.23000000 0.02004745
v -0.37118942 -0.22000000 -0.01464750
v -0.37000000 -0.22000000 -0.02004745
v -0.37277977 -0.22000000 -0.00464750
v -0.37388378 -0.22000000 0.00535250
v -0.37469495 -0.22000000 0.01535250
v -0.37000000 -0.22000000 0.02004745
v -0.37118942 -0.21000000 -0.01464750
v -0.37000000 -0.21000000 -0.02004745
v -0.37277977 -0.21000000 -0.00464750
v -0.37388378 -0.21000000 0.00535250
v -0.37469495 -0.21000000 0.01535250
v -0.37000000 -0.21000000 0.02004745
v -0.37118942 -0.20000000 -0.01464750
v -0.37000000 -0.20000000 -0.02004745
v -0.37277977 -0.20000000 -0.00464750
v -0.37388378 -0.20000000 0.00535250
v -0.37469495 -0.20000000 0.01535250
v -0.37000000 -0.20000000 0.02004745
v -0.37118942 -0.19000000 -0.01464750
v -0.37000000 -0.19000000 -0.02004745
v -0.37277977 -0.19000000 -0.00464750
v -0.37388378 -0.19000000 0.00535250
v -0.37469495 -0.19000000 0.01535250
v -0.37000000 -0.19000000 0.02004745
v -0.37118942 -0.18000000 -0.01464750
v -0.37000000 -0.18000000 -0.02004745
v -0.37277977 -0.18000000 -0.00464750
v -0.37388378 -0.18000000 0.00535250
v -0.37469495 -0.18000000 0.01535250
v -0.37000000 -0.18000000 0.02004745
v -0.37118942 -0.17000000 -0.01464750
v -0.37000000 -0.17000000 -0.02004745
v -0.37277977 -0.17000000 -0.00464750
v -0.37388378 -0.17000000 0.00535250
v -0.37469495 -0.17000000 0.01535250
v -0.37000000 -0.17000000 0.02004745
v -0.37118942 -0.16000000 -0.01464750
v -0.37000000 -0.16000000 -0.02004745
v -0.37277977 -0.16000000 -0.00464750
v -0.37388378 -0.16000000 0.00535250
v -0.37469495 -0.16000000 0.01535250
v -0.37000000 -0.16000000 0.02004745
v -0.37118942 -0.15000000 -0.01464750
v -0.37000000 -0.15000000 -0.02004745
v -0.37277977 -0.15000000 -0.00464750
v -0.37388378 -0.15000000 0.00535250
v -0.37469495 -0.15000000 0.01535250
v -0.37000000 -0.15000000 0.02004745
v -0.37118942 -0.14000000 -0.01464750
v -0.37000000 -0.14000000 -0.02004745
v -0.37277977 -0.14000000 -0.00464750
v -0.37388378 -0.14000000 0.00535250
v -0.37469495 -0.14000000 0.01535250
v -0.37000000 -0.14000000 0.02004745
v -0.37118942 -0.13000000 -0.01464750
v -0.37000000 -0.13000000 -0.02004745
v -0.37277977 -0.13000000 -0.00464750
v -0.37388378 -0.13000000 0.00535250
v -0.37469495 -0.13000000 0.01535250
v -0.37000000 -0.13000000 0.02004745
v -0.37118942 -0.12000000 -0.01464750
v -0.37000000 -0.12000000 -0.02004745
v -0.37277977 -0.12000000 -0.00464750
v -0.37388378 -0.12000000 0.00535250
v -0.37469495 -0.12000000 0.01535250
v -0.37000000 -0.12000000 0.02004745
v -0.37118942 -0.11000000 -0.01464750
v -0.37000000 -0.11000000 -0.02004745
v -0.37277977 -0.11000000 -0.00464750
v -0.37388378 -0.11000000 0.00535250
v -0.37469495 -0.11000000 0.01535250
v -0.37000000 -0.11000000 0.02004745
v -0.37118942 -0.10000000 -0.01464750
v -0.37000000 -0.10000000 -0.02004745
v -0.37277977 -0.10000000 -0.00464750
v -0.37388378 -0.10000000 0.00535250
v -0.37469495 -0.10000000 0.01535250
v -0.37000000 -0.10000000 0.02004745
v -0.37118942 -0.09000000 -0.01464750
v -0.37000000 -0.09000000 -0.02004745
v -0.37277977 -0.09000000 -0.00464750
v -0.37388378 -0.09000000 0.00535250
v -0.37469495 -0.09000000 0.01535250
v -0.37000000 -0.09000000 0.02004745
v -0.37118942 -0.08000000 -0.01464750
v -0.37000000 -0.08000000 -0.02004745
v -0.37277977 -0.08000000 -0.00464750
v -0.37388378 -0.08000000 0.00535250
v -0.37469495 -0.08000000 0.01535250
v -0.37000000 -0.08000000 0.02004745
v -0.37118942 -0.07000000 -0.01464750
v -0.37000000 -0.07000000 -0.02004745
v -0.37277977 -0.07000000 -0.00464750
v -0.37388378 -0.07000000 0.00535250
v -0.37469495 -0.07000000 0.01535250
v -0.37000000 -0.07000000 0.02004745
v -0.37118942 -0.06000000 -0.01464750
v -0.37000000 -0.06000000 -0.02004745
v -0.37277977 -0.06000000 -0.00464750
v -0.37388378 -0.06000000 0.00535250
v -0.37469495 -0.06000000 0.01535250
v -0.37000000 -0.06000000 0.02004745
v -0.37118942 -0.05000000 -0.01464750
v -0.37000000 -0.05000000 -0.02004745
v -0.37277977 -0.05000000 -0.00464750
v -0.37388378 -0.05000000 0.00535250
v -0.37469495 -0.05000000 0.01535250
v -0.37000000 -0.05000000 0.02004745
v -0.37118942 -0.04000000 -0.01464750
v -0.37000000 -0.04000000 -0.02004745
v -0.37277977 -0.04000000 -0.00464750
v -0.37388378 -0.04000000 0.00535250
v -0.37469495 -0.04000000 0.01535250
v -0.37000000 -0.04000000 0.02004745
v -0.37118942 -0.03000000 -0.01464750
v -0.37000000 -0.03000000 -0.02004745
v -0.37277977 -0.03000000 -0.00464750
v -0.37388378 -0.03000000 0.00535250
v -0.37469495 -0.03000000 0.01535250
v -0.37000000 -0.03000000 0.02004745
v -0.37118942 -0.02000000 -0.01464750
v -0.37000000 -0.02000000 -0.02004745
v -0.37277977 -0.02000000 -0.00464750
v -0.37388378 -0.02000000 0.00535250
v -0.37469495 -0.02000000 0.01535250
v -0.37000000 -0.02000000 0.02004745
v -0.37118942 -0.01000000 -0.01464750
v -0.37000000 -0.01000000 -0.02004745
v -0.37277977 -0.01000000 -0.00464750
v -0.37388378 -0.01000000 0.00535250
v -0.37469495 -0.01000000 0.01535250
v -0.37000000 -0.01000000 0.02004745
v -0.37118942 -0.00000000 -0.01464750
v -0.37000000 -0.00000000 -0.02004745
v -0.37277977 -0.00000000 -0.00464750
v -0.37388378 -0.00000000 0.00535250
v -0.37469495 -0.00000000 0.01535250
v -0.37000000 -0.00000000 0.02004745
v -0.37118942 0.01000000 -0.01464750
v -0.37000000 0.01000000 -0.02004745
v -0.37277977 0.01000000 -0.00464750
v -0.37388378 0.01000000 0.00535250
v -0.37469495 0.01000000 0.01535250
v -0.37000000 0.01000000 0.02004745
v -0.37118942 0.02000000 -0.01464750
v -0.37000000 0.02000000 -0.02004745
v -0.37277977 0.02000000 -0.00464750
v -0.37388378 0.02000000 0.00535250
v -0.37469495 0.02000000 0.01535250
v -0.37000000 0.02000000 0.02004745
v -0.37118942 0.03000000 -0.01464750
v -0.37000000 0.03000000 -0.02004745
v -0.37277977 0.03000000 -0.00464750
v -0.37388378 0.03000000 0.00535250
v -0.37469495 0.03000000 0.01535250
v -0.37000000 0.03000000 0.02004745
v -0.37118942 0.04000000 -0.01464750
v -0.37000000 0.04000000 -0.02004745
v -0.37277977 0.04000000 -0.00464750
v -0.37388378 0.04000000 0.00535250
v -0.37469495 0.04000000 0.01535250
v -0.37000000 0.04000000 0.02004745
v -0.37118942 0.05000000 -0.01464750
v -0.37000000 0.05000000 -0.02004745
v -0.37277977 0.05000000 -0.00464750
v -0.37388378 0.05000000 0.00535250
v -0.37469495 0.05000000 0.01535250
v -0.37000000 0.05000000 0.02004745
v -0.37118942 0.06000000 -0.01464750
v -0.37000000 0.06000000 -0.02004745
v -0.37277977 0.06000000 -0.00464750
v -0.37388378 0.06000000 0.00535250
v -0.37469495 0.06000000 0.01535250
v -0.37000000 0.06000000 0.02004745
v -0.37118942 0.07000000 -0.01464750
v -0.37000000 0.07000000 -0.02004745
v -0.37277977 0.07000000 -0.00464750
v -0.37388378 0.07000000 0.00535250
v -0.37469495 0.07000000 0.01535250
v -0.37000000 0.07000000 0.02004745
v -0.37118942 0.08000000 -0.01464750
v -0.37000000 0.08000000 -0.02004745
v -0.37277977 0.08000000 -0.00464750
v -0.37388378 0.08000000 0.00535250
v -0.37469495 0.08000000 0.01535250
v -0.37000000 0.08000000 0.02004745
v -0.37118942 0.09000000 -0.01464750
v -0.37000000 0.09000000 -0.02004745
v -0.37277977 0.09000000 -0.00464750
v -0.37388378 0.09000000 0.00535250
v -0.37469495 0.09000000 0.01535250
v -0.37000000 0.09000000 0.02004745
v -0.37118942 0.10000000 -0.01464750
v -0.37000000 0.10000000 -0.02004745
v -0.37277977 0.10000000 -0.00464750
v -0.37388378 0.10000000 0.00535250
v -0.37469495 0.10000000 0.01535250
v -0.37000000 0.10000000 0.02004745
v -0.37118942 0.11000000 -0.01464750
v -0.37000000 0.11000000 -0.02004745
v -0.37277977 0.11000000 -0.00464750
v -0.37388378 0.11000000 0.00535250
v -0.37469495 0.11000000 0.01535250
v -0.37000000 0.11000000 0.02004745
v -0.37118942 0.12000000 -0.01464750
v -0.37000000 0.12000000 -0.02004745
v -0.37277977 0.12000000 -0.00464750
v -0.37388378 0.12000000 0.00535250
v -0.37469495 0.12000000 0.01535250
v -0.37000000 0.12000000 0.02004745
v -0.37118942 0.13000000 -0.01464750
v -0.37000000 0.13000000 -0.02004745
v -0.37277977 0.13000000 -0.00464750
v -0.37388378 0.13000000 0.00535250
v -0.37469495 0.13000000 0.01535250
v -0.37000000 0.13000000 0.02004745
v -0.37118942 0.14000000 -0.01464750
v -0.37000000 0.14000000 -0.02004745
v -0.37277977 0.14000000 -0.00464750
v -0.37388378 0.14000000 0.00535250
v -0.37469495 0.14000000 0.01535250
v -0.37000000 0.14000000 0.02004745
v -0.37118942 0.15000000 -0.01464750
v -0.37000000 0.15000000 -0.02004745
v -0.37277977 0.15000000 -0.00464750
v -0.37388378 0.15000000 0.00535250
v -0.37469495 0.15000000 0.01535250
v -0.37000000 0.15000000 0.02004745
v -0.37118942 0.16000000 -0.01464750
v -0.37000000 0.16000000 -0.02004745
v -0.37277977 0.16000000 -0.00464750
v -0.37388378 0.16000000 0.00535250
v -0.37469495 0.16000000 0.01535250
v -0.37000000 0.16000000 0.02004745
v -0.37118942 0.17000000 -0.01464750
v -0.37000000 0.17000000 -0.02004745
v -0.37277977 0.17000000 -0.00464750
v -0.37388378 0.17000000 0.00535250
v -0.37469495 0.17000000 0.01535250
v -0.37000000 0.17000000 0.02004745
v -0.37118942 0.18000000 -0.01464750
v -0.37000000 0.18000000 -0.02004745
v -0.37277977 0.18000000 -0.00464750
v -0.37388378 0.18000000 0.00535250
v -0.37469495 0.18000000 0.01535250
v -0.37000000 0.18000000 0.02004745
v -0.37118942 0.19000000 -0.01464750
v -0.37000000 0.19000000 -0.02004745
v -0.37277977 0.19000000 -0.00464750
v -0.37388378 0.19000000 0.00535250
v -0.37469495 0.19000000 0.01535250
v -0.37000000 0.19000000 0.02004745
v -0.37118942 0.20000000 -0.01464750
v -0.37000000 0.20000000 -0.02004745
v -0.37277977 0.20000000 -0.00464750
v -0.37388378 0.20000000 0.00535250
v -0.37469495 0.20000000 0.01535250
v -0.37000000 0.20000000 0.02004745
v -0.37118942 0.21000000 -0.01464750
v -0.37000000 0.21000000 -0.02004745
v -0.37277977 0.21000000 -0.00464750
v -0.37388378 0.21000000 0.00535250
v -0.37469495 0.21000000 0.01535250
v -0.37000000 0.21000000 0.02004745
v -0.37118942 0.22000000 -0.01464750
v -0.37000000 0.22000000 -0.02004745
v -0.37277977 0.22000000 -0.00464750
v -0.37388378 0.22000000 0.00535250
v -0.37469495 0.22000000 0.01535250
v -0.37000000 0.22000000 0.02004745
v -0.37118942 0.23000000 -0.01464750
v -0.37000000 0.23000000 -0.02004745
v -0.37277977 0.23000000 -0.00464750
v -0.37388378 0.23000000 0.00535250
v -0.37469495 0.23000000 0.01535250
v -0.37000000 0.23000000 0.02004745
v -0.37118942 0.24000000 -0.01464750
v -0.37000000 0.24000000 -0.02004745
v -0.37277977 0.24000000 -0.00464750
v -0.37388378 0.24000000 0.00535250
v -0.37469495 0.24000000 0.01535250
v -0.37000000 0.24000000 0.02004745
v -0.37118942 0.25000000 -0.01464750
v -0.37000000 0.25000000 -0.02004745
v -0.37277977 0.25000000 -0.00464750
v -0.37388378 0.25000000 0.00535250
v -0.37469495 0.25000000 0.01535250
v -0.37000000 0.25000000 0.02004745
v -0.37118942 0.26000000 -0.01464750
v -0.37000000 0.26000000 -0.02004745
v -0.37277977 0.26000000 -0.00464750
v -0.37388378 0.26000000 0.00535250
v -0.37469495 0.26000000 0.01535250
v -0.37000000 0.26000000 0.02004745
v -0.37118942 0.27000000 -0.01464750
v -0.37000000 0.27000000 -0.02004745
v -0.37277977 0.27000000 -0.00464750
v -0.37388378 0.27000000 0.00535250
v -0.37469495 0.27000000 0.01535250
v -0.37000000 0.27000000 0.02004745
v -0.37000000 0.27118942 -0.01464750
v -0.37000000 0.27277977 -0.00464750
v -0.37000000 0.27388378 0.00535250
v -0.37000000 0.27469495 0.01535250
v -0.36000000 -0.27118942 -0.01464750
v -0.36000000 -0.27000000 -0.02004745
v -0.36000000 -0.27277977 -0.00464750
v -0.36000000 -0.27388378 0.00535250
v -0.36000000 -0.27469495 0.01535250
v -0.36000000 -0.27000000 0.02004745
v -0.36000000 -0.26000000 -0.02004745
v -0.36000000 -0.26000000 0.02004745
v -0.36000000 -0.25000000 -0.02004745
v -0.36000000 -0.25000000 0.02004745
v -0.36000000 -0.24000000 -0.02004745
v -0.36000000 -0.24000000 0.02004745
v -0.36000000 -0.23000000 -0.02004745
v -0.36000000 -0.23000000 0.02004745
v -0.36000000 -0.22000000 -0.02004745
v -0.36000000 -0.22000000 0.02004745
v -0.36000000 -0.21000000 -0.02004745
v -0.36000000 -0.21000000 0.02004745
v -0.36000000 -0.20000000 -0.02004745
v -0.36000000 -0.20000000 0.02004745
v -0.36000000 -0.19000000 -0.02004745
v -0.36000000 -0.19000000 0.02004745
v -0.36000000 -0.18000000 -0.02004745
v -0.36000000 -0.18000000 0.02004745
v -0.36000000 -0.17000000 -0.02004745
v -0.36000000 -0.17000000 0.02004745
v -0.36000000 -0.16000000 -0.02004745
v -0.36000000 -0.16000000 0.02004745
v -0.36000000 -0.15000000 -0.02004745
v -0.36000000 -0.15000000 0.02004745
v -0.36000000 -0.14000000 -0.02004745
v -0.36000000 -0.14000000 0.02004745
v -0.36000000 -0.13000000 -0.02004745
v -0.36000000 -0.13000000 0.02004745
v -0.36000000 -0.12000000 -0.02004745
v -0.36000000 -0.12000000 0.02004745
v -0.36000000 -0.11000000 -0.02004745
v -0.36000000 -0.11000000 0.02004745
v -0.36000000 -0.10000000 -0.02004745
v -0.36000000 -0.10000000 0.02004745
v -0.36000000 -0.09000000 -0.02004745
v -0.36000000 -0.09000000 0.02004745
v -0.36000000 -0.08000000 -0.02004745
v -0.36000000 -0.08000000 0.02004745
v -0.36000000 -0.07000000 -0.02004745
v -0.36000000 -0.07000000 0.02004745
v -0.36000000 -0.06000000 -0.02004745
v -0.36000000 -0.06000000 0.02004745
v -0.36000000 -0.05000000 -0.02004745
v -0.36000000 -0.05000000 0.02004745
v -0.36000000 -0.04000000 -0.02004745
v -0.36000000 -0.04000000 0.02004745
v -0.36000000 -0.03000000 -0.02004745
v -0.36000000 -0.03000000 0.02004745
v -0.36000000 -0.02000000 -0.02004745
v -0.36000000 -0.02000000 0.02004745
v -0.36000000 -0.01000000 -0.02004745
v -0.36000000 -0.01000000 0.02004745
v -0.36000000 -0.00000000 -0.02004745
v -0.36000000 -0.00000000 0.02004745
v -0.36000000 0.01000000 -0.02004745
v -0.36000000 0.01000000 0.02004745
v -0.36000000 0.02000000 -0.02004745
v -0.36000000 0.02000000 0.02004745
v -0.36000000 0.03000000 -0.02004745
v -0.36000000 0.03000000 0.02004745
v -0.36000000 0.04000000 -0.02004745
v -0.36000000 0.04000000 0.02004745
v -0.36000000 0.05000000 -0.02004745
v -0.36000000 0.05000000 0.02004745
v -0.36000000 0.06000000 -0.02004745
v -0.36000000 0.06000000 0.02004745
v -0.36000000 0.07000000 -0.02004745
v -0.36000000 0.07000000 0.02004745
v -0.36000000 0.08000000 -0.02004745
v -0.36000000 0.08000000 0.02004745
v -0.36000000 0.09000000 -0.02004745
v -0.36000000 0.09000000 0.02004745
v -0.36000000 0.10000000 -0.02004745
v -0.36000000 0.10000000 0.02004745
v -0.36000000 0.11000000 -0.02004745
v -0.36000000 0.11000000 0.02004745
v -0.36000000 0.12000000 -0.02004745
v -0.36000000 0.12000000 0.02004745
v -0.36000000 0.13000000 -0.02004745
v -0.36000000 0.13000000 0.02004745
v -0.36000000 0.14000000 -0.02004745
v -0.36000000 0.14000000 0.02004745
v -0.36000000 0.15000000 -0.02004745
v -0.36000000 0.15000000 0.02004745
v -0.36000000 0.16000000 -0.02004745
v -0.36000000 0.16000000 0.02004745
v -0.36000000 0.17000000 -0.02004745
v -0.36000000 0.17000000 0.02004745
v -0.36000000 0.18000000 -0.02004745
v -0.36000000 0.18000000 0.02004745
v -0.36000000 0.19000000 -0.02004745
v -0.36000000 0.19000000 0.02004745
v -0.36000000 0.20000000 -0.02004745
v -0.36000000 0.20000000 0.02004745
v -0.36000000 0.21000000 -0.02004745
v -0.36000000 0.21000000 0.02004745
v -0.36000000 0.22000000 -0.02004745
v -0.36000000 0.22000000 0.02004745
v -0.36000000 0.23000000 -0.02004745
v -0.36000000 0.23000000 0.02004745
v -0.36000000 0.24000000 -0.02004745
v -0.36000000 0.24000000 0.02004745
v -0.36000000 0.25000000 -0.02004745
v -0.36000000 0.25000000 0.02004745
v -0.36000000 0.26000000 -0.02004745
v -0.36000000 0.26000000 0.02004745
v -0.36000000 0.27000000 -0.02004745
v -0.36000000 0.27000000 0.02004745
v -0.36000000 0.27118942 -0.01464750
v -0.36000000 0.27277977 -0.00464750
v -0.36000000 0.27388378 0.00535250
v -0.36000000 0.27469495 0.01535250
v -0.35000000 -0.27118942 -0.01464750
v -0.35000000 -0.27000000 -0.02004745
v -0.35000000 -0.27277977 -0.00464750
v -0.35000000 -0.27388378 0.00535250
v -0.35000000 -0.27469495 0.01535250
v -0.35000000 -0.27000000 0.02004745
v -0.35000000 -0.26000000 -0.02004745
v -0.35000000 -0.26000000 0.02004745
v -0.35000000 -0.25000000 -0.02004745
v -0.35000000 -0.25000000 0.02004745
v -0.35000000 -0.24000000 -0.02004745
v -0.35000000 -0.24000000 0.02004745
v -0.35000000 -0.23000000 -0.02004745
v -0.35000000 -0.23000000 0.02004745
v -0.35000000 -0.22000000 -0.02004745
v -0.35000000 -0.22000000 0.02004745
v -0.35000000 -0.21000000 -0.02004745
v -0.35000000 -0.21000000 0.02004745
v -0.35000000 -0.20000000 -0.02004745
v -0.35000000 -0.20000000 0.02004745
v -0.35000000 -0.19000000 -0.02004745
v -0.35000000 -0.19000000 0.02004745
v -0.35000000 -0.18000000 -0.02004745
v -0.35000000 -0.18000000 0.02004745
v -0.35000000 -0.17000000 -0.02004745
v -0.35000000 -0.17000000 0.02004745
v -0.35000000 -0.16000000 -0.02004745
v -0.35000000 -0.16000000 0.02004745
v -0.35000000 -0.15000000 -0.02004745
v -0.35000000 -0.15000000 0.02004745
v -0.35000000 -0.14000000 -0.02004745
v -0.35000000 -0.14000000 0.02004745
v -0.35000000 -0.13000000 -0.02004745
v -0.35000000 -0.13000000 0.02004745
v -0.35000000 -0.12000000 -0.02004745
v -0.35000000 -0.12000000 0.02004745
v -0.35000000 -0.11000000 -0.02004745
v -0.35000000 -0.11000000 0.02004745
v -0.35000000 -0.10000000 -0.02004745
v -0.35000000 -0.10000000 0.02004745
v -0.35000000 -0.09000000 -0.02004745
v -0.35000000 -0.09000000 0.02004745
v -0.35000000 -0.08000000 -0.02004745
v -0.35000000 -0.08000000 0.02004745
v -0.35000000 -0.07000000 -0.02004745
v -0.35000000 -0.07000000 0.02004745
v -0.35000000 -0.06000000 -0.02004745
v -0.35000000 -0.06000000 0.02004745
v -0.35000000 -0.05000000 -0.02004745
v -0.35000000 -0.05000000 0.02004745
v -0.35000000 -0.04000000 -0.02004745
v -0.35000000 -0.04000000 0.02004745
v -0.35000000 -0.03000000 -0.02004745
v -0.35000000 -0.03000000 0.02004745
v -0.35000000 -0.02000000 -0.02004745
v -0.35000000 -0.02000000 0.02004745
v -0.35000000 -0.01000000 -0.02004745
v -0.35000000 -0.01000000 0.02004745
v -0.35000000 -0.00000000 -0.02004745
v -0.35000000 -0.00000000 0.02004745
v -0.35000000 0.01000000 -0.02004745
v -0.35000000 0.01000000 0.02004745
v -0.35000000 0.02000000 -0.02004745
v -0.35000000 0.02000000 0.02004745
v -0.35000000 0.03000000 -0.02004745
v -0.35000000 0.03000000 0.02004745
v -0.35000000 0.04000000 -0.02004745
v -0.35000000 0.04000000 0.02004745
v -0.35000000 0.05000000 -0.02004745
v -0.35000000 0.05000000 0.02004745
v -0.35000000 0.06000000 -0.02004745
v -0.35000000 0.06000000 0.02004745
v -0.35000000 0.07000000 -0.02004745
v -0.35000000 0.07000000 0.02004745
v -0.35000000 0.08000000 -0.02004745
v -0.35000000 0.08000000 0.02004745
v -0.35000000 0.09000000 -0.02004745
v -0.35000000 0.09000000 0.02004745
v -0.35000000 0.10000000 -0.02004745
v -0.35000000 0.10000000 0.02004745
v -0.35000000 0.11000000 -0.02004745
v -0.35000000 0.11000000 0.02004745
v -0.35000000 0.12000000 -0.02004745
v -0.35000000 0.12000000 0.02004745
v -0.35000000 0.13000000 -0.02004745
v -0.35000000 0.13000000 0.02004745
v -0.35000000 0.14000000 -0.02004745
v -0.35000000 0.14000000 0.02004745
v -0.35000000 0.15000000 -0.02004745
v -0.35000000 0.15000000 0.02004745
v -0.35000000 0.16000000 -0.02004745
v -0.35000000 0.16000000 0.02004745
v -0.35000000 0.17000000 -0.02004745
v -0.35000000 0.17000000 0.02004745
v -0.35000000 0.18000000 -0.02004745
v -0.35000000 0.18000000 0.02004745
v -0.35000000 0.19000000 -0.02004745
v -0.35000000 0.19000000 0.02004745
v -0.35000000 0.20000000 -0.02004745
v -0.35000000 0.20000000 0.02004745
v -0.35000000 0.21000000 -0.02004745
v -0.35000000 0.21000000 0.02004745
v -0.35000000 0.22000000 -0.02004745
v -0.35000000 0.22000000 0.02004745
v -0.35000000 0.23000000 -0.02004745
v -0.35000000 0.23000000 0.02004745
v -0.35000000 0.24000000 -0.02004745
v -0.35000000 0.24000000 0.02004745
v -0.35000000 0.25000000 -0.02004745
v -0.35000000 0.25000000 0.02004745
v -0.35000000 0.26000000 -0.02004745
v -0.35000000 0.26000000 0.02004745
v -0.35000000 0.27000000 -0.02004745
v -0.35000000 0.27000000 0.02004745
v -0.35000000 0.27118942 -0.01464750
v -0.35000000 0.27277977 -0.00464750
v -0.35000000 0.27388378 0.00535250
v -0.35000000 0.27469495 0.01535250
v -0.34000000 -0.27118942 -0.01464750
v -0.34000000 -0.27000000 -0.02004745
v -0.34000000 -0.27277977 -0.00464750
v -0.34000000 -0.27388378 0.00535250
v -0.34000000 -0.27469495 0.01535250
v -0.34000000 -0.27000000 0.02004745
v -0.34000000 -0.26000000 -0.02004745
v -0.34000000 -0.26000000 0.02004745
v -0.34000000 -0.25000000 -0.02004745
v -0.34000000 -0.25000000 0.02004745
v -0.34000000 -0.24000000 -0.02004745
v -0.34000000 -0.24000000 0.02004745
v -0.34000000 -0.23000000 -0.02004745
v -0.34000000 -0.23000000 0.02004745
v -0.34000000 -0.22000000 -0.02004745
v -0.34000000 -0.22000000 0.02004745
v -0.34000000 -0.21000000 -0.02004745
v -0.34000000 -0.21000000 0.02004745
v -0.34000000 -0.20000000 -0.02004745
v -0.34000000 -0.20000000 0.02004745
v -0.34000000 -0.19000000 -0.02004745
v -0.34000000 -0.19000000 0.02004745
v -0.34000000 -0.18000000 -0.02004745
v -0.34000000 -0.18000000 0.02004745
v -0.34000000 -0.17000000 -0.02004745
v -0.34000000 -0.17000000 0.02004745
v -0.34000000 -0.16000000 -0.02004745
v -0.34000000 -0.16000000 0.02004745
v -0.34000000 -0.15000000 -0.02004745
v -0.34000000 -0.15000000 0.02004745
v -0.34000000 -0.14000000 -0.02004745
v -0.34000000 -0.14000000 0.02004745
v -0.34000000 -0.13000000 -0.02004745
v -0.34000000 -0.13000000 0.02004745
v -0.34000000 -0.12000000 -0.02004745
v -0.34000000 -0.12000000 0.02004745
v -0.34000000 -0.11000000 -0.02004745
v -0.34000000 -0.11000000 0.02004745
v -0.34000000 -0.10000000 -0.02004745
v -0.34000000 -0.10000000 0.02004745
v -0.34000000 -0.09000000 -0.02004745
v -0.34000000 -0.09000000 0.02004745
v -0.34000000 -0.08000000 -0.02004745
v -0.34000000 -0.08000000 0.02004745
v -0.34000000 -0.07000000 -0.02004745
v -0.34000000 -0.07000000 0.02004745
v -0.34000000 -0.06000000 -0.02004745
v -0.34000000 -0.06000000 0.02004745
v -0.34000000 -0.05000000 -0.02004745
v -0.34000000 -0.05000000 0.02004745
v -0.34000000 -0.04000000 -0.02004745
v -0.34000000 -0.04000000 0.02004745
v -0.34000000 -0.03000000 -0.02004745
v -0.34000000 -0.03000000 0.02004745
v -0.34000000 -0.02000000 -0.02004745
v -0.34000000 -0.02000000 0.02004745
v -0.34000000 -0.01000000 -0.02004745
v -0.34000000 -0.01000000 0.02004745
v -0.34000000 -0.00000000 -0.02004745
v -0.34000000 -0.00000000 0.02004745
v -0.34000000 0.01000000 -0.02004745
v -0.34000000 0.01000000 0.02004745
v -0.34000000 0.02000000 -0.02004745
v -0.34000000 0.02000000 0.02004745
v -0.34000000 0.03000000 -0.02004745
v -0.34000000 0.03000000 0.02004745
v -0.34000000 0.04000000 -0.02004745
v -0.34000000 0.04000000 0.02004745
v -0.34000000 0.05000000 -0.02004745
v -0.34000000 0.05000000 0.02004745
v -0.34000000 0.06000000 -0.02004745
v -0.34000000 0.06000000 0.02004745
v -0.34000000 0.07000000 -0.02004745
v -0.34000000 0.07000000 0.02004745
v -0.34000000 0.08000000 -0.02004745
v -0.34000000 0.08000000 0.02004745
v -0.34000000 0.09000000 -0.02004745
v -0.34000000 0.09000000 0.02004745
v -0.34000000 0.10000000 -0.02004745
v -0.34000000 0.10000000 0.02004745
v -0.34000000 0.11000000 -0.02004745
v -0.34000000 0.11000000 0.02004745
v -0.34000000 0.12000000 -0.02004745
v -0.34000000 0.12000000 0.02004745
v -0.34000000 0.13000000 -0.02004745
v -0.34000000 0.13000000 0.02004745
v -0.34000000 0.14000000 -0.02004745
v -0.34000000 0.14000000 0.02004745
v -0.34000000 0.15000000 -0.02004745
v -0.34000000 0.15000000 0.02004745
v -0.34000000 0.16000000 -0.02004745
v -0.34000000 0.16000000 0.02004745
v -0.34000000 0.17000000 -0.02004745
v -0.34000000 0.17000000 0.02004745
v -0.34000000 0.18000000 -0.02004745
v -0.34000000 0.18000000 0.02004745
v -0.34000000 0.19000000 -0.02004745
v -0.34000000 0.19000000 0.02004745
v -0.34000000 0.20000000 -0.02004745
v -0.34000000 0.20000000 0.02004745
v -0.34000000 0.21000000 -0.02004745
v -0.34000000 0.21000000 0.02004745
v -0.34000000 0.22000000 -0.02004745
v -0.34000000 0.22000000 0.02004745
v -0.34000000 0.23000000 -0.02004745
v -0.34000000 0.23000000 0.02004745
v -0.34000000 0.24000000 -0.02004745
v -0.34000000 0.24000000 0.02004745
v -0.34000000 0.25000000 -0.02004745
v -0.34000000 0.25000000 0.02004745
v -0.34000000 0.26000000 -0.02004745
v -0.34000000 0.26000000 0.02004745
v -0.34000000 0.27000000 -0.02004745
v -0.34000000 0.27000000 0.02004745
v -0.34000000 0.27118942 -0.01464750
v -0.34000000 0.27277977 -0.00464750
v -0.34000000 0.27388378 0.00535250
v -0.34000000 0.27469495 0.01535250
v -0.33000000 -0.27118942 -0.01464750
v -0.33000000 -0.27000000 -0.02004745
v -0.33000000 -0.27277977 -0.00464750
v -0.33000000 -0.27388378 0.00535250
v -0.33000000 -0.27469495 0.01535250
v -0.33000000 -0.27000000 0.02004745
v -0.33000000 -0.26000000 -0.02004745
v -0.33000000 -0.26000000 0.02004745
v -0.33000000 -0.25000000 -0.02004745
v -0.33000000 -0.25000000 0.02004745
v -0.33000000 -0.24000000 -0.02004745
v -0.33000000 -0.24000000 0.02004745
v -0.33000000 -0.23000000 -0.02004745
v -0.33000000 -0.23000000 0.02004745
v -0.33000000 -0.22000000 -0.02004745
v -0.33000000 -0.22000000 0.02004745
v -0.33000000 -0.21000000 -0.02004745
v -0.33000000 -0.21000000 0.02004745
v -0.33000000 -0.20000000 -0.02004745
v -0.33000000 -0.20000000 0.02004745
v -0.33000000 -0.19000000 -0.02004745
v -0.33000000 -0.19000000 0.02004745
v -0.33000000 -0.18000000 -0.02004745
v -0.33000000 -0.18000000 0.02004745
v -0.33000000 -0.17000000 -0.02004745
v -0.33000000 -0.17000000 0.02004745
v -0.33000000 -0.16000000 -0.02004745
v -0.33000000 -0.16000000 0.02004745
v -0.33000000 -0.15000000 -0.02004745
v -0.33000000 -0.15000000 0.02004745
v -0.33000000 -0.14000000 -0.02004745
v -0.33000000 -0.14000000 0.02004745
v -0.33000000 -0.13000000 -0.02004745
v -0.33000000 -0.13000000 0.02004745
v -0.33000000 -0.12000000 -0.02004745
v -0.33000000 -0.12000000 0.02004745
v -0.33000000 -0.11000000 -0.02004745
v -0.33000000 -0.11000000 0.02004745
v -0.33000000 -0.10000000 -0.02004745
v -0.33000000 -0.10000000 0.02004745
v -0.33000000 -0.09000000 -0.02004745
v -0.33000000 -0.09000000 0.02004745
v -0.33000000 -0.08000000 -0.02004745
v -0.33000000 -0.08000000 0.02004745
v -0.33000000 -0.07000000 -0.02004745
v -0.33000000 -0.07000000 0.02004745
v -0.33000000 -0.06000000 -0.02004745
v -0.33000000 -0.06000000 0.02004745
v -0.33000000 -0.05000000 -0.02004745
v -0.33000000 -0.05000000 0.02004745
v -0.33000000 -0.04000000 -0.02004745
v -0.33000000 -0.04000000 0.02004745
v -0.33000000 -0.03000000 -0.02004745
v -0.33000000 -0.03000000 0.02004745
v -0.33000000 -0.02000000 -0.02004745
v -0.33000000 -0.02000000 0.02004745
v -0.33000000 -0.01000000 -0.02004745
v -0.33000000 -0.01000000 0.02004745
v -0.33000000 -0.00000000 -0.02004745
v -0.33000000 -0.00000000 0.02004745
v -0.33000000 0.01000000 -0.02004745
v -0.33000000 0.01000000 0.02004745
v -0.33000000 0.02000000 -0.02004745
v -0.33000000 0.02000000 0.02004745
v -0.33000000 0.03000000 -0.02004745
v -0.33000000 0.03000000 0.02004745
v -0.33000000 0.04000000 -0.02004745
v -0.33000000 0.04000000 0.02004745
v -0.33000000 0.05000000 -0.02004745
v -0.33000000 0.05000000 0.02004745
v -0.33000000 0.06000000 -0.02004745
v -0.33000000 0.06000000 0.02004745
v -0.33000000 0.07000000 -0.02004745
v -0.33000000 0.07000000 0.02004745
v -0.33000000 0.08000000 -0.02004745
v -0.33000000 0.08000000 0.02004745
v -0.33000000 0.09000000 -0.02004745
v -0.33000000 0.09000000 0.02004745
v -0.33000000 0.10000000 -0.02004745
v -0.33000000 0.10000000 0.02004745
v -0.33000000 0.11000000 -0.02004745
v -0.33000000 0.11000000 0.02004745
v -0.33000000 0.12000000 -0.02004745
v -0.33000000 0.12000000 0.02004745
v -0.33000000 0.13000000 -0.02004745
v -0.33000000 0.13000000 0.02004745
v -0.33000000 0.14000000 -0.02004745
v -0.33000000 0.14000000 0.02004745
v -0.33000000 0.15000000 -0.02004745
v -0.33000000 0.15000000 0.02004745
v -0.33000000 0.16000000 -0.02004745
v -0.33000000 0.16000000 0.02004745
v -0.33000000 0.17000000 -0.02004745
v -0.33000000 0.17000000 0.02004745
v -0.33000000 0.18000000 -0.02004745
v -0.33000000 0.18000000 0.02004745
v -0.33000000 0.19000000 -0.02004745
v -0.33000000 0.19000000 0.02004745
v -0.33000000 0.20000000 -0.02004745
v -0.33000000 0.20000000 0.02004745
v -0.33000000 0.21000000 -0.02004745
v -0.33000000 0.21000000 0.02004745
v -0.33000000 0.22000000 -0.02004745
v -0.33000000 0.22000000 0.02004745
v -0.33000000 0.23000000 -0.02004745
v -0.33000000 0.23000000 0.02004745
v -0.33000000 0.24000000 -0.02004745
v -0.33000000 0.24000000 0.02004745
v -0.33000000 0.25000000 -0.02004745
v -0.33000000 0.25000000 0.02004745
v -0.33000000 0.26000000 -0.02004745
v -0.33000000 0.26000000 0.02004745
v -0.33000000 0.27000000 -0.02004745
v -0.33000000 0.27000000 0.02004745
v -0.33000000 0.27118942 -0.01464750
v -0.33000000 0.27277977 -0.00464750
v -0.33000000 0.27388378 0.00535250
v -0.33000000 0.27469495 0.01535250
v -0.32000000 -0.27118942 -0.01464750
v -0.32000000 -0.27000000 -0.02004745
v -0.32000000 -0.27277977 -0.00464750
v -0.32000000 -0.27388378 0.00535250
v -0.32000000 -0.27469495 0.01535250
v -0.32000000 -0.27000000 0.02004745
v -0.32000000 -0.26000000 -0.02004745
v -0.32000000 -0.26000000 0.02004745
v -0.32000000 -0.25000000 -0.02004745
v -0.32000000 -0.25000000 0.02004745
v -0.32000000 -0.24000000 -0.02004745
v -0.32000000 -0.24000000 0.02004745
v -0.32000000 -0.23000000 -0.02004745
v -0.32000000 -0.23000000 0.02004745
v -0.32000000 -0.22000000 -0.02004745
v -0.32000000 -0.22000000 0.02004745
v -0.32000000 -0.21000000 -0.02004745
v -0.32000000 -0.21000000 0.02004745
v -0.32000000 -0.20000000 -0.02004745
v -0.32000000 -0.20000000 0.02004745
v -0.32000000 -0.19000000 -0.02004745
v -0.32000000 -0.19000000 0.02004745
v -0.32000000 -0.18000000 -0.02004745
v -0.32000000 -0.18000000 0.02004745
v -0.32000000 -0.17000000 -0.02004745
v -0.32000000 -0.17000000 0.02004745
v -0.32000000 -0.16000000 -0.02004745
v -0.32000000 -0.16000000 0.02004745
v -0.32000000 -0.15000000 -0.02004745
v -0.32000000 -0.15000000 0.02004745
v -0.32000000 -0.14000000 -0.02004745
v -0.32000000 -0.14000000 0.02004745
v -0.32000000 -0.13000000 -0.02004745
v -0.32000000 -0.13000000 0.02004745
v -0.32000000 -0.12000000 -0.02004745
v -0.32000000 -0.12000000 0.02004745
v -0.32000000 -0.11000000 -0.02004745
v -0.32000000 -0.11000000 0.02004745
v -0.32000000 -0.10000000 -0.02004745
v -0.32000000 -0.10000000 0.02004745
v -0.32000000 -0.09000000 -0.02004745
v -0.32000000 -0.09000000 0.02004745
v -0.32000000 -0.08000000 -0.02004745
v -0.32000000 -0.08000000 0.02004745
v -0.32000000 -0.07000000 -0.02004745
v -0.32000000 -0.07000000 0.02004745
v -0.32000000 -0.06000000 -0.02004745
v -0.32000000 -0.06000000 0.02004745
v -0.32000000 -0.05000000 -0.02004745
v -0.32000000 -0.05000000 0.02004745
v -0.32000000 -0.04000000 -0.02004745
v -0.32000000 -0.04000000 0.02004745
v -0.32000000 -0.03000000 -0.02004745
v -0.32000000 -0.03000000 0.02004745
v -0.32000000 -0.02000000 -0.02004745
v -0.32000000 -0.02000000 0.02004745
v -0.32000000 -0.01000000 -0.02004745
v -0.32000000 -0.01000000 0.02004745
v -0.32000000 -0.00000000 -0.02004745
v -0.32000000 -0.00000000 0.02004745
v -0.32000000 0.01000000 -0.02004745
v -0.32000000 0.01000000 0.02004745
v -0.32000000 0.02000000 -0.02004745
v -0.32000000 0.02000000 0.02004745
v -0.32000000 0.03000000 -0.02004745
v -0.32000000 0.03000000 0.02004745
v -0.32000000 0.04000000 -0.02004745
v -0.32000000 0.04000000 0.02004745
v -0.32000000 0.05000000 -0.02004745
v -0.32000000 0.05000000 0.02004745
v -0.32000000 0.06000000 -0.02004745
v -0.32000000 0.06000000 0.02004745
v -0.32000000 0.07000000 -0.02004745
v -0.32000000 0.07000000 0.02004745
v -0.32000000 0.08000000 -0.02004745
v -0.32000000 0.08000000 0.02004745
v -0.32000000 0.09000000 -0.02004745
v -0.32000000 0.09000000 0.02004745
v -0.32000000 0.10000000 -0.02004745
v -0.32000000 0.10000000 0.02004745
v -0.32000000 0.11000000 -0.02004745
v -0.32000000 0.11000000 0.02004745
v -0.32000000 0.12000000 -0.02004745
v -0.32000000 0.12000000 0.02004745
v -0.32000000 0.13000000 -0.02004745
v -0.32000000 0.13000000 0.02004745
v -0.32000000 0.14000000 -0.02004745
v -0.32000000 0.14000000 0.02004745
v -0.32000000 0.15000000 -0.02004745
v -0.32000000 0.15000000 0.02004745
v -0.32000000 0.16000000 -0.02004745
v -0.32000000 0.16000000 0.02004745
v -0.32000000 0.17000000 -0.02004745
v -0.32000000 0.17000000 0.02004745
v -0.32000000 0.18000000 -0.02004745
v -0.32000000 0.18000000 0.02004745
v -0.32000000 0.19000000 -0.02004745
v -0.32000000 0.19000000 0.02004745
v -0.32000000 0.20000000 -0.02004745
v -0.32000000 0.20000000 0.02004745
v -0.32000000 0.21000000 -0.02004745
v -0.32000000 0.21000000 0.02004745
v -0.32000000 0.22000000 -0.02004745
v -0.32000000 0.22000000 0.02004745
v -0.32000000 0.23000000 -0.02004745
v -0.32000000 0.23000000 0.02004745
v -0.32000000 0.24000000 -0.02004745
v -0.32000000 0.24000000 0.02004745
v -0.32000000 0.25000000 -0.02004745
v -0.32000000 0.25000000 0.02004745
v -0.32000000 0.26000000 -0.02004745
v -0.32000000 0.26000000 0.02004745
v -0.32000000 0.27000000 -0.02004745
v -0.32000000 0.27000000 0.02004745
v -0.32000000 0.27118942 -0.01464750
v -0.32000000 0.27277977 -0.00464750
v -0.32000000 0.27388378 0.00535250
v -0.32000000 0.27469495 0.01535250
v -0.31000000 -0.27118942 -0.01464750
v -0.31000000 -0.27000000 -0.02004745
v -0.31000000 -0.27277977 -0.00464750
v -0.31000000 -0.27388378 0.00535250
v -0.31000000 -0.27469495 0.01535250
v -0.31000000 -0.27000000 0.02004745
v -0.31000000 -0.26000000 -0.02004745
v -0.31000000 -0.26000000 0.02004745
v -0.31000000 -0.25000000 -0.02004745
v -0.31000000 -0.25000000 0.02004745
v -0.31000000 -0.24000000 -0.02004745
v -0.31000000 -0.24000000 0.02004745
v -0.31000000 -0.23000000 -0.02004745
v -0.31000000 -0.23000000 0.02004745
v -0.31000000 -0.22000000 -0.02004745
v -0.31000000 -0.22000000 0.02004745
v -0.31000000 -0.21000000 -0.02004745
v -0.31000000 -0.21000000 0.02004745
v -0.31000000 -0.20000000 -0.02004745
v -0.31000000 -0.20000000 0.02004745
v -0.31000000 -0.19000000 -0.02004745
v -0.31000000 -0.19000000 0.02004745
v -0.31000000 -0.18000000 -0.02004745
v -0.31000000 -0.18000000 0.02004745
v -0.31000000 -0.17000000 -0.02004745
v -0.31000000 -0.17000000 0.02004745
v -0.31000000 -0.16000000 -0.02004745
v -0.31000000 -0.16000000 0.02004745
v -0.31000000 -0.15000000 -0.02004745
v -0.31000000 -0.15000000 0.02004745
v -0.31000000 -0.14000000 -0.02004745
v -0.31000000 -0.14000000 0.02004745
v -0.31000000 -0.13000000 -0.02004745
v -0.31000000 -0.13000000 0.02004745
v -0.31000000 -0.12000000 -0.02004745
v -0.31000000 -0.12000000 0.02004745
v -0.31000000 -0.11000000 -0.02004745
v -0.31000000 -0.11000000 0.02004745
v -0.31000000 -0.10000000 -0.02004745
v -0.31000000 -0.10000000 0.02004745
v -0.31000000 -0.09000000 -0.02004745
v -0.31000000 -0.09000000 0.02004745
v -0.31000000 -0.08000000 -0.02004745
v -0.31000000 -0.08000000 0.02004745
v -0.31000000 -0.07000000 -0.02004745
v -0.31000000 -0.07000000 0.02004745
v -0.31000000 -0.06000000 -0.02004745
v -0.31000000 -0.06000000 0.02004745
v -0.31000000 -0.05000000 -0.02004745
v -0.31000000 -0.05000000 0.02004745
v -0.31000000 -0.04000000 -0.02004745
v -0.31000000 -0.04000000 0.02004745
v -0.31000000 -0.03000000 -0.02004745
v -0.31000000 -0.03000000 0.02004745
v -0.31000000 -0.02000000 -0.02004745
v -0.31000000 -0.02000000 0.02004745
v -0.31000000 -0.01000000 -0.02004745
v -0.31000000 -0.01000000 0.02004745
v -0.31000000 -0.00000000 -0.02004745
v -0.31000000 -0.00000000 0.02004745
v -0.31000000 0.01000000 -0.02004745
v -0.31000000 0.01000000 0.02004745
v -0.31000000 0.02000000 -0.02004745
v -0.31000000 0.02000000 0.02004745
v -0.31000000 0.03000000 -0.02004745
v -0.31000000 0.03000000 0.02004745
v -0.31000000 0.04000000 -0.02004745
v -0.31000000 0.04000000 0.02004745
v -0.31000000 0.05000000 -0.02004745
v -0.31000000 0.05000000 0.02004745
v -0.31000000 0.06000000 -0.02004745
v -0.31000000 0.06000000 0.02004745
v -0.31000000 0.07000000 -0.02004745
v -0.31000000 0.07000000 0.02004745
v -0.31000000 0.08000000 -0.02004745
v -0.31000000 0.08000000 0.02004745
v -0.31000000 0.09000000 -0.02004745
v -0.31000000 0.09000000 0.02004745
v -0.31000000 0.10000000 -0.02004745
v -0.31000000 0.10000000 0.02004745
v -0.31000000 0.11000000 -0.02004745
v -0.31000000 0.11000000 0.02004745
v -0.31000000 0.12000000 -0.02004745
v -0.31000000 0.12000000 0.02004745
v -0.31000000 0.13000000 -0.02004745
v -0.31000000 0.13000000 0.02004745
v -0.31000000 0.14000000 -0.02004745
v -0.31000000 0.14000000 0.02004745
v -0.31000000 0.15000000 -0.02004745
v -0.31000000 0.15000000 0.02004745
v -0.31000000 0.16000000 -0.02004745
v -0.31000000 0.16000000 0.02004745
v -0.31000000 0.17000000 -0.02004745
v -0.31000000 0.17000000 0.02004745
v -0.31000000 0.18000000 -0.02004745
v -0.31000000 0.18000000 0.02004745
v -0.31000000 0.19000000 -0.02004745
v -0.31000000 0.19000000 0.02004745
v -0.31000000 0.20000000 -0.02004745
v -0.31000000 0.20000000 0.02004745
v -0.31000000 0.21000000 -0.02004745
v -0.31000000 0.21000000 0.02004745
v -0.31000000 0.22000000 -0.02004745
v -0.31000000 0.22000000 0.02004745
v -0.31000000 0.23000000 -0.02004745
v -0.31000000 0.23000000 0.02004745
v -0.31000000 0.24000000 -0.02004745
v -0.31000000 0.24000000 0.02004745
v -0.31000000 0.25000000 -0.02004745
v -0.31000000 0.25000000 0.02004745
v -0.31000000 0.26000000 -0.02004745
v -0.31000000 0.26000000 0.02004745
v -0.31000000 0.27000000 -0.02004745
v -0.31000000 0.27000000 0.02004745
v -0.31000000 0.27118942 -0.01464750
v -0.31000000 0.27277977 -0.00464750
v -0.31000000 0.27388378 0.00535250
v -0.31000000 0.27469495 0.01535250
v -0.30000000 -0.27118942 -0.01464750
v -0.30000000 -0.27000000 -0.02004745
v -0.30000000 -0.27277977 -0.00464750
v -0.30000000 -0.27388378 0.00535250
v -0.30000000 -0.27469495 0.01535250
v -0.30000000 -0.27000000 0.02004745
v -0.30000000 -0.26000000 -0.02004745
v -0.30000000 -0.26000000 0.02004745
v -0.30000000 -0.25000000 -0.02004745
v -0.30000000 -0.25000000 0.02004745
v -0.30000000 -0.24000000 -0.02004745
v -0.30000000 -0.24000000 0.02004745
v -0.30000000 -0.23000000 -0.02004745
v -0.30000000 -0.23000000 0.02004745
v -0.30000000 -0.22000000 -0.02004745
v -0.30000000 -0.22000000 0.02004745
v -0.30000000 -0.21000000 -0.02004745
v -0.30000000 -0.21000000 0.02004745
v -0.30000000 -0.20000000 -0.02004745
v -0.30000000 -0.20000000 0.02004745
v -0.30000000 -0.19000000 -0.02004745
v -0.30000000 -0.19000000 0.02004745
v -0.30000000 -0.18000000 -0.02004745
v -0.30000000 -0.18000000 0.02004745
v -0.30000000 -0.17000000 -0.02004745
v -0.30000000 -0.17000000 0.02004745
v -0.30000000 -0.16000000 -0.02004745
v -0.30000000 -0.16000000 0.02004745
v -0.30000000 -0.15000000 -0.02004745
v -0.30000000 -0.15000000 0.02004745
v -0.30000000 -0.14000000 -0.02004745
v -0.30000000 -0.14000000 0.02004745
v -0.30000000 -0.13000000 -0.02004745
v -0.30000000 -0.13000000 0.02004745
v -0.30000000 -0.12000000 -0.02004745
v -0.30000000 -0.12000000 0.02004745
v -0.30000000 -0.11000000 -0.02004745
v -0.30000000 -0.11000000 0.02004745
v -0.30000000 -0.10000000 -0.02004745
v -0.30000000 -0.10000000 0.02004745
v -0.30000000 -0.09000000 -0.02004745
v -0.30000000 -0.09000000 0.02004745
v -0.30000000 -0.08000000 -0.02004745
v -0.30000000 -0.08000000 0.02004745
v -0.30000000 -0.07000000 -0.02004745
v -0.30000000 -0.07000000 0.02004745
v -0.30000000 -0.06000000 -0.02004745
v -0.30000000 -0.06000000 0.02004745
v -0.30000000 -0.05000000 -0.02004745
v -0.30000000 -0.05000000 0.02004745
v -0.30000000 -0.04000000 -0.02004745
v -0.30000000 -0.04000000 0.02004745
v -0.30000000 -0.03000000 -0.02004745
v -0.30000000 -0.03000000 0.02004745
v -0.30000000 -0.02000000 -0.02004745
v -0.30000000 -0.02000000 0.02004745
v -0.30000000 -0.01000000 -0.02004745
v -0.30000000 -0.01000000 0.02004745
v -0.30000000 -0.00000000 -0.02004745
v -0.30000000 -0.00000000 0.02004745
v -0.30000000 0.01000000 -0.02004745
v -0.30000000 0.01000000 0.02004745
v -0.30000000 0.02000000 -0.02004745
v -0.30000000 0.02000000 0.02004745
v -0.30000000 0.03000000 -0.02004745
v -0.30000000 0.03000000 0.02004745
v -0.30000000 0.04000000 -0.02004745
v -0.30000000 0.04000000 0.02004745
v -0.30000000 0.05000000 -0.02004745
v -0.30000000 0.05000000 0.02004745
v -0.30000000 0.06000000 -0.02004745
v -0.30000000 0.06000000 0.02004745
v -0.30000000 0.07000000 -0.02004745
v -0.30000000 0.07000000 0.02004745
v -0.30000000 0.08000000 -0.02004745
v -0.30000000 0.08000000 0.02004745
v -0.30000000 0.09000000 -0.02004745
v -0.30000000 0.09000000 0.02004745
v -0.30000000 0.10000000 -0.02004745
v -0.30000000 0.10000000 0.02004745
v -0.30000000 0.11000000 -0.02004745
v -0.30000000 0.11000000 0.02004745
v -0.30000000 0.12000000 -0.02004745
v -0.30000000 0.12000000 0.02004745
v -0.30000000 0.13000000 -0.02004745
v -0.30000000 0.13000000 0.02004745
v -0.30000000 0.14000000 -0.02004745
v -0.30000000 0.14000000 0.02004745
v -0.30000000 0.15000000 -0.02004745
v -0.30000000 0.15000000 0.02004745
v -0.30000000 0.16000000 -0.02004745
v -0.30000000 0.16000000 0.02004745
v -0.30000000 0.17000000 -0.02004745
v -0.30000000 0.17000000 0.02004745
v -0.30000000 0.18000000 -0.02004745
v -0.30000000 0.18000000 0.02004745
v -0.30000000 0.19000000 -0.02004745
v -0.30000000 0.19000000 0.02004745
v -0.30000000 0.20000000 -0.02004745
v -0.30000000 0.20000000 0.02004745
v -0.30000000 0.21000000 -0.02004745
v -0.30000000 0.21000000 0.02004745
v -0.30000000 0.22000000 -0.02004745
v -0.30000000 0.22000000 0.02004745
v -0.30000000 0.23000000 -0.02004745
v -0.30000000 0.23000000 0.02004745
v -0.30000000 0.24000000 -0.02004745
v -0.30000000 0.24000000 0.02004745
v -0.30000000 0.25000000 -0.02004745
v -0.30000000 0.25000000 0.02004745
v -0.30000000 0.26000000 -0.02004745
v -0.30000000 0.26000000 0.02004745
v -0.30000000 0.27000000 -0.02004745
v -0.30000000 0.27000000 0.02004745
v -0.30000000 0.27118942 -0.01464750
v -0.30000000 0.27277977 -0.00464750
v -0.30000000 0.27388378 0.00535250
v -0.30000000 0.27469495 0.01535250
v -0.29000000 -0.27118942 -0.01464750
v -0.29000000 -0.27000000 -0.02004745
v -0.29000000 -0.27277977 -0.00464750
v -0.29000000 -0.27388378 0.00535250
v -0.29000000 -0.27469495 0.01535250
v -0.29000000 -0.27000000 0.02004745
v -0.29000000 -0.26000000 -0.02004745
v -0.29000000 -0.26000000 0.02004745
v -0.29000000 -0.25000000 -0.02004745
v -0.29000000 -0.25000000 0.02004745
v -0.29000000 -0.24000000 -0.02004745
v -0.29000000 -0.24000000 0.02004745
v -0.29000000 -0.23000000 -0.02004745
v -0.29000000 -0.23000000 0.02004745
v -0.29000000 -0.22000000 -0.02004745
v -0.29000000 -0.22000000 0.02004745
v -0.29000000 -0.21000000 -0.02004745
v -0.29000000 -0.21000000 0.02004745
v -0.29000000 -0.20000000 -0.02004745
v -0.29000000 -0.20000000 0.02004745
v -0.29000000 -0.19000000 -0.02004745
v -0.29000000 -0.19000000 0.02004745
v -0.29000000 -0.18000000 -0.02004745
v -0.29000000 -0.18000000 0.02004745
v -0.29000000 -0.17000000 -0.02004745
v -0.29000000 -0.17000000 0.02004745
v -0.29000000 -0.16000000 -0.02004745
v -0.29000000 -0.16000000 0.02004745
v -0.29000000 -0.15000000 -0.02004745
v -0.29000000 -0.15000000 0.02004745
v -0.29000000 -0.14000000 -0.02004745
v -0.29000000 -0.14000000 0.02004745
v -0.29000000 -0.13000000 -0.02004745
v -0.29000000 -0.13000000 0.02004745
v -0.29000000 -0.12000000 -0.02004745
v -0.29000000 -0.12000000 0.02004745
v -0.29000000 -0.11000000 -0.02004745
v -0.29000000 -0.11000000 0.02004745
v -0.29000000 -0.10000000 -0.02004745
v -0.29000000 -0.10000000 0.02004745
v -0.29000000 -0.09000000 -0.02004745
v -0.29000000 -0.09000000 0.02004745
v -0.29000000 -0.08000000 -0.02004745
v -0.29000000 -0.08000000 0.02004745
v -0.29000000 -0.07000000 -0.02004745
v -0.29000000 -0.07000000 0.02004745
v -0.29000000 -0.06000000 -0.02004745
v -0.29000000 -0.06000000 0.02004745
v -0.29000000 -0.05000000 -0.02004745
v -0.29000000 -0.05000000 0.02004745
v -0.29000000 -0.04000000 -0.02004745
v -0.29000000 -0.04000000 0.02004745
v -0.29000000 -0.03000000 -0.02004745
v -0.29000000 -0.03000000 0.02004745
v -0.29000000 -0.02000000 -0.02004745
v -0.29000000 -0.02000000 0.02004745
v -0.29000000 -0.01000000 -0.02004745
v -0.29000000 -0.01000000 0.02004745
v -0.29000000 -0.00000000 -0.02004745
v -0.29000000 -0.00000000 0.02004745
v -0.29000000 0.01000000 -0.02004745
v -0.29000000 0.01000000 0.02004745
v -0.29000000 0.02000000 -0.02004745
v -0.29000000 0.02000000 0.02004745
v -0.29000000 0.03000000 -0.02004745
v -0.29000000 0.03000000 0.02004745
v -0.29000000 0.04000000 -0.02004745
v -0.29000000 0.04000000 0.02004745
v -0.29000000 0.05000000 -0.02004745
v -0.29000000 0.05000000 0.02004745
v -0.29000000 0.06000000 -0.02004745
v -0.29000000 0.06000000 0.02004745
v -0.29000000 0.07000000 -0.02004745
v -0.29000000 0.07000000 0.02004745
v -0.29000000 0.08000000 -0.02004745
v -0.29000000 0.08000000 0.02004745
v -0.29000000 0.09000000 -0.02004745
v -0.29000000 0.09000000 0.02004745
v -0.29000000 0.10000000 -0.02004745
v -0.29000000 0.10000000 0.02004745
v -0.29000000 0.11000000 -0.02004745
v -0.29000000 0.11000000 0.02004745
v -0.29000000 0.12000000 -0.02004745
v -0.29000000 0.12000000 0.02004745
v -0.29000000 0.13000000 -0.02004745
v -0.29000000 0.13000000 0.02004745
v -0.29000000 0.14000000 -0.02004745
v -0.29000000 0.14000000 0.02004745
v -0.29000000 0.15000000 -0.02004745
v -0.29000000 0.15000000 0.02004745
v -0.29000000 0.16000000 -0.02004745
v -0.29000000 0.16000000 0.02004745
v -0.29000000 0.17000000 -0.02004745
v -0.29000000 0.17000000 0.02004745
v -0.29000000 0.18000000 -0.02004745
v -0.29000000 0.18000000 0.02004745
v -0.29000000 0.19000000 -0.02004745
v -0.29000000 0.19000000 0.02004745
v -0.29000000 0.20000000 -0.02004745
v -0.29000000 0.20000000 0.02004745
v -0.29000000 0.21000000 -0.02004745
v -0.29000000 0.21000000 0.02004745
v -0.29000000 0.22000000 -0.02004745
v -0.29000000 0.22000000 0.02004745
v -0.29000000 0.23000000 -0.02004745
v -0.29000000 0.23000000 0.02004745
v -0.29000000 0.24000000 -0.02004745
v -0.29000000 0.24000000 0.02004745
v -0.29000000 0.25000000 -0.02004745
v -0.29000000 0.25000000 0.02004745
v -0.29000000 0.26000000 -0.02004745
v -0.29000000 0.26000000 0.02004745
v -0.29000000 0.27000000 -0.02004745
v -0.29000000 0.27000000 0.02004745
v -0.29000000 0.27118942 -0.01464750
v -0.29000000 0.27277977 -0.00464750
v -0.29000000 0.27388378 0.00535250
v -0.29000000 0.27469495 0.01535250
v -0.28000000 -0.27118942 -0.01464750
v -0.28000000 -0.27000000 -0.02004745
v -0.28000000 -0.27277977 -0.00464750
v -0.28000000 -0.27388378 0.00535250
v -0.28000000 -0.27469495 0.01535250
v -0.28000000 -0.27000000 0.02004745
v -0.28000000 -0.26000000 -0.02004745
v -0.28000000 -0.26000000 0.02004745
v -0.28000000 -0.25000000 -0.02004745
v -0.28000000 -0.25000000 0.02004745
v -0.28000000 -0.24000000 -0.02004745
v -0.28000000 -0.24000000 0.02004745
v -0.28000000 -0.23000000 -0.02004745
v -0.28000000 -0.23000000 0.02004745
v -0.28000000 -0.22000000 -0.02004745
v -0.28000000 -0.22000000 0.02004745
v -0.28000000 -0.21000000 -0.02004745
v -0.28000000 -0.21000000 0.02004745
v -0.28000000 -0.20000000 -0.02004745
v -0.28000000 -0.20000000 0.02004745
v -0.28000000 -0.19000000 -0.02004745
v -0.28000000 -0.19000000 0.02004745
v -0.28000000 -0.18000000 -0.02004745
v -0.28000000 -0.18000000 0.02004745
v -0.28000000 -0.17000000 -0.02004745
v -0.28000000 -0.17000000 0.02004745
v -0.28000000 -0.16000000 -0.02004745
v -0.28000000 -0.16000000 0.02004745
v -0.28000000 -0.15000000 -0.02004745
v -0.28000000 -0.15000000 0.02004745
v -0.28000000 -0.14000000 -0.02004745
v -0.28000000 -0.14000000 0.02004745
v -0.28000000 -0.13000000 -0.02004745
v -0.28000000 -0.13000000 0.02004745
v -0.28000000 -0.12000000 -0.02004745
v -0.28000000 -0.12000000 0.02004745
v -0.28000000 -0.11000000 -0.02004745
v -0.28000000 -0.11000000 0.02004745
v -0.28000000 -0.10000000 -0.02004745
v -0.28000000 -0.10000000 0.02004745
v -0.28000000 -0.09000000 -0.02004745
v -0.28000000 -0.09000000 0.02004745
v -0.28000000 -0.08000000 -0.02004745
v -0.28000000 -0.08000000 0.02004745
v -0.28000000 -0.07000000 -0.02004745
v -0.28000000 -0.07000000 0.02004745
v -0.28000000 -0.06000000 -0.02004745
v -0.28000000 -0.06000000 0.02004745
v -0.28000000 -0.05000000 -0.02004745
v -0.28000000 -0.05000000 0.02004745
v -0.28000000 -0.04000000 -0.02004745
v -0.28000000 -0.04000000 0.02004745
v -0.28000000 -0.03000000 -0.02004745
v -0.28000000 -0.03000000 0.02004745
v -0.28000000 -0.02000000 -0.02004745
v -0.28000000 -0.02000000 0.02004745
v -0.28000000 -0.01000000 -0.02004745
v -0.28000000 -0.01000000 0.02004745
v -0.28000000 -0.00000000 -0.02004745
v -0.28000000 -0.00000000 0.02004745
v -0.28000000 0.01000000 -0.02004745
v -0.28000000 0.01000000 0.02004745
v -0.28000000 0.02000000 -0.02004745
v -0.28000000 0.02000000 0.02004745
v -0.28000000 0.03000000 -0.02004745
v -0.28000000 0.03000000 0.02004745
v -0.28000000 0.04000000 -0.02004745
v -0.28000000 0.04000000 0.02004745
v -0.28000000 0.05000000 -0.02004745
v -0.28000000 0.05000000 0.02004745
v -0.28000000 0.06000000 -0.02004745
v -0.28000000 0.06000000 0.02004745
v -0.28000000 0.07000000 -0.02004745
v -0.28000000 0.07000000 0.02004745
v -0.28000000 0.08000000 -0.02004745
v -0.28000000 0.08000000 0.02004745
v -0.28000000 0.09000000 -0.02004745
v -0.28000000 0.09000000 0.02004745
v -0.28000000 0.10000000 -0.02004745
v -0.28000000 0.10000000 0.02004745
v -0.28000000 0.11000000 -0.02004745
v -0.28000000 0.11000000 0.02004745
v -0.28000000 0.12000000 -0.02004745
v -0.28000000 0.12000000 0.02004745
v -0.28000000 0.13000000 -0.02004745
v -0.28000000 0.13000000 0.02004745
v -0.28000000 0.14000000 -0.02004745
v -0.28000000 0.14000000 0.02004745
v -0.28000000 0.15000000 -0.02004745
v -0.28000000 0.15000000 0.02004745
v -0.28000000 0.16000000 -0.02004745
v -0.28000000 0.16000000 0.02004745
v -0.28000000 0.17000000 -0.02004745
v -0.28000000 0.17000000 0.02004745
v -0.28000000 0.18000000 -0.02004745
v -0.28000000 0.18000000 0.02004745
v -0.28000000 0.19000000 -0.02004745
v -0.28000000 0.19000000 0.02004745
v -0.28000000 0.20000000 -0.02004745
v -0.28000000 0.20000000 0.02004745
v -0.28000000 0.21000000 -0.02004745
v -0.28000000 0.21000000 0.02004745
v -0.28000000 0.22000000 -0.02004745
v -0.28000000 0.22000000 0.02004745
v -0.28000000 0.23000000 -0.02004745
v -0.28000000 0.23000000 0.02004745
v -0.28000000 0.24000000 -0.02004745
v -0.28000000 0.24000000 0.02004745
v -0.28000000 0.25000000 -0.02004745
v -0.28000000 0.25000000 0.02004745
v -0.28000000 0.26000000 -0.02004745
v -0.28000000 0.26000000 0.02004745
v -0.28000000 0.27000000 -0.02004745
v -0.28000000 0.27000000 0.02004745
v -0.28000000 0.27118942 -0.01464750
v -0.28000000 0.27277977 -0.00464750
v -0.28000000 0.27388378 0.00535250
v -0.28000000 0.27469495 0.01535250
v -0.27000000 -0.27118942 -0.01464750
v -0.27000000 -0.27000000 -0.02004745
v -0.27000000 -0.27277977 -0.00464750
v -0.27000000 -0.27388378 0.00535250
v -0.27000000 -0.27469495 0.01535250
v -0.27000000 -0.27000000 0.02004745
v -0.27000000 -0.26000000 -0.02004745
v -0.27000000 -0.26000000 0.02004745
v -0.27000000 -0.25000000 -0.02004745
v -0.27000000 -0.25000000 0.02004745
v -0.27000000 -0.24000000 -0.02004745
v -0.27000000 -0.24000000 0.02004745
v -0.27000000 -0.23000000 -0.02004745
v -0.27000000 -0.23000000 0.02004745
v -0.27000000 -0.22000000 -0.02004745
v -0.27000000 -0.22000000 0.02004745
v -0.27000000 -0.21000000 -0.02004745
v -0.27000000 -0.21000000 0.02004745
v -0.27000000 -0.20000000 -0.02004745
v -0.27000000 -0.20000000 0.02004745
v -0.27000000 -0.19000000 -0.02004745
v -0.27000000 -0.19000000 0.02004745
v -0.27000000 -0.18000000 -0.02004745
v -0.27000000 -0.18000000 0.02004745
v -0.27000000 -0.17000000 -0.02004745
v -0.27000000 -0.17000000 0.02004745
v -0.27000000 -0.16000000 -0.02004745
v -0.27000000 -0.16000000 0.02004745
v -0.27000000 -0.15000000 -0.02004745
v -0.27000000 -0.15000000 0.02004745
v -0.27000000 -0.14000000 -0.02004745
v -0.27000000 -0.14000000 0.02004745
v -0.27000000 -0.13000000 -0.02004745
v -0.27000000 -0.13000000 0.02004745
v -0.27000000 -0.12000000 -0.02004745
v -0.27000000 -0.12000000 0.02004745
v -0.27000000 -0.11000000 -0.02004745
v -0.27000000 -0.11000000 0.02004745
v -0.27000000 -0.10000000 -0.02004745
v -0.27000000 -0.10000000 0.02004745
v -0.27000000 -0.09000000 -0.02004745
v -0.27000000 -0.09000000 0.02004745
v -0.27000000 -0.08000000 -0.02004745
v -0.27000000 -0.08000000 0.02004745
v -0.27000000 -0.07000000 -0.02004745
v -0.27000000 -0.07000000 0.02004745
v -0.27000000 -0.06000000 -0.02004745
v -0.27000000 -0.06000000 0.02004745
v -0.27000000 -0.05000000 -0.02004745
v -0.27000000 -0.05000000 0.02004745
v -0.27000000 -0.04000000 -0.02004745
v -0.27000000 -0.04000000 0.02004745
v -0.27000000 -0.03000000 -0.02004745
v -0.27000000 -0.03000000 0.02004745
v -0.27000000 -0.02000000 -0.02004745
v -0.27000000 -0.02000000 0.02004745
v -0.27000000 -0.01000000 -0.02004745
v -0.27000000 -0.01000000 0.02004745
v -0.27000000 -0.00000000 -0.02004745
v -0.27000000 -0.00000000 0.02004745
v -0.27000000 0.01000000 -0.02004745
v -0.27000000 0.01000000 0.02004745
v -0.27000000 0.02000000 -0.02004745
v -0.27000000 0.02000000 0.02004745
v -0.27000000 0.03000000 -0.02004745
v -0.27000000 0.03000000 0.02004745
v -0.27000000 0.04000000 -0.02004745
v -0.27000000 0.04000000 0.02004745
v -0.27000000 0.05000000 -0.02004745
v -0.27000000 0.05000000 0.02004745
v -0.27000000 0.06000000 -0.02004745
v -0.27000000 0.06000000 0.02004745
v -0.27000000 0.07000000 -0.02004745
v -0.27000000 0.07000000 0.02004745
v -0.27000000 0.08000000 -0.02004745
v -0.27000000 0.08000000 0.02004745
v -0.27000000 0.09000000 -0.02004745
v -0.27000000 0.09000000 0.02004745
v -0.27000000 0.10000000 -0.02004745
v -0.27000000 0.10000000 0.02004745
v -0.27000000 0.11000000 -0.02004745
v -0.27000000 0.11000000 0.02004745
v -0.27000000 0.12000000 -0.02004745
v -0.27000000 0.12000000 0.02004745
v -0.27000000 0.13000000 -0.02004745
v -0.27000000 0.13000000 0.02004745
v -0.27000000 0.14000000 -0.02004745
v -0.27000000 0.14000000 0.02004745
v -0.27000000 0.15000000 -0.02004745
v -0.27000000 0.15000000 0.02004745
v -0.27000000 0.16000000 -0.02004745
v -0.27000000 0.16000000 0.02004745
v -0.27000000 0.17000000 -0.02004745
v -0.27000000 0.17000000 0.02004745
v -0.27000000 0.18000000 -0.02004745
v -0.27000000 0.18000000 0.02004745
v -0.27000000 0.19000000 -0.02004745
v -0.27000000 0.19000000 0.02004745
v -0.27000000 0.20000000 -0.02004745
v -0.27000000 0.20000000 0.02004745
v -0.27000000 0.21000000 -0.02004745
v -0.27000000 0.21000000 0.02004745
v -0.27000000 0.22000000 -0.02004745
v -0.27000000 0.22000000 0.02004745
v -0.27000000 0.23000000 -0.02004745
v -0.27000000 0.23000000 0.02004745
v -0.27000000 0.24000000 -0.02004745
v -0.27000000 0.24000000 0.02004745
v -0.27000000 0.25000000 -0.02004745
v -0.27000000 0.25000000 0.02004745
v -0.27000000 0.26000000 -0.02004745
v -0.27000000 0.26000000 0.02004745
v -0.27000000 0.27000000 -0.02004745
v -0.27000000 0.27000000 0.02004745
v -0.27000000 0.27118942 -0.01464750
v -0.27000000 0.27277977 -0.00464750
v -0.27000000 0.27388378 0.00535250
v -0.27000000 0.27469495 0.01535250
v -0.26000000 -0.27118942 -0.01464750
v -0.26000000 -0.27000000 -0.02004745
v -0.26000000 -0.27277977 -0.00464750
v -0.26000000 -0.27388378 0.00535250
v -0.26000000 -0.27469495 0.01535250
v -0.26000000 -0.27000000 0.02004745
v -0.26000000 -0.26000000 -0.02004745
v -0.26000000 -0.26000000 0.02004745
v -0.26000000 -0.25000000 -0.02004745
v -0.26000000 -0.25000000 0.02004745
v -0.26000000 -0.24000000 -0.02004745
v -0.26000000 -0.24000000 0.02004745
v -0.26000000 -0.23000000 -0.02004745
v -0.26000000 -0.23000000 0.02004745
v -0.26000000 -0.22000000 -0.02004745
v -0.26000000 -0.22000000 0.02004745
v -0.26000000 -0.21000000 -0.02004745
v -0.26000000 -0.21000000 0.02004745
v -0.26000000 -0.20000000 -0.02004745
v -0.26000000 -0.20000000 0.02004745
v -0.26000000 -0.19000000 -0.02004745
v -0.26000000 -0.19000000 0.02004745
v -0.26000000 -0.18000000 -0.02004745
v -0.26000000 -0.18000000 0.02004745
v -0.26000000 -0.17000000 -0.02004745
v -0.26000000 -0.17000000 0.02004745
v -0.26000000 -0.16000000 -0.02004745
v -0.26000000 -0.16000000 0.02004745
v -0.26000000 -0.15000000 -0.02004745
v -0.26000000 -0.15000000 0.02004745
v -0.26000000 -0.14000000 -0.02004745
v -0.26000000 -0.14000000 0.02004745
v -0.26000000 -0.13000000 -0.02004745
v -0.26000000 -0.13000000 0.02004745
v -0.26000000 -0.12000000 -0.02004745
v -0.26000000 -0.12000000 0.02004745
v -0.26000000 -0.11000000 -0.02004745
v -0.26000000 -0.11000000 0.02004745
v -0.26000000 -0.10000000 -0.02004745
v -0.26000000 -0.10000000 0.02004745
v -0.26000000 -0.09000000 -0.02004745
v -0.26000000 -0.09000000 0.02004745
v -0.26000000 -0.08000000 -0.02004745
v -0.26000000 -0.08000000 0.02004745
v -0.26000000 -0.07000000 -0.02004745
v -0.26000000 -0.07000000 0.02004745
v -0.26000000 -0.06000000 -0.02004745
v -0.26000000 -0.06000000 0.02004745
v -0.26000000 -0.05000000 -0.02004745
v -0.26000000 -0.05000000 0.02004745
v -0.26000000 -0.04000000 -0.02004745
v -0.26000000 -0.04000000 0.02004745
v -0.26000000 -0.03000000 -0.02004745
v -0.26000000 -0.03000000 0.02004745
v -0.26000000 -0.02000000 -0.02004745
v -0.26000000 -0.02000000 0.02004745
v -0.26000000 -0.01000000 -0.02004745
v -0.26000000 -0.01000000 0.02004745
v -0.26000000 -0.00000000 -0.02004745
v -0.26000000 -0.00000000 0.02004745
v -0.26000000 0.01000000 -0.02004745
v -0.26000000 0.01000000 0.02004745
v -0.26000000 0.02000000 -0.02004745
v -0.26000000 0.02000000 0.02004745
v -0.26000000 0.03000000 -0.02004745
v -0.26000000 0.03000000 0.02004745
v -0.26000000 0.04000000 -0.02004745
v -0.26000000 0.04000000 0.02004745
v -0.26000000 0.05000000 -0.02004745
v -0.26000000 0.05000000 0.02004745
v -0.26000000 0.06000000 -0.02004745
v -0.26000000 0.06000000 0.02004745
v -0.26000000 0.07000000 -0.02004745
v -0.26000000 0.07000000 0.02004745
v -0.26000000 0.08000000 -0.02004745
v -0.26000000 0.08000000 0.02004745
v -0.26000000 0.09000000 -0.02004745
v -0.26000000 0.09000000 0.02004745
v -0.26000000 0.10000000 -0.02004745
v -0.26000000 0.10000000 0.02004745
v -0.26000000 0.11000000 -0.02004745
v -0.26000000 0.11000000 0.02004745
v -0.26000000 0.12000000 -0.02004745
v -0.26000000 0.12000000 0.02004745
v -0.26000000 0.13000000 -0.02004745
v -0.26000000 0.13000000 0.02004745
v -0.26000000 0.14000000 -0.02004745
v -0.26000000 0.14000000 0.02004745
v -0.26000000 0.15000000 -0.02004745
v -0.26000000 0.15000000 0.02004745
v -0.26000000 0.16000000 -0.02004745
v -0.26000000 0.16000000 0.02004745
v -0.26000000 0.17000000 -0.02004745
v -0.26000000 0.17000000 0.02004745
v -0.26000000 0.18000000 -0.02004745
v -0.26000000 0.18000000 0.02004745
v -0.26000000 0.19000000 -0.02004745
v -0.26000000 0.19000000 0.02004745
v -0.26000000 0.20000000 -0.02004745
v -0.26000000 0.20000000 0.02004745
v -0.26000000 0.21000000 -0.02004745
v -0.26000000 0.21000000 0.02004745
v -0.26000000 0.22000000 -0.02004745
v -0.26000000 0.22000000 0.02004745
v -0.26000000 0.23000000 -0.02004745
v -0.26000000 0.23000000 0.02004745
v -0.26000000 0.24000000 -0.02004745
v -0.26000000 0.24000000 0.02004745
v -0.26000000 0.25000000 -0.02004745
v -0.26000000 0.25000000 0.02004745
v -0.26000000 0.26000000 -0.02004745
v -0.26000000 0.26000000 0.02004745
v -0.26000000 0.27000000 -0.02004745
v -0.26000000 0.27000000 0.02004745
v -0.26000000 0.27118942 -0.01464750
v -0.26000000 0.27277977 -0.00464750
v -0.26000000 0.27388378 0.00535250
v -0.26000000 0.27469495 0.01535250
v -0.25000000 -0.27118942 -0.01464750
v -0.25000000 -0.27000000 -0.02004745
v -0.25000000 -0.27277977 -0.00464750
v -0.25000000 -0.27388378 0.00535250
v -0.25000000 -0.27469495 0.01535250
v -0.25000000 -0.27000000 0.02004745
v -0.25000000 -0.26000000 -0.02004745
v -0.25000000 -0.26000000 0.02004745
v -0.25000000 -0.25000000 -0.02004745
v -0.25000000 -0.25000000 0.02004745
v -0.25000000 -0.24000000 -0.02004745
v -0.25000000 -0.24000000 0.02004745
v -0.25000000 -0.23000000 -0.02004745
v -0.25000000 -0.23000000 0.02004745
v -0.25000000 -0.22000000 -0.02004745
v -0.25000000 -0.22000000 0.02004745
v -0.25000000 -0.21000000 -0.02004745
v -0.25000000 -0.21000000 0.02004745
v -0.25000000 -0.20000000 -0.02004745
v -0.25000000 -0.20000000 0.02004745
v -0.25000000 -0.19000000 -0.02004745
v -0.25000000 -0.19000000 0.02004745
v -0.25000000 -0.18000000 -0.02004745
v -0.25000000 -0.18000000 0.02004745
v -0.25000000 -0.17000000 -0.02004745
v -0.25000000 -0.17000000 0.02004745
v -0.25000000 -0.16000000 -0.02004745
v -0.25000000 -0.16000000 0.02004745
v -0.25000000 -0.15000000 -0.02004745
v -0.25000000 -0.15000000 0.02004745
v -0.25000000 -0.14000000 -0.02004745
v -0.25000000 -0.14000000 0.02004745
v -0.25000000 -0.13000000 -0.02004745
v -0.25000000 -0.13000000 0.02004745
v -0.25000000 -0.12000000 -0.02004745
v -0.25000000 -0.12000000 0.02004745
v -0.25000000 -0.11000000 -0.02004745
v -0.25000000 -0.11000000 0.02004745
v -0.25000000 -0.10000000 -0.02004745
v -0.25000000 -0.10000000 0.02004745
v -0.25000000 -0.09000000 -0.02004745
v -0.25000000 -0.09000000 0.02004745
v -0.25000000 -0.08000000 -0.02004745
v -0.25000000 -0.08000000 0.02004745
v -0.25000000 -0.07000000 -0.02004745
v -0.25000000 -0.07000000 0.02004745
v -0.25000000 -0.06000000 -0.02004745
v -0.25000000 -0.06000000 0.02004745
v -0.25000000 -0.05000000 -0.02004745
v -0.25000000 -0.05000000 0.02004745
v -0.25000000 -0.04000000 -0.02004745
v -0.25000000 -0.04000000 0.02004745
v -0.25000000 -0.03000000 -0.02004745
v -0.25000000 -0.03000000 0.02004745
v -0.25000000 -0.02000000 -0.02004745
v -0.25000000 -0.02000000 0.02004745
v -0.25000000 -0.01000000 -0.02004745
v -0.25000000 -0.01000000 0.02004745
v -0.25000000 -0.00000000 -0.02004745
v -0.25000000 -0.00000000 0.02004745
v -0.25000000 0.01000000 -0.02004745
v -0.25000000 0.01000000 0.02004745
v -0.25000000 0.02000000 -0.02004745
v -0.25000000 0.02000000 0.02004745
v -0.25000000 0.03000000 -0.02004745
v -0.25000000 0.03000000 0.02004745
v -0.25000000 0.04000000 -0.02004745
v -0.25000000 0.04000000 0.02004745
v -0.25000000 0.05000000 -0.02004745
v -0.25000000 0.05000000 0.02004745
v -0.25000000 0.06000000 -0.02004745
v -0.25000000 0.06000000 0.02004745
v -0.25000000 0.07000000 -0.02004745
v -0.25000000 0.07000000 0.02004745
v -0.25000000 0.08000000 -0.02004745
v -0.25000000 0.08000000 0.02004745
v -0.25000000 0.09000000 -0.02004745
v -0.25000000 0.09000000 0.02004745
v -0.25000000 0.10000000 -0.02004745
v -0.25000000 0.10000000 0.02004745
v -0.25000000 0.11000000 -0.02004745
v -0.25000000 0.11000000 0.02004745
v -0.25000000 0.12000000 -0.02004745
v -0.25000000 0.12000000 0.02004745
v -0.25000000 0.13000000 -0.02004745
v -0.25000000 0.13000000 0.02004745
v -0.25000000 0.14000000 -0.02004745
v -0.25000000 0.14000000 0.02004745
v -0.25000000 0.15000000 -0.02004745
v -0.25000000 0.15000000 0.02004745
v -0.25000000 0.16000000 -0.02004745
v -0.25000000 0.16000000 0.02004745
v -0.25000000 0.17000000 -0.02004745
v -0.25000000 0.17000000 0.02004745
v -0.25000000 0.18000000 -0.02004745
v -0.25000000 0.18000000 0.02004745
v -0.25000000 0.19000000 -0.02004745
v -0.25000000 0.19000000 0.02004745
v -0.25000000 0.20000000 -0.02004745
v -0.25000000 0.20000000 0.02004745
v -0.25000000 0.21000000 -0.02004745
v -0.25000000 0.21000000 0.02004745
v -0.25000000 0.22000000 -0.02004745
v -0.25000000 0.22000000 0.02004745
v -0.25000000 0.23000000 -0.02004745
v -0.25000000 0.23000000 0.02004745
v -0.25000000 0.24000000 -0.02004745
v -0.25000000 0.24000000 0.02004745
v -0.25000000 0.25000000 -0.02004745
v -0.25000000 0.25000000 0.02004745
v -0.25000000 0.26000000 -0.02004745
v -0.25000000 0.26000000 0.02004745
v -0.25000000 0.27000000 -0.02004745
v -0.25000000 0.27000000 0.02004745
v -0.25000000 0.27118942 -0.01464750
v -0.25000000 0.27277977 -0.00464750
v -0.25000000 0.27388378 0.00535250
v -0.25000000 0.27469495 0.01535250
v -0.24000000 -0.27118942 -0.01464750
v -0.24000000 -0.27000000 -0.02004745
v -0.24000000 -0.27277977 -0.00464750
v -0.24000000 -0.27388378 0.00535250
v -0.24000000 -0.27469495 0.01535250
v -0.24000000 -0.27000000 0.02004745
v -0.24000000 -0.26000000 -0.02004745
v -0.24000000 -0.26000000 0.02004745
v -0.24000000 -0.25000000 -0.02004745
v -0.24000000 -0.25000000 0.02004745
v -0.24000000 -0.24000000 -0.02004745
v -0.24000000 -0.24000000 0.02004745
v -0.24000000 -0.23000000 -0.02004745
v -0.24000000 -0.23000000 0.02004745
v -0.24000000 -0.22000000 -0.02004745
v -0.24000000 -0.22000000 0.02004745
v -0.24000000 -0.21000000 -0.02004745
v -0.24000000 -0.21000000 0.02004745
v -0.24000000 -0.20000000 -0.02004745
v -0.24000000 -0.20000000 0.02004745
v -0.24000000 -0.19000000 -0.02004745
v -0.24000000 -0.19000000 0.02004745
v -0.24000000 -0.18000000 -0.02004745
v -0.24000000 -0.18000000 0.02004745
v -0.24000000 -0.17000000 -0.02004745
v -0.24000000 -0.17000000 0.02004745
v -0.24000000 -0.16000000 -0.02004745
v -0.24000000 -0.16000000 0.02004745
v -0.24000000 -0.15000000 -0.02004745
v -0.24000000 -0.15000000 0.02004745
v -0.24000000 -0.14000000 -0.02004745
v -0.24000000 -0.14000000 0.02004745
v -0.24000000 -0.13000000 -0.02004745
v -0.24000000 -0.13000000 0.02004745
v -0.24000000 -0.12000000 -0.02004745
v -0.24000000 -0.12000000 0.02004745
v -0.24000000 -0.11000000 -0.02004745
v -0.24000000 -0.11000000 0.02004745
v -0.24000000 -0.10000000 -0.02004745
v -0.24000000 -0.10000000 0.02004745
v -0.24000000 -0.09000000 -0.02004745
v -0.24000000 -0.09000000 0.02004745
v -0.24000000 -0.08000000 -0.02004745
v -0.24000000 -0.08000000 0.02004745
v -0.24000000 -0.07000000 -0.02004745
v -0.24000000 -0.07000000 0.02004745
v -0.24000000 -0.06000000 -0.02004745
v -0.24000000 -0.06000000 0.02004745
v -0.24000000 -0.05000000 -0.02004745
v -0.24000000 -0.05000000 0.02004745
v -0.24000000 -0.04000000 -0.02004745
v -0.24000000 -0.04000000 0.02004745
v -0.24000000 -0.03000000 -0.02004745
v -0.24000000 -0.03000000 0.02004745
v -0.24000000 -0.02000000 -0.02004745
v -0.24000000 -0.02000000 0.02004745
v -0.24000000 -0.01000000 -0.02004745
v -0.24000000 -0.01000000 0.02004745
v -0.24000000 -0.00000000 -0.02004745
v -0.24000000 -0.00000000 0.02004745
v -0.24000000 0.01000000 -0.02004745
v -0.24000000 0.01000000 0.02004745
v -0.24000000 0.02000000 -0.02004745
v -0.24000000 0.02000000 0.02004745
v -0.24000000 0.03000000 -0.02004745
v -0.24000000 0.03000000 0.02004745
v -0.24000000 0.04000000 -0.02004745
v -0.24000000 0.04000000 0.02004745
v -0.24000000 0.05000000 -0.02004745
v -0.24000000 0.05000000 0.02004745
v -0.24000000 0.06000000 -0.02004745
v -0.24000000 0.06000000 0.02004745
v -0.24000000 0.07000000 -0.02004745
v -0.24000000 0.07000000 0.02004745
v -0.24000000 0.08000000 -0.02004745
v -0.24000000 0.08000000 0.02004745
v -0.24000000 0.09000000 -0.02004745
v -0.24000000 0.09000000 0.02004745
v -0.24000000 0.10000000 -0.02004745
v -0.24000000 0.10000000 0.02004745
v -0.24000000 0.11000000 -0.02004745
v -0.24000000 0.11000000 0.02004745
v -0.24000000 0.12000000 -0.02004745
v -0.24000000 0.12000000 0.02004745
v -0.24000000 0.13000000 -0.02004745
v -0.24000000 0.13000000 0.02004745
v -0.24000000 0.14000000 -0.02004745
v -0.24000000 0.14000000 0.02004745
v -0.24000000 0.15000000 -0.02004745
v -0.24000000 0.15000000 0.02004745
v -0.24000000 0.16000000 -0.02004745
v -0.24000000 0.16000000 0.02004745
v -0.24000000 0.17000000 -0.02004745
v -0.24000000 0.17000000 0.02004745
v -0.24000000 0.18000000 -0.02004745
v -0.24000000 0.18000000 0.02004745
v -0.24000000 0.19000000 -0.02004745
v -0.24000000 0.19000000 0.02004745
v -0.24000000 0.20000000 -0.02004745
v -0.24000000 0.20000000 0.02004745
v -0.24000000 0.21000000 -0.02004745
v -0.24000000 0.21000000 0.02004745
v -0.24000000 0.22000000 -0.02004745
v -0.24000000 0.22000000 0.02004745
v -0.24000000 0.23000000 -0.02004745
v -0.24000000 0.23000000 0.02004745
v -0.24000000 0.24000000 -0.02004745
v -0.24000000 0.24000000 0.02004745
v -0.24000000 0.25000000 -0.02004745
v -0.24000000 0.25000000 0.02004745
v -0.24000000 0.26000000 -0.02004745
v -0.24000000 0.26000000 0.02004745
v -0.24000000 0.27000000 -0.02004745
v -0.24000000 0.27000000 0.02004745
v -0.24000000 0.27118942 -0.01464750
v -0.24000000 0.27277977 -0.00464750
v -0.24000000 0.27388378 0.00535250
v -0.24000000 0.27469495 0.01535250
v -0.23000000 -0.27118942 -0.01464750
v -0.23000000 -0.27000000 -0.02004745
v -0.23000000 -0.27277977 -0.00464750
v -0.23000000 -0.27388378 0.00535250
v -0.23000000 -0.27469495 0.01535250
v -0.23000000 -0.27000000 0.02004745
v -0.23000000 -0.26000000 -0.02004745
v -0.23000000 -0.26000000 0.02004745
v -0.23000000 -0.25000000 -0.02004745
v -0.23000000 -0.25000000 0.02004745
v -0.23000000 -0.24000000 -0.02004745
v -0.23000000 -0.24000000 0.02004745
v -0.23000000 -0.23000000 -0.02004745
v -0.23000000 -0.23000000 0.02004745
v -0.23000000 -0.22000000 -0.02004745
v -0.23000000 -0.22000000 0.02004745
v -0.23000000 -0.21000000 -0.02004745
v -0.23000000 -0.21000000 0.02004745
v -0.23000000 -0.20000000 -0.02004745
v -0.23000000 -0.20000000 0.02004745
v -0.23000000 -0.19000000 -0.02004745
v -0.23000000 -0.19000000 0.02004745
v -0.23000000 -0.18000000 -0.02004745
v -0.23000000 -0.18000000 0.02004745
v -0.23000000 -0.17000000 -0.02004745
v -0.23000000 -0.17000000 0.02004745
v -0.23000000 -0.16000000 -0.02004745
v -0.23000000 -0.16000000 0.02004745
v -0.23000000 -0.15000000 -0.02004745
v -0.23000000 -0.15000000 0.02004745
v -0.23000000 -0.14000000 -0.02004745
v -0.23000000 -0.14000000 0.02004745
v -0.23000000 -0.13000000 -0.02004745
v -0.23000000 -0.13000000 0.02004745
v -0.23000000 -0.12000000 -0.02004745
v -0.23000000 -0.12000000 0.02004745
v -0.23000000 -0.11000000 -0.02004745
v -0.23000000 -0.11000000 0.02004745
v -0.23000000 -0.10000000 -0.02004745
v -0.23000000 -0.10000000 0.02004745
v -0.23000000 -0.09000000 -0.02004745
v -0.23000000 -0.09000000 0.02004745
v -0.23000000 -0.08000000 -0.02004745
v -0.23000000 -0.08000000 0.02004745
v -0.23000000 -0.07000000 -0.02004745
v -0.23000000 -0.07000000 0.02004745
v -0.23000000 -0.06000000 -0.02004745
v -0.23000000 -0.06000000 0.02004745
v -0.23000000 -0.05000000 -0.02004745
v -0.23000000 -0.05000000 0.02004745
v -0.23000000 -0.04000000 -0.02004745
v -0.23000000 -0.04000000 0.02004745
v -0.23000000 -0.03000000 -0.02004745
v -0.23000000 -0.03000000 0.02004745
v -0.23000000 -0.02000000 -0.02004745
v -0.23000000 -0.02000000 0.02004745
v -0.23000000 -0.01000000 -0.02004745
v -0.23000000 -0.01000000 0.02004745
v -0.23000000 -0.00000000 -0.02004745
v -0.23000000 -0.00000000 0.02004745
v -0.23000000 0.01000000 -0.02004745
v -0.23000000 0.01000000 0.02004745
v -0.23000000 0.02000000 -0.02004745
v -0.23000000 0.02000000 0.02004745
v -0.23000000 0.03000000 -0.02004745
v -0.23000000 0.03000000 0.02004745
v -0.23000000 0.04000000 -0.02004745
v -0.23000000 0.04000000 0.02004745
v -0.23000000 0.05000000 -0.02004745
v -0.23000000 0.05000000 0.02004745
v -0.23000000 0.06000000 -0.02004745
v -0.23000000 0.06000000 0.02004745
v -0.23000000 0.07000000 -0.02004745
v -0.23000000 0.07000000 0.02004745
v -0.23000000 0.08000000 -0.02004745
v -0.23000000 0.08000000 0.02004745
v -0.23000000 0.09000000 -0.02004745
v -0.23000000 0.09000000 0.02004745
v -0.23000000 0.10000000 -0.02004745
v -0.23000000 0.10000000 0.02004745
v -0.23000000 0.11000000 -0.02004745
v -0.23000000 0.11000000 0.02004745
v -0.23000000 0.12000000 -0.02004745
v -0.23000000 0.12000000 0.02004745
v -0.23000000 0.13000000 -0.02004745
v -0.23000000 0.13000000 0.02004745
v -0.23000000 0.14000000 -0.02004745
v -0.23000000 0.14000000 0.02004745
v -0.23000000 0.15000000 -0.02004745
v -0.23000000 0.15000000 0.02004745
v -0.23000000 0.16000000 -0.02004745
v -0.23000000 0.16000000 0.02004745
v -0.23000000 0.17000000 -0.02004745
v -0.23000000 0.17000000 0.02004745
v -0.23000000 0.18000000 -0.02004745
v -0.23000000 0.18000000 0.02004745
v -0.23000000 0.19000000 -0.02004745
v -0.23000000 0.19000000 0.02004745
v -0.23000000 0.20000000 -0.02004745
v -0.23000000 0.20000000 0.02004745
v -0.23000000 0.21000000 -0.02004745
v -0.23000000 0.21000000 0.02004745
v -0.23000000 0.22000000 -0.02004745
v -0.23000000 0.22000000 0.02004745
v -0.23000000 0.23000000 -0.02004745
v -0.23000000 0.23000000 0.02004745
v -0.23000000 0.24000000 -0.02004745
v -0.23000000 0.24000000 0.02004745
v -0.23000000 0.25000000 -0.02004745
v -0.23000000 0.25000000 0.02004745
v -0.23000000 0.26000000 -0.02004745
v -0.23000000 0.26000000 0.02004745
v -0.23000000 0.27000000 -0.02004745
v -0.23000000 0.27000000 0.02004745
v -0.23000000 0.27118942 -0.01464750
v -0.23000000 0.27277977 -0.00464750
v -0.23000000 0.27388378 0.00535250
v -0.23000000 0.27469495 0.01535250
v -0.22000000 -0.27118942 -0.01464750
v -0.22000000 -0.27000000 -0.02004745
v -0.22000000 -0.27277977 -0.00464750
v -0.22000000 -0.27388378 0.00535250
v -0.22000000 -0.27469495 0.01535250
v -0.22000000 -0.27000000 0.02004745
v -0.22000000 -0.26000000 -0.02004745
v -0.22000000 -0.26000000 0.02004745
v -0.22000000 -0.25000000 -0.02004745
v -0.22000000 -0.25000000 0.02004745
v -0.22000000 -0.24000000 -0.02004745
v -0.22000000 -0.24000000 0.02004745
v -0.22000000 -0.23000000 -0.02004745
v -0.22000000 -0.23000000 0.02004745
v -0.22000000 -0.22000000 -0.02004745
v -0.22000000 -0.22000000 0.02004745
v -0.22000000 -0.21000000 -0.02004745
v -0.22000000 -0.21000000 0.02004745
v -0.22000000 -0.20000000 -0.02004745
v -0.22000000 -0.20000000 0.02004745
v -0.22000000 -0.19000000 -0.02004745
v -0.22000000 -0.19000000 0.02004745
v -0.22000000 -0.18000000 -0.02004745
v -0.22000000 -0.18000000 0.02004745
v -0.22000000 -0.17000000 -0.02004745
v -0.22000000 -0.17000000 0.02004745
v -0.22000000 -0.16000000 -0.02004745
v -0.22000000 -0.16000000 0.02004745
v -0.22000000 -0.15000000 -0.02004745
v -0.22000000 -0.15000000 0.02004745
v -0.22000000 -0.14000000 -0.02004745
v -0.22000000 -0.14000000 0.02004745
v -0.22000000 -0.13000000 -0.02004745
v -0.22000000 -0.13000000 0.02004745
v -0.22000000 -0.12000000 -0.02004745
v -0.22000000 -0.12000000 0.02004745
v -0.22000000 -0.11000000 -0.02004745
v -0.22000000 -0.11000000 0.02004745
v -0.22000000 -0.10000000 -0.02004745
v -0.22000000 -0.10000000 0.02004745
v -0.22000000 -0.09000000 -0.02004745
v -0.22000000 -0.09000000 0.02004745
v -0.22000000 -0.08000000 -0.02004745
v -0.22000000 -0.08000000 0.02004745
v -0.22000000 -0.07000000 -0.02004745
v -0.22000000 -0.07000000 0.02004745
v -0.22000000 -0.06000000 -0.02004745
v -0.22000000 -0.06000000 0.02004745
v -0.22000000 -0.05000000 -0.02004745
v -0.22000000 -0.05000000 0.02004745
v -0.22000000 -0.04000000 -0.02004745
v -0.22000000 -0.04000000 0.02004745
v -0.22000000 -0.03000000 -0.02004745
v -0.22000000 -0.03000000 0.02004745
v -0.22000000 -0.02000000 -0.02004745
v -0.22000000 -0.02000000 0.02004745
v -0.22000000 -0.01000000 -0.02004745
v -0.22000000 -0.01000000 0.02004745
v -0.22000000 -0.00000000 -0.02004745
v -0.22000000 -0.00000000 0.02004745
v -0.22000000 0.01000000 -0.02004745
v -0.22000000 0.01000000 0.02004745
v -0.22000000 0.02000000 -0.02004745
v -0.22000000 0.02000000 0.02004745
v -0.22000000 0.03000000 -0.02004745
v -0.22000000 0.03000000 0.02004745
v -0.22000000 0.04000000 -0.02004745
v -0.22000000 0.04000000 0.02004745
v -0.22000000 0.05000000 -0.02004745
v -0.22000000 0.05000000 0.02004745
v -0.22000000 0.06000000 -0.02004745
v -0.22000000 0.06000000 0.02004745
v -0.22000000 0.07000000 -0.02004745
v -0.22000000 0.07000000 0.02004745
v -0.22000000 0.08000000 -0.02004745
v -0.22000000 0.08000000 0.02004745
v -0.22000000 0.09000000 -0.02004745
v -0.22000000 0.09000000 0.02004745
v -0.22000000 0.10000000 -0.02004745
v -0.22000000 0.10000000 0.02004745
v -0.22000000 0.11000000 -0.02004745
v -0.22000000 0.11000000 0.02004745
v -0.22000000 0.12000000 -0.02004745
v -0.22000000 0.12000000 0.02004745
v -0.22000000 0.13000000 -0.02004745
v -0.22000000 0.13000000 0.02004745
v -0.22000000 0.14000000 -0.02004745
v -0.22000000 0.14000000 0.02004745
v -0.22000000 0.15000000 -0.02004745
v -0.22000000 0.15000000 0.02004745
v -0.22000000 0.16000000 -0.02004745
v -0.22000000 0.16000000 0.02004745
v -0.22000000 0.17000000 -0.02004745
v -0.22000000 0.17000000 0.02004745
v -0.22000000 0.18000000 -0.02004745
v -0.22000000 0.18000000 0.02004745
v -0.22000000 0.19000000 -0.02004745
v -0.22000000 0.19000000 0.02004745
v -0.22000000 0.20000000 -0.02004745
v -0.22000000 0.20000000 0.02004745
v -0.22000000 0.21000000 -0.02004745
v -0.22000000 0.21000000 0.02004745
v -0.22000000 0.22000000 -0.02004745
v -0.22000000 0.22000000 0.02004745
v -0.22000000 0.23000000 -0.02004745
v -0.22000000 0.23000000 0.02004745
v -0.22000000 0.24000000 -0.02004745
v -0.22000000 0.24000000 0.02004745
v -0.22000000 0.25000000 -0.02004745
v -0.22000000 0.25000000 0.02004745
v -0.22000000 0.26000000 -0.02004745
v -0.22000000 0.26000000 0.02004745
v -0.22000000 0.27000000 -0.02004745
v -0.22000000 0.27000000 0.02004745
v -0.22000000 0.27118942 -0.01464750
v -0.22000000 0.27277977 -0.00464750
v -0.22000000 0.27388378 0.00535250
v -0.22000000 0.27469495 0.01535250
v -0.21000000 -0.27118942 -0.01464750
v -0.21000000 -0.27000000 -0.02004745
v -0.21000000 -0.27277977 -0.00464750
v -0.21000000 -0.27388378 0.00535250
v -0.21000000 -0.27469495 0.01535250
v -0.21000000 -0.27000000 0.02004745
v -0.21000000 -0.26000000 -0.02004745
v -0.21000000 -0.26000000 0.02004745
v -0.21000000 -0.25000000 -0.02004745
v -0.21000000 -0.25000000 0.02004745
v -0.21000000 -0.24000000 -0.02004745
v -0.21000000 -0.24000000 0.02004745
v -0.21000000 -0.23000000 -0.02004745
v -0.21000000 -0.23000000 0.02004745
v -0.21000000 -0.22000000 -0.02004745
v -0.21000000 -0.22000000 0.02004745
v -0.21000000 -0.21000000 -0.02004745
v -0.21000000 -0.21000000 0.02004745
v -0.21000000 -0.20000000 -0.02004745
v -0.21000000 -0.20000000 0.02004745
v -0.21000000 -0.19000000 -0.02004745
v -0.21000000 -0.19000000 0.02004745
v -0.21000000 -0.18000000 -0.02004745
v -0.21000000 -0.18000000 0.02004745
v -0.21000000 -0.17000000 -0.02004745
v -0.21000000 -0.17000000 0.02004745
v -0.21000000 -0.16000000 -0.02004745
v -0.21000000 -0.16000000 0.02004745
v -0.21000000 -0.15000000 -0.02004745
v -0.21000000 -0.15000000 0.02004745
v -0.21000000 -0.14000000 -0.02004745
v -0.21000000 -0.14000000 0.02004745
v -0.21000000 -0.13000000 -0.02004745
v -0.21000000 -0.13000000 0.02004745
v -0.21000000 -0.12000000 -0.02004745
v -0.21000000 -0.12000000 0.02004745
v -0.21000000 -0.11000000 -0.02004745
v -0.21000000 -0.11000000 0.02004745
v -0.21000000 -0.10000000 -0.02004745
v -0.21000000 -0.10000000 0.02004745
v -0.21000000 -0.09000000 -0.02004745
v -0.21000000 -0.09000000 0.02004745
v -0.21000000 -0.08000000 -0.02004745
v -0.21000000 -0.08000000 0.02004745
v -0.21000000 -0.07000000 -0.02004745
v -0.21000000 -0.07000000 0.02004745
v -0.21000000 -0.06000000 -0.02004745
v -0.21000000 -0.06000000 0.02004745
v -0.21000000 -0.05000000 -0.02004745
v -0.21000000 -0.05000000 0.02004745
v -0.21000000 -0.04000000 -0.02004745
v -0.21000000 -0.04000000 0.02004745
v -0.21000000 -0.03000000 -0.02004745
v -0.21000000 -0.03000000 0.02004745
v -0.21000000 -0.02000000 -0.02004745
v -0.21000000 -0.02000000 0.02004745
v -0.21000000 -0.01000000 -0.02004745
v -0.21000000 -0.01000000 0.02004745
v -0.21000000 -0.00000000 -0.02004745
v -0.21000000 -0.00000000 0.02004745
v -0.21000000 0.01000000 -0.02004745
v -0.21000000 0.01000000 0.02004745
v -0.21000000 0.02000000 -0.02004745
v -0.21000000 0.02000000 0.02004745
v -0.21000000 0.03000000 -0.02004745
v -0.21000000 0.03000000 0.02004745
v -0.21000000 0.04000000 -0.02004745
v -0.21000000 0.04000000 0.02004745
v -0.21000000 0.05000000 -0.02004745
v -0.21000000 0.05000000 0.02004745
v -0.21000000 0.06000000 -0.02004745
v -0.21000000 0.06000000 0.02004745
v -0.21000000 0.07000000 -0.02004745
v -0.21000000 0.07000000 0.02004745
v -0.21000000 0.08000000 -0.02004745
v -0.21000000 0.08000000 0.02004745
v -0.21000000 0.09000000 -0.02004745
v -0.21000000 0.09000000 0.02004745
v -0.21000000 0.10000000 -0.02004745
v -0.21000000 0.10000000 0.02004745
v -0.21000000 0.11000000 -0.02004745
v -0.21000000 0.11000000 0.02004745
v -0.21000000 0.12000000 -0.02004745
v -0.21000000 0.12000000 0.02004745
v -0.21000000 0.13000000 -0.02004745
v -0.21000000 0.13000000 0.02004745
v -0.21000000 0.14000000 -0.02004745
v -0.21000000 0.14000000 0.02004745
v -0.21000000 0.15000000 -0.02004745
v -0.21000000 0.15000000 0.02004745
v -0.21000000 0.16000000 -0.02004745
v -0.21000000 0.16000000 0.02004745
v -0.21000000 0.17000000 -0.02004745
v -0.21000000 0.17000000 0.02004745
v -0.21000000 0.18000000 -0.02004745
v -0.21000000 0.18000000 0.02004745
v -0.21000000 0.19000000 -0.02004745
v -0.21000000 0.19000000 0.02004745
v -0.21000000 0.20000000 -0.02004745
v -0.21000000 0.20000000 0.02004745
v -0.21000000 0.21000000 -0.02004745
v -0.21000000 0.21000000 0.02004745
v -0.21000000 0.22000000 -0.02004745
v -0.21000000 0.22000000 0.02004745
v -0.21000000 0.23000000 -0.02004745
v -0.21000000 0.23000000 0.02004745
v -0.21000000 0.24000000 -0.02004745
v -0.21000000 0.24000000 0.02004745
v -0.21000000 0.25000000 -0.02004745
v -0.21000000 0.25000000 0.02004745
v -0.21000000 0.26000000 -0.02004745
v -0.21000000 0.26000000 0.02004745
v -0.21000000 0.27000000 -0.02004745
v -0.21000000 0.27000000 0.02004745
v -0.21000000 0.27118942 -0.01464750
v -0.21000000 0.27277977 -0.00464750
v -0.21000000 0.27388378 0.00535250
v -0.21000000 0.27469495 0.01535250
v -0.20000000 -0.27118942 -0.01464750
v -0.20000000 -0.27000000 -0.02004745
v -0.20000000 -0.27277977 -0.00464750
v -0.20000000 -0.27388378 0.00535250
v -0.20000000 -0.27469495 0.01535250
v -0.20000000 -0.27000000 0.02004745
v -0.20000000 -0.26000000 -0.02004745
v -0.20000000 -0.26000000 0.02004745
v -0.20000000 -0.25000000 -0.02004745
v -0.20000000 -0.25000000 0.02004745
v -0.20000000 -0.24000000 -0.02004745
v -0.20000000 -0.24000000 0.02004745
v -0.20000000 -0.23000000 -0.02004745
v -0.20000000 -0.23000000 0.02004745
v -0.20000000 -0.22000000 -0.02004745
v -0.20000000 -0.22000000 0.02004745
v -0.20000000 -0.21000000 -0.02004745
v -0.20000000 -0.21000000 0.02004745
v -0.20000000 -0.20000000 -0.02004745
v -0.20000000 -0.20000000 0.02004745
v -0.20000000 -0.19000000 -0.02004745
v -0.20000000 -0.19000000 0.02004745
v -0.20000000 -0.18000000 -0.02004745
v -0.20000000 -0.18000000 0.02004745
v -0.20000000 -0.17000000 -0.02004745
v -0.20000000 -0.17000000 0.02004745
v -0.20000000 -0.16000000 -0.02004745
v -0.20000000 -0.16000000 0.02004745
v -0.20000000 -0.15000000 -0.02004745
v -0.20000000 -0.15000000 0.02004745
v -0.20000000 -0.14000000 -0.02004745
v -0.20000000 -0.14000000 0.02004745
v -0.20000000 -0.13000000 -0.02004745
v -0.20000000 -0.13000000 0.02004745
v -0.20000000 -0.12000000 -0.02004745
v -0.20000000 -0.12000000 0.02004745
v -0.20000000 -0.11000000 -0.02004745
v -0.20000000 -0.11000000 0.02004745
v -0.20000000 -0.10000000 -0.02004745
v -0.20000000 -0.10000000 0.02004745
v -0.20000000 -0.09000000 -0.02004745
v -0.20000000 -0.09000000 0.02004745
v -0.20000000 -0.08000000 -0.02004745
v -0.20000000 -0.08000000 0.02004745
v -0.20000000 -0.07000000 -0.02004745
v -0.20000000 -0.07000000 0.02004745
v -0.20000000 -0.06000000 -0.02004745
v -0.20000000 -0.06000000 0.02004745
v -0.20000000 -0.05000000 -0.02004745
v -0.20000000 -0.05000000 0.02004745
v -0.20000000 -0.04000000 -0.02004745
v -0.20000000 -0.04000000 0.02004745
v -0.20000000 -0.03000000 -0.02004745
v -0.20000000 -0.03000000 0.02004745
v -0.20000000 -0.02000000 -0.02004745
v -0.20000000 -0.02000000 0.02004745
v -0.20000000 -0.01000000 -0.02004745
v -0.20000000 -0.01000000 0.02004745
v -0.20000000 -0.00000000 -0.02004745
v -0.20000000 -0.00000000 0.02004745
v -0.20000000 0.01000000 -0.02004745
v -0.20000000 0.01000000 0.02004745
v -0.20000000 0.02000000 -0.02004745
v -0.20000000 0.02000000 0.02004745
v -0.20000000 0.03000000 -0.02004745
v -0.20000000 0.03000000 0.02004745
v -0.20000000 0.04000000 -0.02004745
v -0.20000000 0.04000000 0.02004745
v -0.20000000 0.05000000 -0.02004745
v -0.20000000 0.05000000 0.02004745
v -0.20000000 0.06000000 -0.02004745
v -0.20000000 0.06000000 0.02004745
v -0.20000000 0.07000000 -0.02004745
v -0.20000000 0.07000000 0.02004745
v -0.20000000 0.08000000 -0.02004745
v -0.20000000 0.08000000 0.02004745
v -0.20000000 0.09000000 -0.02004745
v -0.20000000 0.09000000 0.02004745
v -0.20000000 0.10000000 -0.02004745
v -0.20000000 0.10000000 0.02004745
v -0.20000000 0.11000000 -0.02004745
v -0.20000000 0.11000000 0.02004745
v -0.20000000 0.12000000 -0.02004745
v -0.20000000 0.12000000 0.02004745
v -0.20000000 0.13000000 -0.02004745
v -0.20000000 0.13000000 0.02004745
v -0.20000000 0.14000000 -0.02004745
v -0.20000000 0.14000000 0.02004745
v -0.20000000 0.15000000 -0.02004745
v -0.20000000 0.15000000 0.02004745
v -0.20000000 0.16000000 -0.02004745
v -0.20000000 0.16000000 0.02004745
v -0.20000000 0.17000000 -0.02004745
v -0.20000000 0.17000000 0.02004745
v -0.20000000 0.18000000 -0.02004745
v -0.20000000 0.18000000 0.02004745
v -0.20000000 0.19000000 -0.02004745
v -0.20000000 0.19000000 0.02004745
v -0.20000000 0.20000000 -0.02004745
v -0.20000000 0.20000000 0.02004745
v -0.20000000 0.21000000 -0.02004745
v -0.20000000 0.21000000 0.02004745
v -0.20000000 0.22000000 -0.02004745
v -0.20000000 0.22000000 0.02004745
v -0.20000000 0.23000000 -0.02004745
v -0.20000000 0.23000000 0.02004745
v -0.20000000 0.24000000 -0.02004745
v -0.20000000 0.24000000 0.02004745
v -0.20000000 0.25000000 -0.02004745
v -0.20000000 0.25000000 0.02004745
v -0.20000000 0.26000000 -0.02004745
v -0.20000000 0.26000000 0.02004745
v -0.20000000 0.27000000 -0.02004745
v -0.20000000 0.27000000 0.02004745
v -0.20000000 0.27118942 -0.01464750
v -0.20000000 0.27277977 -0.00464750
v -0.20000000 0.27388378 0.00535250
v -0.20000000 0.27469495 0.01535250
v -0.19000000 -0.27118942 -0.01464750
v -0.19000000 -0.27000000 -0.02004745
v -0.19000000 -0.27277977 -0.00464750
v -0.19000000 -0.27388378 0.00535250
v -0.19000000 -0.27469495 0.01535250
v -0.19000000 -0.27000000 0.02004745
v -0.19000000 -0.26000000 -0.02004745
v -0.19000000 -0.26000000 0.02004745
v -0.19000000 -0.25000000 -0.02004745
v -0.19000000 -0.25000000 0.02004745
v -0.19000000 -0.24000000 -0.02004745
v -0.19000000 -0.24000000 0.02004745
v -0.19000000 -0.23000000 -0.02004745
v -0.19000000 -0.23000000 0.02004745
v -0.19000000 -0.22000000 -0.02004745
v -0.19000000 -0.22000000 0.02004745
v -0.19000000 -0.21000000 -0.02004745
v -0.19000000 -0.21000000 0.02004745
v -0.19000000 -0.20000000 -0.02004745
v -0.19000000 -0.20000000 0.02004745
v -0.19000000 -0.19000000 -0.02004745
v -0.19000000 -0.19000000 0.02004745
v -0.19000000 -0.18000000 -0.02004745
v -0.19000000 -0.18000000 0.02004745
v -0.19000000 -0.17000000 -0.02004745
v -0.19000000 -0.17000000 0.02004745
v -0.19000000 -0.16000000 -0.02004745
v -0.19000000 -0.16000000 0.02004745
v -0.19000000 -0.15000000 -0.02004745
v -0.19000000 -0.15000000 0.02004745
v -0.19000000 -0.14000000 -0.02004745
v -0.19000000 -0.14000000 0.02004745
v -0.19000000 -0.13000000 -0.02004745
v -0.19000000 -0.13000000 0.02004745
v -0.19000000 -0.12000000 -0.02004745
v -0.19000000 -0.12000000 0.02004745
v -0.19000000 -0.11000000 -0.02004745
v -0.19000000 -0.11000000 0.02004745
v -0.19000000 -0.10000000 -0.02004745
v -0.19000000 -0.10000000 0.02004745
v -0.19000000 -0.09000000 -0.02004745
v -0.19000000 -0.09000000 0.02004745
v -0.19000000 -0.08000000 -0.02004745
v -0.19000000 -0.08000000 0.02004745
v -0.19000000 -0.07000000 -0.02004745
v -0.19000000 -0.07000000 0.02004745
v -0.19000000 -0.06000000 -0.02004745
v -0.19000000 -0.06000000 0.02004745
v -0.19000000 -0.05000000 -0.02004745
v -0.19000000 -0.05000000 0.02004745
v -0.19000000 -0.04000000 -0.02004745
v -0.19000000 -0.04000000 0.02004745
v -0.19000000 -0.03000000 -0.02004745
v -0.19000000 -0.03000000 0.02004745
v -0.19000000 -0.02000000 -0.02004745
v -0.19000000 -0.02000000 0.02004745
v -0.19000000 -0.01000000 -0.02004745
v -0.19000000 -0.01000000 0.02004745
v -0.19000000 -0.00000000 -0.02004745
v -0.19000000 -0.00000000 0.02004745
v -0.19000000 0.01000000 -0.02004745
v -0.19000000 0.01000000 0.02004745
v -0.19000000 0.02000000 -0.02004745
v -0.19000000 0.02000000 0.02004745
v -0.19000000 0.03000000 -0.02004745
v -0.19000000 0.03000000 0.02004745
v -0.19000000 0.04000000 -0.02004745
v -0.19000000 0.04000000 0.02004745
v -0.19000000 0.05000000 -0.02004745
v -0.19000000 0.05000000 0.02004745
v -0.19000000 0.06000000 -0.02004745
v -0.19000000 0.06000000 0.02004745
v -0.19000000 0.07000000 -0.02004745
v -0.19000000 0.07000000 0.02004745
v -0.19000000 0.08000000 -0.02004745
v -0.19000000 0.08000000 0.02004745
v -0.19000000 0.09000000 -0.02004745
v -0.19000000 0.09000000 0.02004745
v -0.19000000 0.10000000 -0.02004745
v -0.19000000 0.10000000 0.02004745
v -0.19000000 0.11000000 -0.02004745
v -0.19000000 0.11000000 0.02004745
v -0.19000000 0.12000000 -0.02004745
v -0.19000000 0.12000000 0.02004745
v -0.19000000 0.13000000 -0.02004745
v -0.19000000 0.13000000 0.02004745
v -0.19000000 0.14000000 -0.02004745
v -0.19000000 0.14000000 0.02004745
v -0.19000000 0.15000000 -0.02004745
v -0.19000000 0.15000000 0.02004745
v -0.19000000 0.16000000 -0.02004745
v -0.19000000 0.16000000 0.02004745
v -0.19000000 0.17000000 -0.02004745
v -0.19000000 0.17000000 0.02004745
v -0.19000000 0.18000000 -0.02004745
v -0.19000000 0.18000000 0.02004745
v -0.19000000 0.19000000 -0.02004745
v -0.19000000 0.19000000 0.02004745
v -0.19000000 0.20000000 -0.02004745
v -0.19000000 0.20000000 0.02004745
v -0.19000000 0.21000000 -0.02004745
v -0.19000000 0.21000000 0.02004745
v -0.19000000 0.22000000 -0.02004745
v -0.19000000 0.22000000 0.02004745
v -0.19000000 0.23000000 -0.02004745
v -0.19000000 0.23000000 0.02004745
v -0.19000000 0.24000000 -0.02004745
v -0.19000000 0.24000000 0.02004745
v -0.19000000 0.25000000 -0.02004745
v -0.19000000 0.25000000 0.02004745
v -0.19000000 0.26000000 -0.02004745
v -0.19000000 0.26000000 0.02004745
v -0.19000000 0.27000000 -0.02004745
v -0.19000000 0.27000000 0.02004745
v -0.19000000 0.27118942 -0.01464750
v -0.19000000 0.27277977 -0.00464750
v -0.19000000 0.27388378 0.00535250
v -0.19000000 0.27469495 0.01535250
v -0.18000000 -0.27118942 -0.01464750
v -0.18000000 -0.27000000 -0.02004745
v -0.18000000 -0.27277977 -0.00464750
v -0.18000000 -0.27388378 0.00535250
v -0.18000000 -0.27469495 0.01535250
v -0.18000000 -0.27000000 0.02004745
v -0.18000000 -0.26000000 -0.02004745
v -0.18000000 -0.26000000 0.02004745
v -0.18000000 -0.25000000 -0.02004745
v -0.18000000 -0.25000000 0.02004745
v -0.18000000 -0.24000000 -0.02004745
v -0.18000000 -0.24000000 0.02004745
v -0.18000000 -0.23000000 -0.02004745
v -0.18000000 -0.23000000 0.02004745
v -0.18000000 -0.22000000 -0.02004745
v -0.18000000 -0.22000000 0.02004745
v -0.18000000 -0.21000000 -0.02004745
v -0.18000000 -0.21000000 0.02004745
v -0.18000000 -0.20000000 -0.02004745
v -0.18000000 -0.20000000 0.02004745
v -0.18000000 -0.19000000 -0.02004745
v -0.18000000 -0.19000000 0.02004745
v -0.18000000 -0.18000000 -0.02004745
v -0.18000000 -0.18000000 0.02004745
v -0.18000000 -0.17000000 -0.02004745
v -0.18000000 -0.17000000 0.02004745
v -0.18000000 -0.16000000 -0.02004745
v -0.18000000 -0.16000000 0.02004745
v -0.18000000 -0.15000000 -0.02004745
v -0.18000000 -0.15000000 0.02004745
v -0.18000000 -0.14000000 -0.02004745
v -0.18000000 -0.14000000 0.02004745
v -0.18000000 -0.13000000 -0.02004745
v -0.18000000 -0.13000000 0.02004745
v -0.18000000 -0.12000000 -0.02004745
v -0.18000000 -0.12000000 0.02004745
v -0.18000000 -0.11000000 -0.02004745
v -0.18000000 -0.11000000 0.02004745
v -0.18000000 -0.10000000 -0.02004745
v -0.18000000 -0.10000000 0.02004745
v -0.18000000 -0.09000000 -0.02004745
v -0.18000000 -0.09000000 0.02004745
v -0.18000000 -0.08000000 -0.02004745
v -0.18000000 -0.08000000 0.02004745
v -0.18000000 -0.07000000 -0.02004745
v -0.18000000 -0.07000000 0.02004745
v -0.18000000 -0.06000000 -0.02004745
v -0.18000000 -0.06000000 0.02004745
v -0.18000000 -0.05000000 -0.02004745
v -0.18000000 -0.05000000 0.02004745
v -0.18000000 -0.04000000 -0.02004745
v -0.18000000 -0.04000000 0.02004745
v -0.18000000 -0.03000000 -0.02004745
v -0.18000000 -0.03000000 0.02004745
v -0.18000000 -0.02000000 -0.02004745
v -0.18000000 -0.02000000 0.02004745
v -0.18000000 -0.01000000 -0.02004745
v -0.18000000 -0.01000000 0.02004745
v -0.18000000 -0.00000000 -0.02004745
v -0.18000000 -0.00000000 0.02004745
v -0.18000000 0.01000000 -0.02004745
v -0.18000000 0.01000000 0.02004745
v -0.18000000 0.02000000 -0.02004745
v -0.18000000 0.02000000 0.02004745
v -0.18000000 0.03000000 -0.02004745
v -0.18000000 0.03000000 0.02004745
v -0.18000000 0.04000000 -0.02004745
v -0.18000000 0.04000000 0.02004745
v -0.18000000 0.05000000 -0.02004745
v -0.18000000 0.05000000 0.02004745
v -0.18000000 0.06000000 -0.02004745
v -0.18000000 0.06000000 0.02004745
v -0.18000000 0.07000000 -0.02004745
v -0.18000000 0.07000000 0.02004745
v -0.18000000 0.08000000 -0.02004745
v -0.18000000 0.08000000 0.02004745
v -0.18000000 0.09000000 -0.02004745
v -0.18000000 0.09000000 0.02004745
v -0.18000000 0.10000000 -0.02004745
v -0.18000000 0.10000000 0.02004745
v -0.18000000 0.11000000 -0.02004745
v -0.18000000 0.11000000 0.02004745
v -0.18000000 0.12000000 -0.02004745
v -0.18000000 0.12000000 0.02004745
v -0.18000000 0.13000000 -0.02004745
v -0.18000000 0.13000000 0.02004745
v -0.18000000 0.14000000 -0.02004745
v -0.18000000 0.14000000 0.02004745
v -0.18000000 0.15000000 -0.02004745
v -0.18000000 0.15000000 0.02004745
v -0.18000000 0.16000000 -0.02004745
v -0.18000000 0.16000000 0.02004745
v -0.18000000 0.17000000 -0.02004745
v -0.18000000 0.17000000 0.02004745
v -0.18000000 0.18000000 -0.02004745
v -0.18000000 0.18000000 0.02004745
v -0.18000000 0.19000000 -0.02004745
v -0.18000000 0.19000000 0.02004745
v -0.18000000 0.20000000 -0.02004745
v -0.18000000 0.20000000 0.02004745
v -0.18000000 0.21000000 -0.02004745
v -0.18000000 0.21000000 0.02004745
v -0.18000000 0.22000000 -0.02004745
v -0.18000000 0.22000000 0.02004745
v -0.18000000 0.23000000 -0.02004745
v -0.18000000 0.23000000 0.02004745
v -0.18000000 0.24000000 -0.02004745
v -0.18000000 0.24000000 0.02004745
v -0.18000000 0.25000000 -0.02004745
v -0.18000000 0.25000000 0.02004745
v -0.18000000 0.26000000 -0.02004745
v -0.18000000 0.26000000 0.02004745
v -0.18000000 0.27000000 -0.02004745
v -0.18000000 0.27000000 0.02004745
v -0.18000000 0.27118942 -0.01464750
v -0.18000000 0.27277977 -0.00464750
v -0.18000000 0.27388378 0.00535250
v -0.18000000 0.27469495 0.01535250
v -0.17000000 -0.27118942 -0.01464750
v -0.17000000 -0.27000000 -0.02004745
v -0.17000000 -0.27277977 -0.00464750
v -0.17000000 -0.27388378 0.00535250
v -0.17000000 -0.27469495 0.01535250
v -0.17000000 -0.27000000 0.02004745
v -0.17000000 -0.26000000 -0.02004745
v -0.17000000 -0.26000000 0.02004745
v -0.17000000 -0.25000000 -0.02004745
v -0.17000000 -0.25000000 0.02004745
v -0.17000000 -0.24000000 -0.02004745
v -0.17000000 -0.24000000 0.02004745
v -0.17000000 -0.23000000 -0.02004745
v -0.17000000 -0.23000000 0.02004745
v -0.17000000 -0.22000000 -0.02004745
v -0.17000000 -0.22000000 0.02004745
v -0.17000000 -0.21000000 -0.02004745
v -0.17000000 -0.21000000 0.02004745
v -0.17000000 -0.20000000 -0.02004745
v -0.17000000 -0.20000000 0.02004745
v -0.17000000 -0.19000000 -0.02004745
v -0.17000000 -0.19000000 0.02004745
v -0.17000000 -0.18000000 -0.02004745
v -0.17000000 -0.18000000 0.02004745
v -0.17000000 -0.17000000 -0.02004745
v -0.17000000 -0.17000000 0.02004745
v -0.17000000 -0.16000000 -0.02004745
v -0.17000000 -0.16000000 0.02004745
v -0.17000000 -0.15000000 -0.02004745
v -0.17000000 -0.15000000 0.02004745
v -0.17000000 -0.14000000 -0.02004745
v -0.17000000 -0.14000000 0.02004745
v -0.17000000 -0.13000000 -0.02004745
v -0.17000000 -0.13000000 0.02004745
v -0.17000000 -0.12000000 -0.02004745
v -0.17000000 -0.12000000 0.02004745
v -0.17000000 -0.11000000 -0.02004745
v -0.17000000 -0.11000000 0.02004745
v -0.17000000 -0.10000000 -0.02004745
v -0.17000000 -0.10000000 0.02004745
v -0.17000000 -0.09000000 -0.02004745
v -0.17000000 -0.09000000 0.02004745
v -0.17000000 -0.08000000 -0.02004745
v -0.17000000 -0.08000000 0.02004745
v -0.17000000 -0.07000000 -0.02004745
v -0.17000000 -0.07000000 0.02004745
v -0.17000000 -0.06000000 -0.02004745
v -0.17000000 -0.06000000 0.02004745
v -0.17000000 -0.05000000 -0.02004745
v -0.17000000 -0.05000000 0.02004745
v -0.17000000 -0.04000000 -0.02004745
v -0.17000000 -0.04000000 0.02004745
v -0.17000000 -0.03000000 -0.02004745
v -0.17000000 -0.03000000 0.02004745
v -0.17000000 -0.02000000 -0.02004745
v -0.17000000 -0.02000000 0.02004745
v -0.17000000 -0.01000000 -0.02004745
v -0.17000000 -0.01000000 0.02004745
v -0.17000000 -0.00000000 -0.02004745
v -0.17000000 -0.00000000 0.02004745
v -0.17000000 0.01000000 -0.02004745
v -0.17000000 0.01000000 0.02004745
v -0.17000000 0.02000000 -0.02004745
v -0.17000000 0.02000000 0.02004745
v -0.17000000 0.03000000 -0.02004745
v -0.17000000 0.03000000 0.02004745
v -0.17000000 0.04000000 -0.02004745
v -0.17000000 0.04000000 0.02004745
v -0.17000000 0.05000000 -0.02004745
v -0.17000000 0.05000000 0.02004745
v -0.17000000 0.06000000 -0.02004745
v -0.17000000 0.06000000 0.02004745
v -0.17000000 0.07000000 -0.02004745
v -0.17000000 0.07000000 0.02004745
v -0.17000000 0.08000000 -0.02004745
v -0.17000000 0.08000000 0.02004745
v -0.17000000 0.09000000 -0.02004745
v -0.17000000 0.09000000 0.02004745
v -0.17000000 0.10000000 -0.02004745
v -0.17000000 0.10000000 0.02004745
v -0.17000000 0.11000000 -0.02004745
v -0.17000000 0.11000000 0.02004745
v -0.17000000 0.12000000 -0.02004745
v -0.17000000 0.12000000 0.02004745
v -0.17000000 0.13000000 -0.02004745
v -0.17000000 0.13000000 0.02004745
v -0.17000000 0.14000000 -0.02004745
v -0.17000000 0.14000000 0.02004745
v -0.17000000 0.15000000 -0.02004745
v -0.17000000 0.15000000 0.02004745
v -0.17000000 0.16000000 -0.02004745
v -0.17000000 0.16000000 0.02004745
v -0.17000000 0.17000000 -0.02004745
v -0.17000000 0.17000000 0.02004745
v -0.17000000 0.18000000 -0.02004745
v -0.17000000 0.18000000 0.02004745
v -0.17000000 0.19000000 -0.02004745
v -0.17000000 0.19000000 0.02004745
v -0.17000000 0.20000000 -0.02004745
v -0.17000000 0.20000000 0.02004745
v -0.17000000 0.21000000 -0.02004745
v -0.17000000 0.21000000 0.02004745
v -0.17000000 0.22000000 -0.02004745
v -0.17000000 0.22000000 0.02004745
v -0.17000000 0.23000000 -0.02004745
v -0.17000000 0.23000000 0.02004745
v -0.17000000 0.24000000 -0.02004745
v -0.17000000 0.24000000 0.02004745
v -0.17000000 0.25000000 -0.02004745
v -0.17000000 0.25000000 0.02004745
v -0.17000000 0.26000000 -0.02004745
v -0.17000000 0.26000000 0.02004745
v -0.17000000 0.27000000 -0.02004745
v -0.17000000 0.27000000 0.02004745
v -0.17000000 0.27118942 -0.01464750
v -0.17000000 0.27277977 -0.00464750
v -0.17000000 0.27388378 0.00535250
v -0.17000000 0.27469495 0.01535250
v -0.16000000 -0.27118942 -0.01464750
v -0.16000000 -0.27000000 -0.02004745
v -0.16000000 -0.27277977 -0.00464750
v -0.16000000 -0.27388378 0.00535250
v -0.16000000 -0.27469495 0.01535250
v -0.16000000 -0.27000000 0.02004745
v -0.16000000 -0.26000000 -0.02004745
v -0.16000000 -0.26000000 0.02004745
v -0.16000000 -0.25000000 -0.02004745
v -0.16000000 -0.25000000 0.02004745
v -0.16000000 -0.24000000 -0.02004745
v -0.16000000 -0.24000000 0.02004745
v -0.16000000 -0.23000000 -0.02004745
v -0.16000000 -0.23000000 0.02004745
v -0.16000000 -0.22000000 -0.02004745
v -0.16000000 -0.22000000 0.02004745
v -0.16000000 -0.21000000 -0.02004745
v -0.16000000 -0.21000000 0.02004745
v -0.16000000 -0.20000000 -0.02004745
v -0.16000000 -0.20000000 0.02004745
v -0.16000000 -0.19000000 -0.02004745
v -0.16000000 -0.19000000 0.02004745
v -0.16000000 -0.18000000 -0.02004745
v -0.16000000 -0.18000000 0.02004745
v -0.16000000 -0.17000000 -0.02004745
v -0.16000000 -0.17000000 0.02004745
v -0.16000000 -0.16000000 -0.02004745
v -0.16000000 -0.16000000 0.02004745
v -0.16000000 -0.15000000 -0.02004745
v -0.16000000 -0.15000000 0.02004745
v -0.16000000 -0.14000000 -0.02004745
v -0.16000000 -0.14000000 0.02004745
v -0.16000000 -0.13000000 -0.02004745
v -0.16000000 -0.13000000 0.02004745
v -0.16000000 -0.12000000 -0.02004745
v -0.16000000 -0.12000000 0.02004745
v -0.16000000 -0.11000000 -0.02004745
v -0.16000000 -0.11000000 0.02004745
v -0.16000000 -0.10000000 -0.02004745
v -0.16000000 -0.10000000 0.02004745
v -0.16000000 -0.09000000 -0.02004745
v -0.16000000 -0.09000000 0.02004745
v -0.16000000 -0.08000000 -0.02004745
v -0.16000000 -0.08000000 0.02004745
v -0.16000000 -0.07000000 -0.02004745
v -0.16000000 -0.07000000 0.02004745
v -0.16000000 -0.06000000 -0.02004745
v -0.16000000 -0.06000000 0.02004745
v -0.16000000 -0.05000000 -0.02004745
v -0.16000000 -0.05000000 0.02004745
v -0.16000000 -0.04000000 -0.02004745
v -0.16000000 -0.04000000 0.02004745
v -0.16000000 -0.03000000 -0.02004745
v -0.16000000 -0.03000000 0.02004745
v -0.16000000 -0.02000000 -0.02004745
v -0.16000000 -0.02000000 0.02004745
v -0.16000000 -0.01000000 -0.02004745
v -0.16000000 -0.01000000 0.02004745
v -0.16000000 -0.00000000 -0.02004745
v -0.16000000 -0.00000000 0.02004745
v -0.16000000 0.01000000 -0.02004745
v -0.16000000 0.01000000 0.02004745
v -0.16000000 0.02000000 -0.02004745
v -0.16000000 0.02000000 0.02004745
v -0.16000000 0.03000000 -0.02004745
v -0.16000000 0.03000000 0.02004745
v -0.16000000 0.04000000 -0.02004745
v -0.16000000 0.04000000 0.02004745
v -0.16000000 0.05000000 -0.02004745
v -0.16000000 0.05000000 0.02004745
v -0.16000000 0.06000000 -0.02004745
v -0.16000000 0.06000000 0.02004745
v -0.16000000 0.07000000 -0.02004745
v -0.16000000 0.07000000 0.02004745
v -0.16000000 0.08000000 -0.02004745
v -0.16000000 0.08000000 0.02004745
v -0.16000000 0.09000000 -0.02004745
v -0.16000000 0.09000000 0.02004745
v -0.16000000 0.10000000 -0.02004745
v -0.16000000 0.10000000 0.02004745
v -0.16000000 0.11000000 -0.02004745
v -0.16000000 0.11000000 0.02004745
v -0.16000000 0.12000000 -0.02004745
v -0.16000000 0.12000000 0.02004745
v -0.16000000 0.13000000 -0.02004745
v -0.16000000 0.13000000 0.02004745
v -0.16000000 0.14000000 -0.02004745
v -0.16000000 0.14000000 0.02004745
v -0.16000000 0.15000000 -0.02004745
v -0.16000000 0.15000000 0.02004745
v -0.16000000 0.16000000 -0.02004745
v -0.16000000 0.16000000 0.02004745
v -0.16000000 0.17000000 -0.02004745
v -0.16000000 0.17000000 0.02004745
v -0.16000000 0.18000000 -0.02004745
v -0.16000000 0.18000000 0.02004745
v -0.16000000 0.19000000 -0.02004745
v -0.16000000 0.19000000 0.02004745
v -0.16000000 0.20000000 -0.02004745
v -0.16000000 0.20000000 0.02004745
v -0.16000000 0.21000000 -0.02004745
v -0.16000000 0.21000000 0.02004745
v -0.16000000 0.22000000 -0.02004745
v -0.16000000 0.22000000 0.02004745
v -0.16000000 0.23000000 -0.02004745
v -0.16000000 0.23000000 0.02004745
v -0.16000000 0.24000000 -0.02004745
v -0.16000000 0.24000000 0.02004745
v -0.16000000 0.25000000 -0.02004745
v -0.16000000 0.25000000 0.02004745
v -0.16000000 0.26000000 -0.02004745
v -0.16000000 0.26000000 0.02004745
v -0.16000000 0.27000000 -0.02004745
v -0.16000000 0.27000000 0.02004745
v -0.16000000 0.27118942 -0.01464750
v -0.16000000 0.27277977 -0.00464750
v -0.16000000 0.27388378 0.00535250
v -0.16000000 0.27469495 0.01535250
v -0.15000000 -0.27118942 -0.01464750
v -0.15000000 -0.27000000 -0.02004745
v -0.15000000 -0.27277977 -0.00464750
v -0.15000000 -0.27388378 0.00535250
v -0.15000000 -0.27469495 0.01535250
v -0.15000000 -0.27000000 0.02004745
v -0.15000000 -0.26000000 -0.02004745
v -0.15000000 -0.26000000 0.02004745
v -0.15000000 -0.25000000 -0.02004745
v -0.15000000 -0.25000000 0.02004745
v -0.15000000 -0.24000000 -0.02004745
v -0.15000000 -0.24000000 0.02004745
v -0.15000000 -0.23000000 -0.02004745
v -0.15000000 -0.23000000 0.02004745
v -0.15000000 -0.22000000 -0.02004745
v -0.15000000 -0.22000000 0.02004745
v -0.15000000 -0.21000000 -0.02004745
v -0.15000000 -0.21000000 0.02004745
v -0.15000000 -0.20000000 -0.02004745
v -0.15000000 -0.20000000 0.02004745
v -0.15000000 -0.19000000 -0.02004745
v -0.15000000 -0.19000000 0.02004745
v -0.15000000 -0.18000000 -0.02004745
v -0.15000000 -0.18000000 0.02004745
v -0.15000000 -0.17000000 -0.02004745
v -0.15000000 -0.17000000 0.02004745
v -0.15000000 -0.16000000 -0.02004745
v -0.15000000 -0.16000000 0.02004745
v -0.15000000 -0.15000000 -0.02004745
v -0.15000000 -0.15000000 0.02004745
v -0.15000000 -0.14000000 -0.02004745
v -0.15000000 -0.14000000 0.02004745
v -0.15000000 -0.13000000 -0.02004745
v -0.15000000 -0.13000000 0.02004745
v -0.15000000 -0.12000000 -0.02004745
v -0.15000000 -0.12000000 0.02004745
v -0.15000000 -0.11000000 -0.02004745
v -0.15000000 -0.11000000 0.02004745
v -0.15000000 -0.10000000 -0.02004745
v -0.15000000 -0.10000000 0.02004745
v -0.15000000 -0.09000000 -0.02004745
v -0.15000000 -0.09000000 0.02004745
v -0.15000000 -0.08000000 -0.02004745
v -0.15000000 -0.08000000 0.02004745
v -0.15000000 -0.07000000 -0.02004745
v -0.15000000 -0.07000000 0.02004745
v -0.15000000 -0.06000000 -0.02004745
v -0.15000000 -0.06000000 0.02004745
v -0.15000000 -0.05000000 -0.02004745
v -0.15000000 -0.05000000 0.02004745
v -0.15000000 -0.04000000 -0.02004745
v -0.15000000 -0.04000000 0.02004745
v -0.15000000 -0.03000000 -0.02004745
v -0.15000000 -0.03000000 0.02004745
v -0.15000000 -0.02000000 -0.02004745
v -0.15000000 -0.02000000 0.02004745
v -0.15000000 -0.01000000 -0.02004745
v -0.15000000 -0.01000000 0.02004745
v -0.15000000 -0.00000000 -0.02004745
v -0.15000000 -0.00000000 0.02004745
v -0.15000000 0.01000000 -0.02004745
v -0.15000000 0.01000000 0.02004745
v -0.15000000 0.02000000 -0.02004745
v -0.15000000 0.02000000 0.02004745
v -0.15000000 0.03000000 -0.02004745
v -0.15000000 0.03000000 0.02004745
v -0.15000000 0.04000000 -0.02004745
v -0.15000000 0.04000000 0.02004745
v -0.15000000 0.05000000 -0.02004745
v -0.15000000 0.05000000 0.02004745
v -0.15000000 0.06000000 -0.02004745
v -0.15000000 0.06000000 0.02004745
v -0.15000000 0.07000000 -0.02004745
v -0.15000000 0.07000000 0.02004745
v -0.15000000 0.08000000 -0.02004745
v -0.15000000 0.08000000 0.02004745
v -0.15000000 0.09000000 -0.02004745
v -0.15000000 0.09000000 0.02004745
v -0.15000000 0.10000000 -0.02004745
v -0.15000000 0.10000000 0.02004745
v -0.15000000 0.11000000 -0.02004745
v -0.15000000 0.11000000 0.02004745
v -0.15000000 0.12000000 -0.02004745
v -0.15000000 0.12000000 0.02004745
v -0.15000000 0.13000000 -0.02004745
v -0.15000000 0.13000000 0.02004745
v -0.15000000 0.14000000 -0.02004745
v -0.15000000 0.14000000 0.02004745
v -0.15000000 0.15000000 -0.02004745
v -0.15000000 0.15000000 0.02004745
v -0.15000000 0.16000000 -0.02004745
v -0.15000000 0.16000000 0.02004745
v -0.15000000 0.17000000 -0.02004745
v -0.15000000 0.17000000 0.02004745
v -0.15000000 0.18000000 -0.02004745
v -0.15000000 0.18000000 0.02004745
v -0.15000000 0.19000000 -0.02004745
v -0.15000000 0.19000000 0.02004745
v -0.15000000 0.20000000 -0.02004745
v -0.15000000 0.20000000 0.02004745
v -0.15000000 0.21000000 -0.02004745
v -0.15000000 0.21000000 0.02004745
v -0.15000000 0.22000000 -0.02004745
v -0.15000000 0.22000000 0.02004745
v -0.15000000 0.23000000 -0.02004745
v -0.15000000 0.23000000 0.02004745
v -0.15000000 0.24000000 -0.02004745
v -0.15000000 0.24000000 0.02004745
v -0.15000000 0.25000000 -0.02004745
v -0.15000000 0.25000000 0.02004745
v -0.15000000 0.26000000 -0.02004745
v -0.15000000 0.26000000 0.02004745
v -0.15000000 0.27000000 -0.02004745
v -0.15000000 0.27000000 0.02004745
v -0.15000000 0.27118942 -0.01464750
v -0.15000000 0.27277977 -0.00464750
v -0.15000000 0.27388378 0.00535250
v -0.15000000 0.27469495 0.01535250
v -0.14000000 -0.27118942 -0.01464750
v -0.14000000 -0.27000000 -0.02004745
v -0.14000000 -0.27277977 -0.00464750
v -0.14000000 -0.27388378 0.00535250
v -0.14000000 -0.27469495 0.01535250
v -0.14000000 -0.27000000 0.02004745
v -0.14000000 -0.26000000 -0.02004745
v -0.14000000 -0.26000000 0.02004745
v -0.14000000 -0.25000000 -0.02004745
v -0.14000000 -0.25000000 0.02004745
v -0.14000000 -0.24000000 -0.02004745
v -0.14000000 -0.24000000 0.02004745
v -0.14000000 -0.23000000 -0.02004745
v -0.14000000 -0.23000000 0.02004745
v -0.14000000 -0.22000000 -0.02004745
v -0.14000000 -0.22000000 0.02004745
v -0.14000000 -0.21000000 -0.02004745
v -0.14000000 -0.21000000 0.02004745
v -0.14000000 -0.20000000 -0.02004745
v -0.14000000 -0.20000000 0.02004745
v -0.14000000 -0.19000000 -0.02004745
v -0.14000000 -0.19000000 0.02004745
v -0.14000000 -0.18000000 -0.02004745
v -0.14000000 -0.18000000 0.02004745
v -0.14000000 -0.17000000 -0.02004745
v -0.14000000 -0.17000000 0.02004745
v -0.14000000 -0.16000000 -0.02004745
v -0.14000000 -0.16000000 0.02004745
v -0.14000000 -0.15000000 -0.02004745
v -0.14000000 -0.15000000 0.02004745
v -0.14000000 -0.14000000 -0.02004745
v -0.14000000 -0.14000000 0.02004745
v -0.14000000 -0.13000000 -0.02004745
v -0.14000000 -0.13000000 0.02004745
v -0.14000000 -0.12000000 -0.02004745
v -0.14000000 -0.12000000 0.02004745
v -0.14000000 -0.11000000 -0.02004745
v -0.14000000 -0.11000000 0.02004745
v -0.14000000 -0.10000000 -0.02004745
v -0.14000000 -0.10000000 0.02004745
v -0.14000000 -0.09000000 -0.02004745
v -0.14000000 -0.09000000 0.02004745
v -0.14000000 -0.08000000 -0.02004745
v -0.14000000 -0.08000000 0.02004745
v -0.14000000 -0.07000000 -0.02004745
v -0.14000000 -0.07000000 0.02004745
v -0.14000000 -0.06000000 -0.02004745
v -0.14000000 -0.06000000 0.02004745
v -0.14000000 -0.05000000 -0.02004745
v -0.14000000 -0.05000000 0.02004745
v -0.14000000 -0.04000000 -0.02004745
v -0.14000000 -0.04000000 0.02004745
v -0.14000000 -0.03000000 -0.02004745
v -0.14000000 -0.03000000 0.02004745
v -0.14000000 -0.02000000 -0.02004745
v -0.14000000 -0.02000000 0.02004745
v -0.14000000 -0.01000000 -0.02004745
v -0.14000000 -0.01000000 0.02004745
v -0.14000000 -0.00000000 -0.02004745
v -0.14000000 -0.00000000 0.02004745
v -0.14000000 0.01000000 -0.02004745
v -0.14000000 0.01000000 0.02004745
v -0.14000000 0.02000000 -0.02004745
v -0.14000000 0.02000000 0.02004745
v -0.14000000 0.03000000 -0.02004745
v -0.14000000 0.03000000 0.02004745
v -0.14000000 0.04000000 -0.02004745
v -0.14000000 0.04000000 0.02004745
v -0.14000000 0.05000000 -0.02004745
v -0.14000000 0.05000000 0.02004745
v -0.14000000 0.06000000 -0.02004745
v -0.14000000 0.06000000 0.02004745
v -0.14000000 0.07000000 -0.02004745
v -0.14000000 0.07000000 0.02004745
v -0.14000000 0.08000000 -0.02004745
v -0.14000000 0.08000000 0.02004745
v -0.14000000 0.09000000 -0.02004745
v -0.14000000 0.09000000 0.02004745
v -0.14000000 0.10000000 -0.02004745
v -0.14000000 0.10000000 0.02004745
v -0.14000000 0.11000000 -0.02004745
v -0.14000000 0.11000000 0.02004745
v -0.14000000 0.12000000 -0.02004745
v -0.14000000 0.12000000 0.02004745
v -0.14000000 0.13000000 -0.02004745
v -0.14000000 0.13000000 0.02004745
v -0.14000000 0.14000000 -0.02004745
v -0.14000000 0.14000000 0.02004745
v -0.14000000 0.15000000 -0.02004745
v -0.14000000 0.15000000 0.02004745
v -0.14000000 0.16000000 -0.02004745
v -0.14000000 0.16000000 0.02004745
v -0.14000000 0.17000000 -0.02004745
v -0.14000000 0.17000000 0.02004745
v -0.14000000 0.18000000 -0.02004745
v -0.14000000 0.18000000 0.02004745
v -0.14000000 0.19000000 -0.02004745
v -0.14000000 0.19000000 0.02004745
v -0.14000000 0.20000000 -0.02004745
v -0.14000000 0.20000000 0.02004745
v -0.14000000 0.21000000 -0.02004745
v -0.14000000 0.21000000 0.02004745
v -0.14000000 0.22000000 -0.02004745
v -0.14000000 0.22000000 0.02004745
v -0.14000000 0.23000000 -0.02004745
v -0.14000000 0.23000000 0.02004745
v -0.14000000 0.24000000 -0.02004745
v -0.14000000 0.24000000 0.02004745
v -0.14000000 0.25000000 -0.02004745
v -0.14000000 0.25000000 0.02004745
v -0.14000000 0.26000000 -0.02004745
v -0.14000000 0.26000000 0.02004745
v -0.14000000 0.27000000 -0.02004745
v -0.14000000 0.27000000 0.02004745
v -0.14000000 0.27118942 -0.01464750
v -0.14000000 0.27277977 -0.00464750
v -0.14000000 0.27388378 0.00535250
v -0.14000000 0.27469495 0.01535250
v -0.13000000 -0.27118942 -0.01464750
v -0.13000000 -0.27000000 -0.02004745
v -0.13000000 -0.27277977 -0.00464750
v -0.13000000 -0.27388378 0.00535250
v -0.13000000 -0.27469495 0.01535250
v -0.13000000 -0.27000000 0.02004745
v -0.13000000 -0.26000000 -0.02004745
v -0.13000000 -0.26000000 0.02004745
v -0.13000000 -0.25000000 -0.02004745
v -0.13000000 -0.25000000 0.02004745
v -0.13000000 -0.24000000 -0.02004745
v -0.13000000 -0.24000000 0.02004745
v -0.13000000 -0.23000000 -0.02004745
v -0.13000000 -0.23000000 0.02004745
v -0.13000000 -0.22000000 -0.02004745
v -0.13000000 -0.22000000 0.02004745
v -0.13000000 -0.21000000 -0.02004745
v -0.13000000 -0.21000000 0.02004745
v -0.13000000 -0.20000000 -0.02004745
v -0.13000000 -0.20000000 0.02004745
v -0.13000000 -0.19000000 -0.02004745
v -0.13000000 -0.19000000 0.02004745
v -0.13000000 -0.18000000 -0.02004745
v -0.13000000 -0.18000000 0.02004745
v -0.13000000 -0.17000000 -0.02004745
v -0.13000000 -0.17000000 0.02004745
v -0.13000000 -0.16000000 -0.02004745
v -0.13000000 -0.16000000 0.02004745
v -0.13000000 -0.15000000 -0.02004745
v -0.13000000 -0.15000000 0.02004745
v -0.13000000 -0.14000000 -0.02004745
v -0.13000000 -0.14000000 0.02004745
v -0.13000000 -0.13000000 -0.02004745
v -0.13000000 -0.13000000 0.02004745
v -0.13000000 -0.12000000 -0.02004745
v -0.13000000 -0.12000000 0.02004745
v -0.13000000 -0.11000000 -0.02004745
v -0.13000000 -0.11000000 0.02004745
v -0.13000000 -0.10000000 -0.02004745
v -0.13000000 -0.10000000 0.02004745
v -0.13000000 -0.09000000 -0.02004745
v -0.13000000 -0.09000000 0.02004745
v -0.13000000 -0.08000000 -0.02004745
v -0.13000000 -0.08000000 0.02004745
v -0.13000000 -0.07000000 -0.02004745
v -0.13000000 -0.07000000 0.02004745
v -0.13000000 -0.06000000 -0.02004745
v -0.13000000 -0.06000000 0.02004745
v -0.13000000 -0.05000000 -0.02004745
v -0.13000000 -0.05000000 0.02004745
v -0.13000000 -0.04000000 -0.02004745
v -0.13000000 -0.04000000 0.02004745
v -0.13000000 -0.03000000 -0.02004745
v -0.13000000 -0.03000000 0.02004745
v -0.13000000 -0.02000000 -0.02004745
v -0.13000000 -0.02000000 0.02004745
v -0.13000000 -0.01000000 -0.02004745
v -0.13000000 -0.01000000 0.02004745
v -0.13000000 -0.00000000 -0.02004745
v -0.13000000 -0.00000000 0.02004745
v -0.13000000 0.01000000 -0.02004745
v -0.13000000 0.01000000 0.02004745
v -0.13000000 0.02000000 -0.02004745
v -0.13000000 0.02000000 0.02004745
v -0.13000000 0.03000000 -0.02004745
v -0.13000000 0.03000000 0.02004745
v -0.13000000 0.04000000 -0.02004745
v -0.13000000 0.04000000 0.02004745
v -0.13000000 0.05000000 -0.02004745
v -0.13000000 0.05000000 0.02004745
v -0.13000000 0.06000000 -0.02004745
v -0.13000000 0.06000000 0.02004745
v -0.13000000 0.07000000 -0.02004745
v -0.13000000 0.07000000 0.02004745
v -0.13000000 0.08000000 -0.02004745
v -0.13000000 0.08000000 0.02004745
v -0.13000000 0.09000000 -0.02004745
v -0.13000000 0.09000000 0.02004745
v -0.13000000 0.10000000 -0.02004745
v -0.13000000 0.10000000 0.02004745
v -0.13000000 0.11000000 -0.02004745
v -0.13000000 0.11000000 0.02004745
v -0.13000000 0.12000000 -0.02004745
v -0.13000000 0.12000000 0.02004745
v -0.13000000 0.13000000 -0.02004745
v -0.13000000 0.13000000 0.02004745
v -0.13000000 0.14000000 -0.02004745
v -0.13000000 0.14000000 0.02004745
v -0.13000000 0.15000000 -0.02004745
v -0.13000000 0.15000000 0.02004745
v -0.13000000 0.16000000 -0.02004745
v -0.13000000 0.16000000 0.02004745
v -0.13000000 0.17000000 -0.02004745
v -0.13000000 0.17000000 0.02004745
v -0.13000000 0.18000000 -0.02004745
v -0.13000000 0.18000000 0.02004745
v -0.13000000 0.19000000 -0.02004745
v -0.13000000 0.19000000 0.02004745
v -0.13000000 0.20000000 -0.02004745
v -0.13000000 0.20000000 0.02004745
v -0.13000000 0.21000000 -0.02004745
v -0.13000000 0.21000000 0.02004745
v -0.13000000 0.22000000 -0.02004745
v -0.13000000 0.22000000 0.02004745
v -0.13000000 0.23000000 -0.02004745
v -0.13000000 0.23000000 0.02004745
v -0.13000000 0.24000000 -0.02004745
v -0.13000000 0.24000000 0.02004745
v -0.13000000 0.25000000 -0.02004745
v -0.13000000 0.25000000 0.02004745
v -0.13000000 0.26000000 -0.02004745
v -0.13000000 0.26000000 0.02004745
v -0.13000000 0.27000000 -0.02004745
v -0.13000000 0.27000000 0.02004745
v -0.13000000 0.27118942 -0.01464750
v -0.13000000 0.27277977 -0.00464750
v -0.13000000 0.27388378 0.00535250
v -0.13000000 0.27469495 0.01535250
v -0.12000000 -0.27118942 -0.01464750
v -0.12000000 -0.27000000 -0.02004745
v -0.12000000 -0.27277977 -0.00464750
v -0.12000000 -0.27388378 0.00535250
v -0.12000000 -0.27469495 0.01535250
v -0.12000000 -0.27000000 0.02004745
v -0.12000000 -0.26000000 -0.02004745
v -0.12000000 -0.26000000 0.02004745
v -0.12000000 -0.25000000 -0.02004745
v -0.12000000 -0.25000000 0.02004745
v -0.12000000 -0.24000000 -0.02004745
v -0.12000000 -0.24000000 0.02004745
v -0.12000000 -0.23000000 -0.02004745
v -0.12000000 -0.23000000 0.02004745
v -0.12000000 -0.22000000 -0.02004745
v -0.12000000 -0.22000000 0.02004745
v -0.12000000 -0.21000000 -0.02004745
v -0.12000000 -0.21000000 0.02004745
v -0.12000000 -0.20000000 -0.02004745
v -0.12000000 -0.20000000 0.02004745
v -0.12000000 -0.19000000 -0.02004745
v -0.12000000 -0.19000000 0.02004745
v -0.12000000 -0.18000000 -0.02004745
v -0.12000000 -0.18000000 0.02004745
v -0.12000000 -0.17000000 -0.02004745
v -0.12000000 -0.17000000 0.02004745
v -0.12000000 -0.16000000 -0.02004745
v -0.12000000 -0.16000000 0.02004745
v -0.12000000 -0.15000000 -0.02004745
v -0.12000000 -0.15000000 0.02004745
v -0.12000000 -0.14000000 -0.02004745
v -0.12000000 -0.14000000 0.02004745
v -0.12000000 -0.13000000 -0.02004745
v -0.12000000 -0.13000000 0.02004745
v -0.12000000 -0.12000000 -0.02004745
v -0.12000000 -0.12000000 0.02004745
v -0.12000000 -0.11000000 -0.02004745
v -0.12000000 -0.11000000 0.02004745
v -0.12000000 -0.10000000 -0.02004745
v -0.12000000 -0.10000000 0.02004745
v -0.12000000 -0.09000000 -0.02004745
v -0.12000000 -0.09000000 0.02004745
v -0.12000000 -0.08000000 -0.02004745
v -0.12000000 -0.08000000 0.02004745
v -0.12000000 -0.07000000 -0.02004745
v -0.12000000 -0.07000000 0.02004745
v -0.12000000 -0.06000000 -0.02004745
v -0.12000000 -0.06000000 0.02004745
v -0.12000000 -0.05000000 -0.02004745
v -0.12000000 -0.05000000 0.02004745
v -0.12000000 -0.04000000 -0.02004745
v -0.12000000 -0.04000000 0.02004745
v -0.12000000 -0.03000000 -0.02004745
v -0.12000000 -0.03000000 0.02004745
v -0.12000000 -0.02000000 -0.02004745
v -0.12000000 -0.02000000 0.02004745
v -0.12000000 -0.01000000 -0.02004745
v -0.12000000 -0.01000000 0.02004745
v -0.12000000 -0.00000000 -0.02004745
v -0.12000000 -0.00000000 0.02004745
v -0.12000000 0.01000000 -0.02004745
v -0.12000000 0.01000000 0.02004745
v -0.12000000 0.02000000 -0.02004745
v -0.12000000 0.02000000 0.02004745
v -0.12000000 0.03000000 -0.02004745
v -0.12000000 0.03000000 0.02004745
v -0.12000000 0.04000000 -0.02004745
v -0.12000000 0.04000000 0.02004745
v -0.12000000 0.05000000 -0.02004745
v -0.12000000 0.05000000 0.02004745
v -0.12000000 0.06000000 -0.02004745
v -0.12000000 0.06000000 0.02004745
v -0.12000000 0.07000000 -0.02004745
v -0.12000000 0.07000000 0.02004745
v -0.12000000 0.08000000 -0.02004745
v -0.12000000 0.08000000 0.02004745
v -0.12000000 0.09000000 -0.02004745
v -0.12000000 0.09000000 0.02004745
v -0.12000000 0.10000000 -0.02004745
v -0.12000000 0.10000000 0.02004745
v -0.12000000 0.11000000 -0.02004745
v -0.12000000 0.11000000 0.02004745
v -0.12000000 0.12000000 -0.02004745
v -0.12000000 0.12000000 0.02004745
v -0.12000000 0.13000000 -0.02004745
v -0.12000000 0.13000000 0.02004745
v -0.12000000 0.14000000 -0.02004745
v -0.12000000 0.14000000 0.02004745
v -0.12000000 0.15000000 -0.02004745
v -0.12000000 0.15000000 0.02004745
v -0.12000000 0.16000000 -0.02004745
v -0.12000000 0.16000000 0.02004745
v -0.12000000 0.17000000 -0.02004745
v -0.12000000 0.17000000 0.02004745
v -0.12000000 0.18000000 -0.02004745
v -0.12000000 0.18000000 0.02004745
v -0.12000000 0.19000000 -0.02004745
v -0.12000000 0.19000000 0.02004745
v -0.12000000 0.20000000 -0.02004745
v -0.12000000 0.20000000 0.02004745
v -0.12000000 0.21000000 -0.02004745
v -0.12000000 0.21000000 0.02004745
v -0.12000000 0.22000000 -0.02004745
v -0.12000000 0.22000000 0.02004745
v -0.12000000 0.23000000 -0.02004745
v -0.12000000 0.23000000 0.02004745
v -0.12000000 0.24000000 -0.02004745
v -0.12000000 0.24000000 0.02004745
v -0.12000000 0.25000000 -0.02004745
v -0.12000000 0.25000000 0.02004745
v -0.12000000 0.26000000 -0.02004745
v -0.12000000 0.26000000 0.02004745
v -0.12000000 0.27000000 -0.02004745
v -0.12000000 0.27000000 0.02004745
v -0.12000000 0.27118942 -0.01464750
v -0.12000000 0.27277977 -0.00464750
v -0.12000000 0.27388378 0.00535250
v -0.12000000 0.27469495 0.01535250
v -0.11000000 -0.27118942 -0.01464750
v -0.11000000 -0.27000000 -0.02004745
v -0.11000000 -0.27277977 -0.00464750
v -0.11000000 -0.27388378 0.00535250
v -0.11000000 -0.27469495 0.01535250
v -0.11000000 -0.27000000 0.02004745
v -0.11000000 -0.26000000 -0.02004745
v -0.11000000 -0.26000000 0.02004745
v -0.11000000 -0.25000000 -0.02004745
v -0.11000000 -0.25000000 0.02004745
v -0.11000000 -0.24000000 -0.02004745
v -0.11000000 -0.24000000 0.02004745
v -0.11000000 -0.23000000 -0.02004745
v -0.11000000 -0.23000000 0.02004745
v -0.11000000 -0.22000000 -0.02004745
v -0.11000000 -0.22000000 0.02004745
v -0.11000000 -0.21000000 -0.02004745
v -0.11000000 -0.21000000 0.02004745
v -0.11000000 -0.20000000 -0.02004745
v -0.11000000 -0.20000000 0.02004745
v -0.11000000 -0.19000000 -0.02004745
v -0.11000000 -0.19000000 0.02004745
v -0.11000000 -0.18000000 -0.02004745
v -0.11000000 -0.18000000 0.02004745
v -0.11000000 -0.17000000 -0.02004745
v -0.11000000 -0.17000000 0.02004745
v -0.11000000 -0.16000000 -0.02004745
v -0.11000000 -0.16000000 0.02004745
v -0.11000000 -0.15000000 -0.02004745
v -0.11000000 -0.15000000 0.02004745
v -0.11000000 -0.14000000 -0.02004745
v -0.11000000 -0.14000000 0.02004745
v -0.11000000 -0.13000000 -0.02004745
v -0.11000000 -0.13000000 0.02004745
v -0.11000000 -0.12000000 -0.02004745
v -0.11000000 -0.12000000 0.02004745
v -0.11000000 -0.11000000 -0.02004745
v -0.11000000 -0.11000000 0.02004745
v -0.11000000 -0.10000000 -0.02004745
v -0.11000000 -0.10000000 0.02004745
v -0.11000000 -0.09000000 -0.02004745
v -0.11000000 -0.09000000 0.02004745
v -0.11000000 -0.08000000 -0.02004745
v -0.11000000 -0.08000000 0.02004745
v -0.11000000 -0.07000000 -0.02004745
v -0.11000000 -0.07000000 0.02004745
v -0.11000000 -0.06000000 -0.02004745
v -0.11000000 -0.06000000 0.02004745
v -0.11000000 -0.05000000 -0.02004745
v -0.11000000 -0.05000000 0.02004745
v -0.11000000 -0.04000000 -0.02004745
v -0.11000000 -0.04000000 0.02004745
v -0.11000000 -0.03000000 -0.02004745
v -0.11000000 -0.03000000 0.02004745
v -0.11000000 -0.02000000 -0.02004745
v -0.11000000 -0.02000000 0.02004745
v -0.11000000 -0.01000000 -0.02004745
v -0.11000000 -0.01000000 0.02004745
v -0.11000000 -0.00000000 -0.02004745
v -0.11000000 -0.00000000 0.02004745
v -0.11000000 0.01000000 -0.02004745
v -0.11000000 0.01000000 0.02004745
v -0.11000000 0.02000000 -0.02004745
v -0.11000000 0.02000000 0.02004745
v -0.11000000 0.03000000 -0.02004745
v -0.11000000 0.03000000 0.02004745
v -0.11000000 0.04000000 -0.02004745
v -0.11000000 0.04000000 0.02004745
v -0.11000000 0.05000000 -0.02004745
v -0.11000000 0.05000000 0.02004745
v -0.11000000 0.06000000 -0.02004745
v -0.11000000 0.06000000 0.02004745
v -0.11000000 0.07000000 -0.02004745
v -0.11000000 0.07000000 0.02004745
v -0.11000000 0.08000000 -0.02004745
v -0.11000000 0.08000000 0.02004745
v -0.11000000 0.09000000 -0.02004745
v -0.11000000 0.09000000 0.02004745
v -0.11000000 0.10000000 -0.02004745
v -0.11000000 0.10000000 0.02004745
v -0.11000000 0.11000000 -0.02004745
v -0.11000000 0.11000000 0.02004745
v -0.11000000 0.12000000 -0.02004745
v -0.11000000 0.12000000 0.02004745
v -0.11000000 0.13000000 -0.02004745
v -0.11000000 0.13000000 0.02004745
v -0.11000000 0.14000000 -0.02004745
v -0.11000000 0.14000000 0.02004745
v -0.11000000 0.15000000 -0.02004745
v -0.11000000 0.15000000 0.02004745
v -0.11000000 0.16000000 -0.02004745
v -0.11000000 0.16000000 0.02004745
v -0.11000000 0.17000000 -0.02004745
v -0.11000000 0.17000000 0.02004745
v -0.11000000 0.18000000 -0.02004745
v -0.11000000 0.18000000 0.02004745
v -0.11000000 0.19000000 -0.02004745
v -0.11000000 0.19000000 0.02004745
v -0.11000000 0.20000000 -0.02004745
v -0.11000000 0.20000000 0.02004745
v -0.11000000 0.21000000 -0.02004745
v -0.11000000 0.21000000 0.02004745
v -0.11000000 0.22000000 -0.02004745
v -0.11000000 0.22000000 0.02004745
v -0.11000000 0.23000000 -0.02004745
v -0.11000000 0.23000000 0.02004745
v -0.11000000 0.24000000 -0.02004745
v -0.11000000 0.24000000 0.02004745
v -0.11000000 0.25000000 -0.02004745
v -0.11000000 0.25000000 0.02004745
v -0.11000000 0.26000000 -0.02004745
v -0.11000000 0.26000000 0.02004745
v -0.11000000 0.27000000 -0.02004745
v -0.11000000 0.27000000 0.02004745
v -0.11000000 0.27118942 -0.01464750
v -0.11000000 0.27277977 -0.00464750
v -0.11000000 0.27388378 0.00535250
v -0.11000000 0.27469495 0.01535250
v -0.10000000 -0.27118942 -0.01464750
v -0.10000000 -0.27000000 -0.02004745
v -0.10000000 -0.27277977 -0.00464750
v -0.10000000 -0.27388378 0.00535250
v -0.10000000 -0.27469495 0.01535250
v -0.10000000 -0.27000000 0.02004745
v -0.10000000 -0.26000000 -0.02004745
v -0.10000000 -0.26000000 0.02004745
v -0.10000000 -0.25000000 -0.02004745
v -0.10000000 -0.25000000 0.02004745
v -0.10000000 -0.24000000 -0.02004745
v -0.10000000 -0.24000000 0.02004745
v -0.10000000 -0.23000000 -0.02004745
v -0.10000000 -0.23000000 0.02004745
v -0.10000000 -0.22000000 -0.02004745
v -0.10000000 -0.22000000 0.02004745
v -0.10000000 -0.21000000 -0.02004745
v -0.10000000 -0.21000000 0.02004745
v -0.10000000 -0.20000000 -0.02004745
v -0.10000000 -0.20000000 0.02004745
v -0.10000000 -0.19000000 -0.02004745
v -0.10000000 -0.19000000 0.02004745
v -0.10000000 -0.18000000 -0.02004745
v -0.10000000 -0.18000000 0.02004745
v -0.10000000 -0.17000000 -0.02004745
v -0.10000000 -0.17000000 0.02004745
v -0.10000000 -0.16000000 -0.02004745
v -0.10000000 -0.16000000 0.02004745
v -0.10000000 -0.15000000 -0.02004745
v -0.10000000 -0.15000000 0.02004745
v -0.10000000 -0.14000000 -0.02004745
v -0.10000000 -0.14000000 0.02004745
v -0.10000000 -0.13000000 -0.02004745
v -0.10000000 -0.13000000 0.02004745
v -0.10000000 -0.12000000 -0.02004745
v -0.10000000 -0.12000000 0.02004745
v -0.10000000 -0.11000000 -0.02004745
v -0.10000000 -0.11000000 0.02004745
v -0.10000000 -0.10000000 -0.02004745
v -0.10000000 -0.10000000 0.02004745
v -0.10000000 -0.09000000 -0.02004745
v -0.10000000 -0.09000000 0.02004745
v -0.10000000 -0.08000000 -0.02004745
v -0.10000000 -0.08000000 0.02004745
v -0.10000000 -0.07000000 -0.02004745
v -0.10000000 -0.07000000 0.02004745
v -0.10000000 -0.06000000 -0.02004745
v -0.10000000 -0.06000000 0.02004745
v -0.10000000 -0.05000000 -0.02004745
v -0.10000000 -0.05000000 0.02004745
v -0.10000000 -0.04000000 -0.02004745
v -0.10000000 -0.04000000 0.02004745
v -0.10000000 -0.03000000 -0.02004745
v -0.10000000 -0.03000000 0.02004745
v -0.10000000 -0.02000000 -0.02004745
v -0.10000000 -0.02000000 0.02004745
v -0.10000000 -0.01000000 -0.02004745
v -0.10000000 -0.01000000 0.02004745
v -0.10000000 -0.00000000 -0.02004745
v -0.10000000 -0.00000000 0.02004745
v -0.10000000 0.01000000 -0.02004745
v -0.10000000 0.01000000 0.02004745
v -0.10000000 0.02000000 -0.02004745
v -0.10000000 0.02000000 0.02004745
v -0.10000000 0.03000000 -0.02004745
v -0.10000000 0.03000000 0.02004745
v -0.10000000 0.04000000 -0.02004745
v -0.10000000 0.04000000 0.02004745
v -0.10000000 0.05000000 -0.02004745
v -0.10000000 0.05000000 0.02004745
v -0.10000000 0.06000000 -0.02004745
v -0.10000000 0.06000000 0.02004745
v -0.10000000 0.07000000 -0.02004745
v -0.10000000 0.07000000 0.02004745
v -0.10000000 0.08000000 -0.02004745
v -0.10000000 0.08000000 0.02004745
v -0.10000000 0.09000000 -0.02004745
v -0.10000000 0.09000000 0.02004745
v -0.10000000 0.10000000 -0.02004745
v -0.10000000 0.10000000 0.02004745
v -0.10000000 0.11000000 -0.02004745
v -0.10000000 0.11000000 0.02004745
v -0.10000000 0.12000000 -0.02004745
v -0.10000000 0.12000000 0.02004745
v -0.10000000 0.13000000 -0.02004745
v -0.10000000 0.13000000 0.02004745
v -0.10000000 0.14000000 -0.02004745
v -0.10000000 0.14000000 0.02004745
v -0.10000000 0.15000000 -0.02004745
v -0.10000000 0.15000000 0.02004745
v -0.10000000 0.16000000 -0.02004745
v -0.10000000 0.16000000 0.02004745
v -0.10000000 0.17000000 -0.02004745
v -0.10000000 0.17000000 0.02004745
v -0.10000000 0.18000000 -0.02004745
v -0.10000000 0.18000000 0.02004745
v -0.10000000 0.19000000 -0.02004745
v -0.10000000 0.19000000 0.02004745
v -0.10000000 0.20000000 -0.02004745
v -0.10000000 0.20000000 0.02004745
v -0.10000000 0.21000000 -0.02004745
v -0.10000000 0.21000000 0.02004745
v -0.10000000 0.22000000 -0.02004745
v -0.10000000 0.22000000 0.02004745
v -0.10000000 0.23000000 -0.02004745
v -0.10000000 0.23000000 0.02004745
v -0.10000000 0.24000000 -0.02004745
v -0.10000000 0.24000000 0.02004745
v -0.10000000 0.25000000 -0.02004745
v -0.10000000 0.25000000 0.02004745
v -0.10000000 0.26000000 -0.02004745
v -0.10000000 0.26000000 0.02004745
v -0.10000000 0.27000000 -0.02004745
v -0.10000000 0.27000000 0.02004745
v -0.10000000 0.27118942 -0.01464750
v -0.10000000 0.27277977 -0.00464750
v -0.10000000 0.27388378 0.00535250
v -0.10000000 0.27469495 0.01535250
v -0.09000000 -0.27118942 -0.01464750
v -0.09000000 -0.27000000 -0.02004745
v -0.09000000 -0.27277977 -0.00464750
v -0.09000000 -0.27388378 0.00535250
v -0.09000000 -0.27469495 0.01535250
v -0.09000000 -0.27000000 0.02004745
v -0.09000000 -0.26000000 -0.02004745
v -0.09000000 -0.26000000 0.02004745
v -0.09000000 -0.25000000 -0.02004745
v -0.09000000 -0.25000000 0.02004745
v -0.09000000 -0.24000000 -0.02004745
v -0.09000000 -0.24000000 0.02004745
v -0.09000000 -0.23000000 -0.02004745
v -0.09000000 -0.23000000 0.02004745
v -0.09000000 -0.22000000 -0.02004745
v -0.09000000 -0.22000000 0.02004745
v -0.09000000 -0.21000000 -0.02004745
v -0.09000000 -0.21000000 0.02004745
v -0.09000000 -0.20000000 -0.02004745
v -0.09000000 -0.20000000 0.02004745
v -0.09000000 -0.19000000 -0.02004745
v -0.09000000 -0.19000000 0.02004745
v -0.09000000 -0.18000000 -0.02004745
v -0.09000000 -0.18000000 0.02004745
v -0.09000000 -0.17000000 -0.02004745
v -0.09000000 -0.17000000 0.02004745
v -0.09000000 -0.16000000 -0.02004745
v -0.09000000 -0.16000000 0.02004745
v -0.09000000 -0.15000000 -0.02004745
v -0.09000000 -0.15000000 0.02004745
v -0.09000000 -0.14000000 -0.02004745
v -0.09000000 -0.14000000 0.02004745
v -0.09000000 -0.13000000 -0.02004745
v -0.09000000 -0.13000000 0.02004745
v -0.09000000 -0.12000000 -0.02004745
v -0.09000000 -0.12000000 0.02004745
v -0.09000000 -0.11000000 -0.02004745
v -0.09000000 -0.11000000 0.02004745
v -0.09000000 -0.10000000 -0.02004745
v -0.09000000 -0.10000000 0.02004745
v -0.09000000 -0.09000000 -0.02004745
v -0.09000000 -0.09000000 0.02004745
v -0.09000000 -0.08000000 -0.02004745
v -0.09000000 -0.08000000 0.02004745
v -0.09000000 -0.07000000 -0.02004745
v -0.09000000 -0.07000000 0.02004745
v -0.09000000 -0.06000000 -0.02004745
v -0.09000000 -0.06000000 0.02004745
v -0.09000000 -0.05000000 -0.02004745
v -0.09000000 -0.05000000 0.02004745
v -0.09000000 -0.04000000 -0.02004745
v -0.09000000 -0.04000000 0.02004745
v -0.09000000 -0.03000000 -0.02004745
v -0.09000000 -0.03000000 0.02004745
v -0.09000000 -0.02000000 -0.02004745
v -0.09000000 -0.02000000 0.02004745
v -0.09000000 -0.01000000 -0.02004745
v -0.09000000 -0.01000000 0.02004745
v -0.09000000 -0.00000000 -0.02004745
v -0.09000000 -0.00000000 0.02004745
v -0.09000000 0.01000000 -0.02004745
v -0.09000000 0.01000000 0.02004745
v -0.09000000 0.02000000 -0.02004745
v -0.09000000 0.02000000 0.02004745
v -0.09000000 0.03000000 -0.02004745
v -0.09000000 0.03000000 0.02004745
v -0.09000000 0.04000000 -0.02004745
v -0.09000000 0.04000000 0.02004745
v -0.09000000 0.05000000 -0.02004745
v -0.09000000 0.05000000 0.02004745
v -0.09000000 0.06000000 -0.02004745
v -0.09000000 0.06000000 0.02004745
v -0.09000000 0.07000000 -0.02004745
v -0.09000000 0.07000000 0.02004745
v -0.09000000 0.08000000 -0.02004745
v -0.09000000 0.08000000 0.02004745
v -0.09000000 0.09000000 -0.02004745
v -0.09000000 0.09000000 0.02004745
v -0.09000000 0.10000000 -0.02004745
v -0.09000000 0.10000000 0.02004745
v -0.09000000 0.11000000 -0.02004745
v -0.09000000 0.11000000 0.02004745
v -0.09000000 0.12000000 -0.02004745
v -0.09000000 0.12000000 0.02004745
v -0.09000000 0.13000000 -0.02004745
v -0.09000000 0.13000000 0.02004745
v -0.09000000 0.14000000 -0.02004745
v -0.09000000 0.14000000 0.02004745
v -0.09000000 0.15000000 -0.02004745
v -0.09000000 0.15000000 0.02004745
v -0.09000000 0.16000000 -0.02004745
v -0.09000000 0.16000000 0.02004745
v -0.09000000 0.17000000 -0.02004745
v -0.09000000 0.17000000 0.02004745
v -0.09000000 0.18000000 -0.02004745
v -0.09000000 0.18000000 0.02004745
v -0.09000000 0.19000000 -0.02004745
v -0.09000000 0.19000000 0.02004745
v -0.09000000 0.20000000 -0.02004745
v -0.09000000 0.20000000 0.02004745
v -0.09000000 0.21000000 -0.02004745
v -0.09000000 0.21000000 0.02004745
v -0.09000000 0.22000000 -0.02004745
v -0.09000000 0.22000000 0.02004745
v -0.09000000 0.23000000 -0.02004745
v -0.09000000 0.23000000 0.02004745
v -0.09000000 0.24000000 -0.02004745
v -0.09000000 0.24000000 0.02004745
v -0.09000000 0.25000000 -0.02004745
v -0.09000000 0.25000000 0.02004745
v -0.09000000 0.26000000 -0.02004745
v -0.09000000 0.26000000 0.02004745
v -0.09000000 0.27000000 -0.02004745
v -0.09000000 0.27000000 0.02004745
v -0.09000000 0.27118942 -0.01464750
v -0.09000000 0.27277977 -0.00464750
v -0.09000000 0.27388378 0.00535250
v -0.09000000 0.27469495 0.01535250
v -0.08000000 -0.27118942 -0.01464750
v -0.08000000 -0.27000000 -0.02004745
v -0.08000000 -0.27277977 -0.00464750
v -0.08000000 -0.27388378 0.00535250
v -0.08000000 -0.27469495 0.01535250
v -0.08000000 -0.27000000 0.02004745
v -0.08000000 -0.26000000 -0.02004745
v -0.08000000 -0.26000000 0.02004745
v -0.08000000 -0.25000000 -0.02004745
v -0.08000000 -0.25000000 0.02004745
v -0.08000000 -0.24000000 -0.02004745
v -0.08000000 -0.24000000 0.02004745
v -0.08000000 -0.23000000 -0.02004745
v -0.08000000 -0.23000000 0.02004745
v -0.08000000 -0.22000000 -0.02004745
v -0.08000000 -0.22000000 0.02004745
v -0.08000000 -0.21000000 -0.02004745
v -0.08000000 -0.21000000 0.02004745
v -0.08000000 -0.20000000 -0.02004745
v -0.08000000 -0.20000000 0.02004745
v -0.08000000 -0.19000000 -0.02004745
v -0.08000000 -0.19000000 0.02004745
v -0.08000000 -0.18000000 -0.02004745
v -0.08000000 -0.18000000 0.02004745
v -0.08000000 -0.17000000 -0.02004745
v -0.08000000 -0.17000000 0.02004745
v -0.08000000 -0.16000000 -0.02004745
v -0.08000000 -0.16000000 0.02004745
v -0.08000000 -0.15000000 -0.02004745
v -0.08000000 -0.15000000 0.02004745
v -0.08000000 -0.14000000 -0.02004745
v -0.08000000 -0.14000000 0.02004745
v -0.08000000 -0.13000000 -0.02004745
v -0.08000000 -0.13000000 0.02004745
v -0.08000000 -0.12000000 -0.02004745
v -0.08000000 -0.12000000 0.02004745
v -0.08000000 -0.11000000 -0.02004745
v -0.08000000 -0.11000000 0.02004745
v -0.08000000 -0.10000000 -0.02004745
v -0.08000000 -0.10000000 0.02004745
v -0.08000000 -0.09000000 -0.02004745
v -0.08000000 -0.09000000 0.02004745
v -0.08000000 -0.08000000 -0.02004745
v -0.08000000 -0.08000000 0.02004745
v -0.08000000 -0.07000000 -0.02004745
v -0.08000000 -0.07000000 0.02004745
v -0.08000000 -0.06000000 -0.02004745
v -0.08000000 -0.06000000 0.02004745
v -0.08000000 -0.05000000 -0.02004745
v -0.08000000 -0.05000000 0.02004745
v -0.08000000 -0.04000000 -0.02004745
v -0.08000000 -0.04000000 0.02004745
v -0.08000000 -0.03000000 -0.02004745
v -0.08000000 -0.03000000 0.02004745
v -0.08000000 -0.02000000 -0.02004745
v -0.08000000 -0.02000000 0.02004745
v -0.08000000 -0.01000000 -0.02004745
v -0.08000000 -0.01000000 0.02004745
v -0.08000000 -0.00000000 -0.02004745
v -0.08000000 -0.00000000 0.02004745
v -0.08000000 0.01000000 -0.02004745
v -0.08000000 0.01000000 0.02004745
v -0.08000000 0.02000000 -0.02004745
v -0.08000000 0.02000000 0.02004745
v -0.08000000 0.03000000 -0.02004745
v -0.08000000 0.03000000 0.02004745
v -0.08000000 0.04000000 -0.02004745
v -0.08000000 0.04000000 0.02004745
v -0.08000000 0.05000000 -0.02004745
v -0.08000000 0.05000000 0.02004745
v -0.08000000 0.06000000 -0.02004745
v -0.08000000 0.06000000 0.02004745
v -0.08000000 0.07000000 -0.02004745
v -0.08000000 0.07000000 0.02004745
v -0.08000000 0.08000000 -0.02004745
v -0.08000000 0.08000000 0.02004745
v -0.08000000 0.09000000 -0.02004745
v -0.08000000 0.09000000 0.02004745
v -0.08000000 0.10000000 -0.02004745
v -0.08000000 0.10000000 0.02004745
v -0.08000000 0.11000000 -0.02004745
v -0.08000000 0.11000000 0.02004745
v -0.08000000 0.12000000 -0.02004745
v -0.08000000 0.12000000 0.02004745
v -0.08000000 0.13000000 -0.02004745
v -0.08000000 0.13000000 0.02004745
v -0.08000000 0.14000000 -0.02004745
v -0.08000000 0.14000000 0.02004745
v -0.08000000 0.15000000 -0.02004745
v -0.08000000 0.15000000 0.02004745
v -0.08000000 0.16000000 -0.02004745
v -0.08000000 0.16000000 0.02004745
v -0.08000000 0.17000000 -0.02004745
v -0.08000000 0.17000000 0.02004745
v -0.08000000 0.18000000 -0.02004745
v -0.08000000 0.18000000 0.02004745
v -0.08000000 0.19000000 -0.02004745
v -0.08000000 0.19000000 0.02004745
v -0.08000000 0.20000000 -0.02004745
v -0.08000000 0.20000000 0.02004745
v -0.08000000 0.21000000 -0.02004745
v -0.08000000 0.21000000 0.02004745
v -0.08000000 0.22000000 -0.02004745
v -0.08000000 0.22000000 0.02004745
v -0.08000000 0.23000000 -0.02004745
v -0.08000000 0.23000000 0.02004745
v -0.08000000 0.24000000 -0.02004745
v -0.08000000 0.24000000 0.02004745
v -0.08000000 0.25000000 -0.02004745
v -0.08000000 0.25000000 0.02004745
v -0.08000000 0.26000000 -0.02004745
v -0.08000000 0.26000000 0.02004745
v -0.08000000 0.27000000 -0.02004745
v -0.08000000 0.27000000 0.02004745
v -0.08000000 0.27118942 -0.01464750
v -0.08000000 0.27277977 -0.00464750
v -0.08000000 0.27388378 0.00535250
v -0.08000000 0.27469495 0.01535250
v -0.07000000 -0.27118942 -0.01464750
v -0.07000000 -0.27000000 -0.02004745
v -0.07000000 -0.27277977 -0.00464750
v -0.07000000 -0.27388378 0.00535250
v -0.07000000 -0.27469495 0.01535250
v -0.07000000 -0.27000000 0.02004745
v -0.07000000 -0.26000000 -0.02004745
v -0.07000000 -0.26000000 0.02004745
v -0.07000000 -0.25000000 -0.02004745
v -0.07000000 -0.25000000 0.02004745
v -0.07000000 -0.24000000 -0.02004745
v -0.07000000 -0.24000000 0.02004745
v -0.07000000 -0.23000000 -0.02004745
v -0.07000000 -0.23000000 0.02004745
v -0.07000000 -0.22000000 -0.02004745
v -0.07000000 -0.22000000 0.02004745
v -0.07000000 -0.21000000 -0.02004745
v -0.07000000 -0.21000000 0.02004745
v -0.07000000 -0.20000000 -0.02004745
v -0.07000000 -0.20000000 0.02004745
v -0.07000000 -0.19000000 -0.02004745
v -0.07000000 -0.19000000 0.02004745
v -0.07000000 -0.18000000 -0.02004745
v -0.07000000 -0.18000000 0.02004745
v -0.07000000 -0.17000000 -0.02004745
v -0.07000000 -0.17000000 0.02004745
v -0.07000000 -0.16000000 -0.02004745
v -0.07000000 -0.16000000 0.02004745
v -0.07000000 -0.15000000 -0.02004745
v -0.07000000 -0.15000000 0.02004745
v -0.07000000 -0.14000000 -0.02004745
v -0.07000000 -0.14000000 0.02004745
v -0.07000000 -0.13000000 -0.02004745
v -0.07000000 -0.13000000 0.02004745
v -0.07000000 -0.12000000 -0.02004745
v -0.07000000 -0.12000000 0.02004745
v -0.07000000 -0.11000000 -0.02004745
v -0.07000000 -0.11000000 0.02004745
v -0.07000000 -0.10000000 -0.02004745
v -0.07000000 -0.10000000 0.02004745
v -0.07000000 -0.09000000 -0.02004745
v -0.07000000 -0.09000000 0.02004745
v -0.07000000 -0.08000000 -0.02004745
v -0.07000000 -0.08000000 0.02004745
v -0.07000000 -0.07000000 -0.02004745
v -0.07000000 -0.07000000 0.02004745
v -0.07000000 -0.06000000 -0.02004745
v -0.07000000 -0.06000000 0.02004745
v -0.07000000 -0.05000000 -0.02004745
v -0.07000000 -0.05000000 0.02004745
v -0.07000000 -0.04000000 -0.02004745
v -0.07000000 -0.04000000 0.02004745
v -0.07000000 -0.03000000 -0.02004745
v -0.07000000 -0.03000000 0.02004745
v -0.07000000 -0.02000000 -0.02004745
v -0.07000000 -0.02000000 0.02004745
v -0.07000000 -0.01000000 -0.02004745
v -0.07000000 -0.01000000 0.02004745
v -0.07000000 -0.00000000 -0.02004745
v -0.07000000 -0.00000000 0.02004745
v -0.07000000 0.01000000 -0.02004745
v -0.07000000 0.01000000 0.02004745
v -0.07000000 0.02000000 -0.02004745
v -0.07000000 0.02000000 0.02004745
v -0.07000000 0.03000000 -0.02004745
v -0.07000000 0.03000000 0.02004745
v -0.07000000 0.04000000 -0.02004745
v -0.07000000 0.04000000 0.02004745
v -0.07000000 0.05000000 -0.02004745
v -0.07000000 0.05000000 0.02004745
v -0.07000000 0.06000000 -0.02004745
v -0.07000000 0.06000000 0.02004745
v -0.07000000 0.07000000 -0.02004745
v -0.07000000 0.07000000 0.02004745
v -0.07000000 0.08000000 -0.02004745
v -0.07000000 0.08000000 0.02004745
v -0.07000000 0.09000000 -0.02004745
v -0.07000000 0.09000000 0.02004745
v -0.07000000 0.10000000 -0.02004745
v -0.07000000 0.10000000 0.02004745
v -0.07000000 0.11000000 -0.02004745
v -0.07000000 0.11000000 0.02004745
v -0.07000000 0.12000000 -0.02004745
v -0.07000000 0.12000000 0.02004745
v -0.07000000 0.13000000 -0.02004745
v -0.07000000 0.13000000 0.02004745
v -0.07000000 0.14000000 -0.02004745
v -0.07000000 0.14000000 0.02004745
v -0.07000000 0.15000000 -0.02004745
v -0.07000000 0.15000000 0.02004745
v -0.07000000 0.16000000 -0.02004745
v -0.07000000 0.16000000 0.02004745
v -0.07000000 0.17000000 -0.02004745
v -0.07000000 0.17000000 0.02004745
v -0.07000000 0.18000000 -0.02004745
v -0.07000000 0.18000000 0.02004745
v -0.07000000 0.19000000 -0.02004745
v -0.07000000 0.19000000 0.02004745
v -0.07000000 0.20000000 -0.02004745
v -0.07000000 0.20000000 0.02004745
v -0.07000000 0.21000000 -0.02004745
v -0.07000000 0.21000000 0.02004745
v -0.07000000 0.22000000 -0.02004745
v -0.07000000 0.22000000 0.02004745
v -0.07000000 0.23000000 -0.02004745
v -0.07000000 0.23000000 0.02004745
v -0.07000000 0.24000000 -0.02004745
v -0.07000000 0.24000000 0.02004745
v -0.07000000 0.25000000 -0.02004745
v -0.07000000 0.25000000 0.02004745
v -0.07000000 0.26000000 -0.02004745
v -0.07000000 0.26000000 0.02004745
v -0.07000000 0.27000000 -0.02004745
v -0.07000000 0.27000000 0.02004745
v -0.07000000 0.27118942 -0.01464750
v -0.07000000 0.27277977 -0.00464750
v -0.07000000 0.27388378 0.00535250
v -0.07000000 0.27469495 0.01535250
v -0.06000000 -0.27118942 -0.01464750
v -0.06000000 -0.27000000 -0.02004745
v -0.06000000 -0.27277977 -0.00464750
v -0.06000000 -0.27388378 0.00535250
v -0.06000000 -0.27469495 0.01535250
v -0.06000000 -0.27000000 0.02004745
v -0.06000000 -0.26000000 -0.02004745
v -0.06000000 -0.26000000 0.02004745
v -0.06000000 -0.25000000 -0.02004745
v -0.06000000 -0.25000000 0.02004745
v -0.06000000 -0.24000000 -0.02004745
v -0.06000000 -0.24000000 0.02004745
v -0.06000000 -0.23000000 -0.02004745
v -0.06000000 -0.23000000 0.02004745
v -0.06000000 -0.22000000 -0.02004745
v -0.06000000 -0.22000000 0.02004745
v -0.06000000 -0.21000000 -0.02004745
v -0.06000000 -0.21000000 0.02004745
v -0.06000000 -0.20000000 -0.02004745
v -0.06000000 -0.20000000 0.02004745
v -0.06000000 -0.19000000 -0.02004745
v -0.06000000 -0.19000000 0.02004745
v -0.06000000 -0.18000000 -0.02004745
v -0.06000000 -0.18000000 0.02004745
v -0.06000000 -0.17000000 -0.02004745
v -0.06000000 -0.17000000 0.02004745
v -0.06000000 -0.16000000 -0.02004745
v -0.06000000 -0.16000000 0.02004745
v -0.06000000 -0.15000000 -0.02004745
v -0.06000000 -0.15000000 0.02004745
v -0.06000000 -0.14000000 -0.02004745
v -0.06000000 -0.14000000 0.02004745
v -0.06000000 -0.13000000 -0.02004745
v -0.06000000 -0.13000000 0.02004745
v -0.06000000 -0.12000000 -0.02004745
v -0.06000000 -0.12000000 0.02004745
v -0.06000000 -0.11000000 -0.02004745
v -0.06000000 -0.11000000 0.02004745
v -0.06000000 -0.10000000 -0.02004745
v -0.06000000 -0.10000000 0.02004745
v -0.06000000 -0.09000000 -0.02004745
v -0.06000000 -0.09000000 0.02004745
v -0.06000000 -0.08000000 -0.02004745
v -0.06000000 -0.08000000 0.02004745
v -0.06000000 -0.07000000 -0.02004745
v -0.06000000 -0.07000000 0.02004745
v -0.06000000 -0.06000000 -0.02004745
v -0.06000000 -0.06000000 0.02004745
v -0.06000000 -0.05000000 -0.02004745
v -0.06000000 -0.05000000 0.02004745
v -0.06000000 -0.04000000 -0.02004745
v -0.06000000 -0.04000000 0.02004745
v -0.06000000 -0.03000000 -0.02004745
v -0.06000000 -0.03000000 0.02004745
v -0.06000000 -0.02000000 -0.02004745
v -0.06000000 -0.02000000 0.02004745
v -0.06000000 -0.01000000 -0.02004745
v -0.06000000 -0.01000000 0.02004745
v -0.06000000 -0.00000000 -0.02004745
v -0.06000000 -0.00000000 0.02004745
v -0.06000000 0.01000000 -0.02004745
v -0.06000000 0.01000000 0.02004745
v -0.06000000 0.02000000 -0.02004745
v -0.06000000 0.02000000 0.02004745
v -0.06000000 0.03000000 -0.02004745
v -0.06000000 0.03000000 0.02004745
v -0.06000000 0.04000000 -0.02004745
v -0.06000000 0.04000000 0.02004745
v -0.06000000 0.05000000 -0.02004745
v -0.06000000 0.05000000 0.02004745
v -0.06000000 0.06000000 -0.02004745
v -0.06000000 0.06000000 0.02004745
v -0.06000000 0.07000000 -0.02004745
v -0.06000000 0.07000000 0.02004745
v -0.06000000 0.08000000 -0.02004745
v -0.06000000 0.08000000 0.02004745
v -0.06000000 0.09000000 -0.02004745
v -0.06000000 0.09000000 0.02004745
v -0.06000000 0.10000000 -0.02004745
v -0.06000000 0.10000000 0.02004745
v -0.06000000 0.11000000 -0.02004745
v -0.06000000 0.11000000 0.02004745
v -0.06000000 0.12000000 -0.02004745
v -0.06000000 0.12000000 0.02004745
v -0.06000000 0.13000000 -0.02004745
v -0.06000000 0.13000000 0.02004745
v -0.06000000 0.14000000 -0.02004745
v -0.06000000 0.14000000 0.02004745
v -0.06000000 0.15000000 -0.02004745
v -0.06000000 0.15000000 0.02004745
v -0.06000000 0.16000000 -0.02004745
v -0.06000000 0.16000000 0.02004745
v -0.06000000 0.17000000 -0.02004745
v -0.06000000 0.17000000 0.02004745
v -0.06000000 0.18000000 -0.02004745
v -0.06000000 0.18000000 0.02004745
v -0.06000000 0.19000000 -0.02004745
v -0.06000000 0.19000000 0.02004745
v -0.06000000 0.20000000 -0.02004745
v -0.06000000 0.20000000 0.02004745
v -0.06000000 0.21000000 -0.02004745
v -0.06000000 0.21000000 0.02004745
v -0.06000000 0.22000000 -0.02004745
v -0.06000000 0.22000000 0.02004745
v -0.06000000 0.23000000 -0.02004745
v -0.06000000 0.23000000 0.02004745
v -0.06000000 0.24000000 -0.02004745
v -0.06000000 0.24000000 0.02004745
v -0.06000000 0.25000000 -0.02004745
v -0.06000000 0.25000000 0.02004745
v -0.06000000 0.26000000 -0.02004745
v -0.06000000 0.26000000 0.02004745
v -0.06000000 0.27000000 -0.02004745
v -0.06000000 0.27000000 0.02004745
v -0.06000000 0.27118942 -0.01464750
v -0.06000000 0.27277977 -0.00464750
v -0.06000000 0.27388378 0.00535250
v -0.06000000 0.27469495 0.01535250
v -0.05000000 -0.27118942 -0.01464750
v -0.05000000 -0.27000000 -0.02004745
v -0.05000000 -0.27277977 -0.00464750
v -0.05000000 -0.27388378 0.00535250
v -0.05000000 -0.27469495 0.01535250
v -0.05000000 -0.27000000 0.02004745
v -0.05000000 -0.26000000 -0.02004745
v -0.05000000 -0.26000000 0.02004745
v -0.05000000 -0.25000000 -0.02004745
v -0.05000000 -0.25000000 0.02004745
v -0.05000000 -0.24000000 -0.02004745
v -0.05000000 -0.24000000 0.02004745
v -0.05000000 -0.23000000 -0.02004745
v -0.05000000 -0.23000000 0.02004745
v -0.05000000 -0.22000000 -0.02004745
v -0.05000000 -0.22000000 0.02004745
v -0.05000000 -0.21000000 -0.02004745
v -0.05000000 -0.21000000 0.02004745
v -0.05000000 -0.20000000 -0.02004745
v -0.05000000 -0.20000000 0.02004745
v -0.05000000 -0.19000000 -0.02004745
v -0.05000000 -0.19000000 0.02004745
v -0.05000000 -0.18000000 -0.02004745
v -0.05000000 -0.18000000 0.02004745
v -0.05000000 -0.17000000 -0.02004745
v -0.05000000 -0.17000000 0.02004745
v -0.05000000 -0.16000000 -0.02004745
v -0.05000000 -0.16000000 0.02004745
v -0.05000000 -0.15000000 -0.02004745
v -0.05000000 -0.15000000 0.02004745
v -0.05000000 -0.14000000 -0.02004745
v -0.05000000 -0.14000000 0.02004745
v -0.05000000 -0.13000000 -0.02004745
v -0.05000000 -0.13000000 0.02004745
v -0.05000000 -0.12000000 -0.02004745
v -0.05000000 -0.12000000 0.02004745
v -0.05000000 -0.11000000 -0.02004745
v -0.05000000 -0.11000000 0.02004745
v -0.05000000 -0.10000000 -0.02004745
v -0.05000000 -0.10000000 0.02004745
v -0.05000000 -0.09000000 -0.02004745
v -0.05000000 -0.09000000 0.02004745
v -0.05000000 -0.08000000 -0.02004745
v -0.05000000 -0.08000000 0.02004745
v -0.05000000 -0.07000000 -0.02004745
v -0.05000000 -0.07000000 0.02004745
v -0.05000000 -0.06000000 -0.02004745
v -0.05000000 -0.06000000 0.02004745
v -0.05000000 -0.05000000 -0.02004745
v -0.05000000 -0.05000000 0.02004745
v -0.05000000 -0.04000000 -0.02004745
v -0.05000000 -0.04000000 0.02004745
v -0.05000000 -0.03000000 -0.02004745
v -0.05000000 -0.03000000 0.02004745
v -0.05000000 -0.02000000 -0.02004745
v -0.05000000 -0.02000000 0.02004745
v -0.05000000 -0.01000000 -0.02004745
v -0.05000000 -0.01000000 0.02004745
v -0.05000000 -0.00000000 -0.02004745
v -0.05000000 -0.00000000 0.02004745
v -0.05000000 0.01000000 -0.02004745
v -0.05000000 0.01000000 0.02004745
v -0.05000000 0.02000000 -0.02004745
v -0.05000000 0.02000000 0.02004745
v -0.05000000 0.03000000 -0.02004745
v -0.05000000 0.03000000 0.02004745
v -0.05000000 0.04000000 -0.02004745
v -0.05000000 0.04000000 0.02004745
v -0.05000000 0.05000000 -0.02004745
v -0.05000000 0.05000000 0.02004745
v -0.05000000 0.06000000 -0.02004745
v -0.05000000 0.06000000 0.02004745
v -0.05000000 0.07000000 -0.02004745
v -0.05000000 0.07000000 0.02004745
v -0.05000000 0.08000000 -0.02004745
v -0.05000000 0.08000000 0.02004745
v -0.05000000 0.09000000 -0.02004745
v -0.05000000 0.09000000 0.02004745
v -0.05000000 0.10000000 -0.02004745
v -0.05000000 0.10000000 0.02004745
v -0.05000000 0.11000000 -0.02004745
v -0.05000000 0.11000000 0.02004745
v -0.05000000 0.12000000 -0.02004745
v -0.05000000 0.12000000 0.02004745
v -0.05000000 0.13000000 -0.02004745
v -0.05000000 0.13000000 0.02004745
v -0.05000000 0.14000000 -0.02004745
v -0.05000000 0.14000000 0.02004745
v -0.05000000 0.15000000 -0.02004745
v -0.05000000 0.15000000 0.02004745
v -0.05000000 0.16000000 -0.02004745
v -0.05000000 0.16000000 0.02004745
v -0.05000000 0.17000000 -0.02004745
v -0.05000000 0.17000000 0.02004745
v -0.05000000 0.18000000 -0.02004745
v -0.05000000 0.18000000 0.02004745
v -0.05000000 0.19000000 -0.02004745
v -0.05000000 0.19000000 0.02004745
v -0.05000000 0.20000000 -0.02004745
v -0.05000000 0.20000000 0.02004745
v -0.05000000 0.21000000 -0.02004745
v -0.05000000 0.21000000 0.02004745
v -0.05000000 0.22000000 -0.02004745
v -0.05000000 0.22000000 0.02004745
v -0.05000000 0.23000000 -0.02004745
v -0.05000000 0.23000000 0.02004745
v -0.05000000 0.24000000 -0.02004745
v -0.05000000 0.24000000 0.02004745
v -0.05000000 0.25000000 -0.02004745
v -0.05000000 0.25000000 0.02004745
v -0.05000000 0.26000000 -0.02004745
v -0.05000000 0.26000000 0.02004745
v -0.05000000 0.27000000 -0.02004745
v -0.05000000 0.27000000 0.02004745
v -0.05000000 0.27118942 -0.01464750
v -0.05000000 0.27277977 -0.00464750
v -0.05000000 0.27388378 0.00535250
v -0.05000000 0.27469495 0.01535250
v -0.04000000 -0.27118942 -0.01464750
v -0.04000000 -0.27000000 -0.02004745
v -0.04000000 -0.27277977 -0.00464750
v -0.04000000 -0.27388378 0.00535250
v -0.04000000 -0.27469495 0.01535250
v -0.04000000 -0.27000000 0.02004745
v -0.04000000 -0.26000000 -0.02004745
v -0.04000000 -0.26000000 0.02004745
v -0.04000000 -0.25000000 -0.02004745
v -0.04000000 -0.25000000 0.02004745
v -0.04000000 -0.24000000 -0.02004745
v -0.04000000 -0.24000000 0.02004745
v -0.04000000 -0.23000000 -0.02004745
v -0.04000000 -0.23000000 0.02004745
v -0.04000000 -0.22000000 -0.02004745
v -0.04000000 -0.22000000 0.02004745
v -0.04000000 -0.21000000 -0.02004745
v -0.04000000 -0.21000000 0.02004745
v -0.04000000 -0.20000000 -0.02004745
v -0.04000000 -0.20000000 0.02004745
v -0.04000000 -0.19000000 -0.02004745
v -0.04000000 -0.19000000 0.02004745
v -0.04000000 -0.18000000 -0.02004745
v -0.04000000 -0.18000000 0.02004745
v -0.04000000 -0.17000000 -0.02004745
v -0.04000000 -0.17000000 0.02004745
v -0.04000000 -0.16000000 -0.02004745
v -0.04000000 -0.16000000 0.02004745
v -0.04000000 -0.15000000 -0.02004745
v -0.04000000 -0.15000000 0.02004745
v -0.04000000 -0.14000000 -0.02004745
v -0.04000000 -0.14000000 0.02004745
v -0.04000000 -0.13000000 -0.02004745
v -0.04000000 -0.13000000 0.02004745
v -0.04000000 -0.12000000 -0.02004745
v -0.04000000 -0.12000000 0.02004745
v -0.04000000 -0.11000000 -0.02004745
v -0.04000000 -0.11000000 0.02004745
v -0.04000000 -0.10000000 -0.02004745
v -0.04000000 -0.10000000 0.02004745
v -0.04000000 -0.09000000 -0.02004745
v -0.04000000 -0.09000000 0.02004745
v -0.04000000 -0.08000000 -0.02004745
v -0.04000000 -0.08000000 0.02004745
v -0.04000000 -0.07000000 -0.02004745
v -0.04000000 -0.07000000 0.02004745
v -0.04000000 -0.06000000 -0.02004745
v -0.04000000 -0.06000000 0.02004745
v -0.04000000 -0.05000000 -0.02004745
v -0.04000000 -0.05000000 0.02004745
v -0.04000000 -0.04000000 -0.02004745
v -0.04000000 -0.04000000 0.02004745
v -0.04000000 -0.03000000 -0.02004745
v -0.04000000 -0.03000000 0.02004745
v -0.04000000 -0.02000000 -0.02004745
v -0.04000000 -0.02000000 0.02004745
v -0.04000000 -0.01000000 -0.02004745
v -0.04000000 -0.01000000 0.02004745
v -0.04000000 -0.00000000 -0.02004745
v -0.04000000 -0.00000000 0.02004745
v -0.04000000 0.01000000 -0.02004745
v -0.04000000 0.01000000 0.02004745
v -0.04000000 0.02000000 -0.02004745
v -0.04000000 0.02000000 0.02004745
v -0.04000000 0.03000000 -0.02004745
v -0.04000000 0.03000000 0.02004745
v -0.04000000 0.04000000 -0.02004745
v -0.04000000 0.04000000 0.02004745
v -0.04000000 0.05000000 -0.02004745
v -0.04000000 0.05000000 0.02004745
v -0.04000000 0.06000000 -0.02004745
v -0.04000000 0.06000000 0.02004745
v -0.04000000 0.07000000 -0.02004745
v -0.04000000 0.07000000 0.02004745
v -0.04000000 0.08000000 -0.02004745
v -0.04000000 0.08000000 0.02004745
v -0.04000000 0.09000000 -0.02004745
v -0.04000000 0.09000000 0.02004745
v -0.04000000 0.10000000 -0.02004745
v -0.04000000 0.10000000 0.02004745
v -0.04000000 0.11000000 -0.02004745
v -0.04000000 0.11000000 0.02004745
v -0.04000000 0.12000000 -0.02004745
v -0.04000000 0.12000000 0.02004745
v -0.04000000 0.13000000 -0.02004745
v -0.04000000 0.13000000 0.02004745
v -0.04000000 0.14000000 -0.02004745
v -0.04000000 0.14000000 0.02004745
v -0.04000000 0.15000000 -0.02004745
v -0.04000000 0.15000000 0.02004745
v -0.04000000 0.16000000 -0.02004745
v -0.04000000 0.16000000 0.02004745
v -0.04000000 0.17000000 -0.02004745
v -0.04000000 0.17000000 0.02004745
v -0.04000000 0.18000000 -0.02004745
v -0.04000000 0.18000000 0.02004745
v -0.04000000 0.19000000 -0.02004745
v -0.04000000 0.19000000 0.02004745
v -0.04000000 0.20000000 -0.02004745
v -0.04000000 0.20000000 0.02004745
v -0.04000000 0.21000000 -0.02004745
v -0.04000000 0.21000000 0.02004745
v -0.04000000 0.22000000 -0.02004745
v -0.04000000 0.22000000 0.02004745
v -0.04000000 0.23000000 -0.02004745
v -0.04000000 0.23000000 0.02004745
v -0.04000000 0.24000000 -0.02004745
v -0.04000000 0.24000000 0.02004745
v -0.04000000 0.25000000 -0.02004745
v -0.04000000 0.25000000 0.02004745
v -0.04000000 0.26000000 -0.02004745
v -0.04000000 0.26000000 0.02004745
v -0.04000000 0.27000000 -0.02004745
v -0.04000000 0.27000000 0.02004745
v -0.04000000 0.27118942 -0.01464750
v -0.04000000 0.27277977 -0.00464750
v -0.04000000 0.27388378 0.00535250
v -0.04000000 0.27469495 0.01535250
v -0.03000000 -0.27118942 -0.01464750
v -0.03000000 -0.27000000 -0.02004745
v -0.03000000 -0.27277977 -0.00464750
v -0.03000000 -0.27388378 0.00535250
v -0.03000000 -0.27469495 0.01535250
v -0.03000000 -0.27000000 0.02004745
v -0.03000000 -0.26000000 -0.02004745
v -0.03000000 -0.26000000 0.02004745
v -0.03000000 -0.25000000 -0.02004745
v -0.03000000 -0.25000000 0.02004745
v -0.03000000 -0.24000000 -0.02004745
v -0.03000000 -0.24000000 0.02004745
v -0.03000000 -0.23000000 -0.02004745
v -0.03000000 -0.23000000 0.02004745
v -0.03000000 -0.22000000 -0.02004745
v -0.03000000 -0.22000000 0.02004745
v -0.03000000 -0.21000000 -0.02004745
v -0.03000000 -0.21000000 0.02004745
v -0.03000000 -0.20000000 -0.02004745
v -0.03000000 -0.20000000 0.02004745
v -0.03000000 -0.19000000 -0.02004745
v -0.03000000 -0.19000000 0.02004745
v -0.03000000 -0.18000000 -0.02004745
v -0.03000000 -0.18000000 0.02004745
v -0.03000000 -0.17000000 -0.02004745
v -0.03000000 -0.17000000 0.02004745
v -0.03000000 -0.16000000 -0.02004745
v -0.03000000 -0.16000000 0.02004745
v -0.03000000 -0.15000000 -0.02004745
v -0.03000000 -0.15000000 0.02004745
v -0.03000000 -0.14000000 -0.02004745
v -0.03000000 -0.14000000 0.02004745
v -0.03000000 -0.13000000 -0.02004745
v -0.03000000 -0.13000000 0.02004745
v -0.03000000 -0.12000000 -0.02004745
v -0.03000000 -0.12000000 0.02004745
v -0.03000000 -0.11000000 -0.02004745
v -0.03000000 -0.11000000 0.02004745
v -0.03000000 -0.10000000 -0.02004745
v -0.03000000 -0.10000000 0.02004745
v -0.03000000 -0.09000000 -0.02004745
v -0.03000000 -0.09000000 0.02004745
v -0.03000000 -0.08000000 -0.02004745
v -0.03000000 -0.08000000 0.02004745
v -0.03000000 -0.07000000 -0.02004745
v -0.03000000 -0.07000000 0.02004745
v -0.03000000 -0.06000000 -0.02004745
v -0.03000000 -0.06000000 0.02004745
v -0.03000000 -0.05000000 -0.02004745
v -0.03000000 -0.05000000 0.02004745
v -0.03000000 -0.04000000 -0.02004745
v -0.03000000 -0.04000000 0.02004745
v -0.03000000 -0.03000000 -0.02004745
v -0.03000000 -0.03000000 0.02004745
v -0.03000000 -0.02000000 -0.02004745
v -0.03000000 -0.02000000 0.02004745
v -0.03000000 -0.01000000 -0.02004745
v -0.03000000 -0.01000000 0.02004745
v -0.03000000 -0.00000000 -0.02004745
v -0.03000000 -0.00000000 0.02004745
v -0.03000000 0.01000000 -0.02004745
v -0.03000000 0.01000000 0.02004745
v -0.03000000 0.02000000 -0.02004745
v -0.03000000 0.02000000 0.02004745
v -0.03000000 0.03000000 -0.02004745
v -0.03000000 0.03000000 0.02004745
v -0.03000000 0.04000000 -0.02004745
v -0.03000000 0.04000000 0.02004745
v -0.03000000 0.05000000 -0.02004745
v -0.03000000 0.05000000 0.02004745
v -0.03000000 0.06000000 -0.02004745
v -0.03000000 0.06000000 0.02004745
v -0.03000000 0.07000000 -0.02004745
v -0.03000000 0.07000000 0.02004745
v -0.03000000 0.08000000 -0.02004745
v -0.03000000 0.08000000 0.02004745
v -0.03000000 0.09000000 -0.02004745
v -0.03000000 0.09000000 0.02004745
v -0.03000000 0.10000000 -0.02004745
v -0.03000000 0.10000000 0.02004745
v -0.03000000 0.11000000 -0.02004745
v -0.03000000 0.11000000 0.02004745
v -0.03000000 0.12000000 -0.02004745
v -0.03000000 0.12000000 0.02004745
v -0.03000000 0.13000000 -0.02004745
v -0.03000000 0.13000000 0.02004745
v -0.03000000 0.14000000 -0.02004745
v -0.03000000 0.14000000 0.02004745
v -0.03000000 0.15000000 -0.02004745
v -0.03000000 0.15000000 0.02004745
v -0.03000000 0.16000000 -0.02004745
v -0.03000000 0.16000000 0.02004745
v -0.03000000 0.17000000 -0.02004745
v -0.03000000 0.17000000 0.02004745
v -0.03000000 0.18000000 -0.02004745
v -0.03000000 0.18000000 0.02004745
v -0.03000000 0.19000000 -0.02004745
v -0.03000000 0.19000000 0.02004745
v -0.03000000 0.20000000 -0.02004745
v -0.03000000 0.20000000 0.02004745
v -0.03000000 0.21000000 -0.02004745
v -0.03000000 0.21000000 0.02004745
v -0.03000000 0.22000000 -0.02004745
v -0.03000000 0.22000000 0.02004745
v -0.03000000 0.23000000 -0.02004745
v -0.03000000 0.23000000 0.02004745
v -0.03000000 0.24000000 -0.02004745
v -0.03000000 0.24000000 0.02004745
v -0.03000000 0.25000000 -0.02004745
v -0.03000000 0.25000000 0.02004745
v -0.03000000 0.26000000 -0.02004745
v -0.03000000 0.26000000 0.02004745
v -0.03000000 0.27000000 -0.02004745
v -0.03000000 0.27000000 0.02004745
v -0.03000000 0.27118942 -0.01464750
v -0.03000000 0.27277977 -0.00464750
v -0.03000000 0.27388378 0.00535250
v -0.03000000 0.27469495 0.01535250
v -0.02000000 -0.27118942 -0.01464750
v -0.02000000 -0.27000000 -0.02004745
v -0.02000000 -0.27277977 -0.00464750
v -0.02000000 -0.27388378 0.00535250
v -0.02000000 -0.27469495 0.01535250
v -0.02000000 -0.27000000 0.02004745
v -0.02000000 -0.26000000 -0.02004745
v -0.02000000 -0.26000000 0.02004745
v -0.02000000 -0.25000000 -0.02004745
v -0.02000000 -0.25000000 0.02004745
v -0.02000000 -0.24000000 -0.02004745
v -0.02000000 -0.24000000 0.02004745
v -0.02000000 -0.23000000 -0.02004745
v -0.02000000 -0.23000000 0.02004745
v -0.02000000 -0.22000000 -0.02004745
v -0.02000000 -0.22000000 0.02004745
v -0.02000000 -0.21000000 -0.02004745
v -0.02000000 -0.21000000 0.02004745
v -0.02000000 -0.20000000 -0.02004745
v -0.02000000 -0.20000000 0.02004745
v -0.02000000 -0.19000000 -0.02004745
v -0.02000000 -0.19000000 0.02004745
v -0.02000000 -0.18000000 -0.02004745
v -0.02000000 -0.18000000 0.02004745
v -0.02000000 -0.17000000 -0.02004745
v -0.02000000 -0.17000000 0.02004745
v -0.02000000 -0.16000000 -0.02004745
v -0.02000000 -0.16000000 0.02004745
v -0.02000000 -0.15000000 -0.02004745
v -0.02000000 -0.15000000 0.02004745
v -0.02000000 -0.14000000 -0.02004745
v -0.02000000 -0.14000000 0.02004745
v -0.02000000 -0.13000000 -0.02004745
v -0.02000000 -0.13000000 0.02004745
v -0.02000000 -0.12000000 -0.02004745
v -0.02000000 -0.12000000 0.02004745
v -0.02000000 -0.11000000 -0.02004745
v -0.02000000 -0.11000000 0.02004745
v -0.02000000 -0.10000000 -0.02004745
v -0.02000000 -0.10000000 0.02004745
v -0.02000000 -0.09000000 -0.02004745
v -0.02000000 -0.09000000 0.02004745
v -0.02000000 -0.08000000 -0.02004745
v -0.02000000 -0.08000000 0.02004745
v -0.02000000 -0.07000000 -0.02004745
v -0.02000000 -0.07000000 0.02004745
v -0.02000000 -0.06000000 -0.02004745
v -0.02000000 -0.06000000 0.02004745
v -0.02000000 -0.05000000 -0.02004745
v -0.02000000 -0.05000000 0.02004745
v -0.02000000 -0.04000000 -0.02004745
v -0.02000000 -0.04000000 0.02004745
v -0.02000000 -0.03000000 -0.02004745
v -0.02000000 -0.03000000 0.02004745
v -0.02000000 -0.02000000 -0.02004745
v -0.02000000 -0.02000000 0.02004745
v -0.02000000 -0.01000000 -0.02004745
v -0.02000000 -0.01000000 0.02004745
v -0.02000000 -0.00000000 -0.02004745
v -0.02000000 -0.00000000 0.02004745
v -0.02000000 0.01000000 -0.02004745
v -0.02000000 0.01000000 0.02004745
v -0.02000000 0.02000000 -0.02004745
v -0.02000000 0.02000000 0.02004745
v -0.02000000 0.03000000 -0.02004745
v -0.02000000 0.03000000 0.02004745
v -0.02000000 0.04000000 -0.02004745
v -0.02000000 0.04000000 0.02004745
v -0.02000000 0.05000000 -0.02004745
v -0.02000000 0.05000000 0.02004745
v -0.02000000 0.06000000 -0.02004745
v -0.02000000 0.06000000 0.02004745
v -0.02000000 0.07000000 -0.02004745
v -0.02000000 0.07000000 0.02004745
v -0.02000000 0.08000000 -0.02004745
v -0.02000000 0.08000000 0.02004745
v -0.02000000 0.09000000 -0.02004745
v -0.02000000 0.09000000 0.02004745
v -0.02000000 0.10000000 -0.02004745
v -0.02000000 0.10000000 0.02004745
v -0.02000000 0.11000000 -0.02004745
v -0.02000000 0.11000000 0.02004745
v -0.02000000 0.12000000 -0.02004745
v -0.02000000 0.12000000 0.02004745
v -0.02000000 0.13000000 -0.02004745
v -0.02000000 0.13000000 0.02004745
v -0.02000000 0.14000000 -0.02004745
v -0.02000000 0.14000000 0.02004745
v -0.02000000 0.15000000 -0.02004745
v -0.02000000 0.15000000 0.02004745
v -0.02000000 0.16000000 -0.02004745
v -0.02000000 0.16000000 0.02004745
v -0.02000000 0.17000000 -0.02004745
v -0.02000000 0.17000000 0.02004745
v -0.02000000 0.18000000 -0.02004745
v -0.02000000 0.18000000 0.02004745
v -0.02000000 0.19000000 -0.02004745
v -0.02000000 0.19000000 0.02004745
v -0.02000000 0.20000000 -0.02004745
v -0.02000000 0.20000000 0.02004745
v -0.02000000 0.21000000 -0.02004745
v -0.02000000 0.21000000 0.02004745
v -0.02000000 0.22000000 -0.02004745
v -0.02000000 0.22000000 0.02004745
v -0.02000000 0.23000000 -0.02004745
v -0.02000000 0.23000000 0.02004745
v -0.02000000 0.24000000 -0.02004745
v -0.02000000 0.24000000 0.02004745
v -0.02000000 0.25000000 -0.02004745
v -0.02000000 0.25000000 0.02004745
v -0.02000000 0.26000000 -0.02004745
v -0.02000000 0.26000000 0.02004745
v -0.02000000 0.27000000 -0.02004745
v -0.02000000 0.27000000 0.02004745
v -0.02000000 0.27118942 -0.01464750
v -0.02000000 0.27277977 -0.00464750
v -0.02000000 0.27388378 0.00535250
v -0.02000000 0.27469495 0.01535250
v -0.01000000 -0.27118942 -0.01464750
v -0.01000000 -0.27000000 -0.02004745
v -0.01000000 -0.27277977 -0.00464750
v -0.01000000 -0.27388378 0.00535250
v -0.01000000 -0.27469495 0.01535250
v -0.01000000 -0.27000000 0.02004745
v -0.01000000 -0.26000000 -0.02004745
v -0.01000000 -0.26000000 0.02004745
v -0.01000000 -0.25000000 -0.02004745
v -0.01000000 -0.25000000 0.02004745
v -0.01000000 -0.24000000 -0.02004745
v -0.01000000 -0.24000000 0.02004745
v -0.01000000 -0.23000000 -0.02004745
v -0.01000000 -0.23000000 0.02004745
v -0.01000000 -0.22000000 -0.02004745
v -0.01000000 -0.22000000 0.02004745
v -0.01000000 -0.21000000 -0.02004745
v -0.01000000 -0.21000000 0.02004745
v -0.01000000 -0.20000000 -0.02004745
v -0.01000000 -0.20000000 0.02004745
v -0.01000000 -0.19000000 -0.02004745
v -0.01000000 -0.19000000 0.02004745
v -0.01000000 -0.18000000 -0.02004745
v -0.01000000 -0.18000000 0.02004745
v -0.01000000 -0.17000000 -0.02004745
v -0.01000000 -0.17000000 0.02004745
v -0.01000000 -0.16000000 -0.02004745
v -0.01000000 -0.16000000 0.02004745
v -0.01000000 -0.15000000 -0.02004745
v -0.01000000 -0.15000000 0.02004745
v -0.01000000 -0.14000000 -0.02004745
v -0.01000000 -0.14000000 0.02004745
v -0.01000000 -0.13000000 -0.02004745
v -0.01000000 -0.13000000 0.02004745
v -0.01000000 -0.12000000 -0.02004745
v -0.01000000 -0.12000000 0.02004745
v -0.01000000 -0.11000000 -0.02004745
v -0.01000000 -0.11000000 0.02004745
v -0.01000000 -0.10000000 -0.02004745
v -0.01000000 -0.10000000 0.02004745
v -0.01000000 -0.09000000 -0.02004745
v -0.01000000 -0.09000000 0.02004745
v -0.01000000 -0.08000000 -0.02004745
v -0.01000000 -0.08000000 0.02004745
v -0.01000000 -0.07000000 -0.02004745
v -0.01000000 -0.07000000 0.02004745
v -0.01000000 -0.06000000 -0.02004745
v -0.01000000 -0.06000000 0.02004745
v -0.01000000 -0.05000000 -0.02004745
v -0.01000000 -0.05000000 0.02004745
v -0.01000000 -0.04000000 -0.02004745
v -0.01000000 -0.04000000 0.02004745
v -0.01000000 -0.03000000 -0.02004745
v -0.01000000 -0.03000000 0.02004745
v -0.01000000 -0.02000000 -0.02004745
v -0.01000000 -0.02000000 0.02004745
v -0.01000000 -0.01000000 -0.02004745
v -0.01000000 -0.01000000 0.02004745
v -0.01000000 -0.00000000 -0.02004745
v -0.01000000 -0.00000000 0.02004745
v -0.01000000 0.01000000 -0.02004745
v -0.01000000 0.01000000 0.02004745
v -0.01000000 0.02000000 -0.02004745
v -0.01000000 0.02000000 0.02004745
v -0.01000000 0.03000000 -0.02004745
v -0.01000000 0.03000000 0.02004745
v -0.01000000 0.04000000 -0.02004745
v -0.01000000 0.04000000 0.02004745
v -0.01000000 0.05000000 -0.02004745
v -0.01000000 0.05000000 0.02004745
v -0.01000000 0.06000000 -0.02004745
v -0.01000000 0.06000000 0.02004745
v -0.01000000 0.07000000 -0.02004745
v -0.01000000 0.07000000 0.02004745
v -0.01000000 0.08000000 -0.02004745
v -0.01000000 0.08000000 0.02004745
v -0.01000000 0.09000000 -0.02004745
v -0.01000000 0.09000000 0.02004745
v -0.01000000 0.10000000 -0.02004745
v -0.01000000 0.10000000 0.02004745
v -0.01000000 0.11000000 -0.02004745
v -0.01000000 0.11000000 0.02004745
v -0.01000000 0.12000000 -0.02004745
v -0.01000000 0.12000000 0.02004745
v -0.01000000 0.13000000 -0.02004745
v -0.01000000 0.13000000 0.02004745
v -0.01000000 0.14000000 -0.02004745
v -0.01000000 0.14000000 0.02004745
v -0.01000000 0.15000000 -0.02004745
v -0.01000000 0.15000000 0.02004745
v -0.01000000 0.16000000 -0.02004745
v -0.01000000 0.16000000 0.02004745
v -0.01000000 0.17000000 -0.02004745
v -0.01000000 0.17000000 0.02004745
v -0.01000000 0.18000000 -0.02004745
v -0.01000000 0.18000000 0.02004745
v -0.01000000 0.19000000 -0.02004745
v -0.01000000 0.19000000 0.02004745
v -0.01000000 0.20000000 -0.02004745
v -0.01000000 0.20000000 0.02004745
v -0.01000000 0.21000000 -0.02004745
v -0.01000000 0.21000000 0.02004745
v -0.01000000 0.22000000 -0.02004745
v -0.01000000 0.22000000 0.02004745
v -0.01000000 0.23000000 -0.02004745
v -0.01000000 0.23000000 0.02004745
v -0.01000000 0.24000000 -0.02004745
v -0.01000000 0.24000000 0.02004745
v -0.01000000 0.25000000 -0.02004745
v -0.01000000 0.25000000 0.02004745
v -0.01000000 0.26000000 -0.02004745
v -0.01000000 0.26000000 0.02004745
v -0.01000000 0.27000000 -0.02004745
v -0.01000000 0.27000000 0.02004745
v -0.01000000 0.27118942 -0.01464750
v -0.01000000 0.27277977 -0.00464750
v -0.01000000 0.27388378 0.00535250
v -0.01000000 0.27469495 0.01535250
v 0.00000000 -0.27118942 -0.01464750
v 0.00000000 -0.27000000 -0.02004745
v 0.00000000 -0.27277977 -0.00464750
v 0.00000000 -0.27388378 0.00535250
v 0.00000000 -0.27469495 0.01535250
v 0.00000000 -0.27000000 0.02004745
v 0.00000000 -0.26000000 -0.02004745
v 0.00000000 -0.26000000 0.02004745
v 0.00000000 -0.25000000 -0.02004745
v 0.00000000 -0.25000000 0.02004745
v 0.00000000 -0.24000000 -0.02004745
v 0.00000000 -0.24000000 0.02004745
v 0.00000000 -0.23000000 -0.02004745
v 0.00000000 -0.23000000 0.02004745
v 0.00000000 -0.22000000 -0.02004745
v 0.00000000 -0.22000000 0.02004745
v 0.00000000 -0.21000000 -0.02004745
v 0.00000000 -0.21000000 0.02004745
v 0.00000000 -0.20000000 -0.02004745
v 0.00000000 -0.20000000 0.02004745
v 0.00000000 -0.19000000 -0.02004745
v 0.00000000 -0.19000000 0.02004745
v 0.00000000 -0.18000000 -0.02004745
v 0.00000000 -0.18000000 0.02004745
v 0.00000000 -0.17000000 -0.02004745
v 0.00000000 -0.17000000 0.02004745
v 0.00000000 -0.16000000 -0.02004745
v 0.00000000 -0.16000000 0.02004745
v 0.00000000 -0.15000000 -0.02004745
v 0.00000000 -0.15000000 0.02004745
v 0.00000000 -0.14000000 -0.02004745
v 0.00000000 -0.14000000 0.02004745
v 0.00000000 -0.13000000 -0.02004745
v 0.00000000 -0.13000000 0.02004745
v 0.00000000 -0.12000000 -0.02004745
v 0.00000000 -0.12000000 0.02004745
v 0.00000000 -0.11000000 -0.02004745
v 0.00000000 -0.11000000 0.02004745
v 0.00000000 -0.10000000 -0.02004745
v 0.00000000 -0.10000000 0.02004745
v 0.00000000 -0.09000000 -0.02004745
v 0.00000000 -0.09000000 0.02004745
v 0.00000000 -0.08000000 -0.02004745
v 0.00000000 -0.08000000 0.02004745
v 0.00000000 -0.07000000 -0.02004745
v 0.00000000 -0.07000000 0.02004745
v 0.00000000 -0.06000000 -0.02004745
v 0.00000000 -0.06000000 0.02004745
v 0.00000000 -0.05000000 -0.02004745
v 0.00000000 -0.05000000 0.02004745
v 0.00000000 -0.04000000 -0.02004745
v 0.00000000 -0.04000000 0.02004745
v 0.00000000 -0.03000000 -0.02004745
v 0.00000000 -0.03000000 0.02004745
v 0.00000000 -0.02000000 -0.02004745
v 0.00000000 -0.02000000 0.02004745
v 0.00000000 -0.01000000 -0.02004745
v 0.00000000 -0.01000000 0.02004745
v 0.00000000 -0.00000000 -0.02004745
v 0.00000000 -0.00000000 0.02004745
v 0.00000000 0.01000000 -0.02004745
v 0.00000000 0.01000000 0.02004745
v 0.00000000 0.02000000 -0.02004745
v 0.00000000 0.02000000 0.02004745
v 0.00000000 0.03000000 -0.02004745
v 0.00000000 0.03000000 0.02004745
v 0.00000000 0.04000000 -0.02004745
v 0.00000000 0.04000000 0.02004745
v 0.00000000 0.05000000 -0.02004745
v 0.00000000 0.05000000 0.02004745
v 0.00000000 0.06000000 -0.02004745
v 0.00000000 0.06000000 0.02004745
v 0.00000000 0.07000000 -0.02004745
v 0.00000000 0.07000000 0.02004745
v 0.00000000 0.08000000 -0.02004745
v 0.00000000 0.08000000 0.02004745
v 0.00000000 0.09000000 -0.02004745
v 0.00000000 0.09000000 0.02004745
v 0.00000000 0.10000000 -0.02004745
v 0.00000000 0.10000000 0.02004745
v 0.00000000 0.11000000 -0.02004745
v 0.00000000 0.11000000 0.02004745
v 0.00000000 0.12000000 -0.02004745
v 0.00000000 0.12000000 0.02004745
v 0.00000000 0.13000000 -0.02004745
v 0.00000000 0.13000000 0.02004745
v 0.00000000 0.14000000 -0.02004745
v 0.00000000 0.14000000 0.02004745
v 0.00000000 0.15000000 -0.02004745
v 0.00000000 0.15000000 0.02004745
v 0.00000000 0.16000000 -0.02004745
v 0.00000000 0.16000000 0.02004745
v 0.00000000 0.17000000 -0.02004745
v 0.00000000 0.17000000 0.02004745
v 0.00000000 0.18000000 -0.02004745
v 0.00000000 0.18000000 0.02004745
v 0.00000000 0.19000000 -0.02004745
v 0.00000000 0.19000000 0.02004745
v 0.00000000 0.20000000 -0.02004745
v 0.00000000 0.20000000 0.02004745
v 0.00000000 0.21000000 -0.02004745
v 0.00000000 0.21000000 0.02004745
v 0.00000000 0.22000000 -0.02004745
v 0.00000000 0.22000000 0.02004745
v 0.00000000 0.23000000 -0.02004745
v 0.00000000 0.23000000 0.02004745
v 0.00000000 0.24000000 -0.02004745
v 0.00000000 0.24000000 0.02004745
v 0.00000000 0.25000000 -0.02004745
v 0.00000000 0.25000000 0.02004745
v 0.00000000 0.26000000 -0.02004745
v 0.00000000 0.26000000 0.02004745
v 0.00000000 0.27000000 -0.02004745
v 0.00000000 0.27000000 0.02004745
v 0.00000000 0.27118942 -0.01464750
v 0.00000000 0.27277977 -0.00464750
v 0.00000000 0.27388378 0.00535250
v 0.00000000 0.27469495 0.01535250
v 0.01000000 -0.27118942 -0.01464750
v 0.01000000 -0.27000000 -0.02004745
v 0.01000000 -0.27277977 -0.00464750
v 0.01000000 -0.27388378 0.00535250
v 0.01000000 -0.27469495 0.01535250
v 0.01000000 -0.27000000 0.02004745
v 0.01000000 -0.26000000 -0.02004745
v 0.01000000 -0.26000000 0.02004745
v 0.01000000 -0.25000000 -0.02004745
v 0.01000000 -0.25000000 0.02004745
v 0.01000000 -0.24000000 -0.02004745
v 0.01000000 -0.24000000 0.02004745
v 0.01000000 -0.23000000 -0.02004745
v 0.01000000 -0.23000000 0.02004745
v 0.01000000 -0.22000000 -0.02004745
v 0.01000000 -0.22000000 0.02004745
v 0.01000000 -0.21000000 -0.02004745
v 0.01000000 -0.21000000 0.02004745
v 0.01000000 -0.20000000 -0.02004745
v 0.01000000 -0.20000000 0.02004745
v 0.01000000 -0.19000000 -0.02004745
v 0.01000000 -0.19000000 0.02004745
v 0.01000000 -0.18000000 -0.02004745
v 0.01000000 -0.18000000 0.02004745
v 0.01000000 -0.17000000 -0.02004745
v 0.01000000 -0.17000000 0.02004745
v 0.01000000 -0.16000000 -0.02004745
v 0.01000000 -0.16000000 0.02004745
v 0.01000000 -0.15000000 -0.02004745
v 0.01000000 -0.15000000 0.02004745
v 0.01000000 -0.14000000 -0.02004745
v 0.01000000 -0.14000000 0.02004745
v 0.01000000 -0.13000000 -0.02004745
v 0.01000000 -0.13000000 0.02004745
v 0.01000000 -0.12000000 -0.02004745
v 0.01000000 -0.12000000 0.02004745
v 0.01000000 -0.11000000 -0.02004745
v 0.01000000 -0.11000000 0.02004745
v 0.01000000 -0.10000000 -0.02004745
v 0.01000000 -0.10000000 0.02004745
v 0.01000000 -0.09000000 -0.02004745
v 0.01000000 -0.09000000 0.02004745
v 0.01000000 -0.08000000 -0.02004745
v 0.01000000 -0.08000000 0.02004745
v 0.01000000 -0.07000000 -0.02004745
v 0.01000000 -0.07000000 0.02004745
v 0.01000000 -0.06000000 -0.02004745
v 0.01000000 -0.06000000 0.02004745
v 0.01000000 -0.05000000 -0.02004745
v 0.01000000 -0.05000000 0.02004745
v 0.01000000 -0.04000000 -0.02004745
v 0.01000000 -0.04000000 0.02004745
v 0.01000000 -0.03000000 -0.02004745
v 0.01000000 -0.03000000 0.02004745
v 0.01000000 -0.02000000 -0.02004745
v 0.01000000 -0.02000000 0.02004745
v 0.01000000 -0.01000000 -0.02004745
v 0.01000000 -0.01000000 0.02004745
v 0.01000000 -0.00000000 -0.02004745
v 0.01000000 -0.00000000 0.02004745
v 0.01000000 0.01000000 -0.02004745
v 0.01000000 0.01000000 0.02004745
v 0.01000000 0.02000000 -0.02004745
v 0.01000000 0.02000000 0.02004745
v 0.01000000 0.03000000 -0.02004745
v 0.01000000 0.03000000 0.02004745
v 0.01000000 0.04000000 -0.02004745
v 0.01000000 0.04000000 0.02004745
v 0.01000000 0.05000000 -0.02004745
v 0.01000000 0.05000000 0.02004745
v 0.01000000 0.06000000 -0.02004745
v 0.01000000 0.06000000 0.02004745
v 0.01000000 0.07000000 -0.02004745
v 0.01000000 0.07000000 0.02004745
v 0.01000000 0.08000000 -0.02004745
v 0.01000000 0.08000000 0.02004745
v 0.01000000 0.09000000 -0.02004745
v 0.01000000 0.09000000 0.02004745
v 0.01000000 0.10000000 -0.02004745
v 0.01000000 0.10000000 0.02004745
v 0.01000000 0.11000000 -0.02004745
v 0.01000000 0.11000000 0.02004745
v 0.01000000 0.12000000 -0.02004745
v 0.01000000 0.12000000 0.02004745
v 0.01000000 0.13000000 -0.02004745
v 0.01000000 0.13000000 0.02004745
v 0.01000000 0.14000000 -0.02004745
v 0.01000000 0.14000000 0.02004745
v 0.01000000 0.15000000 -0.02004745
v 0.01000000 0.15000000 0.02004745
v 0.01000000 0.16000000 -0.02004745
v 0.01000000 0.16000000 0.02004745
v 0.01000000 0.17000000 -0.02004745
v 0.01000000 0.17000000 0.02004745
v 0.01000000 0.18000000 -0.02004745
v 0.01000000 0.18000000 0.02004745
v 0.01000000 0.19000000 -0.02004745
v 0.01000000 0.19000000 0.02004745
v 0.01000000 0.20000000 -0.02004745
v 0.01000000 0.20000000 0.02004745
v 0.01000000 0.21000000 -0.02004745
v 0.01000000 0.21000000 0.02004745
v 0.01000000 0.22000000 -0.02004745
v 0.01000000 0.22000000 0.02004745
v 0.01000000 0.23000000 -0.02004745
v 0.01000000 0.23000000 0.02004745
v 0.01000000 0.24000000 -0.02004745
v 0.01000000 0.24000000 0.02004745
v 0.01000000 0.25000000 -0.02004745
v 0.01000000 0.25000000 0.02004745
v 0.01000000 0.26000000 -0.02004745
v 0.01000000 0.26000000 0.02004745
v 0.01000000 0.27000000 -0.02004745
v 0.01000000 0.27000000 0.02004745
v 0.01000000 0.27118942 -0.01464750
v 0.01000000 0.27277977 -0.00464750
v 0.01000000 0.27388378 0.00535250
v 0.01000000 0.27469495 0.01535250
v 0.02000000 -0.27118942 -0.01464750
v 0.02000000 -0.27000000 -0.02004745
v 0.02000000 -0.27277977 -0.00464750
v 0.02000000 -0.27388378 0.00535250
v 0.02000000 -0.27469495 0.01535250
v 0.02000000 -0.27000000 0.02004745
v 0.02000000 -0.26000000 -0.02004745
v 0.02000000 -0.26000000 0.02004745
v 0.02000000 -0.25000000 -0.02004745
v 0.02000000 -0.25000000 0.02004745
v 0.02000000 -0.24000000 -0.02004745
v 0.02000000 -0.24000000 0.02004745
v 0.02000000 -0.23000000 -0.02004745
v 0.02000000 -0.23000000 0.02004745
v 0.02000000 -0.22000000 -0.02004745
v 0.02000000 -0.22000000 0.02004745
v 0.02000000 -0.21000000 -0.02004745
v 0.02000000 -0.21000000 0.02004745
v 0.02000000 -0.20000000 -0.02004745
v 0.02000000 -0.20000000 0.02004745
v 0.02000000 -0.19000000 -0.02004745
v 0.02000000 -0.19000000 0.02004745
v 0.02000000 -0.18000000 -0.02004745
v 0.02000000 -0.18000000 0.02004745
v 0.02000000 -0.17000000 -0.02004745
v 0.02000000 -0.17000000 0.02004745
v 0.02000000 -0.16000000 -0.02004745
v 0.02000000 -0.16000000 0.02004745
v 0.02000000 -0.15000000 -0.02004745
v 0.02000000 -0.15000000 0.02004745
v 0.02000000 -0.14000000 -0.02004745
v 0.02000000 -0.14000000 0.02004745
v 0.02000000 -0.13000000 -0.02004745
v 0.02000000 -0.13000000 0.02004745
v 0.02000000 -0.12000000 -0.02004745
v 0.02000000 -0.12000000 0.02004745
v 0.02000000 -0.11000000 -0.02004745
v 0.02000000 -0.11000000 0.02004745
v 0.02000000 -0.10000000 -0.02004745
v 0.02000000 -0.10000000 0.02004745
v 0.02000000 -0.09000000 -0.02004745
v 0.02000000 -0.09000000 0.02004745
v 0.02000000 -0.08000000 -0.02004745
v 0.02000000 -0.08000000 0.02004745
v 0.02000000 -0.07000000 -0.02004745
v 0.02000000 -0.07000000 0.02004745
v 0.02000000 -0.06000000 -0.02004745
v 0.02000000 -0.06000000 0.02004745
v 0.02000000 -0.05000000 -0.02004745
v 0.02000000 -0.05000000 0.02004745
v 0.02000000 -0.04000000 -0.02004745
v 0.02000000 -0.04000000 0.02004745
v 0.02000000 -0.03000000 -0.02004745
v 0.02000000 -0.03000000 0.02004745
v 0.02000000 -0.02000000 -0.02004745
v 0.02000000 -0.02000000 0.02004745
v 0.02000000 -0.01000000 -0.02004745
v 0.02000000 -0.01000000 0.02004745
v 0.02000000 -0.00000000 -0.02004745
v 0.02000000 -0.00000000 0.02004745
v 0.02000000 0.01000000 -0.02004745
v 0.02000000 0.01000000 0.02004745
v 0.02000000 0.02000000 -0.02004745
v 0.02000000 0.02000000 0.02004745
v 0.02000000 0.03000000 -0.02004745
v 0.02000000 0.03000000 0.02004745
v 0.02000000 0.04000000 -0.02004745
v 0.02000000 0.04000000 0.02004745
v 0.02000000 0.05000000 -0.02004745
v 0.02000000 0.05000000 0.02004745
v 0.02000000 0.06000000 -0.02004745
v 0.02000000 0.06000000 0.02004745
v 0.02000000 0.07000000 -0.02004745
v 0.02000000 0.07000000 0.02004745
v 0.02000000 0.08000000 -0.02004745
v 0.02000000 0.08000000 0.02004745
v 0.02000000 0.09000000 -0.02004745
v 0.02000000 0.09000000 0.02004745
v 0.02000000 0.10000000 -0.02004745
v 0.02000000 0.10000000 0.02004745
v 0.02000000 0.11000000 -0.02004745
v 0.02000000 0.11000000 0.02004745
v 0.02000000 0.12000000 -0.02004745
v 0.02000000 0.12000000 0.02004745
v 0.02000000 0.13000000 -0.02004745
v 0.02000000 0.13000000 0.02004745
v 0.02000000 0.14000000 -0.02004745
v 0.02000000 0.14000000 0.02004745
v 0.02000000 0.15000000 -0.02004745
v 0.02000000 0.15000000 0.02004745
v 0.02000000 0.16000000 -0.02004745
v 0.02000000 0.16000000 0.02004745
v 0.02000000 0.17000000 -0.02004745
v 0.02000000 0.17000000 0.02004745
v 0.02000000 0.18000000 -0.02004745
v 0.02000000 0.18000000 0.02004745
v 0.02000000 0.19000000 -0.02004745
v 0.02000000 0.19000000 0.02004745
v 0.02000000 0.20000000 -0.02004745
v 0.02000000 0.20000000 0.02004745
v 0.02000000 0.21000000 -0.02004745
v 0.02000000 0.21000000 0.02004745
v 0.02000000 0.22000000 -0.02004745
v 0.02000000 0.22000000 0.02004745
v 0.02000000 0.23000000 -0.02004745
v 0.02000000 0.23000000 0.02004745
v 0.02000000 0.24000000 -0.02004745
v 0.02000000 0.24000000 0.02004745
v 0.02000000 0.25000000 -0.02004745
v 0.02000000 0.25000000 0.02004745
v 0.02000000 0.26000000 -0.02004745
v 0.02000000 0.26000000 0.02004745
v 0.02000000 0.27000000 -0.02004745
v 0.02000000 0.27000000 0.02004745
v 0.02000000 0.27118942 -0.01464750
v 0.02000000 0.27277977 -0.00464750
v 0.02000000 0.27388378 0.00535250
v 0.02000000 0.27469495 0.01535250
v 0.03000000 -0.27118942 -0.01464750
v 0.03000000 -0.27000000 -0.02004745
v 0.03000000 -0.27277977 -0.00464750
v 0.03000000 -0.27388378 0.00535250
v 0.03000000 -0.27469495 0.01535250
v 0.03000000 -0.27000000 0.02004745
v 0.03000000 -0.26000000 -0.02004745
v 0.03000000 -0.26000000 0.02004745
v 0.03000000 -0.25000000 -0.02004745
v 0.03000000 -0.25000000 0.02004745
v 0.03000000 -0.24000000 -0.02004745
v 0.03000000 -0.24000000 0.02004745
v 0.03000000 -0.23000000 -0.02004745
v 0.03000000 -0.23000000 0.02004745
v 0.03000000 -0.22000000 -0.02004745
v 0.03000000 -0.22000000 0.02004745
v 0.03000000 -0.21000000 -0.02004745
v 0.03000000 -0.21000000 0.02004745
v 0.03000000 -0.20000000 -0.02004745
v 0.03000000 -0.20000000 0.02004745
v 0.03000000 -0.19000000 -0.02004745
v 0.03000000 -0.19000000 0.02004745
v 0.03000000 -0.18000000 -0.02004745
v 0.03000000 -0.18000000 0.02004745
v 0.03000000 -0.17000000 -0.02004745
v 0.03000000 -0.17000000 0.02004745
v 0.03000000 -0.16000000 -0.02004745
v 0.03000000 -0.16000000 0.02004745
v 0.03000000 -0.15000000 -0.02004745
v 0.03000000 -0.15000000 0.02004745
v 0.03000000 -0.14000000 -0.02004745
v 0.03000000 -0.14000000 0.02004745
v 0.03000000 -0.13000000 -0.02004745
v 0.03000000 -0.13000000 0.02004745
v 0.03000000 -0.12000000 -0.02004745
v 0.03000000 -0.12000000 0.02004745
v 0.03000000 -0.11000000 -0.02004745
v 0.03000000 -0.11000000 0.02004745
v 0.03000000 -0.10000000 -0.02004745
v 0.03000000 -0.10000000 0.02004745
v 0.03000000 -0.09000000 -0.02004745
v 0.03000000 -0.09000000 0.02004745
v 0.03000000 -0.08000000 -0.02004745
v 0.03000000 -0.08000000 0.02004745
v 0.03000000 -0.07000000 -0.02004745
v 0.03000000 -0.07000000 0.02004745
v 0.03000000 -0.06000000 -0.02004745
v 0.03000000 -0.06000000 0.02004745
v 0.03000000 -0.05000000 -0.02004745
v 0.03000000 -0.05000000 0.02004745
v 0.03000000 -0.04000000 -0.02004745
v 0.03000000 -0.04000000 0.02004745
v 0.03000000 -0.03000000 -0.02004745
v 0.03000000 -0.03000000 0.02004745
v 0.03000000 -0.02000000 -0.02004745
v 0.03000000 -0.02000000 0.02004745
v 0.03000000 -0.01000000 -0.02004745
v 0.03000000 -0.01000000 0.02004745
v 0.03000000 -0.00000000 -0.02004745
v 0.03000000 -0.00000000 0.02004745
v 0.03000000 0.01000000 -0.02004745
v 0.03000000 0.01000000 0.02004745
v 0.03000000 0.02000000 -0.02004745
v 0.03000000 0.02000000 0.02004745
v 0.03000000 0.03000000 -0.02004745
v 0.03000000 0.03000000 0.02004745
v 0.03000000 0.04000000 -0.02004745
v 0.03000000 0.04000000 0.02004745
v 0.03000000 0.05000000 -0.02004745
v 0.03000000 0.05000000 0.02004745
v 0.03000000 0.06000000 -0.02004745
v 0.03000000 0.06000000 0.02004745
v 0.03000000 0.07000000 -0.02004745
v 0.03000000 0.07000000 0.02004745
v 0.03000000 0.08000000 -0.02004745
v 0.03000000 0.08000000 0.02004745
v 0.03000000 0.09000000 -0.02004745
v 0.03000000 0.09000000 0.02004745
v 0.03000000 0.10000000 -0.02004745
v 0.03000000 0.10000000 0.02004745
v 0.03000000 0.11000000 -0.02004745
v 0.03000000 0.11000000 0.02004745
v 0.03000000 0.12000000 -0.02004745
v 0.03000000 0.12000000 0.02004745
v 0.03000000 0.13000000 -0.02004745
v 0.03000000 0.13000000 0.02004745
v 0.03000000 0.14000000 -0.02004745
v 0.03000000 0.14000000 0.02004745
v 0.03000000 0.15000000 -0.02004745
v 0.03000000 0.15000000 0.02004745
v 0.03000000 0.16000000 -0.02004745
v 0.03000000 0.16000000 0.02004745
v 0.03000000 0.17000000 -0.02004745
v 0.03000000 0.17000000 0.02004745
v 0.03000000 0.18000000 -0.02004745
v 0.03000000 0.18000000 0.02004745
v 0.03000000 0.19000000 -0.02004745
v 0.03000000 0.19000000 0.02004745
v 0.03000000 0.20000000 -0.02004745
v 0.03000000 0.20000000 0.02004745
v 0.03000000 0.21000000 -0.02004745
v 0.03000000 0.21000000 0.02004745
v 0.03000000 0.22000000 -0.02004745
v 0.03000000 0.22000000 0.02004745
v 0.03000000 0.23000000 -0.02004745
v 0.03000000 0.23000000 0.02004745
v 0.03000000 0.24000000 -0.02004745
v 0.03000000 0.24000000 0.02004745
v 0.03000000 0.25000000 -0.02004745
v 0.03000000 0.25000000 0.02004745
v 0.03000000 0.26000000 -0.02004745
v 0.03000000 0.26000000 0.02004745
v 0.03000000 0.27000000 -0.02004745
v 0.03000000 0.27000000 0.02004745
v 0.03000000 0.27118942 -0.01464750
v 0.03000000 0.27277977 -0.00464750
v 0.03000000 0.27388378 0.00535250
v 0.03000000 0.27469495 0.01535250
v 0.04000000 -0.27118942 -0.01464750
v 0.04000000 -0.27000000 -0.02004745
v 0.04000000 -0.27277977 -0.00464750
v 0.04000000 -0.27388378 0.00535250
v 0.04000000 -0.27469495 0.01535250
v 0.04000000 -0.27000000 0.02004745
v 0.04000000 -0.26000000 -0.02004745
v 0.04000000 -0.26000000 0.02004745
v 0.04000000 -0.25000000 -0.02004745
v 0.04000000 -0.25000000 0.02004745
v 0.04000000 -0.24000000 -0.02004745
v 0.04000000 -0.24000000 0.02004745
v 0.04000000 -0.23000000 -0.02004745
v 0.04000000 -0.23000000 0.02004745
v 0.04000000 -0.22000000 -0.02004745
v 0.04000000 -0.22000000 0.02004745
v 0.04000000 -0.21000000 -0.02004745
v 0.04000000 -0.21000000 0.02004745
v 0.04000000 -0.20000000 -0.02004745
v 0.04000000 -0.20000000 0.02004745
v 0.04000000 -0.19000000 -0.02004745
v 0.04000000 -0.19000000 0.02004745
v 0.04000000 -0.18000000 -0.02004745
v 0.04000000 -0.18000000 0.02004745
v 0.04000000 -0.17000000 -0.02004745
v 0.04000000 -0.17000000 0.02004745
v 0.04000000 -0.16000000 -0.02004745
v 0.04000000 -0.16000000 0.02004745
v 0.04000000 -0.15000000 -0.02004745
v 0.04000000 -0.15000000 0.02004745
v 0.04000000 -0.14000000 -0.02004745
v 0.04000000 -0.14000000 0.02004745
v 0.04000000 -0.13000000 -0.02004745
v 0.04000000 -0.13000000 0.02004745
v 0.04000000 -0.12000000 -0.02004745
v 0.04000000 -0.12000000 0.02004745
v 0.04000000 -0.11000000 -0.02004745
v 0.04000000 -0.11000000 0.02004745
v 0.04000000 -0.10000000 -0.02004745
v 0.04000000 -0.10000000 0.02004745
v 0.04000000 -0.09000000 -0.02004745
v 0.04000000 -0.09000000 0.02004745
v 0.04000000 -0.08000000 -0.02004745
v 0.04000000 -0.08000000 0.02004745
v 0.04000000 -0.07000000 -0.02004745
v 0.04000000 -0.07000000 0.02004745
v 0.04000000 -0.06000000 -0.02004745
v 0.04000000 -0.06000000 0.02004745
v 0.04000000 -0.05000000 -0.02004745
v 0.04000000 -0.05000000 0.02004745
v 0.04000000 -0.04000000 -0.02004745
v 0.04000000 -0.04000000 0.02004745
v 0.04000000 -0.03000000 -0.02004745
v 0.04000000 -0.03000000 0.02004745
v 0.04000000 -0.02000000 -0.02004745
v 0.04000000 -0.02000000 0.02004745
v 0.04000000 -0.01000000 -0.02004745
v 0.04000000 -0.01000000 0.02004745
v 0.04000000 -0.00000000 -0.02004745
v 0.04000000 -0.00000000 0.02004745
v 0.04000000 0.01000000 -0.02004745
v 0.04000000 0.01000000 0.02004745
v 0.04000000 0.02000000 -0.02004745
v 0.04000000 0.02000000 0.02004745
v 0.04000000 0.03000000 -0.02004745
v 0.04000000 0.03000000 0.02004745
v 0.04000000 0.04000000 -0.02004745
v 0.04000000 0.04000000 0.02004745
v 0.04000000 0.05000000 -0.02004745
v 0.04000000 0.05000000 0.02004745
v 0.04000000 0.06000000 -0.02004745
v 0.04000000 0.06000000 0.02004745
v 0.04000000 0.07000000 -0.02004745
v 0.04000000 0.07000000 0.02004745
v 0.04000000 0.08000000 -0.02004745
v 0.04000000 0.08000000 0.02004745
v 0.04000000 0.09000000 -0.02004745
v 0.04000000 0.09000000 0.02004745
v 0.04000000 0.10000000 -0.02004745
v 0.04000000 0.10000000 0.02004745
v 0.04000000 0.11000000 -0.02004745
v 0.04000000 0.11000000 0.02004745
v 0.04000000 0.12000000 -0.02004745
v 0.04000000 0.12000000 0.02004745
v 0.04000000 0.13000000 -0.02004745
v 0.04000000 0.13000000 0.02004745
v 0.04000000 0.14000000 -0.02004745
v 0.04000000 0.14000000 0.02004745
v 0.04000000 0.15000000 -0.02004745
v 0.04000000 0.15000000 0.02004745
v 0.04000000 0.16000000 -0.02004745
v 0.04000000 0.16000000 0.02004745
v 0.04000000 0.17000000 -0.02004745
v 0.04000000 0.17000000 0.02004745
v 0.04000000 0.18000000 -0.02004745
v 0.04000000 0.18000000 0.02004745
v 0.04000000 0.19000000 -0.02004745
v 0.04000000 0.19000000 0.02004745
v 0.04000000 0.20000000 -0.02004745
v 0.04000000 0.20000000 0.02004745
v 0.04000000 0.21000000 -0.02004745
v 0.04000000 0.21000000 0.02004745
v 0.04000000 0.22000000 -0.02004745
v 0.04000000 0.22000000 0.02004745
v 0.04000000 0.23000000 -0.02004745
v 0.04000000 0.23000000 0.02004745
v 0.04000000 0.24000000 -0.02004745
v 0.04000000 0.24000000 0.02004745
v 0.04000000 0.25000000 -0.02004745
v 0.04000000 0.25000000 0.02004745
v 0.04000000 0.26000000 -0.02004745
v 0.04000000 0.26000000 0.02004745
v 0.04000000 0.27000000 -0.02004745
v 0.04000000 0.27000000 0.02004745
v 0.04000000 0.27118942 -0.01464750
v 0.04000000 0.27277977 -0.00464750
v 0.04000000 0.27388378 0.00535250
v 0.04000000 0.27469495 0.01535250
v 0.05000000 -0.27118942 -0.01464750
v 0.05000000 -0.27000000 -0.02004745
v 0.05000000 -0.27277977 -0.00464750
v 0.05000000 -0.27388378 0.00535250
v 0.05000000 -0.27469495 0.01535250
v 0.05000000 -0.27000000 0.02004745
v 0.05000000 -0.26000000 -0.02004745
v 0.05000000 -0.26000000 0.02004745
v 0.05000000 -0.25000000 -0.02004745
v 0.05000000 -0.25000000 0.02004745
v 0.05000000 -0.24000000 -0.02004745
v 0.05000000 -0.24000000 0.02004745
v 0.05000000 -0.23000000 -0.02004745
v 0.05000000 -0.23000000 0.02004745
v 0.05000000 -0.22000000 -0.02004745
v 0.05000000 -0.22000000 0.02004745
v 0.05000000 -0.21000000 -0.02004745
v 0.05000000 -0.21000000 0.02004745
v 0.05000000 -0.20000000 -0.02004745
v 0.05000000 -0.20000000 0.02004745
v 0.05000000 -0.19000000 -0.02004745
v 0.05000000 -0.19000000 0.02004745
v 0.05000000 -0.18000000 -0.02004745
v 0.05000000 -0.18000000 0.02004745
v 0.05000000 -0.17000000 -0.02004745
v 0.05000000 -0.17000000 0.02004745
v 0.05000000 -0.16000000 -0.02004745
v 0.05000000 -0.16000000 0.02004745
v 0.05000000 -0.15000000 -0.02004745
v 0.05000000 -0.15000000 0.02004745
v 0.05000000 -0.14000000 -0.02004745
v 0.05000000 -0.14000000 0.02004745
v 0.05000000 -0.13000000 -0.02004745
v 0.05000000 -0.13000000 0.02004745
v 0.05000000 -0.12000000 -0.02004745
v 0.05000000 -0.12000000 0.02004745
v 0.05000000 -0.11000000 -0.02004745
v 0.05000000 -0.11000000 0.02004745
v 0.05000000 -0.10000000 -0.02004745
v 0.05000000 -0.10000000 0.02004745
v 0.05000000 -0.09000000 -0.02004745
v 0.05000000 -0.09000000 0.02004745
v 0.05000000 -0.08000000 -0.02004745
v 0.05000000 -0.08000000 0.02004745
v 0.05000000 -0.07000000 -0.02004745
v 0.05000000 -0.07000000 0.02004745
v 0.05000000 -0.06000000 -0.02004745
v 0.05000000 -0.06000000 0.02004745
v 0.05000000 -0.05000000 -0.02004745
v 0.05000000 -0.05000000 0.02004745
v 0.05000000 -0.04000000 -0.02004745
v 0.05000000 -0.04000000 0.02004745
v 0.05000000 -0.03000000 -0.02004745
v 0.05000000 -0.03000000 0.02004745
v 0.05000000 -0.02000000 -0.02004745
v 0.05000000 -0.02000000 0.02004745
v 0.05000000 -0.01000000 -0.02004745
v 0.05000000 -0.01000000 0.02004745
v 0.05000000 -0.00000000 -0.02004745
v 0.05000000 -0.00000000 0.02004745
v 0.05000000 0.01000000 -0.02004745
v 0.05000000 0.01000000 0.02004745
v 0.05000000 0.02000000 -0.02004745
v 0.05000000 0.02000000 0.02004745
v 0.05000000 0.03000000 -0.02004745
v 0.05000000 0.03000000 0.02004745
v 0.05000000 0.04000000 -0.02004745
v 0.05000000 0.04000000 0.02004745
v 0.05000000 0.05000000 -0.02004745
v 0.05000000 0.05000000 0.02004745
v 0.05000000 0.06000000 -0.02004745
v 0.05000000 0.06000000 0.02004745
v 0.05000000 0.07000000 -0.02004745
v 0.05000000 0.07000000 0.02004745
v 0.05000000 0.08000000 -0.02004745
v 0.05000000 0.08000000 0.02004745
v 0.05000000 0.09000000 -0.02004745
v 0.05000000 0.09000000 0.02004745
v 0.05000000 0.10000000 -0.02004745
v 0.05000000 0.10000000 0.02004745
v 0.05000000 0.11000000 -0.02004745
v 0.05000000 0.11000000 0.02004745
v 0.05000000 0.12000000 -0.02004745
v 0.05000000 0.12000000 0.02004745
v 0.05000000 0.13000000 -0.02004745
v 0.05000000 0.13000000 0.02004745
v 0.05000000 0.14000000 -0.02004745
v 0.05000000 0.14000000 0.02004745
v 0.05000000 0.15000000 -0.02004745
v 0.05000000 0.15000000 0.02004745
v 0.05000000 0.16000000 -0.02004745
v 0.05000000 0.16000000 0.02004745
v 0.05000000 0.17000000 -0.02004745
v 0.05000000 0.17000000 0.02004745
v 0.05000000 0.18000000 -0.02004745
v 0.05000000 0.18000000 0.02004745
v 0.05000000 0.19000000 -0.02004745
v 0.05000000 0.19000000 0.02004745
v 0.05000000 0.20000000 -0.02004745
v 0.05000000 0.20000000 0.02004745
v 0.05000000 0.21000000 -0.02004745
v 0.05000000 0.21000000 0.02004745
v 0.05000000 0.22000000 -0.02004745
v 0.05000000 0.22000000 0.02004745
v 0.05000000 0.23000000 -0.02004745
v 0.05000000 0.23000000 0.02004745
v 0.05000000 0.24000000 -0.02004745
v 0.05000000 0.24000000 0.02004745
v 0.05000000 0.25000000 -0.02004745
v 0.05000000 0.25000000 0.02004745
v 0.05000000 0.26000000 -0.02004745
v 0.05000000 0.26000000 0.02004745
v 0.05000000 0.27000000 -0.02004745
v 0.05000000 0.27000000 0.02004745
v 0.05000000 0.27118942 -0.01464750
v 0.05000000 0.27277977 -0.00464750
v 0.05000000 0.27388378 0.00535250
v 0.05000000 0.27469495 0.01535250
v 0.06000000 -0.27118942 -0.01464750
v 0.06000000 -0.27000000 -0.02004745
v 0.06000000 -0.27277977 -0.00464750
v 0.06000000 -0.27388378 0.00535250
v 0.06000000 -0.27469495 0.01535250
v 0.06000000 -0.27000000 0.02004745
v 0.06000000 -0.26000000 -0.02004745
v 0.06000000 -0.26000000 0.02004745
v 0.06000000 -0.25000000 -0.02004745
v 0.06000000 -0.25000000 0.02004745
v 0.06000000 -0.24000000 -0.02004745
v 0.06000000 -0.24000000 0.02004745
v 0.06000000 -0.23000000 -0.02004745
v 0.06000000 -0.23000000 0.02004745
v 0.06000000 -0.22000000 -0.02004745
v 0.06000000 -0.22000000 0.02004745
v 0.06000000 -0.21000000 -0.02004745
v 0.06000000 -0.21000000 0.02004745
v 0.06000000 -0.20000000 -0.02004745
v 0.06000000 -0.20000000 0.02004745
v 0.06000000 -0.19000000 -0.02004745
v 0.06000000 -0.19000000 0.02004745
v 0.06000000 -0.18000000 -0.02004745
v 0.06000000 -0.18000000 0.02004745
v 0.06000000 -0.17000000 -0.02004745
v 0.06000000 -0.17000000 0.02004745
v 0.06000000 -0.16000000 -0.02004745
v 0.06000000 -0.16000000 0.02004745
v 0.06000000 -0.15000000 -0.02004745
v 0.06000000 -0.15000000 0.02004745
v 0.06000000 -0.14000000 -0.02004745
v 0.06000000 -0.14000000 0.02004745
v 0.06000000 -0.13000000 -0.02004745
v 0.06000000 -0.13000000 0.02004745
v 0.06000000 -0.12000000 -0.02004745
v 0.06000000 -0.12000000 0.02004745
v 0.06000000 -0.11000000 -0.02004745
v 0.06000000 -0.11000000 0.02004745
v 0.06000000 -0.10000000 -0.02004745
v 0.06000000 -0.10000000 0.02004745
v 0.06000000 -0.09000000 -0.02004745
v 0.06000000 -0.09000000 0.02004745
v 0.06000000 -0.08000000 -0.02004745
v 0.06000000 -0.08000000 0.02004745
v 0.06000000 -0.07000000 -0.02004745
v 0.06000000 -0.07000000 0.02004745
v 0.06000000 -0.06000000 -0.02004745
v 0.06000000 -0.06000000 0.02004745
v 0.06000000 -0.05000000 -0.02004745
v 0.06000000 -0.05000000 0.02004745
v 0.06000000 -0.04000000 -0.02004745
v 0.06000000 -0.04000000 0.02004745
v 0.06000000 -0.03000000 -0.02004745
v 0.06000000 -0.03000000 0.02004745
v 0.06000000 -0.02000000 -0.02004745
v 0.06000000 -0.02000000 0.02004745
v 0.06000000 -0.01000000 -0.02004745
v 0.06000000 -0.01000000 0.02004745
v 0.06000000 -0.00000000 -0.02004745
v 0.06000000 -0.00000000 0.02004745
v 0.06000000 0.01000000 -0.02004745
v 0.06000000 0.01000000 0.02004745
v 0.06000000 0.02000000 -0.02004745
v 0.06000000 0.02000000 0.02004745
v 0.06000000 0.03000000 -0.02004745
v 0.06000000 0.03000000 0.02004745
v 0.06000000 0.04000000 -0.02004745
v 0.06000000 0.04000000 0.02004745
v 0.06000000 0.05000000 -0.02004745
v 0.06000000 0.05000000 0.02004745
v 0.06000000 0.06000000 -0.02004745
v 0.06000000 0.06000000 0.02004745
v 0.06000000 0.07000000 -0.02004745
v 0.06000000 0.07000000 0.02004745
v 0.06000000 0.08000000 -0.02004745
v 0.06000000 0.08000000 0.02004745
v 0.06000000 0.09000000 -0.02004745
v 0.06000000 0.09000000 0.02004745
v 0.06000000 0.10000000 -0.02004745
v 0.06000000 0.10000000 0.02004745
v 0.06000000 0.11000000 -0.02004745
v 0.06000000 0.11000000 0.02004745
v 0.06000000 0.12000000 -0.02004745
v 0.06000000 0.12000000 0.02004745
v 0.06000000 0.13000000 -0.02004745
v 0.06000000 0.13000000 0.02004745
v 0.06000000 0.14000000 -0.02004745
v 0.06000000 0.14000000 0.02004745
v 0.06000000 0.15000000 -0.02004745
v 0.06000000 0.15000000 0.02004745
v 0.06000000 0.16000000 -0.02004745
v 0.06000000 0.16000000 0.02004745
v 0.06000000 0.17000000 -0.02004745
v 0.06000000 0.17000000 0.02004745
v 0.06000000 0.18000000 -0.02004745
v 0.06000000 0.18000000 0.02004745
v 0.06000000 0.19000000 -0.02004745
v 0.06000000 0.19000000 0.02004745
v 0.06000000 0.20000000 -0.02004745
v 0.06000000 0.20000000 0.02004745
v 0.06000000 0.21000000 -0.02004745
v 0.06000000 0.21000000 0.02004745
v 0.06000000 0.22000000 -0.02004745
v 0.06000000 0.22000000 0.02004745
v 0.06000000 0.23000000 -0.02004745
v 0.06000000 0.23000000 0.02004745
v 0.06000000 0.24000000 -0.02004745
v 0.06000000 0.24000000 0.02004745
v 0.06000000 0.25000000 -0.02004745
v 0.06000000 0.25000000 0.02004745
v 0.06000000 0.26000000 -0.02004745
v 0.06000000 0.26000000 0.02004745
v 0.06000000 0.27000000 -0.02004745
v 0.06000000 0.27000000 0.02004745
v 0.06000000 0.27118942 -0.01464750
v 0.06000000 0.27277977 -0.00464750
v 0.06000000 0.27388378 0.00535250
v 0.06000000 0.27469495 0.01535250
v 0.07000000 -0.27118942 -0.01464750
v 0.07000000 -0.27000000 -0.02004745
v 0.07000000 -0.27277977 -0.00464750
v 0.07000000 -0.27388378 0.00535250
v 0.07000000 -0.27469495 0.01535250
v 0.07000000 -0.27000000 0.02004745
v 0.07000000 -0.26000000 -0.02004745
v 0.07000000 -0.26000000 0.02004745
v 0.07000000 -0.25000000 -0.02004745
v 0.07000000 -0.25000000 0.02004745
v 0.07000000 -0.24000000 -0.02004745
v 0.07000000 -0.24000000 0.02004745
v 0.07000000 -0.23000000 -0.02004745
v 0.07000000 -0.23000000 0.02004745
v 0.07000000 -0.22000000 -0.02004745
v 0.07000000 -0.22000000 0.02004745
v 0.07000000 -0.21000000 -0.02004745
v 0.07000000 -0.21000000 0.02004745
v 0.07000000 -0.20000000 -0.02004745
v 0.07000000 -0.20000000 0.02004745
v 0.07000000 -0.19000000 -0.02004745
v 0.07000000 -0.19000000 0.02004745
v 0.07000000 -0.18000000 -0.02004745
v 0.07000000 -0.18000000 0.02004745
v 0.07000000 -0.17000000 -0.02004745
v 0.07000000 -0.17000000 0.02004745
v 0.07000000 -0.16000000 -0.02004745
v 0.07000000 -0.16000000 0.02004745
v 0.07000000 -0.15000000 -0.02004745
v 0.07000000 -0.15000000 0.02004745
v 0.07000000 -0.14000000 -0.02004745
v 0.07000000 -0.14000000 0.02004745
v 0.07000000 -0.13000000 -0.02004745
v 0.07000000 -0.13000000 0.02004745
v 0.07000000 -0.12000000 -0.02004745
v 0.07000000 -0.12000000 0.02004745
v 0.07000000 -0.11000000 -0.02004745
v 0.07000000 -0.11000000 0.02004745
v 0.07000000 -0.10000000 -0.02004745
v 0.07000000 -0.10000000 0.02004745
v 0.07000000 -0.09000000 -0.02004745
v 0.07000000 -0.09000000 0.02004745
v 0.07000000 -0.08000000 -0.02004745
v 0.07000000 -0.08000000 0.02004745
v 0.07000000 -0.07000000 -0.02004745
v 0.07000000 -0.07000000 0.02004745
v 0.07000000 -0.06000000 -0.02004745
v 0.07000000 -0.06000000 0.02004745
v 0.07000000 -0.05000000 -0.02004745
v 0.07000000 -0.05000000 0.02004745
v 0.07000000 -0.04000000 -0.02004745
v 0.07000000 -0.04000000 0.02004745
v 0.07000000 -0.03000000 -0.02004745
v 0.07000000 -0.03000000 0.02004745
v 0.07000000 -0.02000000 -0.02004745
v 0.07000000 -0.02000000 0.02004745
v 0.07000000 -0.01000000 -0.02004745
v 0.07000000 -0.01000000 0.02004745
v 0.07000000 -0.00000000 -0.02004745
v 0.07000000 -0.00000000 0.02004745
v 0.07000000 0.01000000 -0.02004745
v 0.07000000 0.01000000 0.02004745
v 0.07000000 0.02000000 -0.02004745
v 0.07000000 0.02000000 0.02004745
v 0.07000000 0.03000000 -0.02004745
v 0.07000000 0.03000000 0.02004745
v 0.07000000 0.04000000 -0.02004745
v 0.07000000 0.04000000 0.02004745
v 0.07000000 0.05000000 -0.02004745
v 0.07000000 0.05000000 0.02004745
v 0.07000000 0.06000000 -0.02004745
v 0.07000000 0.06000000 0.02004745
v 0.07000000 0.07000000 -0.02004745
v 0.07000000 0.07000000 0.02004745
v 0.07000000 0.08000000 -0.02004745
v 0.07000000 0.08000000 0.02004745
v 0.07000000 0.09000000 -0.02004745
v 0.07000000 0.09000000 0.02004745
v 0.07000000 0.10000000 -0.02004745
v 0.07000000 0.10000000 0.02004745
v 0.07000000 0.11000000 -0.02004745
v 0.07000000 0.11000000 0.02004745
v 0.07000000 0.12000000 -0.02004745
v 0.07000000 0.12000000 0.02004745
v 0.07000000 0.13000000 -0.02004745
v 0.07000000 0.13000000 0.02004745
v 0.07000000 0.14000000 -0.02004745
v 0.07000000 0.14000000 0.02004745
v 0.07000000 0.15000000 -0.02004745
v 0.07000000 0.15000000 0.02004745
v 0.07000000 0.16000000 -0.02004745
v 0.07000000 0.16000000 0.02004745
v 0.07000000 0.17000000 -0.02004745
v 0.07000000 0.17000000 0.02004745
v 0.07000000 0.18000000 -0.02004745
v 0.07000000 0.18000000 0.02004745
v 0.07000000 0.19000000 -0.02004745
v 0.07000000 0.19000000 0.02004745
v 0.07000000 0.20000000 -0.02004745
v 0.07000000 0.20000000 0.02004745
v 0.07000000 0.21000000 -0.02004745
v 0.07000000 0.21000000 0.02004745
v 0.07000000 0.22000000 -0.02004745
v 0.07000000 0.22000000 0.02004745
v 0.07000000 0.23000000 -0.02004745
v 0.07000000 0.23000000 0.02004745
v 0.07000000 0.24000000 -0.02004745
v 0.07000000 0.24000000 0.02004745
v 0.07000000 0.25000000 -0.02004745
v 0.07000000 0.25000000 0.02004745
v 0.07000000 0.26000000 -0.02004745
v 0.07000000 0.26000000 0.02004745
v 0.07000000 0.27000000 -0.02004745
v 0.07000000 0.27000000 0.02004745
v 0.07000000 0.27118942 -0.01464750
v 0.07000000 0.27277977 -0.00464750
v 0.07000000 0.27388378 0.00535250
v 0.07000000 0.27469495 0.01535250
v 0.08000000 -0.27118942 -0.01464750
v 0.08000000 -0.27000000 -0.02004745
v 0.08000000 -0.27277977 -0.00464750
v 0.08000000 -0.27388378 0.00535250
v 0.08000000 -0.27469495 0.01535250
v 0.08000000 -0.27000000 0.02004745
v 0.08000000 -0.26000000 -0.02004745
v 0.08000000 -0.26000000 0.02004745
v 0.08000000 -0.25000000 -0.02004745
v 0.08000000 -0.25000000 0.02004745
v 0.08000000 -0.24000000 -0.02004745
v 0.08000000 -0.24000000 0.02004745
v 0.08000000 -0.23000000 -0.02004745
v 0.08000000 -0.23000000 0.02004745
v 0.08000000 -0.22000000 -0.02004745
v 0.08000000 -0.22000000 0.02004745
v 0.08000000 -0.21000000 -0.02004745
v 0.08000000 -0.21000000 0.02004745
v 0.08000000 -0.20000000 -0.02004745
v 0.08000000 -0.20000000 0.02004745
v 0.08000000 -0.19000000 -0.02004745
v 0.08000000 -0.19000000 0.02004745
v 0.08000000 -0.18000000 -0.02004745
v 0.08000000 -0.18000000 0.02004745
v 0.08000000 -0.17000000 -0.02004745
v 0.08000000 -0.17000000 0.02004745
v 0.08000000 -0.16000000 -0.02004745
v 0.08000000 -0.16000000 0.02004745
v 0.08000000 -0.15000000 -0.02004745
v 0.08000000 -0.15000000 0.02004745
v 0.08000000 -0.14000000 -0.02004745
v 0.08000000 -0.14000000 0.02004745
v 0.08000000 -0.13000000 -0.02004745
v 0.08000000 -0.13000000 0.02004745
v 0.08000000 -0.12000000 -0.02004745
v 0.08000000 -0.12000000 0.02004745
v 0.08000000 -0.11000000 -0.02004745
v 0.08000000 -0.11000000 0.02004745
v 0.08000000 -0.10000000 -0.02004745
v 0.08000000 -0.10000000 0.02004745
v 0.08000000 -0.09000000 -0.02004745
v 0.08000000 -0.09000000 0.02004745
v 0.08000000 -0.08000000 -0.02004745
v 0.08000000 -0.08000000 0.02004745
v 0.08000000 -0.07000000 -0.02004745
v 0.08000000 -0.07000000 0.02004745
v 0.08000000 -0.06000000 -0.02004745
v 0.08000000 -0.06000000 0.02004745
v 0.08000000 -0.05000000 -0.02004745
v 0.08000000 -0.05000000 0.02004745
v 0.08000000 -0.04000000 -0.02004745
v 0.08000000 -0.04000000 0.02004745
v 0.08000000 -0.03000000 -0.02004745
v 0.08000000 -0.03000000 0.02004745
v 0.08000000 -0.02000000 -0.02004745
v 0.08000000 -0.02000000 0.02004745
v 0.08000000 -0.01000000 -0.02004745
v 0.08000000 -0.01000000 0.02004745
v 0.08000000 -0.00000000 -0.02004745
v 0.08000000 -0.00000000 0.02004745
v 0.08000000 0.01000000 -0.02004745
v 0.08000000 0.01000000 0.02004745
v 0.08000000 0.02000000 -0.02004745
v 0.08000000 0.02000000 0.02004745
v 0.08000000 0.03000000 -0.02004745
v 0.08000000 0.03000000 0.02004745
v 0.08000000 0.04000000 -0.02004745
v 0.08000000 0.04000000 0.02004745
v 0.08000000 0.05000000 -0.02004745
v 0.08000000 0.05000000 0.02004745
v 0.08000000 0.06000000 -0.02004745
v 0.08000000 0.06000000 0.02004745
v 0.08000000 0.07000000 -0.02004745
v 0.08000000 0.07000000 0.02004745
v 0.08000000 0.08000000 -0.02004745
v 0.08000000 0.08000000 0.02004745
v 0.08000000 0.09000000 -0.02004745
v 0.08000000 0.09000000 0.02004745
v 0.08000000 0.10000000 -0.02004745
v 0.08000000 0.10000000 0.02004745
v 0.08000000 0.11000000 -0.02004745
v 0.08000000 0.11000000 0.02004745
v 0.08000000 0.12000000 -0.02004745
v 0.08000000 0.12000000 0.02004745
v 0.08000000 0.13000000 -0.02004745
v 0.08000000 0.13000000 0.02004745
v 0.08000000 0.14000000 -0.02004745
v 0.08000000 0.14000000 0.02004745
v 0.08000000 0.15000000 -0.02004745
v 0.08000000 0.15000000 0.02004745
v 0.08000000 0.16000000 -0.02004745
v 0.08000000 0.16000000 0.02004745
v 0.08000000 0.17000000 -0.02004745
v 0.08000000 0.17000000 0.02004745
v 0.08000000 0.18000000 -0.02004745
v 0.08000000 0.18000000 0.02004745
v 0.08000000 0.19000000 -0.02004745
v 0.08000000 0.19000000 0.02004745
v 0.08000000 0.20000000 -0.02004745
v 0.08000000 0.20000000 0.02004745
v 0.08000000 0.21000000 -0.02004745
v 0.08000000 0.21000000 0.02004745
v 0.08000000 0.22000000 -0.02004745
v 0.08000000 0.22000000 0.02004745
v 0.08000000 0.23000000 -0.02004745
v 0.08000000 0.23000000 0.02004745
v 0.08000000 0.24000000 -0.02004745
v 0.08000000 0.24000000 0.02004745
v 0.08000000 0.25000000 -0.02004745
v 0.08000000 0.25000000 0.02004745
v 0.08000000 0.26000000 -0.02004745
v 0.08000000 0.26000000 0.02004745
v 0.08000000 0.27000000 -0.02004745
v 0.08000000 0.27000000 0.02004745
v 0.08000000 0.27118942 -0.01464750
v 0.08000000 0.27277977 -0.00464750
v 0.08000000 0.27388378 0.00535250
v 0.08000000 0.27469495 0.01535250
v 0.09000000 -0.27118942 -0.01464750
v 0.09000000 -0.27000000 -0.02004745
v 0.09000000 -0.27277977 -0.00464750
v 0.09000000 -0.27388378 0.00535250
v 0.09000000 -0.27469495 0.01535250
v 0.09000000 -0.27000000 0.02004745
v 0.09000000 -0.26000000 -0.02004745
v 0.09000000 -0.26000000 0.02004745
v 0.09000000 -0.25000000 -0.02004745
v 0.09000000 -0.25000000 0.02004745
v 0.09000000 -0.24000000 -0.02004745
v 0.09000000 -0.24000000 0.02004745
v 0.09000000 -0.23000000 -0.02004745
v 0.09000000 -0.23000000 0.02004745
v 0.09000000 -0.22000000 -0.02004745
v 0.09000000 -0.22000000 0.02004745
v 0.09000000 -0.21000000 -0.02004745
v 0.09000000 -0.21000000 0.02004745
v 0.09000000 -0.20000000 -0.02004745
v 0.09000000 -0.20000000 0.02004745
v 0.09000000 -0.19000000 -0.02004745
v 0.09000000 -0.19000000 0.02004745
v 0.09000000 -0.18000000 -0.02004745
v 0.09000000 -0.18000000 0.02004745
v 0.09000000 -0.17000000 -0.02004745
v 0.09000000 -0.17000000 0.02004745
v 0.09000000 -0.16000000 -0.02004745
v 0.09000000 -0.16000000 0.02004745
v 0.09000000 -0.15000000 -0.02004745
v 0.09000000 -0.15000000 0.02004745
v 0.09000000 -0.14000000 -0.02004745
v 0.09000000 -0.14000000 0.02004745
v 0.09000000 -0.13000000 -0.02004745
v 0.09000000 -0.13000000 0.02004745
v 0.09000000 -0.12000000 -0.02004745
v 0.09000000 -0.12000000 0.02004745
v 0.09000000 -0.11000000 -0.02004745
v 0.09000000 -0.11000000 0.02004745
v 0.09000000 -0.10000000 -0.02004745
v 0.09000000 -0.10000000 0.02004745
v 0.09000000 -0.09000000 -0.02004745
v 0.09000000 -0.09000000 0.02004745
v 0.09000000 -0.08000000 -0.02004745
v 0.09000000 -0.08000000 0.02004745
v 0.09000000 -0.07000000 -0.02004745
v 0.09000000 -0.07000000 0.02004745
v 0.09000000 -0.06000000 -0.02004745
v 0.09000000 -0.06000000 0.02004745
v 0.09000000 -0.05000000 -0.02004745
v 0.09000000 -0.05000000 0.02004745
v 0.09000000 -0.04000000 -0.02004745
v 0.09000000 -0.04000000 0.02004745
v 0.09000000 -0.03000000 -0.02004745
v 0.09000000 -0.03000000 0.02004745
v 0.09000000 -0.02000000 -0.02004745
v 0.09000000 -0.02000000 0.02004745
v 0.09000000 -0.01000000 -0.02004745
v 0.09000000 -0.01000000 0.02004745
v 0.09000000 -0.00000000 -0.02004745
v 0.09000000 -0.00000000 0.02004745
v 0.09000000 0.01000000 -0.02004745
v 0.09000000 0.01000000 0.02004745
v 0.09000000 0.02000000 -0.02004745
v 0.09000000 0.02000000 0.02004745
v 0.09000000 0.03000000 -0.02004745
v 0.09000000 0.03000000 0.02004745
v 0.09000000 0.04000000 -0.02004745
v 0.09000000 0.04000000 0.02004745
v 0.09000000 0.05000000 -0.02004745
v 0.09000000 0.05000000 0.02004745
v 0.09000000 0.06000000 -0.02004745
v 0.09000000 0.06000000 0.02004745
v 0.09000000 0.07000000 -0.02004745
v 0.09000000 0.07000000 0.02004745
v 0.09000000 0.08000000 -0.02004745
v 0.09000000 0.08000000 0.02004745
v 0.09000000 0.09000000 -0.02004745
v 0.09000000 0.09000000 0.02004745
v 0.09000000 0.10000000 -0.02004745
v 0.09000000 0.10000000 0.02004745
v 0.09000000 0.11000000 -0.02004745
v 0.09000000 0.11000000 0.02004745
v 0.09000000 0.12000000 -0.02004745
v 0.09000000 0.12000000 0.02004745
v 0.09000000 0.13000000 -0.02004745
v 0.09000000 0.13000000 0.02004745
v 0.09000000 0.14000000 -0.02004745
v 0.09000000 0.14000000 0.02004745
v 0.09000000 0.15000000 -0.02004745
v 0.09000000 0.15000000 0.02004745
v 0.09000000 0.16000000 -0.02004745
v 0.09000000 0.16000000 0.02004745
v 0.09000000 0.17000000 -0.02004745
v 0.09000000 0.17000000 0.02004745
v 0.09000000 0.18000000 -0.02004745
v 0.09000000 0.18000000 0.02004745
v 0.09000000 0.19000000 -0.02004745
v 0.09000000 0.19000000 0.02004745
v 0.09000000 0.20000000 -0.02004745
v 0.09000000 0.20000000 0.02004745
v 0.09000000 0.21000000 -0.02004745
v 0.09000000 0.21000000 0.02004745
v 0.09000000 0.22000000 -0.02004745
v 0.09000000 0.22000000 0.02004745
v 0.09000000 0.23000000 -0.02004745
v 0.09000000 0.23000000 0.02004745
v 0.09000000 0.24000000 -0.02004745
v 0.09000000 0.24000000 0.02004745
v 0.09000000 0.25000000 -0.02004745
v 0.09000000 0.25000000 0.02004745
v 0.09000000 0.26000000 -0.02004745
v 0.09000000 0.26000000 0.02004745
v 0.09000000 0.27000000 -0.02004745
v 0.09000000 0.27000000 0.02004745
v 0.09000000 0.27118942 -0.01464750
v 0.09000000 0.27277977 -0.00464750
v 0.09000000 0.27388378 0.00535250
v 0.09000000 0.27469495 0.01535250
v 0.10000000 -0.27118942 -0.01464750
v 0.10000000 -0.27000000 -0.02004745
v 0.10000000 -0.27277977 -0.00464750
v 0.10000000 -0.27388378 0.00535250
v 0.10000000 -0.27469495 0.01535250
v 0.10000000 -0.27000000 0.02004745
v 0.10000000 -0.26000000 -0.02004745
v 0.10000000 -0.26000000 0.02004745
v 0.10000000 -0.25000000 -0.02004745
v 0.10000000 -0.25000000 0.02004745
v 0.10000000 -0.24000000 -0.02004745
v 0.10000000 -0.24000000 0.02004745
v 0.10000000 -0.23000000 -0.02004745
v 0.10000000 -0.23000000 0.02004745
v 0.10000000 -0.22000000 -0.02004745
v 0.10000000 -0.22000000 0.02004745
v 0.10000000 -0.21000000 -0.02004745
v 0.10000000 -0.21000000 0.02004745
v 0.10000000 -0.20000000 -0.02004745
v 0.10000000 -0.20000000 0.02004745
v 0.10000000 -0.19000000 -0.02004745
v 0.10000000 -0.19000000 0.02004745
v 0.10000000 -0.18000000 -0.02004745
v 0.10000000 -0.18000000 0.02004745
v 0.10000000 -0.17000000 -0.02004745
v 0.10000000 -0.17000000 0.02004745
v 0.10000000 -0.16000000 -0.02004745
v 0.10000000 -0.16000000 0.02004745
v 0.10000000 -0.15000000 -0.02004745
v 0.10000000 -0.15000000 0.02004745
v 0.10000000 -0.14000000 -0.02004745
v 0.10000000 -0.14000000 0.02004745
v 0.10000000 -0.13000000 -0.02004745
v 0.10000000 -0.13000000 0.02004745
v 0.10000000 -0.12000000 -0.02004745
v 0.10000000 -0.12000000 0.02004745
v 0.10000000 -0.11000000 -0.02004745
v 0.10000000 -0.11000000 0.02004745
v 0.10000000 -0.10000000 -0.02004745
v 0.10000000 -0.10000000 0.02004745
v 0.10000000 -0.09000000 -0.02004745
v 0.10000000 -0.09000000 0.02004745
v 0.10000000 -0.08000000 -0.02004745
v 0.10000000 -0.08000000 0.02004745
v 0.10000000 -0.07000000 -0.02004745
v 0.10000000 -0.07000000 0.02004745
v 0.10000000 -0.06000000 -0.02004745
v 0.10000000 -0.06000000 0.02004745
v 0.10000000 -0.05000000 -0.02004745
v 0.10000000 -0.05000000 0.02004745
v 0.10000000 -0.04000000 -0.02004745
v 0.10000000 -0.04000000 0.02004745
v 0.10000000 -0.03000000 -0.02004745
v 0.10000000 -0.03000000 0.02004745
v 0.10000000 -0.02000000 -0.02004745
v 0.10000000 -0.02000000 0.02004745
v 0.10000000 -0.01000000 -0.02004745
v 0.10000000 -0.01000000 0.02004745
v 0.10000000 -0.00000000 -0.02004745
v 0.10000000 -0.00000000 0.02004745
v 0.10000000 0.01000000 -0.02004745
v 0.10000000 0.01000000 0.02004745
v 0.10000000 0.02000000 -0.02004745
v 0.10000000 0.02000000 0.02004745
v 0.10000000 0.03000000 -0.02004745
v 0.10000000 0.03000000 0.02004745
v 0.10000000 0.04000000 -0.02004745
v 0.10000000 0.04000000 0.02004745
v 0.10000000 0.05000000 -0.02004745
v 0.10000000 0.05000000 0.02004745
v 0.10000000 0.06000000 -0.02004745
v 0.10000000 0.06000000 0.02004745
v 0.10000000 0.07000000 -0.02004745
v 0.10000000 0.07000000 0.02004745
v 0.10000000 0.08000000 -0.02004745
v 0.10000000 0.08000000 0.02004745
v 0.10000000 0.09000000 -0.02004745
v 0.10000000 0.09000000 0.02004745
v 0.10000000 0.10000000 -0.02004745
v 0.10000000 0.10000000 0.02004745
v 0.10000000 0.11000000 -0.02004745
v 0.10000000 0.11000000 0.02004745
v 0.10000000 0.12000000 -0.02004745
v 0.10000000 0.12000000 0.02004745
v 0.10000000 0.13000000 -0.02004745
v 0.10000000 0.13000000 0.02004745
v 0.10000000 0.14000000 -0.02004745
v 0.10000000 0.14000000 0.02004745
v 0.10000000 0.15000000 -0.02004745
v 0.10000000 0.15000000 0.02004745
v 0.10000000 0.16000000 -0.02004745
v 0.10000000 0.16000000 0.02004745
v 0.10000000 0.17000000 -0.02004745
v 0.10000000 0.17000000 0.02004745
v 0.10000000 0.18000000 -0.02004745
v 0.10000000 0.18000000 0.02004745
v 0.10000000 0.19000000 -0.02004745
v 0.10000000 0.19000000 0.02004745
v 0.10000000 0.20000000 -0.02004745
v 0.10000000 0.20000000 0.02004745
v 0.10000000 0.21000000 -0.02004745
v 0.10000000 0.21000000 0.02004745
v 0.10000000 0.22000000 -0.02004745
v 0.10000000 0.22000000 0.02004745
v 0.10000000 0.23000000 -0.02004745
v 0.10000000 0.23000000 0.02004745
v 0.10000000 0.24000000 -0.02004745
v 0.10000000 0.24000000 0.02004745
v 0.10000000 0.25000000 -0.02004745
v 0.10000000 0.25000000 0.02004745
v 0.10000000 0.26000000 -0.02004745
v 0.10000000 0.26000000 0.02004745
v 0.10000000 0.27000000 -0.02004745
v 0.10000000 0.27000000 0.02004745
v 0.10000000 0.27118942 -0.01464750
v 0.10000000 0.27277977 -0.00464750
v 0.10000000 0.27388378 0.00535250
v 0.10000000 0.27469495 0.01535250
v 0.11000000 -0.27118942 -0.01464750
v 0.11000000 -0.27000000 -0.02004745
v 0.11000000 -0.27277977 -0.00464750
v 0.11000000 -0.27388378 0.00535250
v 0.11000000 -0.27469495 0.01535250
v 0.11000000 -0.27000000 0.02004745
v 0.11000000 -0.26000000 -0.02004745
v 0.11000000 -0.26000000 0.02004745
v 0.11000000 -0.25000000 -0.02004745
v 0.11000000 -0.25000000 0.02004745
v 0.11000000 -0.24000000 -0.02004745
v 0.11000000 -0.24000000 0.02004745
v 0.11000000 -0.23000000 -0.02004745
v 0.11000000 -0.23000000 0.02004745
v 0.11000000 -0.22000000 -0.02004745
v 0.11000000 -0.22000000 0.02004745
v 0.11000000 -0.21000000 -0.02004745
v 0.11000000 -0.21000000 0.02004745
v 0.11000000 -0.20000000 -0.02004745
v 0.11000000 -0.20000000 0.02004745
v 0.11000000 -0.19000000 -0.02004745
v 0.11000000 -0.19000000 0.02004745
v 0.11000000 -0.18000000 -0.02004745
v 0.11000000 -0.18000000 0.02004745
v 0.11000000 -0.17000000 -0.02004745
v 0.11000000 -0.17000000 0.02004745
v 0.11000000 -0.16000000 -0.02004745
v 0.11000000 -0.16000000 0.02004745
v 0.11000000 -0.15000000 -0.02004745
v 0.11000000 -0.15000000 0.02004745
v 0.11000000 -0.14000000 -0.02004745
v 0.11000000 -0.14000000 0.02004745
v 0.11000000 -0.13000000 -0.02004745
v 0.11000000 -0.13000000 0.02004745
v 0.11000000 -0.12000000 -0.02004745
v 0.11000000 -0.12000000 0.02004745
v 0.11000000 -0.11000000 -0.02004745
v 0.11000000 -0.11000000 0.02004745
v 0.11000000 -0.10000000 -0.02004745
v 0.11000000 -0.10000000 0.02004745
v 0.11000000 -0.09000000 -0.02004745
v 0.11000000 -0.09000000 0.02004745
v 0.11000000 -0.08000000 -0.02004745
v 0.11000000 -0.08000000 0.02004745
v 0.11000000 -0.07000000 -0.02004745
v 0.11000000 -0.07000000 0.02004745
v 0.11000000 -0.06000000 -0.02004745
v 0.11000000 -0.06000000 0.02004745
v 0.11000000 -0.05000000 -0.02004745
v 0.11000000 -0.05000000 0.02004745
v 0.11000000 -0.04000000 -0.02004745
v 0.11000000 -0.04000000 0.02004745
v 0.11000000 -0.03000000 -0.02004745
v 0.11000000 -0.03000000 0.02004745
v 0.11000000 -0.02000000 -0.02004745
v 0.11000000 -0.02000000 0.02004745
v 0.11000000 -0.01000000 -0.02004745
v 0.11000000 -0.01000000 0.02004745
v 0.11000000 -0.00000000 -0.02004745
v 0.11000000 -0.00000000 0.02004745
v 0.11000000 0.01000000 -0.02004745
v 0.11000000 0.01000000 0.02004745
v 0.11000000 0.02000000 -0.02004745
v 0.11000000 0.02000000 0.02004745
v 0.11000000 0.03000000 -0.02004745
v 0.11000000 0.03000000 0.02004745
v 0.11000000 0.04000000 -0.02004745
v 0.11000000 0.04000000 0.02004745
v 0.11000000 0.05000000 -0.02004745
v 0.11000000 0.05000000 0.02004745
v 0.11000000 0.06000000 -0.02004745
v 0.11000000 0.06000000 0.02004745
v 0.11000000 0.07000000 -0.02004745
v 0.11000000 0.07000000 0.02004745
v 0.11000000 0.08000000 -0.02004745
v 0.11000000 0.08000000 0.02004745
v 0.11000000 0.09000000 -0.02004745
v 0.11000000 0.09000000 0.02004745
v 0.11000000 0.10000000 -0.02004745
v 0.11000000 0.10000000 0.02004745
v 0.11000000 0.11000000 -0.02004745
v 0.11000000 0.11000000 0.02004745
v 0.11000000 0.12000000 -0.02004745
v 0.11000000 0.12000000 0.02004745
v 0.11000000 0.13000000 -0.02004745
v 0.11000000 0.13000000 0.02004745
v 0.11000000 0.14000000 -0.02004745
v 0.11000000 0.14000000 0.02004745
v 0.11000000 0.15000000 -0.02004745
v 0.11000000 0.15000000 0.02004745
v 0.11000000 0.16000000 -0.02004745
v 0.11000000 0.16000000 0.02004745
v 0.11000000 0.17000000 -0.02004745
v 0.11000000 0.17000000 0.02004745
v 0.11000000 0.18000000 -0.02004745
v 0.11000000 0.18000000 0.02004745
v 0.11000000 0.19000000 -0.02004745
v 0.11000000 0.19000000 0.02004745
v 0.11000000 0.20000000 -0.02004745
v 0.11000000 0.20000000 0.02004745
v 0.11000000 0.21000000 -0.02004745
v 0.11000000 0.21000000 0.02004745
v 0.11000000 0.22000000 -0.02004745
v 0.11000000 0.22000000 0.02004745
v 0.11000000 0.23000000 -0.02004745
v 0.11000000 0.23000000 0.02004745
v 0.11000000 0.24000000 -0.02004745
v 0.11000000 0.24000000 0.02004745
v 0.11000000 0.25000000 -0.02004745
v 0.11000000 0.25000000 0.02004745
v 0.11000000 0.26000000 -0.02004745
v 0.11000000 0.26000000 0.02004745
v 0.11000000 0.27000000 -0.02004745
v 0.11000000 0.27000000 0.02004745
v 0.11000000 0.27118942 -0.01464750
v 0.11000000 0.27277977 -0.00464750
v 0.11000000 0.27388378 0.00535250
v 0.11000000 0.27469495 0.01535250
v 0.12000000 -0.27118942 -0.01464750
v 0.12000000 -0.27000000 -0.02004745
v 0.12000000 -0.27277977 -0.00464750
v 0.12000000 -0.27388378 0.00535250
v 0.12000000 -0.27469495 0.01535250
v 0.12000000 -0.27000000 0.02004745
v 0.12000000 -0.26000000 -0.02004745
v 0.12000000 -0.26000000 0.02004745
v 0.12000000 -0.25000000 -0.02004745
v 0.12000000 -0.25000000 0.02004745
v 0.12000000 -0.24000000 -0.02004745
v 0.12000000 -0.24000000 0.02004745
v 0.12000000 -0.23000000 -0.02004745
v 0.12000000 -0.23000000 0.02004745
v 0.12000000 -0.22000000 -0.02004745
v 0.12000000 -0.22000000 0.02004745
v 0.12000000 -0.21000000 -0.02004745
v 0.12000000 -0.21000000 0.02004745
v 0.12000000 -0.20000000 -0.02004745
v 0.12000000 -0.20000000 0.02004745
v 0.12000000 -0.19000000 -0.02004745
v 0.12000000 -0.19000000 0.02004745
v 0.12000000 -0.18000000 -0.02004745
v 0.12000000 -0.18000000 0.02004745
v 0.12000000 -0.17000000 -0.02004745
v 0.12000000 -0.17000000 0.02004745
v 0.12000000 -0.16000000 -0.02004745
v 0.12000000 -0.16000000 0.02004745
v 0.12000000 -0.15000000 -0.02004745
v 0.12000000 -0.15000000 0.02004745
v 0.12000000 -0.14000000 -0.02004745
v 0.12000000 -0.14000000 0.02004745
v 0.12000000 -0.13000000 -0.02004745
v 0.12000000 -0.13000000 0.02004745
v 0.12000000 -0.12000000 -0.02004745
v 0.12000000 -0.12000000 0.02004745
v 0.12000000 -0.11000000 -0.02004745
v 0.12000000 -0.11000000 0.02004745
v 0.12000000 -0.10000000 -0.02004745
v 0.12000000 -0.10000000 0.02004745
v 0.12000000 -0.09000000 -0.02004745
v 0.12000000 -0.09000000 0.02004745
v 0.12000000 -0.08000000 -0.02004745
v 0.12000000 -0.08000000 0.02004745
v 0.12000000 -0.07000000 -0.02004745
v 0.12000000 -0.07000000 0.02004745
v 0.12000000 -0.06000000 -0.02004745
v 0.12000000 -0.06000000 0.02004745
v 0.12000000 -0.05000000 -0.02004745
v 0.12000000 -0.05000000 0.02004745
v 0.12000000 -0.04000000 -0.02004745
v 0.12000000 -0.04000000 0.02004745
v 0.12000000 -0.03000000 -0.02004745
v 0.12000000 -0.03000000 0.02004745
v 0.12000000 -0.02000000 -0.02004745
v 0.12000000 -0.02000000 0.02004745
v 0.12000000 -0.01000000 -0.02004745
v 0.12000000 -0.01000000 0.02004745
v 0.12000000 -0.00000000 -0.02004745
v 0.12000000 -0.00000000 0.02004745
v 0.12000000 0.01000000 -0.02004745
v 0.12000000 0.01000000 0.02004745
v 0.12000000 0.02000000 -0.02004745
v 0.12000000 0.02000000 0.02004745
v 0.12000000 0.03000000 -0.02004745
v 0.12000000 0.03000000 0.02004745
v 0.12000000 0.04000000 -0.02004745
v 0.12000000 0.04000000 0.02004745
v 0.12000000 0.05000000 -0.02004745
v 0.12000000 0.05000000 0.02004745
v 0.12000000 0.06000000 -0.02004745
v 0.12000000 0.06000000 0.02004745
v 0.12000000 0.07000000 -0.02004745
v 0.12000000 0.07000000 0.02004745
v 0.12000000 0.08000000 -0.02004745
v 0.12000000 0.08000000 0.02004745
v 0.12000000 0.09000000 -0.02004745
v 0.12000000 0.09000000 0.02004745
v 0.12000000 0.10000000 -0.02004745
v 0.12000000 0.10000000 0.02004745
v 0.12000000 0.11000000 -0.02004745
v 0.12000000 0.11000000 0.02004745
v 0.12000000 0.12000000 -0.02004745
v 0.12000000 0.12000000 0.02004745
v 0.12000000 0.13000000 -0.02004745
v 0.12000000 0.13000000 0.02004745
v 0.12000000 0.14000000 -0.02004745
v 0.12000000 0.14000000 0.02004745
v 0.12000000 0.15000000 -0.02004745
v 0.12000000 0.15000000 0.02004745
v 0.12000000 0.16000000 -0.02004745
v 0.12000000 0.16000000 0.02004745
v 0.12000000 0.17000000 -0.02004745
v 0.12000000 0.17000000 0.02004745
v 0.12000000 0.18000000 -0.02004745
v 0.12000000 0.18000000 0.02004745
v 0.12000000 0.19000000 -0.02004745
v 0.12000000 0.19000000 0.02004745
v 0.12000000 0.20000000 -0.02004745
v 0.12000000 0.20000000 0.02004745
v 0.12000000 0.21000000 -0.02004745
v 0.12000000 0.21000000 0.02004745
v 0.12000000 0.22000000 -0.02004745
v 0.12000000 0.22000000 0.02004745
v 0.12000000 0.23000000 -0.02004745
v 0.12000000 0.23000000 0.02004745
v 0.12000000 0.24000000 -0.02004745
v 0.12000000 0.24000000 0.02004745
v 0.12000000 0.25000000 -0.02004745
v 0.12000000 0.25000000 0.02004745
v 0.12000000 0.26000000 -0.02004745
v 0.12000000 0.26000000 0.02004745
v 0.12000000 0.27000000 -0.02004745
v 0.12000000 0.27000000 0.02004745
v 0.12000000 0.27118942 -0.01464750
v 0.12000000 0.27277977 -0.00464750
v 0.12000000 0.27388378 0.00535250
v 0.12000000 0.27469495 0.01535250
v 0.13000000 -0.27118942 -0.01464750
v 0.13000000 -0.27000000 -0.02004745
v 0.13000000 -0.27277977 -0.00464750
v 0.13000000 -0.27388378 0.00535250
v 0.13000000 -0.27469495 0.01535250
v 0.13000000 -0.27000000 0.02004745
v 0.13000000 -0.26000000 -0.02004745
v 0.13000000 -0.26000000 0.02004745
v 0.13000000 -0.25000000 -0.02004745
v 0.13000000 -0.25000000 0.02004745
v 0.13000000 -0.24000000 -0.02004745
v 0.13000000 -0.24000000 0.02004745
v 0.13000000 -0.23000000 -0.02004745
v 0.13000000 -0.23000000 0.02004745
v 0.13000000 -0.22000000 -0.02004745
v 0.13000000 -0.22000000 0.02004745
v 0.13000000 -0.21000000 -0.02004745
v 0.13000000 -0.21000000 0.02004745
v 0.13000000 -0.20000000 -0.02004745
v 0.13000000 -0.20000000 0.02004745
v 0.13000000 -0.19000000 -0.02004745
v 0.13000000 -0.19000000 0.02004745
v 0.13000000 -0.18000000 -0.02004745
v 0.13000000 -0.18000000 0.02004745
v 0.13000000 -0.17000000 -0.02004745
v 0.13000000 -0.17000000 0.02004745
v 0.13000000 -0.16000000 -0.02004745
v 0.13000000 -0.16000000 0.02004745
v 0.13000000 -0.15000000 -0.02004745
v 0.13000000 -0.15000000 0.02004745
v 0.13000000 -0.14000000 -0.02004745
v 0.13000000 -0.14000000 0.02004745
v 0.13000000 -0.13000000 -0.02004745
v 0.13000000 -0.13000000 0.02004745
v 0.13000000 -0.12000000 -0.02004745
v 0.13000000 -0.12000000 0.02004745
v 0.13000000 -0.11000000 -0.02004745
v 0.13000000 -0.11000000 0.02004745
v 0.13000000 -0.10000000 -0.02004745
v 0.13000000 -0.10000000 0.02004745
v 0.13000000 -0.09000000 -0.02004745
v 0.13000000 -0.09000000 0.02004745
v 0.13000000 -0.08000000 -0.02004745
v 0.13000000 -0.08000000 0.02004745
v 0.13000000 -0.07000000 -0.02004745
v 0.13000000 -0.07000000 0.02004745
v 0.13000000 -0.06000000 -0.02004745
v 0.13000000 -0.06000000 0.02004745
v 0.13000000 -0.05000000 -0.02004745
v 0.13000000 -0.05000000 0.02004745
v 0.13000000 -0.04000000 -0.02004745
v 0.13000000 -0.04000000 0.02004745
v 0.13000000 -0.03000000 -0.02004745
v 0.13000000 -0.03000000 0.02004745
v 0.13000000 -0.02000000 -0.02004745
v 0.13000000 -0.02000000 0.02004745
v 0.13000000 -0.01000000 -0.02004745
v 0.13000000 -0.01000000 0.02004745
v 0.13000000 -0.00000000 -0.02004745
v 0.13000000 -0.00000000 0.02004745
v 0.13000000 0.01000000 -0.02004745
v 0.13000000 0.01000000 0.02004745
v 0.13000000 0.02000000 -0.02004745
v 0.13000000 0.02000000 0.02004745
v 0.13000000 0.03000000 -0.02004745
v 0.13000000 0.03000000 0.02004745
v 0.13000000 0.04000000 -0.02004745
v 0.13000000 0.04000000 0.02004745
v 0.13000000 0.05000000 -0.02004745
v 0.13000000 0.05000000 0.02004745
v 0.13000000 0.06000000 -0.02004745
v 0.13000000 0.06000000 0.02004745
v 0.13000000 0.07000000 -0.02004745
v 0.13000000 0.07000000 0.02004745
v 0.13000000 0.08000000 -0.02004745
v 0.13000000 0.08000000 0.02004745
v 0.13000000 0.09000000 -0.02004745
v 0.13000000 0.09000000 0.02004745
v 0.13000000 0.10000000 -0.02004745
v 0.13000000 0.10000000 0.02004745
v 0.13000000 0.11000000 -0.02004745
v 0.13000000 0.11000000 0.02004745
v 0.13000000 0.12000000 -0.02004745
v 0.13000000 0.12000000 0.02004745
v 0.13000000 0.13000000 -0.02004745
v 0.13000000 0.13000000 0.02004745
v 0.13000000 0.14000000 -0.02004745
v 0.13000000 0.14000000 0.02004745
v 0.13000000 0.15000000 -0.02004745
v 0.13000000 0.15000000 0.02004745
v 0.13000000 0.16000000 -0.02004745
v 0.13000000 0.16000000 0.02004745
v 0.13000000 0.17000000 -0.02004745
v 0.13000000 0.17000000 0.02004745
v 0.13000000 0.18000000 -0.02004745
v 0.13000000 0.18000000 0.02004745
v 0.13000000 0.19000000 -0.02004745
v 0.13000000 0.19000000 0.02004745
v 0.13000000 0.20000000 -0.02004745
v 0.13000000 0.20000000 0.02004745
v 0.13000000 0.21000000 -0.02004745
v 0.13000000 0.21000000 0.02004745
v 0.13000000 0.22000000 -0.02004745
v 0.13000000 0.22000000 0.02004745
v 0.13000000 0.23000000 -0.02004745
v 0.13000000 0.23000000 0.02004745
v 0.13000000 0.24000000 -0.02004745
v 0.13000000 0.24000000 0.02004745
v 0.13000000 0.25000000 -0.02004745
v 0.13000000 0.25000000 0.02004745
v 0.13000000 0.26000000 -0.02004745
v 0.13000000 0.26000000 0.02004745
v 0.13000000 0.27000000 -0.02004745
v 0.13000000 0.27000000 0.02004745
v 0.13000000 0.27118942 -0.01464750
v 0.13000000 0.27277977 -0.00464750
v 0.13000000 0.27388378 0.00535250
v 0.13000000 0.27469495 0.01535250
v 0.14000000 -0.27118942 -0.01464750
v 0.14000000 -0.27000000 -0.02004745
v 0.14000000 -0.27277977 -0.00464750
v 0.14000000 -0.27388378 0.00535250
v 0.14000000 -0.27469495 0.01535250
v 0.14000000 -0.27000000 0.02004745
v 0.14000000 -0.26000000 -0.02004745
v 0.14000000 -0.26000000 0.02004745
v 0.14000000 -0.25000000 -0.02004745
v 0.14000000 -0.25000000 0.02004745
v 0.14000000 -0.24000000 -0.02004745
v 0.14000000 -0.24000000 0.02004745
v 0.14000000 -0.23000000 -0.02004745
v 0.14000000 -0.23000000 0.02004745
v 0.14000000 -0.22000000 -0.02004745
v 0.14000000 -0.22000000 0.02004745
v 0.14000000 -0.21000000 -0.02004745
v 0.14000000 -0.21000000 0.02004745
v 0.14000000 -0.20000000 -0.02004745
v 0.14000000 -0.20000000 0.02004745
v 0.14000000 -0.19000000 -0.02004745
v 0.14000000 -0.19000000 0.02004745
v 0.14000000 -0.18000000 -0.02004745
v 0.14000000 -0.18000000 0.02004745
v 0.14000000 -0.17000000 -0.02004745
v 0.14000000 -0.17000000 0.02004745
v 0.14000000 -0.16000000 -0.02004745
v 0.14000000 -0.16000000 0.02004745
v 0.14000000 -0.15000000 -0.02004745
v 0.14000000 -0.15000000 0.02004745
v 0.14000000 -0.14000000 -0.02004745
v 0.14000000 -0.14000000 0.02004745
v 0.14000000 -0.13000000 -0.02004745
v 0.14000000 -0.13000000 0.02004745
v 0.14000000 -0.12000000 -0.02004745
v 0.14000000 -0.12000000 0.02004745
v 0.14000000 -0.11000000 -0.02004745
v 0.14000000 -0.11000000 0.02004745
v 0.14000000 -0.10000000 -0.02004745
v 0.14000000 -0.10000000 0.02004745
v 0.14000000 -0.09000000 -0.02004745
v 0.14000000 -0.09000000 0.02004745
v 0.14000000 -0.08000000 -0.02004745
v 0.14000000 -0.08000000 0.02004745
v 0.14000000 -0.07000000 -0.02004745
v 0.14000000 -0.07000000 0.02004745
v 0.14000000 -0.06000000 -0.02004745
v 0.14000000 -0.06000000 0.02004745
v 0.14000000 -0.05000000 -0.02004745
v 0.14000000 -0.05000000 0.02004745
v 0.14000000 -0.04000000 -0.02004745
v 0.14000000 -0.04000000 0.02004745
v 0.14000000 -0.03000000 -0.02004745
v 0.14000000 -0.03000000 0.02004745
v 0.14000000 -0.02000000 -0.02004745
v 0.14000000 -0.02000000 0.02004745
v 0.14000000 -0.01000000 -0.02004745
v 0.14000000 -0.01000000 0.02004745
v 0.14000000 -0.00000000 -0.02004745
v 0.14000000 -0.00000000 0.02004745
v 0.14000000 0.01000000 -0.02004745
v 0.14000000 0.01000000 0.02004745
v 0.14000000 0.02000000 -0.02004745
v 0.14000000 0.02000000 0.02004745
v 0.14000000 0.03000000 -0.02004745
v 0.14000000 0.03000000 0.02004745
v 0.14000000 0.04000000 -0.02004745
v 0.14000000 0.04000000 0.02004745
v 0.14000000 0.05000000 -0.02004745
v 0.14000000 0.05000000 0.02004745
v 0.14000000 0.06000000 -0.02004745
v 0.14000000 0.06000000 0.02004745
v 0.14000000 0.07000000 -0.02004745
v 0.14000000 0.07000000 0.02004745
v 0.14000000 0.08000000 -0.02004745
v 0.14000000 0.08000000 0.02004745
v 0.14000000 0.09000000 -0.02004745
v 0.14000000 0.09000000 0.02004745
v 0.14000000 0.10000000 -0.02004745
v 0.14000000 0.10000000 0.02004745
v 0.14000000 0.11000000 -0.02004745
v 0.14000000 0.11000000 0.02004745
v 0.14000000 0.12000000 -0.02004745
v 0.14000000 0.12000000 0.02004745
v 0.14000000 0.13000000 -0.02004745
v 0.14000000 0.13000000 0.02004745
v 0.14000000 0.14000000 -0.02004745
v 0.14000000 0.14000000 0.02004745
v 0.14000000 0.15000000 -0.02004745
v 0.14000000 0.15000000 0.02004745
v 0.14000000 0.16000000 -0.02004745
v 0.14000000 0.16000000 0.02004745
v 0.14000000 0.17000000 -0.02004745
v 0.14000000 0.17000000 0.02004745
v 0.14000000 0.18000000 -0.02004745
v 0.14000000 0.18000000 0.02004745
v 0.14000000 0.19000000 -0.02004745
v 0.14000000 0.19000000 0.02004745
v 0.14000000 0.20000000 -0.02004745
v 0.14000000 0.20000000 0.02004745
v 0.14000000 0.21000000 -0.02004745
v 0.14000000 0.21000000 0.02004745
v 0.14000000 0.22000000 -0.02004745
v 0.14000000 0.22000000 0.02004745
v 0.14000000 0.23000000 -0.02004745
v 0.14000000 0.23000000 0.02004745
v 0.14000000 0.24000000 -0.02004745
v 0.14000000 0.24000000 0.02004745
v 0.14000000 0.25000000 -0.02004745
v 0.14000000 0.25000000 0.02004745
v 0.14000000 0.26000000 -0.02004745
v 0.14000000 0.26000000 0.02004745
v 0.14000000 0.27000000 -0.02004745
v 0.14000000 0.27000000 0.02004745
v 0.14000000 0.27118942 -0.01464750
v 0.14000000 0.27277977 -0.00464750
v 0.14000000 0.27388378 0.00535250
v 0.14000000 0.27469495 0.01535250
v 0.15000000 -0.27118942 -0.01464750
v 0.15000000 -0.27000000 -0.02004745
v 0.15000000 -0.27277977 -0.00464750
v 0.15000000 -0.27388378 0.00535250
v 0.15000000 -0.27469495 0.01535250
v 0.15000000 -0.27000000 0.02004745
v 0.15000000 -0.26000000 -0.02004745
v 0.15000000 -0.26000000 0.02004745
v 0.15000000 -0.25000000 -0.02004745
v 0.15000000 -0.25000000 0.02004745
v 0.15000000 -0.24000000 -0.02004745
v 0.15000000 -0.24000000 0.02004745
v 0.15000000 -0.23000000 -0.02004745
v 0.15000000 -0.23000000 0.02004745
v 0.15000000 -0.22000000 -0.02004745
v 0.15000000 -0.22000000 0.02004745
v 0.15000000 -0.21000000 -0.02004745
v 0.15000000 -0.21000000 0.02004745
v 0.15000000 -0.20000000 -0.02004745
v 0.15000000 -0.20000000 0.02004745
v 0.15000000 -0.19000000 -0.02004745
v 0.15000000 -0.19000000 0.02004745
v 0.15000000 -0.18000000 -0.02004745
v 0.15000000 -0.18000000 0.02004745
v 0.15000000 -0.17000000 -0.02004745
v 0.15000000 -0.17000000 0.02004745
v 0.15000000 -0.16000000 -0.02004745
v 0.15000000 -0.16000000 0.02004745
v 0.15000000 -0.15000000 -0.02004745
v 0.15000000 -0.15000000 0.02004745
v 0.15000000 -0.14000000 -0.02004745
v 0.15000000 -0.14000000 0.02004745
v 0.15000000 -0.13000000 -0.02004745
v 0.15000000 -0.13000000 0.02004745
v 0.15000000 -0.12000000 -0.02004745
v 0.15000000 -0.12000000 0.02004745
v 0.15000000 -0.11000000 -0.02004745
v 0.15000000 -0.11000000 0.02004745
v 0.15000000 -0.10000000 -0.02004745
v 0.15000000 -0.10000000 0.02004745
v 0.15000000 -0.09000000 -0.02004745
v 0.15000000 -0.09000000 0.02004745
v 0.15000000 -0.08000000 -0.02004745
v 0.15000000 -0.08000000 0.02004745
v 0.15000000 -0.07000000 -0.02004745
v 0.15000000 -0.07000000 0.02004745
v 0.15000000 -0.06000000 -0.02004745
v 0.15000000 -0.06000000 0.02004745
v 0.15000000 -0.05000000 -0.02004745
v 0.15000000 -0.05000000 0.02004745
v 0.15000000 -0.04000000 -0.02004745
v 0.15000000 -0.04000000 0.02004745
v 0.15000000 -0.03000000 -0.02004745
v 0.15000000 -0.03000000 0.02004745
v 0.15000000 -0.02000000 -0.02004745
v 0.15000000 -0.02000000 0.02004745
v 0.15000000 -0.01000000 -0.02004745
v 0.15000000 -0.01000000 0.02004745
v 0.15000000 -0.00000000 -0.02004745
v 0.15000000 -0.00000000 0.02004745
v 0.15000000 0.01000000 -0.02004745
v 0.15000000 0.01000000 0.02004745
v 0.15000000 0.02000000 -0.02004745
v 0.15000000 0.02000000 0.02004745
v 0.15000000 0.03000000 -0.02004745
v 0.15000000 0.03000000 0.02004745
v 0.15000000 0.04000000 -0.02004745
v 0.15000000 0.04000000 0.02004745
v 0.15000000 0.05000000 -0.02004745
v 0.15000000 0.05000000 0.02004745
v 0.15000000 0.06000000 -0.02004745
v 0.15000000 0.06000000 0.02004745
v 0.15000000 0.07000000 -0.02004745
v 0.15000000 0.07000000 0.02004745
v 0.15000000 0.08000000 -0.02004745
v 0.15000000 0.08000000 0.02004745
v 0.15000000 0.09000000 -0.02004745
v 0.15000000 0.09000000 0.02004745
v 0.15000000 0.10000000 -0.02004745
v 0.15000000 0.10000000 0.02004745
v 0.15000000 0.11000000 -0.02004745
v 0.15000000 0.11000000 0.02004745
v 0.15000000 0.12000000 -0.02004745
v 0.15000000 0.12000000 0.02004745
v 0.15000000 0.13000000 -0.02004745
v 0.15000000 0.13000000 0.02004745
v 0.15000000 0.14000000 -0.02004745
v 0.15000000 0.14000000 0.02004745
v 0.15000000 0.15000000 -0.02004745
v 0.15000000 0.15000000 0.02004745
v 0.15000000 0.16000000 -0.02004745
v 0.15000000 0.16000000 0.02004745
v 0.15000000 0.17000000 -0.02004745
v 0.15000000 0.17000000 0.02004745
v 0.15000000 0.18000000 -0.02004745
v 0.15000000 0.18000000 0.02004745
v 0.15000000 0.19000000 -0.02004745
v 0.15000000 0.19000000 0.02004745
v 0.15000000 0.20000000 -0.02004745
v 0.15000000 0.20000000 0.02004745
v 0.15000000 0.21000000 -0.02004745
v 0.15000000 0.21000000 0.02004745
v 0.15000000 0.22000000 -0.02004745
v 0.15000000 0.22000000 0.02004745
v 0.15000000 0.23000000 -0.02004745
v 0.15000000 0.23000000 0.02004745
v 0.15000000 0.24000000 -0.02004745
v 0.15000000 0.24000000 0.02004745
v 0.15000000 0.25000000 -0.02004745
v 0.15000000 0.25000000 0.02004745
v 0.15000000 0.26000000 -0.02004745
v 0.15000000 0.26000000 0.02004745
v 0.15000000 0.27000000 -0.02004745
v 0.15000000 0.27000000 0.02004745
v 0.15000000 0.27118942 -0.01464750
v 0.15000000 0.27277977 -0.00464750
v 0.15000000 0.27388378 0.00535250
v 0.15000000 0.27469495 0.01535250
v 0.16000000 -0.27118942 -0.01464750
v 0.16000000 -0.27000000 -0.02004745
v 0.16000000 -0.27277977 -0.00464750
v 0.16000000 -0.27388378 0.00535250
v 0.16000000 -0.27469495 0.01535250
v 0.16000000 -0.27000000 0.02004745
v 0.16000000 -0.26000000 -0.02004745
v 0.16000000 -0.26000000 0.02004745
v 0.16000000 -0.25000000 -0.02004745
v 0.16000000 -0.25000000 0.02004745
v 0.16000000 -0.24000000 -0.02004745
v 0.16000000 -0.24000000 0.02004745
v 0.16000000 -0.23000000 -0.02004745
v 0.16000000 -0.23000000 0.02004745
v 0.16000000 -0.22000000 -0.02004745
v 0.16000000 -0.22000000 0.02004745
v 0.16000000 -0.21000000 -0.02004745
v 0.16000000 -0.21000000 0.02004745
v 0.16000000 -0.20000000 -0.02004745
v 0.16000000 -0.20000000 0.02004745
v 0.16000000 -0.19000000 -0.02004745
v 0.16000000 -0.19000000 0.02004745
v 0.16000000 -0.18000000 -0.02004745
v 0.16000000 -0.18000000 0.02004745
v 0.16000000 -0.17000000 -0.02004745
v 0.16000000 -0.17000000 0.02004745
v 0.16000000 -0.16000000 -0.02004745
v 0.16000000 -0.16000000 0.02004745
v 0.16000000 -0.15000000 -0.02004745
v 0.16000000 -0.15000000 0.02004745
v 0.16000000 -0.14000000 -0.02004745
v 0.16000000 -0.14000000 0.02004745
v 0.16000000 -0.13000000 -0.02004745
v 0.16000000 -0.13000000 0.02004745
v 0.16000000 -0.12000000 -0.02004745
v 0.16000000 -0.12000000 0.02004745
v 0.16000000 -0.11000000 -0.02004745
v 0.16000000 -0.11000000 0.02004745
v 0.16000000 -0.10000000 -0.02004745
v 0.16000000 -0.10000000 0.02004745
v 0.16000000 -0.09000000 -0.02004745
v 0.16000000 -0.09000000 0.02004745
v 0.16000000 -0.08000000 -0.02004745
v 0.16000000 -0.08000000 0.02004745
v 0.16000000 -0.07000000 -0.02004745
v 0.16000000 -0.07000000 0.02004745
v 0.16000000 -0.06000000 -0.02004745
v 0.16000000 -0.06000000 0.02004745
v 0.16000000 -0.05000000 -0.02004745
v 0.16000000 -0.05000000 0.02004745
v 0.16000000 -0.04000000 -0.02004745
v 0.16000000 -0.04000000 0.02004745
v 0.16000000 -0.03000000 -0.02004745
v 0.16000000 -0.03000000 0.02004745
v 0.16000000 -0.02000000 -0.02004745
v 0.16000000 -0.02000000 0.02004745
v 0.16000000 -0.01000000 -0.02004745
v 0.16000000 -0.01000000 0.02004745
v 0.16000000 -0.00000000 -0.02004745
v 0.16000000 -0.00000000 0.02004745
v 0.16000000 0.01000000 -0.02004745
v 0.16000000 0.01000000 0.02004745
v 0.16000000 0.02000000 -0.02004745
v 0.16000000 0.02000000 0.02004745
v 0.16000000 0.03000000 -0.02004745
v 0.16000000 0.03000000 0.02004745
v 0.16000000 0.04000000 -0.02004745
v 0.16000000 0.04000000 0.02004745
v 0.16000000 0.05000000 -0.02004745
v 0.16000000 0.05000000 0.02004745
v 0.16000000 0.06000000 -0.02004745
v 0.16000000 0.06000000 0.02004745
v 0.16000000 0.07000000 -0.02004745
v 0.16000000 0.07000000 0.02004745
v 0.16000000 0.08000000 -0.02004745
v 0.16000000 0.08000000 0.02004745
v 0.16000000 0.09000000 -0.02004745
v 0.16000000 0.09000000 0.02004745
v 0.16000000 0.10000000 -0.02004745
v 0.16000000 0.10000000 0.02004745
v 0.16000000 0.11000000 -0.02004745
v 0.16000000 0.11000000 0.02004745
v 0.16000000 0.12000000 -0.02004745
v 0.16000000 0.12000000 0.02004745
v 0.16000000 0.13000000 -0.02004745
v 0.16000000 0.13000000 0.02004745
v 0.16000000 0.14000000 -0.02004745
v 0.16000000 0.14000000 0.02004745
v 0.16000000 0.15000000 -0.02004745
v 0.16000000 0.15000000 0.02004745
v 0.16000000 0.16000000 -0.02004745
v 0.16000000 0.16000000 0.02004745
v 0.16000000 0.17000000 -0.02004745
v 0.16000000 0.17000000 0.02004745
v 0.16000000 0.18000000 -0.02004745
v 0.16000000 0.18000000 0.02004745
v 0.16000000 0.19000000 -0.02004745
v 0.16000000 0.19000000 0.02004745
v 0.16000000 0.20000000 -0.02004745
v 0.16000000 0.20000000 0.02004745
v 0.16000000 0.21000000 -0.02004745
v 0.16000000 0.21000000 0.02004745
v 0.16000000 0.22000000 -0.02004745
v 0.16000000 0.22000000 0.02004745
v 0.16000000 0.23000000 -0.02004745
v 0.16000000 0.23000000 0.02004745
v 0.16000000 0.24000000 -0.02004745
v 0.16000000 0.24000000 0.02004745
v 0.16000000 0.25000000 -0.02004745
v 0.16000000 0.25000000 0.02004745
v 0.16000000 0.26000000 -0.02004745
v 0.16000000 0.26000000 0.02004745
v 0.16000000 0.27000000 -0.02004745
v 0.16000000 0.27000000 0.02004745
v 0.16000000 0.27118942 -0.01464750
v 0.16000000 0.27277977 -0.00464750
v 0.16000000 0.27388378 0.00535250
v 0.16000000 0.27469495 0.01535250
v 0.17000000 -0.27118942 -0.01464750
v 0.17000000 -0.27000000 -0.02004745
v 0.17000000 -0.27277977 -0.00464750
v 0.17000000 -0.27388378 0.00535250
v 0.17000000 -0.27469495 0.01535250
v 0.17000000 -0.27000000 0.02004745
v 0.17000000 -0.26000000 -0.02004745
v 0.17000000 -0.26000000 0.02004745
v 0.17000000 -0.25000000 -0.02004745
v 0.17000000 -0.25000000 0.02004745
v 0.17000000 -0.24000000 -0.02004745
v 0.17000000 -0.24000000 0.02004745
v 0.17000000 -0.23000000 -0.02004745
v 0.17000000 -0.23000000 0.02004745
v 0.17000000 -0.22000000 -0.02004745
v 0.17000000 -0.22000000 0.02004745
v 0.17000000 -0.21000000 -0.02004745
v 0.17000000 -0.21000000 0.02004745
v 0.17000000 -0.20000000 -0.02004745
v 0.17000000 -0.20000000 0.02004745
v 0.17000000 -0.19000000 -0.02004745
v 0.17000000 -0.19000000 0.02004745
v 0.17000000 -0.18000000 -0.02004745
v 0.17000000 -0.18000000 0.02004745
v 0.17000000 -0.17000000 -0.02004745
v 0.17000000 -0.17000000 0.02004745
v 0.17000000 -0.16000000 -0.02004745
v 0.17000000 -0.16000000 0.02004745
v 0.17000000 -0.15000000 -0.02004745
v 0.17000000 -0.15000000 0.02004745
v 0.17000000 -0.14000000 -0.02004745
v 0.17000000 -0.14000000 0.02004745
v 0.17000000 -0.13000000 -0.02004745
v 0.17000000 -0.13000000 0.02004745
v 0.17000000 -0.12000000 -0.02004745
v 0.17000000 -0.12000000 0.02004745
v 0.17000000 -0.11000000 -0.02004745
v 0.17000000 -0.11000000 0.02004745
v 0.17000000 -0.10000000 -0.02004745
v 0.17000000 -0.10000000 0.02004745
v 0.17000000 -0.09000000 -0.02004745
v 0.17000000 -0.09000000 0.02004745
v 0.17000000 -0.08000000 -0.02004745
v 0.17000000 -0.08000000 0.02004745
v 0.17000000 -0.07000000 -0.02004745
v 0.17000000 -0.07000000 0.02004745
v 0.17000000 -0.06000000 -0.02004745
v 0.17000000 -0.06000000 0.02004745
v 0.17000000 -0.05000000 -0.02004745
v 0.17000000 -0.05000000 0.02004745
v 0.17000000 -0.04000000 -0.02004745
v 0.17000000 -0.04000000 0.02004745
v 0.17000000 -0.03000000 -0.02004745
v 0.17000000 -0.03000000 0.02004745
v 0.17000000 -0.02000000 -0.02004745
v 0.17000000 -0.02000000 0.02004745
v 0.17000000 -0.01000000 -0.02004745
v 0.17000000 -0.01000000 0.02004745
v 0.17000000 -0.00000000 -0.02004745
v 0.17000000 -0.00000000 0.02004745
v 0.17000000 0.01000000 -0.02004745
v 0.17000000 0.01000000 0.02004745
v 0.17000000 0.02000000 -0.02004745
v 0.17000000 0.02000000 0.02004745
v 0.17000000 0.03000000 -0.02004745
v 0.17000000 0.03000000 0.02004745
v 0.17000000 0.04000000 -0.02004745
v 0.17000000 0.04000000 0.02004745
v 0.17000000 0.05000000 -0.02004745
v 0.17000000 0.05000000 0.02004745
v 0.17000000 0.06000000 -0.02004745
v 0.17000000 0.06000000 0.02004745
v 0.17000000 0.07000000 -0.02004745
v 0.17000000 0.07000000 0.02004745
v 0.17000000 0.08000000 -0.02004745
v 0.17000000 0.08000000 0.02004745
v 0.17000000 0.09000000 -0.02004745
v 0.17000000 0.09000000 0.02004745
v 0.17000000 0.10000000 -0.02004745
v 0.17000000 0.10000000 0.02004745
v 0.17000000 0.11000000 -0.02004745
v 0.17000000 0.11000000 0.02004745
v 0.17000000 0.12000000 -0.02004745
v 0.17000000 0.12000000 0.02004745
v 0.17000000 0.13000000 -0.02004745
v 0.17000000 0.13000000 0.02004745
v 0.17000000 0.14000000 -0.02004745
v 0.17000000 0.14000000 0.02004745
v 0.17000000 0.15000000 -0.02004745
v 0.17000000 0.15000000 0.02004745
v 0.17000000 0.16000000 -0.02004745
v 0.17000000 0.16000000 0.02004745
v 0.17000000 0.17000000 -0.02004745
v 0.17000000 0.17000000 0.02004745
v 0.17000000 0.18000000 -0.02004745
v 0.17000000 0.18000000 0.02004745
v 0.17000000 0.19000000 -0.02004745
v 0.17000000 0.19000000 0.02004745
v 0.17000000 0.20000000 -0.02004745
v 0.17000000 0.20000000 0.02004745
v 0.17000000 0.21000000 -0.02004745
v 0.17000000 0.21000000 0.02004745
v 0.17000000 0.22000000 -0.02004745
v 0.17000000 0.22000000 0.02004745
v 0.17000000 0.23000000 -0.02004745
v 0.17000000 0.23000000 0.02004745
v 0.17000000 0.24000000 -0.02004745
v 0.17000000 0.24000000 0.02004745
v 0.17000000 0.25000000 -0.02004745
v 0.17000000 0.25000000 0.02004745
v 0.17000000 0.26000000 -0.02004745
v 0.17000000 0.26000000 0.02004745
v 0.17000000 0.27000000 -0.02004745
v 0.17000000 0.27000000 0.02004745
v 0.17000000 0.27118942 -0.01464750
v 0.17000000 0.27277977 -0.00464750
v 0.17000000 0.27388378 0.00535250
v 0.17000000 0.27469495 0.01535250
v 0.18000000 -0.27118942 -0.01464750
v 0.18000000 -0.27000000 -0.02004745
v 0.18000000 -0.27277977 -0.00464750
v 0.18000000 -0.27388378 0.00535250
v 0.18000000 -0.27469495 0.01535250
v 0.18000000 -0.27000000 0.02004745
v 0.18000000 -0.26000000 -0.02004745
v 0.18000000 -0.26000000 0.02004745
v 0.18000000 -0.25000000 -0.02004745
v 0.18000000 -0.25000000 0.02004745
v 0.18000000 -0.24000000 -0.02004745
v 0.18000000 -0.24000000 0.02004745
v 0.18000000 -0.23000000 -0.02004745
v 0.18000000 -0.23000000 0.02004745
v 0.18000000 -0.22000000 -0.02004745
v 0.18000000 -0.22000000 0.02004745
v 0.18000000 -0.21000000 -0.02004745
v 0.18000000 -0.21000000 0.02004745
v 0.18000000 -0.20000000 -0.02004745
v 0.18000000 -0.20000000 0.02004745
v 0.18000000 -0.19000000 -0.02004745
v 0.18000000 -0.19000000 0.02004745
v 0.18000000 -0.18000000 -0.02004745
v 0.18000000 -0.18000000 0.02004745
v 0.18000000 -0.17000000 -0.02004745
v 0.18000000 -0.17000000 0.02004745
v 0.18000000 -0.16000000 -0.02004745
v 0.18000000 -0.16000000 0.02004745
v 0.18000000 -0.15000000 -0.02004745
v 0.18000000 -0.15000000 0.02004745
v 0.18000000 -0.14000000 -0.02004745
v 0.18000000 -0.14000000 0.02004745
v 0.18000000 -0.13000000 -0.02004745
v 0.18000000 -0.13000000 0.02004745
v 0.18000000 -0.12000000 -0.02004745
v 0.18000000 -0.12000000 0.02004745
v 0.18000000 -0.11000000 -0.02004745
v 0.18000000 -0.11000000 0.02004745
v 0.18000000 -0.10000000 -0.02004745
v 0.18000000 -0.10000000 0.02004745
v 0.18000000 -0.09000000 -0.02004745
v 0.18000000 -0.09000000 0.02004745
v 0.18000000 -0.08000000 -0.02004745
v 0.18000000 -0.08000000 0.02004745
v 0.18000000 -0.07000000 -0.02004745
v 0.18000000 -0.07000000 0.02004745
v 0.18000000 -0.06000000 -0.02004745
v 0.18000000 -0.06000000 0.02004745
v 0.18000000 -0.05000000 -0.02004745
v 0.18000000 -0.05000000 0.02004745
v 0.18000000 -0.04000000 -0.02004745
v 0.18000000 -0.04000000 0.02004745
v 0.18000000 -0.03000000 -0.02004745
v 0.18000000 -0.03000000 0.02004745
v 0.18000000 -0.02000000 -0.02004745
v 0.18000000 -0.02000000 0.02004745
v 0.18000000 -0.01000000 -0.02004745
v 0.18000000 -0.01000000 0.02004745
v 0.18000000 -0.00000000 -0.02004745
v 0.18000000 -0.00000000 0.02004745
v 0.18000000 0.01000000 -0.02004745
v 0.18000000 0.01000000 0.02004745
v 0.18000000 0.02000000 -0.02004745
v 0.18000000 0.02000000 0.02004745
v 0.18000000 0.03000000 -0.02004745
v 0.18000000 0.03000000 0.02004745
v 0.18000000 0.04000000 -0.02004745
v 0.18000000 0.04000000 0.02004745
v 0.18000000 0.05000000 -0.02004745
v 0.18000000 0.05000000 0.02004745
v 0.18000000 0.06000000 -0.02004745
v 0.18000000 0.06000000 0.02004745
v 0.18000000 0.07000000 -0.02004745
v 0.18000000 0.07000000 0.02004745
v 0.18000000 0.08000000 -0.02004745
v 0.18000000 0.08000000 0.02004745
v 0.18000000 0.09000000 -0.02004745
v 0.18000000 0.09000000 0.02004745
v 0.18000000 0.10000000 -0.02004745
v 0.18000000 0.10000000 0.02004745
v 0.18000000 0.11000000 -0.02004745
v 0.18000000 0.11000000 0.02004745
v 0.18000000 0.12000000 -0.02004745
v 0.18000000 0.12000000 0.02004745
v 0.18000000 0.13000000 -0.02004745
v 0.18000000 0.13000000 0.02004745
v 0.18000000 0.14000000 -0.02004745
v 0.18000000 0.14000000 0.02004745
v 0.18000000 0.15000000 -0.02004745
v 0.18000000 0.15000000 0.02004745
v 0.18000000 0.16000000 -0.02004745
v 0.18000000 0.16000000 0.02004745
v 0.18000000 0.17000000 -0.02004745
v 0.18000000 0.17000000 0.02004745
v 0.18000000 0.18000000 -0.02004745
v 0.18000000 0.18000000 0.02004745
v 0.18000000 0.19000000 -0.02004745
v 0.18000000 0.19000000 0.02004745
v 0.18000000 0.20000000 -0.02004745
v 0.18000000 0.20000000 0.02004745
v 0.18000000 0.21000000 -0.02004745
v 0.18000000 0.21000000 0.02004745
v 0.18000000 0.22000000 -0.02004745
v 0.18000000 0.22000000 0.02004745
v 0.18000000 0.23000000 -0.02004745
v 0.18000000 0.23000000 0.02004745
v 0.18000000 0.24000000 -0.02004745
v 0.18000000 0.24000000 0.02004745
v 0.18000000 0.25000000 -0.02004745
v 0.18000000 0.25000000 0.02004745
v 0.18000000 0.26000000 -0.02004745
v 0.18000000 0.26000000 0.02004745
v 0.18000000 0.27000000 -0.02004745
v 0.18000000 0.27000000 0.02004745
v 0.18000000 0.27118942 -0.01464750
v 0.18000000 0.27277977 -0.00464750
v 0.18000000 0.27388378 0.00535250
v 0.18000000 0.27469495 0.01535250
v 0.19000000 -0.27118942 -0.01464750
v 0.19000000 -0.27000000 -0.02004745
v 0.19000000 -0.27277977 -0.00464750
v 0.19000000 -0.27388378 0.00535250
v 0.19000000 -0.27469495 0.01535250
v 0.19000000 -0.27000000 0.02004745
v 0.19000000 -0.26000000 -0.02004745
v 0.19000000 -0.26000000 0.02004745
v 0.19000000 -0.25000000 -0.02004745
v 0.19000000 -0.25000000 0.02004745
v 0.19000000 -0.24000000 -0.02004745
v 0.19000000 -0.24000000 0.02004745
v 0.19000000 -0.23000000 -0.02004745
v 0.19000000 -0.23000000 0.02004745
v 0.19000000 -0.22000000 -0.02004745
v 0.19000000 -0.22000000 0.02004745
v 0.19000000 -0.21000000 -0.02004745
v 0.19000000 -0.21000000 0.02004745
v 0.19000000 -0.20000000 -0.02004745
v 0.19000000 -0.20000000 0.02004745
v 0.19000000 -0.19000000 -0.02004745
v 0.19000000 -0.19000000 0.02004745
v 0.19000000 -0.18000000 -0.02004745
v 0.19000000 -0.18000000 0.02004745
v 0.19000000 -0.17000000 -0.02004745
v 0.19000000 -0.17000000 0.02004745
v 0.19000000 -0.16000000 -0.02004745
v 0.19000000 -0.16000000 0.02004745
v 0.19000000 -0.15000000 -0.02004745
v 0.19000000 -0.15000000 0.02004745
v 0.19000000 -0.14000000 -0.02004745
v 0.19000000 -0.14000000 0.02004745
v 0.19000000 -0.13000000 -0.02004745
v 0.19000000 -0.13000000 0.02004745
v 0.19000000 -0.12000000 -0.02004745
v 0.19000000 -0.12000000 0.02004745
v 0.19000000 -0.11000000 -0.02004745
v 0.19000000 -0.11000000 0.02004745
v 0.19000000 -0.10000000 -0.02004745
v 0.19000000 -0.10000000 0.02004745
v 0.19000000 -0.09000000 -0.02004745
v 0.19000000 -0.09000000 0.02004745
v 0.19000000 -0.08000000 -0.02004745
v 0.19000000 -0.08000000 0.02004745
v 0.19000000 -0.07000000 -0.02004745
v 0.19000000 -0.07000000 0.02004745
v 0.19000000 -0.06000000 -0.02004745
v 0.19000000 -0.06000000 0.02004745
v 0.19000000 -0.05000000 -0.02004745
v 0.19000000 -0.05000000 0.02004745
v 0.19000000 -0.04000000 -0.02004745
v 0.19000000 -0.04000000 0.02004745
v 0.19000000 -0.03000000 -0.02004745
v 0.19000000 -0.03000000 0.02004745
v 0.19000000 -0.02000000 -0.02004745
v 0.19000000 -0.02000000 0.02004745
v 0.19000000 -0.01000000 -0.02004745
v 0.19000000 -0.01000000 0.02004745
v 0.19000000 -0.00000000 -0.02004745
v 0.19000000 -0.00000000 0.02004745
v 0.19000000 0.01000000 -0.02004745
v 0.19000000 0.01000000 0.02004745
v 0.19000000 0.02000000 -0.02004745
v 0.19000000 0.02000000 0.02004745
v 0.19000000 0.03000000 -0.02004745
v 0.19000000 0.03000000 0.02004745
v 0.19000000 0.04000000 -0.02004745
v 0.19000000 0.04000000 0.02004745
v 0.19000000 0.05000000 -0.02004745
v 0.19000000 0.05000000 0.02004745
v 0.19000000 0.06000000 -0.02004745
v 0.19000000 0.06000000 0.02004745
v 0.19000000 0.07000000 -0.02004745
v 0.19000000 0.07000000 0.02004745
v 0.19000000 0.08000000 -0.02004745
v 0.19000000 0.08000000 0.02004745
v 0.19000000 0.09000000 -0.02004745
v 0.19000000 0.09000000 0.02004745
v 0.19000000 0.10000000 -0.02004745
v 0.19000000 0.10000000 0.02004745
v 0.19000000 0.11000000 -0.02004745
v 0.19000000 0.11000000 0.02004745
v 0.19000000 0.12000000 -0.02004745
v 0.19000000 0.12000000 0.02004745
v 0.19000000 0.13000000 -0.02004745
v 0.19000000 0.13000000 0.02004745
v 0.19000000 0.14000000 -0.02004745
v 0.19000000 0.14000000 0.02004745
v 0.19000000 0.15000000 -0.02004745
v 0.19000000 0.15000000 0.02004745
v 0.19000000 0.16000000 -0.02004745
v 0.19000000 0.16000000 0.02004745
v 0.19000000 0.17000000 -0.02004745
v 0.19000000 0.17000000 0.02004745
v 0.19000000 0.18000000 -0.02004745
v 0.19000000 0.18000000 0.02004745
v 0.19000000 0.19000000 -0.02004745
v 0.19000000 0.19000000 0.02004745
v 0.19000000 0.20000000 -0.02004745
v 0.19000000 0.20000000 0.02004745
v 0.19000000 0.21000000 -0.02004745
v 0.19000000 0.21000000 0.02004745
v 0.19000000 0.22000000 -0.02004745
v 0.19000000 0.22000000 0.02004745
v 0.19000000 0.23000000 -0.02004745
v 0.19000000 0.23000000 0.02004745
v 0.19000000 0.24000000 -0.02004745
v 0.19000000 0.24000000 0.02004745
v 0.19000000 0.25000000 -0.02004745
v 0.19000000 0.25000000 0.02004745
v 0.19000000 0.26000000 -0.02004745
v 0.19000000 0.26000000 0.02004745
v 0.19000000 0.27000000 -0.02004745
v 0.19000000 0.27000000 0.02004745
v 0.19000000 0.27118942 -0.01464750
v 0.19000000 0.27277977 -0.00464750
v 0.19000000 0.27388378 0.00535250
v 0.19000000 0.27469495 0.01535250
v 0.20000000 -0.27118942 -0.01464750
v 0.20000000 -0.27000000 -0.02004745
v 0.20000000 -0.27277977 -0.00464750
v 0.20000000 -0.27388378 0.00535250
v 0.20000000 -0.27469495 0.01535250
v 0.20000000 -0.27000000 0.02004745
v 0.20000000 -0.26000000 -0.02004745
v 0.20000000 -0.26000000 0.02004745
v 0.20000000 -0.25000000 -0.02004745
v 0.20000000 -0.25000000 0.02004745
v 0.20000000 -0.24000000 -0.02004745
v 0.20000000 -0.24000000 0.02004745
v 0.20000000 -0.23000000 -0.02004745
v 0.20000000 -0.23000000 0.02004745
v 0.20000000 -0.22000000 -0.02004745
v 0.20000000 -0.22000000 0.02004745
v 0.20000000 -0.21000000 -0.02004745
v 0.20000000 -0.21000000 0.02004745
v 0.20000000 -0.20000000 -0.02004745
v 0.20000000 -0.20000000 0.02004745
v 0.20000000 -0.19000000 -0.02004745
v 0.20000000 -0.19000000 0.02004745
v 0.20000000 -0.18000000 -0.02004745
v 0.20000000 -0.18000000 0.02004745
v 0.20000000 -0.17000000 -0.02004745
v 0.20000000 -0.17000000 0.02004745
v 0.20000000 -0.16000000 -0.02004745
v 0.20000000 -0.16000000 0.02004745
v 0.20000000 -0.15000000 -0.02004745
v 0.20000000 -0.15000000 0.02004745
v 0.20000000 -0.14000000 -0.02004745
v 0.20000000 -0.14000000 0.02004745
v 0.20000000 -0.13000000 -0.02004745
v 0.20000000 -0.13000000 0.02004745
v 0.20000000 -0.12000000 -0.02004745
v 0.20000000 -0.12000000 0.02004745
v 0.20000000 -0.11000000 -0.02004745
v 0.20000000 -0.11000000 0.02004745
v 0.20000000 -0.10000000 -0.02004745
v 0.20000000 -0.10000000 0.02004745
v 0.20000000 -0.09000000 -0.02004745
v 0.20000000 -0.09000000 0.02004745
v 0.20000000 -0.08000000 -0.02004745
v 0.20000000 -0.08000000 0.02004745
v 0.20000000 -0.07000000 -0.02004745
v 0.20000000 -0.07000000 0.02004745
v 0.20000000 -0.06000000 -0.02004745
v 0.20000000 -0.06000000 0.02004745
v 0.20000000 -0.05000000 -0.02004745
v 0.20000000 -0.05000000 0.02004745
v 0.20000000 -0.04000000 -0.02004745
v 0.20000000 -0.04000000 0.02004745
v 0.20000000 -0.03000000 -0.02004745
v 0.20000000 -0.03000000 0.02004745
v 0.20000000 -0.02000000 -0.02004745
v 0.20000000 -0.02000000 0.02004745
v 0.20000000 -0.01000000 -0.02004745
v 0.20000000 -0.01000000 0.02004745
v 0.20000000 -0.00000000 -0.02004745
v 0.20000000 -0.00000000 0.02004745
v 0.20000000 0.01000000 -0.02004745
v 0.20000000 0.01000000 0.02004745
v 0.20000000 0.02000000 -0.02004745
v 0.20000000 0.02000000 0.02004745
v 0.20000000 0.03000000 -0.02004745
v 0.20000000 0.03000000 0.02004745
v 0.20000000 0.04000000 -0.02004745
v 0.20000000 0.04000000 0.02004745
v 0.20000000 0.05000000 -0.02004745
v 0.20000000 0.05000000 0.02004745
v 0.20000000 0.06000000 -0.02004745
v 0.20000000 0.06000000 0.02004745
v 0.20000000 0.07000000 -0.02004745
v 0.20000000 0.07000000 0.02004745
v 0.20000000 0.08000000 -0.02004745
v 0.20000000 0.08000000 0.02004745
v 0.20000000 0.09000000 -0.02004745
v 0.20000000 0.09000000 0.02004745
v 0.20000000 0.10000000 -0.02004745
v 0.20000000 0.10000000 0.02004745
v 0.20000000 0.11000000 -0.02004745
v 0.20000000 0.11000000 0.02004745
v 0.20000000 0.12000000 -0.02004745
v 0.20000000 0.12000000 0.02004745
v 0.20000000 0.13000000 -0.02004745
v 0.20000000 0.13000000 0.02004745
v 0.20000000 0.14000000 -0.02004745
v 0.20000000 0.14000000 0.02004745
v 0.20000000 0.15000000 -0.02004745
v 0.20000000 0.15000000 0.02004745
v 0.20000000 0.16000000 -0.02004745
v 0.20000000 0.16000000 0.02004745
v 0.20000000 0.17000000 -0.02004745
v 0.20000000 0.17000000 0.02004745
v 0.20000000 0.18000000 -0.02004745
v 0.20000000 0.18000000 0.02004745
v 0.20000000 0.19000000 -0.02004745
v 0.20000000 0.19000000 0.02004745
v 0.20000000 0.20000000 -0.02004745
v 0.20000000 0.20000000 0.02004745
v 0.20000000 0.21000000 -0.02004745
v 0.20000000 0.21000000 0.02004745
v 0.20000000 0.22000000 -0.02004745
v 0.20000000 0.22000000 0.02004745
v 0.20000000 0.23000000 -0.02004745
v 0.20000000 0.23000000 0.02004745
v 0.20000000 0.24000000 -0.02004745
v 0.20000000 0.24000000 0.02004745
v 0.20000000 0.25000000 -0.02004745
v 0.20000000 0.25000000 0.02004745
v 0.20000000 0.26000000 -0.02004745
v 0.20000000 0.26000000 0.02004745
v 0.20000000 0.27000000 -0.02004745
v 0.20000000 0.27000000 0.02004745
v 0.20000000 0.27118942 -0.01464750
v 0.20000000 0.27277977 -0.00464750
v 0.20000000 0.27388378 0.00535250
v 0.20000000 0.27469495 0.01535250
v 0.21000000 -0.27118942 -0.01464750
v 0.21000000 -0.27000000 -0.02004745
v 0.21000000 -0.27277977 -0.00464750
v 0.21000000 -0.27388378 0.00535250
v 0.21000000 -0.27469495 0.01535250
v 0.21000000 -0.27000000 0.02004745
v 0.21000000 -0.26000000 -0.02004745
v 0.21000000 -0.26000000 0.02004745
v 0.21000000 -0.25000000 -0.02004745
v 0.21000000 -0.25000000 0.02004745
v 0.21000000 -0.24000000 -0.02004745
v 0.21000000 -0.24000000 0.02004745
v 0.21000000 -0.23000000 -0.02004745
v 0.21000000 -0.23000000 0.02004745
v 0.21000000 -0.22000000 -0.02004745
v 0.21000000 -0.22000000 0.02004745
v 0.21000000 -0.21000000 -0.02004745
v 0.21000000 -0.21000000 0.02004745
v 0.21000000 -0.20000000 -0.02004745
v 0.21000000 -0.20000000 0.02004745
v 0.21000000 -0.19000000 -0.02004745
v 0.21000000 -0.19000000 0.02004745
v 0.21000000 -0.18000000 -0.02004745
v 0.21000000 -0.18000000 0.02004745
v 0.21000000 -0.17000000 -0.02004745
v 0.21000000 -0.17000000 0.02004745
v 0.21000000 -0.16000000 -0.02004745
v 0.21000000 -0.16000000 0.02004745
v 0.21000000 -0.15000000 -0.02004745
v 0.21000000 -0.15000000 0.02004745
v 0.21000000 -0.14000000 -0.02004745
v 0.21000000 -0.14000000 0.02004745
v 0.21000000 -0.13000000 -0.02004745
v 0.21000000 -0.13000000 0.02004745
v 0.21000000 -0.12000000 -0.02004745
v 0.21000000 -0.12000000 0.02004745
v 0.21000000 -0.11000000 -0.02004745
v 0.21000000 -0.11000000 0.02004745
v 0.21000000 -0.10000000 -0.02004745
v 0.21000000 -0.10000000 0.02004745
v 0.21000000 -0.09000000 -0.02004745
v 0.21000000 -0.09000000 0.02004745
v 0.21000000 -0.08000000 -0.02004745
v 0.21000000 -0.08000000 0.02004745
v 0.21000000 -0.07000000 -0.02004745
v 0.21000000 -0.07000000 0.02004745
v 0.21000000 -0.06000000 -0.02004745
v 0.21000000 -0.06000000 0.02004745
v 0.21000000 -0.05000000 -0.02004745
v 0.21000000 -0.05000000 0.02004745
v 0.21000000 -0.04000000 -0.02004745
v 0.21000000 -0.04000000 0.02004745
v 0.21000000 -0.03000000 -0.02004745
v 0.21000000 -0.03000000 0.02004745
v 0.21000000 -0.02000000 -0.02004745
v 0.21000000 -0.02000000 0.02004745
v 0.21000000 -0.01000000 -0.02004745
v 0.21000000 -0.01000000 0.02004745
v 0.21000000 -0.00000000 -0.02004745
v 0.21000000 -0.00000000 0.02004745
v 0.21000000 0.01000000 -0.02004745
v 0.21000000 0.01000000 0.02004745
v 0.21000000 0.02000000 -0.02004745
v 0.21000000 0.02000000 0.02004745
v 0.21000000 0.03000000 -0.02004745
v 0.21000000 0.03000000 0.02004745
v 0.21000000 0.04000000 -0.02004745
v 0.21000000 0.04000000 0.02004745
v 0.21000000 0.05000000 -0.02004745
v 0.21000000 0.05000000 0.02004745
v 0.21000000 0.06000000 -0.02004745
v 0.21000000 0.06000000 0.02004745
v 0.21000000 0.07000000 -0.02004745
v 0.21000000 0.07000000 0.02004745
v 0.21000000 0.08000000 -0.02004745
v 0.21000000 0.08000000 0.02004745
v 0.21000000 0.09000000 -0.02004745
v 0.21000000 0.09000000 0.02004745
v 0.21000000 0.10000000 -0.02004745
v 0.21000000 0.10000000 0.02004745
v 0.21000000 0.11000000 -0.02004745
v 0.21000000 0.11000000 0.02004745
v 0.21000000 0.12000000 -0.02004745
v 0.21000000 0.12000000 0.02004745
v 0.21000000 0.13000000 -0.02004745
v 0.21000000 0.13000000 0.02004745
v 0.21000000 0.14000000 -0.02004745
v 0.21000000 0.14000000 0.02004745
v 0.21000000 0.15000000 -0.02004745
v 0.21000000 0.15000000 0.02004745
v 0.21000000 0.16000000 -0.02004745
v 0.21000000 0.16000000 0.02004745
v 0.21000000 0.17000000 -0.02004745
v 0.21000000 0.17000000 0.02004745
v 0.21000000 0.18000000 -0.02004745
v 0.21000000 0.18000000 0.02004745
v 0.21000000 0.19000000 -0.02004745
v 0.21000000 0.19000000 0.02004745
v 0.21000000 0.20000000 -0.02004745
v 0.21000000 0.20000000 0.02004745
v 0.21000000 0.21000000 -0.02004745
v 0.21000000 0.21000000 0.02004745
v 0.21000000 0.22000000 -0.02004745
v 0.21000000 0.22000000 0.02004745
v 0.21000000 0.23000000 -0.02004745
v 0.21000000 0.23000000 0.02004745
v 0.21000000 0.24000000 -0.02004745
v 0.21000000 0.24000000 0.02004745
v 0.21000000 0.25000000 -0.02004745
v 0.21000000 0.25000000 0.02004745
v 0.21000000 0.26000000 -0.02004745
v 0.21000000 0.26000000 0.02004745
v 0.21000000 0.27000000 -0.02004745
v 0.21000000 0.27000000 0.02004745
v 0.21000000 0.27118942 -0.01464750
v 0.21000000 0.27277977 -0.00464750
v 0.21000000 0.27388378 0.00535250
v 0.21000000 0.27469495 0.01535250
v 0.22000000 -0.27118942 -0.01464750
v 0.22000000 -0.27000000 -0.02004745
v 0.22000000 -0.27277977 -0.00464750
v 0.22000000 -0.27388378 0.00535250
v 0.22000000 -0.27469495 0.01535250
v 0.22000000 -0.27000000 0.02004745
v 0.22000000 -0.26000000 -0.02004745
v 0.22000000 -0.26000000 0.02004745
v 0.22000000 -0.25000000 -0.02004745
v 0.22000000 -0.25000000 0.02004745
v 0.22000000 -0.24000000 -0.02004745
v 0.22000000 -0.24000000 0.02004745
v 0.22000000 -0.23000000 -0.02004745
v 0.22000000 -0.23000000 0.02004745
v 0.22000000 -0.22000000 -0.02004745
v 0.22000000 -0.22000000 0.02004745
v 0.22000000 -0.21000000 -0.02004745
v 0.22000000 -0.21000000 0.02004745
v 0.22000000 -0.20000000 -0.02004745
v 0.22000000 -0.20000000 0.02004745
v 0.22000000 -0.19000000 -0.02004745
v 0.22000000 -0.19000000 0.02004745
v 0.22000000 -0.18000000 -0.02004745
v 0.22000000 -0.18000000 0.02004745
v 0.22000000 -0.17000000 -0.02004745
v 0.22000000 -0.17000000 0.02004745
v 0.22000000 -0.16000000 -0.02004745
v 0.22000000 -0.16000000 0.02004745
v 0.22000000 -0.15000000 -0.02004745
v 0.22000000 -0.15000000 0.02004745
v 0.22000000 -0.14000000 -0.02004745
v 0.22000000 -0.14000000 0.02004745
v 0.22000000 -0.13000000 -0.02004745
v 0.22000000 -0.13000000 0.02004745
v 0.22000000 -0.12000000 -0.02004745
v 0.22000000 -0.12000000 0.02004745
v 0.22000000 -0.11000000 -0.02004745
v 0.22000000 -0.11000000 0.02004745
v 0.22000000 -0.10000000 -0.02004745
v 0.22000000 -0.10000000 0.02004745
v 0.22000000 -0.09000000 -0.02004745
v 0.22000000 -0.09000000 0.02004745
v 0.22000000 -0.08000000 -0.02004745
v 0.22000000 -0.08000000 0.02004745
v 0.22000000 -0.07000000 -0.02004745
v 0.22000000 -0.07000000 0.02004745
v 0.22000000 -0.06000000 -0.02004745
v 0.22000000 -0.06000000 0.02004745
v 0.22000000 -0.05000000 -0.02004745
v 0.22000000 -0.05000000 0.02004745
v 0.22000000 -0.04000000 -0.02004745
v 0.22000000 -0.04000000 0.02004745
v 0.22000000 -0.03000000 -0.02004745
v 0.22000000 -0.03000000 0.02004745
v 0.22000000 -0.02000000 -0.02004745
v 0.22000000 -0.02000000 0.02004745
v 0.22000000 -0.01000000 -0.02004745
v 0.22000000 -0.01000000 0.02004745
v 0.22000000 -0.00000000 -0.02004745
v 0.22000000 -0.00000000 0.02004745
v 0.22000000 0.01000000 -0.02004745
v 0.22000000 0.01000000 0.02004745
v 0.22000000 0.02000000 -0.02004745
v 0.22000000 0.02000000 0.02004745
v 0.22000000 0.03000000 -0.02004745
v 0.22000000 0.03000000 0.02004745
v 0.22000000 0.04000000 -0.02004745
v 0.22000000 0.04000000 0.02004745
v 0.22000000 0.05000000 -0.02004745
v 0.22000000 0.05000000 0.02004745
v 0.22000000 0.06000000 -0.02004745
v 0.22000000 0.06000000 0.02004745
v 0.22000000 0.07000000 -0.02004745
v 0.22000000 0.07000000 0.02004745
v 0.22000000 0.08000000 -0.02004745
v 0.22000000 0.08000000 0.02004745
v 0.22000000 0.09000000 -0.02004745
v 0.22000000 0.09000000 0.02004745
v 0.22000000 0.10000000 -0.02004745
v 0.22000000 0.10000000 0.02004745
v 0.22000000 0.11000000 -0.02004745
v 0.22000000 0.11000000 0.02004745
v 0.22000000 0.12000000 -0.02004745
v 0.22000000 0.12000000 0.02004745
v 0.22000000 0.13000000 -0.02004745
v 0.22000000 0.13000000 0.02004745
v 0.22000000 0.14000000 -0.02004745
v 0.22000000 0.14000000 0.02004745
v 0.22000000 0.15000000 -0.02004745
v 0.22000000 0.15000000 0.02004745
v 0.22000000 0.16000000 -0.02004745
v 0.22000000 0.16000000 0.02004745
v 0.22000000 0.17000000 -0.02004745
v 0.22000000 0.17000000 0.02004745
v 0.22000000 0.18000000 -0.02004745
v 0.22000000 0.18000000 0.02004745
v 0.22000000 0.19000000 -0.02004745
v 0.22000000 0.19000000 0.02004745
v 0.22000000 0.20000000 -0.02004745
v 0.22000000 0.20000000 0.02004745
v 0.22000000 0.21000000 -0.02004745
v 0.22000000 0.21000000 0.02004745
v 0.22000000 0.22000000 -0.02004745
v 0.22000000 0.22000000 0.02004745
v 0.22000000 0.23000000 -0.02004745
v 0.22000000 0.23000000 0.02004745
v 0.22000000 0.24000000 -0.02004745
v 0.22000000 0.24000000 0.02004745
v 0.22000000 0.25000000 -0.02004745
v 0.22000000 0.25000000 0.02004745
v 0.22000000 0.26000000 -0.02004745
v 0.22000000 0.26000000 0.02004745
v 0.22000000 0.27000000 -0.02004745
v 0.22000000 0.27000000 0.02004745
v 0.22000000 0.27118942 -0.01464750
v 0.22000000 0.27277977 -0.00464750
v 0.22000000 0.27388378 0.00535250
v 0.22000000 0.27469495 0.01535250
v 0.23000000 -0.27118942 -0.01464750
v 0.23000000 -0.27000000 -0.02004745
v 0.23000000 -0.27277977 -0.00464750
v 0.23000000 -0.27388378 0.00535250
v 0.23000000 -0.27469495 0.01535250
v 0.23000000 -0.27000000 0.02004745
v 0.23000000 -0.26000000 -0.02004745
v 0.23000000 -0.26000000 0.02004745
v 0.23000000 -0.25000000 -0.02004745
v 0.23000000 -0.25000000 0.02004745
v 0.23000000 -0.24000000 -0.02004745
v 0.23000000 -0.24000000 0.02004745
v 0.23000000 -0.23000000 -0.02004745
v 0.23000000 -0.23000000 0.02004745
v 0.23000000 -0.22000000 -0.02004745
v 0.23000000 -0.22000000 0.02004745
v 0.23000000 -0.21000000 -0.02004745
v 0.23000000 -0.21000000 0.02004745
v 0.23000000 -0.20000000 -0.02004745
v 0.23000000 -0.20000000 0.02004745
v 0.23000000 -0.19000000 -0.02004745
v 0.23000000 -0.19000000 0.02004745
v 0.23000000 -0.18000000 -0.02004745
v 0.23000000 -0.18000000 0.02004745
v 0.23000000 -0.17000000 -0.02004745
v 0.23000000 -0.17000000 0.02004745
v 0.23000000 -0.16000000 -0.02004745
v 0.23000000 -0.16000000 0.02004745
v 0.23000000 -0.15000000 -0.02004745
v 0.23000000 -0.15000000 0.02004745
v 0.23000000 -0.14000000 -0.02004745
v 0.23000000 -0.14000000 0.02004745
v 0.23000000 -0.13000000 -0.02004745
v 0.23000000 -0.13000000 0.02004745
v 0.23000000 -0.12000000 -0.02004745
v 0.23000000 -0.12000000 0.02004745
v 0.23000000 -0.11000000 -0.02004745
v 0.23000000 -0.11000000 0.02004745
v 0.23000000 -0.10000000 -0.02004745
v 0.23000000 -0.10000000 0.02004745
v 0.23000000 -0.09000000 -0.02004745
v 0.23000000 -0.09000000 0.02004745
v 0.23000000 -0.08000000 -0.02004745
v 0.23000000 -0.08000000 0.02004745
v 0.23000000 -0.07000000 -0.02004745
v 0.23000000 -0.07000000 0.02004745
v 0.23000000 -0.06000000 -0.02004745
v 0.23000000 -0.06000000 0.02004745
v 0.23000000 -0.05000000 -0.02004745
v 0.23000000 -0.05000000 0.02004745
v 0.23000000 -0.04000000 -0.02004745
v 0.23000000 -0.04000000 0.02004745
v 0.23000000 -0.03000000 -0.02004745
v 0.23000000 -0.03000000 0.02004745
v 0.23000000 -0.02000000 -0.02004745
v 0.23000000 -0.02000000 0.02004745
v 0.23000000 -0.01000000 -0.02004745
v 0.23000000 -0.01000000 0.02004745
v 0.23000000 -0.00000000 -0.02004745
v 0.23000000 -0.00000000 0.02004745
v 0.23000000 0.01000000 -0.02004745
v 0.23000000 0.01000000 0.02004745
v 0.23000000 0.02000000 -0.02004745
v 0.23000000 0.02000000 0.02004745
v 0.23000000 0.03000000 -0.02004745
v 0.23000000 0.03000000 0.02004745
v 0.23000000 0.04000000 -0.02004745
v 0.23000000 0.04000000 0.02004745
v 0.23000000 0.05000000 -0.02004745
v 0.23000000 0.05000000 0.02004745
v 0.23000000 0.06000000 -0.02004745
v 0.23000000 0.06000000 0.02004745
v 0.23000000 0.07000000 -0.02004745
v 0.23000000 0.07000000 0.02004745
v 0.23000000 0.08000000 -0.02004745
v 0.23000000 0.08000000 0.02004745
v 0.23000000 0.09000000 -0.02004745
v 0.23000000 0.09000000 0.02004745
v 0.23000000 0.10000000 -0.02004745
v 0.23000000 0.10000000 0.02004745
v 0.23000000 0.11000000 -0.02004745
v 0.23000000 0.11000000 0.02004745
v 0.23000000 0.12000000 -0.02004745
v 0.23000000 0.12000000 0.02004745
v 0.23000000 0.13000000 -0.02004745
v 0.23000000 0.13000000 0.02004745
v 0.23000000 0.14000000 -0.02004745
v 0.23000000 0.14000000 0.02004745
v 0.23000000 0.15000000 -0.02004745
v 0.23000000 0.15000000 0.02004745
v 0.23000000 0.16000000 -0.02004745
v 0.23000000 0.16000000 0.02004745
v 0.23000000 0.17000000 -0.02004745
v 0.23000000 0.17000000 0.02004745
v 0.23000000 0.18000000 -0.02004745
v 0.23000000 0.18000000 0.02004745
v 0.23000000 0.19000000 -0.02004745
v 0.23000000 0.19000000 0.02004745
v 0.23000000 0.20000000 -0.02004745
v 0.23000000 0.20000000 0.02004745
v 0.23000000 0.21000000 -0.02004745
v 0.23000000 0.21000000 0.02004745
v 0.23000000 0.22000000 -0.02004745
v 0.23000000 0.22000000 0.02004745
v 0.23000000 0.23000000 -0.02004745
v 0.23000000 0.23000000 0.02004745
v 0.23000000 0.24000000 -0.02004745
v 0.23000000 0.24000000 0.02004745
v 0.23000000 0.25000000 -0.02004745
v 0.23000000 0.25000000 0.02004745
v 0.23000000 0.26000000 -0.02004745
v 0.23000000 0.26000000 0.02004745
v 0.23000000 0.27000000 -0.02004745
v 0.23000000 0.27000000 0.02004745
v 0.23000000 0.27118942 -0.01464750
v 0.23000000 0.27277977 -0.00464750
v 0.23000000 0.27388378 0.00535250
v 0.23000000 0.27469495 0.01535250
v 0.24000000 -0.27118942 -0.01464750
v 0.24000000 -0.27000000 -0.02004745
v 0.24000000 -0.27277977 -0.00464750
v 0.24000000 -0.27388378 0.00535250
v 0.24000000 -0.27469495 0.01535250
v 0.24000000 -0.27000000 0.02004745
v 0.24000000 -0.26000000 -0.02004745
v 0.24000000 -0.26000000 0.02004745
v 0.24000000 -0.25000000 -0.02004745
v 0.24000000 -0.25000000 0.02004745
v 0.24000000 -0.24000000 -0.02004745
v 0.24000000 -0.24000000 0.02004745
v 0.24000000 -0.23000000 -0.02004745
v 0.24000000 -0.23000000 0.02004745
v 0.24000000 -0.22000000 -0.02004745
v 0.24000000 -0.22000000 0.02004745
v 0.24000000 -0.21000000 -0.02004745
v 0.24000000 -0.21000000 0.02004745
v 0.24000000 -0.20000000 -0.02004745
v 0.24000000 -0.20000000 0.02004745
v 0.24000000 -0.19000000 -0.02004745
v 0.24000000 -0.19000000 0.02004745
v 0.24000000 -0.18000000 -0.02004745
v 0.24000000 -0.18000000 0.02004745
v 0.24000000 -0.17000000 -0.02004745
v 0.24000000 -0.17000000 0.02004745
v 0.24000000 -0.16000000 -0.02004745
v 0.24000000 -0.16000000 0.02004745
v 0.24000000 -0.15000000 -0.02004745
v 0.24000000 -0.15000000 0.02004745
v 0.24000000 -0.14000000 -0.02004745
v 0.24000000 -0.14000000 0.02004745
v 0.24000000 -0.13000000 -0.02004745
v 0.24000000 -0.13000000 0.02004745
v 0.24000000 -0.12000000 -0.02004745
v 0.24000000 -0.12000000 0.02004745
v 0.24000000 -0.11000000 -0.02004745
v 0.24000000 -0.11000000 0.02004745
v 0.24000000 -0.10000000 -0.02004745
v 0.24000000 -0.10000000 0.02004745
v 0.24000000 -0.09000000 -0.02004745
v 0.24000000 -0.09000000 0.02004745
v 0.24000000 -0.08000000 -0.02004745
v 0.24000000 -0.08000000 0.02004745
v 0.24000000 -0.07000000 -0.02004745
v 0.24000000 -0.07000000 0.02004745
v 0.24000000 -0.06000000 -0.02004745
v 0.24000000 -0.06000000 0.02004745
v 0.24000000 -0.05000000 -0.02004745
v 0.24000000 -0.05000000 0.02004745
v 0.24000000 -0.04000000 -0.02004745
v 0.24000000 -0.04000000 0.02004745
v 0.24000000 -0.03000000 -0.02004745
v 0.24000000 -0.03000000 0.02004745
v 0.24000000 -0.02000000 -0.02004745
v 0.24000000 -0.02000000 0.02004745
v 0.24000000 -0.01000000 -0.02004745
v 0.24000000 -0.01000000 0.02004745
v 0.24000000 -0.00000000 -0.02004745
v 0.24000000 -0.00000000 0.02004745
v 0.24000000 0.01000000 -0.02004745
v 0.24000000 0.01000000 0.02004745
v 0.24000000 0.02000000 -0.02004745
v 0.24000000 0.02000000 0.02004745
v 0.24000000 0.03000000 -0.02004745
v 0.24000000 0.03000000 0.02004745
v 0.24000000 0.04000000 -0.02004745
v 0.24000000 0.04000000 0.02004745
v 0.24000000 0.05000000 -0.02004745
v 0.24000000 0.05000000 0.02004745
v 0.24000000 0.06000000 -0.02004745
v 0.24000000 0.06000000 0.02004745
v 0.24000000 0.07000000 -0.02004745
v 0.24000000 0.07000000 0.02004745
v 0.24000000 0.08000000 -0.02004745
v 0.24000000 0.08000000 0.02004745
v 0.24000000 0.09000000 -0.02004745
v 0.24000000 0.09000000 0.02004745
v 0.24000000 0.10000000 -0.02004745
v 0.24000000 0.10000000 0.02004745
v 0.24000000 0.11000000 -0.02004745
v 0.24000000 0.11000000 0.02004745
v 0.24000000 0.12000000 -0.02004745
v 0.24000000 0.12000000 0.02004745
v 0.24000000 0.13000000 -0.02004745
v 0.24000000 0.13000000 0.02004745
v 0.24000000 0.14000000 -0.02004745
v 0.24000000 0.14000000 0.02004745
v 0.24000000 0.15000000 -0.02004745
v 0.24000000 0.15000000 0.02004745
v 0.24000000 0.16000000 -0.02004745
v 0.24000000 0.16000000 0.02004745
v 0.24000000 0.17000000 -0.02004745
v 0.24000000 0.17000000 0.02004745
v 0.24000000 0.18000000 -0.02004745
v 0.24000000 0.18000000 0.02004745
v 0.24000000 0.19000000 -0.02004745
v 0.24000000 0.19000000 0.02004745
v 0.24000000 0.20000000 -0.02004745
v 0.24000000 0.20000000 0.02004745
v 0.24000000 0.21000000 -0.02004745
v 0.24000000 0.21000000 0.02004745
v 0.24000000 0.22000000 -0.02004745
v 0.24000000 0.22000000 0.02004745
v 0.24000000 0.23000000 -0.02004745
v 0.24000000 0.23000000 0.02004745
v 0.24000000 0.24000000 -0.02004745
v 0.24000000 0.24000000 0.02004745
v 0.24000000 0.25000000 -0.02004745
v 0.24000000 0.25000000 0.02004745
v 0.24000000 0.26000000 -0.02004745
v 0.24000000 0.26000000 0.02004745
v 0.24000000 0.27000000 -0.02004745
v 0.24000000 0.27000000 0.02004745
v 0.24000000 0.27118942 -0.01464750
v 0.24000000 0.27277977 -0.00464750
v 0.24000000 0.27388378 0.00535250
v 0.24000000 0.27469495 0.01535250
v 0.25000000 -0.27118942 -0.01464750
v 0.25000000 -0.27000000 -0.02004745
v 0.25000000 -0.27277977 -0.00464750
v 0.25000000 -0.27388378 0.00535250
v 0.25000000 -0.27469495 0.01535250
v 0.25000000 -0.27000000 0.02004745
v 0.25000000 -0.26000000 -0.02004745
v 0.25000000 -0.26000000 0.02004745
v 0.25000000 -0.25000000 -0.02004745
v 0.25000000 -0.25000000 0.02004745
v 0.25000000 -0.24000000 -0.02004745
v 0.25000000 -0.24000000 0.02004745
v 0.25000000 -0.23000000 -0.02004745
v 0.25000000 -0.23000000 0.02004745
v 0.25000000 -0.22000000 -0.02004745
v 0.25000000 -0.22000000 0.02004745
v 0.25000000 -0.21000000 -0.02004745
v 0.25000000 -0.21000000 0.02004745
v 0.25000000 -0.20000000 -0.02004745
v 0.25000000 -0.20000000 0.02004745
v 0.25000000 -0.19000000 -0.02004745
v 0.25000000 -0.19000000 0.02004745
v 0.25000000 -0.18000000 -0.02004745
v 0.25000000 -0.18000000 0.02004745
v 0.25000000 -0.17000000 -0.02004745
v 0.25000000 -0.17000000 0.02004745
v 0.25000000 -0.16000000 -0.02004745
v 0.25000000 -0.16000000 0.02004745
v 0.25000000 -0.15000000 -0.02004745
v 0.25000000 -0.15000000 0.02004745
v 0.25000000 -0.14000000 -0.02004745
v 0.25000000 -0.14000000 0.02004745
v 0.25000000 -0.13000000 -0.02004745
v 0.25000000 -0.13000000 0.02004745
v 0.25000000 -0.12000000 -0.02004745
v 0.25000000 -0.12000000 0.02004745
v 0.25000000 -0.11000000 -0.02004745
v 0.25000000 -0.11000000 0.02004745
v 0.25000000 -0.10000000 -0.02004745
v 0.25000000 -0.10000000 0.02004745
v 0.25000000 -0.09000000 -0.02004745
v 0.25000000 -0.09000000 0.02004745
v 0.25000000 -0.08000000 -0.02004745
v 0.25000000 -0.08000000 0.02004745
v 0.25000000 -0.07000000 -0.02004745
v 0.25000000 -0.07000000 0.02004745
v 0.25000000 -0.06000000 -0.02004745
v 0.25000000 -0.06000000 0.02004745
v 0.25000000 -0.05000000 -0.02004745
v 0.25000000 -0.05000000 0.02004745
v 0.25000000 -0.04000000 -0.02004745
v 0.25000000 -0.04000000 0.02004745
v 0.25000000 -0.03000000 -0.02004745
v 0.25000000 -0.03000000 0.02004745
v 0.25000000 -0.02000000 -0.02004745
v 0.25000000 -0.02000000 0.02004745
v 0.25000000 -0.01000000 -0.02004745
v 0.25000000 -0.01000000 0.02004745
v 0.25000000 -0.00000000 -0.02004745
v 0.25000000 -0.00000000 0.02004745
v 0.25000000 0.01000000 -0.02004745
v 0.25000000 0.01000000 0.02004745
v 0.25000000 0.02000000 -0.02004745
v 0.25000000 0.02000000 0.02004745
v 0.25000000 0.03000000 -0.02004745
v 0.25000000 0.03000000 0.02004745
v 0.25000000 0.04000000 -0.02004745
v 0.25000000 0.04000000 0.02004745
v 0.25000000 0.05000000 -0.02004745
v 0.25000000 0.05000000 0.02004745
v 0.25000000 0.06000000 -0.02004745
v 0.25000000 0.06000000 0.02004745
v 0.25000000 0.07000000 -0.02004745
v 0.25000000 0.07000000 0.02004745
v 0.25000000 0.08000000 -0.02004745
v 0.25000000 0.08000000 0.02004745
v 0.25000000 0.09000000 -0.02004745
v 0.25000000 0.09000000 0.02004745
v 0.25000000 0.10000000 -0.02004745
v 0.25000000 0.10000000 0.02004745
v 0.25000000 0.11000000 -0.02004745
v 0.25000000 0.11000000 0.02004745
v 0.25000000 0.12000000 -0.02004745
v 0.25000000 0.12000000 0.02004745
v 0.25000000 0.13000000 -0.02004745
v 0.25000000 0.13000000 0.02004745
v 0.25000000 0.14000000 -0.02004745
v 0.25000000 0.14000000 0.02004745
v 0.25000000 0.15000000 -0.02004745
v 0.25000000 0.15000000 0.02004745
v 0.25000000 0.16000000 -0.02004745
v 0.25000000 0.16000000 0.02004745
v 0.25000000 0.17000000 -0.02004745
v 0.25000000 0.17000000 0.02004745
v 0.25000000 0.18000000 -0.02004745
v 0.25000000 0.18000000 0.02004745
v 0.25000000 0.19000000 -0.02004745
v 0.25000000 0.19000000 0.02004745
v 0.25000000 0.20000000 -0.02004745
v 0.25000000 0.20000000 0.02004745
v 0.25000000 0.21000000 -0.02004745
v 0.25000000 0.21000000 0.02004745
v 0.25000000 0.22000000 -0.02004745
v 0.25000000 0.22000000 0.02004745
v 0.25000000 0.23000000 -0.02004745
v 0.25000000 0.23000000 0.02004745
v 0.25000000 0.24000000 -0.02004745
v 0.25000000 0.24000000 0.02004745
v 0.25000000 0.25000000 -0.02004745
v 0.25000000 0.25000000 0.02004745
v 0.25000000 0.26000000 -0.02004745
v 0.25000000 0.26000000 0.02004745
v 0.25000000 0.27000000 -0.02004745
v 0.25000000 0.27000000 0.02004745
v 0.25000000 0.27118942 -0.01464750
v 0.25000000 0.27277977 -0.00464750
v 0.25000000 0.27388378 0.00535250
v 0.25000000 0.27469495 0.01535250
v 0.26000000 -0.27118942 -0.01464750
v 0.26000000 -0.27000000 -0.02004745
v 0.26000000 -0.27277977 -0.00464750
v 0.26000000 -0.27388378 0.00535250
v 0.26000000 -0.27469495 0.01535250
v 0.26000000 -0.27000000 0.02004745
v 0.26000000 -0.26000000 -0.02004745
v 0.26000000 -0.26000000 0.02004745
v 0.26000000 -0.25000000 -0.02004745
v 0.26000000 -0.25000000 0.02004745
v 0.26000000 -0.24000000 -0.02004745
v 0.26000000 -0.24000000 0.02004745
v 0.26000000 -0.23000000 -0.02004745
v 0.26000000 -0.23000000 0.02004745
v 0.26000000 -0.22000000 -0.02004745
v 0.26000000 -0.22000000 0.02004745
v 0.26000000 -0.21000000 -0.02004745
v 0.26000000 -0.21000000 0.02004745
v 0.26000000 -0.20000000 -0.02004745
v 0.26000000 -0.20000000 0.02004745
v 0.26000000 -0.19000000 -0.02004745
v 0.26000000 -0.19000000 0.02004745
v 0.26000000 -0.18000000 -0.02004745
v 0.26000000 -0.18000000 0.02004745
v 0.26000000 -0.17000000 -0.02004745
v 0.26000000 -0.17000000 0.02004745
v 0.26000000 -0.16000000 -0.02004745
v 0.26000000 -0.16000000 0.02004745
v 0.26000000 -0.15000000 -0.02004745
v 0.26000000 -0.15000000 0.02004745
v 0.26000000 -0.14000000 -0.02004745
v 0.26000000 -0.14000000 0.02004745
v 0.26000000 -0.13000000 -0.02004745
v 0.26000000 -0.13000000 0.02004745
v 0.26000000 -0.12000000 -0.02004745
v 0.26000000 -0.12000000 0.02004745
v 0.26000000 -0.11000000 -0.02004745
v 0.26000000 -0.11000000 0.02004745
v 0.26000000 -0.10000000 -0.02004745
v 0.26000000 -0.10000000 0.02004745
v 0.26000000 -0.09000000 -0.02004745
v 0.26000000 -0.09000000 0.02004745
v 0.26000000 -0.08000000 -0.02004745
v 0.26000000 -0.08000000 0.02004745
v 0.26000000 -0.07000000 -0.02004745
v 0.26000000 -0.07000000 0.02004745
v 0.26000000 -0.06000000 -0.02004745
v 0.26000000 -0.06000000 0.02004745
v 0.26000000 -0.05000000 -0.02004745
v 0.26000000 -0.05000000 0.02004745
v 0.26000000 -0.04000000 -0.02004745
v 0.26000000 -0.04000000 0.02004745
v 0.26000000 -0.03000000 -0.02004745
v 0.26000000 -0.03000000 0.02004745
v 0.26000000 -0.02000000 -0.02004745
v 0.26000000 -0.02000000 0.02004745
v 0.26000000 -0.01000000 -0.02004745
v 0.26000000 -0.01000000 0.02004745
v 0.26000000 -0.00000000 -0.02004745
v 0.26000000 -0.00000000 0.02004745
v 0.26000000 0.01000000 -0.02004745
v 0.26000000 0.01000000 0.02004745
v 0.26000000 0.02000000 -0.02004745
v 0.26000000 0.02000000 0.02004745
v 0.26000000 0.03000000 -0.02004745
v 0.26000000 0.03000000 0.02004745
v 0.26000000 0.04000000 -0.02004745
v 0.26000000 0.04000000 0.02004745
v 0.26000000 0.05000000 -0.02004745
v 0.26000000 0.05000000 0.02004745
v 0.26000000 0.06000000 -0.02004745
v 0.26000000 0.06000000 0.02004745
v 0.26000000 0.07000000 -0.02004745
v 0.26000000 0.07000000 0.02004745
v 0.26000000 0.08000000 -0.02004745
v 0.26000000 0.08000000 0.02004745
v 0.26000000 0.09000000 -0.02004745
v 0.26000000 0.09000000 0.02004745
v 0.26000000 0.10000000 -0.02004745
v 0.26000000 0.10000000 0.02004745
v 0.26000000 0.11000000 -0.02004745
v 0.26000000 0.11000000 0.02004745
v 0.26000000 0.12000000 -0.02004745
v 0.26000000 0.12000000 0.02004745
v 0.26000000 0.13000000 -0.02004745
v 0.26000000 0.13000000 0.02004745
v 0.26000000 0.14000000 -0.02004745
v 0.26000000 0.14000000 0.02004745
v 0.26000000 0.15000000 -0.02004745
v 0.26000000 0.15000000 0.02004745
v 0.26000000 0.16000000 -0.02004745
v 0.26000000 0.16000000 0.02004745
v 0.26000000 0.17000000 -0.02004745
v 0.26000000 0.17000000 0.02004745
v 0.26000000 0.18000000 -0.02004745
v 0.26000000 0.18000000 0.02004745
v 0.26000000 0.19000000 -0.02004745
v 0.26000000 0.19000000 0.02004745
v 0.26000000 0.20000000 -0.02004745
v 0.26000000 0.20000000 0.02004745
v 0.26000000 0.21000000 -0.02004745
v 0.26000000 0.21000000 0.02004745
v 0.26000000 0.22000000 -0.02004745
v 0.26000000 0.22000000 0.02004745
v 0.26000000 0.23000000 -0.02004745
v 0.26000000 0.23000000 0.02004745
v 0.26000000 0.24000000 -0.02004745
v 0.26000000 0.24000000 0.02004745
v 0.26000000 0.25000000 -0.02004745
v 0.26000000 0.25000000 0.02004745
v 0.26000000 0.26000000 -0.02004745
v 0.26000000 0.26000000 0.02004745
v 0.26000000 0.27000000 -0.02004745
v 0.26000000 0.27000000 0.02004745
v 0.26000000 0.27118942 -0.01464750
v 0.26000000 0.27277977 -0.00464750
v 0.26000000 0.27388378 0.00535250
v 0.26000000 0.27469495 0.01535250
v 0.27000000 -0.27118942 -0.01464750
v 0.27000000 -0.27000000 -0.02004745
v 0.27000000 -0.27277977 -0.00464750
v 0.27000000 -0.27388378 0.00535250
v 0.27000000 -0.27469495 0.01535250
v 0.27000000 -0.27000000 0.02004745
v 0.27000000 -0.26000000 -0.02004745
v 0.27000000 -0.26000000 0.02004745
v 0.27000000 -0.25000000 -0.02004745
v 0.27000000 -0.25000000 0.02004745
v 0.27000000 -0.24000000 -0.02004745
v 0.27000000 -0.24000000 0.02004745
v 0.27000000 -0.23000000 -0.02004745
v 0.27000000 -0.23000000 0.02004745
v 0.27000000 -0.22000000 -0.02004745
v 0.27000000 -0.22000000 0.02004745
v 0.27000000 -0.21000000 -0.02004745
v 0.27000000 -0.21000000 0.02004745
v 0.27000000 -0.20000000 -0.02004745
v 0.27000000 -0.20000000 0.02004745
v 0.27000000 -0.19000000 -0.02004745
v 0.27000000 -0.19000000 0.02004745
v 0.27000000 -0.18000000 -0.02004745
v 0.27000000 -0.18000000 0.02004745
v 0.27000000 -0.17000000 -0.02004745
v 0.27000000 -0.17000000 0.02004745
v 0.27000000 -0.16000000 -0.02004745
v 0.27000000 -0.16000000 0.02004745
v 0.27000000 -0.15000000 -0.02004745
v 0.27000000 -0.15000000 0.02004745
v 0.27000000 -0.14000000 -0.02004745
v 0.27000000 -0.14000000 0.02004745
v 0.27000000 -0.13000000 -0.02004745
v 0.27000000 -0.13000000 0.02004745
v 0.27000000 -0.12000000 -0.02004745
v 0.27000000 -0.12000000 0.02004745
v 0.27000000 -0.11000000 -0.02004745
v 0.27000000 -0.11000000 0.02004745
v 0.27000000 -0.10000000 -0.02004745
v 0.27000000 -0.10000000 0.02004745
v 0.27000000 -0.09000000 -0.02004745
v 0.27000000 -0.09000000 0.02004745
v 0.27000000 -0.08000000 -0.02004745
v 0.27000000 -0.08000000 0.02004745
v 0.27000000 -0.07000000 -0.02004745
v 0.27000000 -0.07000000 0.02004745
v 0.27000000 -0.06000000 -0.02004745
v 0.27000000 -0.06000000 0.02004745
v 0.27000000 -0.05000000 -0.02004745
v 0.27000000 -0.05000000 0.02004745
v 0.27000000 -0.04000000 -0.02004745
v 0.27000000 -0.04000000 0.02004745
v 0.27000000 -0.03000000 -0.02004745
v 0.27000000 -0.03000000 0.02004745
v 0.27000000 -0.02000000 -0.02004745
v 0.27000000 -0.02000000 0.02004745
v 0.27000000 -0.01000000 -0.02004745
v 0.27000000 -0.01000000 0.02004745
v 0.27000000 -0.00000000 -0.02004745
v 0.27000000 -0.00000000 0.02004745
v 0.27000000 0.01000000 -0.02004745
v 0.27000000 0.01000000 0.02004745
v 0.27000000 0.02000000 -0.02004745
v 0.27000000 0.02000000 0.02004745
v 0.27000000 0.03000000 -0.02004745
v 0.27000000 0.03000000 0.02004745
v 0.27000000 0.04000000 -0.02004745
v 0.27000000 0.04000000 0.02004745
v 0.27000000 0.05000000 -0.02004745
v 0.27000000 0.05000000 0.02004745
v 0.27000000 0.06000000 -0.02004745
v 0.27000000 0.06000000 0.02004745
v 0.27000000 0.07000000 -0.02004745
v 0.27000000 0.07000000 0.02004745
v 0.27000000 0.08000000 -0.02004745
v 0.27000000 0.08000000 0.02004745
v 0.27000000 0.09000000 -0.02004745
v 0.27000000 0.09000000 0.02004745
v 0.27000000 0.10000000 -0.02004745
v 0.27000000 0.10000000 0.02004745
v 0.27000000 0.11000000 -0.02004745
v 0.27000000 0.11000000 0.02004745
v 0.27000000 0.12000000 -0.02004745
v 0.27000000 0.12000000 0.02004745
v 0.27000000 0.13000000 -0.02004745
v 0.27000000 0.13000000 0.02004745
v 0.27000000 0.14000000 -0.02004745
v 0.27000000 0.14000000 0.02004745
v 0.27000000 0.15000000 -0.02004745
v 0.27000000 0.15000000 0.02004745
v 0.27000000 0.16000000 -0.02004745
v 0.27000000 0.16000000 0.02004745
v 0.27000000 0.17000000 -0.02004745
v 0.27000000 0.17000000 0.02004745
v 0.27000000 0.18000000 -0.02004745
v 0.27000000 0.18000000 0.02004745
v 0.27000000 0.19000000 -0.02004745
v 0.27000000 0.19000000 0.02004745
v 0.27000000 0.20000000 -0.02004745
v 0.27000000 0.20000000 0.02004745
v 0.27000000 0.21000000 -0.02004745
v 0.27000000 0.21000000 0.02004745
v 0.27000000 0.22000000 -0.02004745
v 0.27000000 0.22000000 0.02004745
v 0.27000000 0.23000000 -0.02004745
v 0.27000000 0.23000000 0.02004745
v 0.27000000 0.24000000 -0.02004745
v 0.27000000 0.24000000 0.02004745
v 0.27000000 0.25000000 -0.02004745
v 0.27000000 0.25000000 0.02004745
v 0.27000000 0.26000000 -0.02004745
v 0.27000000 0.26000000 0.02004745
v 0.27000000 0.27000000 -0.02004745
v 0.27000000 0.27000000 0.02004745
v 0.27000000 0.27118942 -0.01464750
v 0.27000000 0.27277977 -0.00464750
v 0.27000000 0.27388378 0.00535250
v 0.27000000 0.27469495 0.01535250
v 0.28000000 -0.27118942 -0.01464750
v 0.28000000 -0.27000000 -0.02004745
v 0.28000000 -0.27277977 -0.00464750
v 0.28000000 -0.27388378 0.00535250
v 0.28000000 -0.27469495 0.01535250
v 0.28000000 -0.27000000 0.02004745
v 0.28000000 -0.26000000 -0.02004745
v 0.28000000 -0.26000000 0.02004745
v 0.28000000 -0.25000000 -0.02004745
v 0.28000000 -0.25000000 0.02004745
v 0.28000000 -0.24000000 -0.02004745
v 0.28000000 -0.24000000 0.02004745
v 0.28000000 -0.23000000 -0.02004745
v 0.28000000 -0.23000000 0.02004745
v 0.28000000 -0.22000000 -0.02004745
v 0.28000000 -0.22000000 0.02004745
v 0.28000000 -0.21000000 -0.02004745
v 0.28000000 -0.21000000 0.02004745
v 0.28000000 -0.20000000 -0.02004745
v 0.28000000 -0.20000000 0.02004745
v 0.28000000 -0.19000000 -0.02004745
v 0.28000000 -0.19000000 0.02004745
v 0.28000000 -0.18000000 -0.02004745
v 0.28000000 -0.18000000 0.02004745
v 0.28000000 -0.17000000 -0.02004745
v 0.28000000 -0.17000000 0.02004745
v 0.28000000 -0.16000000 -0.02004745
v 0.28000000 -0.16000000 0.02004745
v 0.28000000 -0.15000000 -0.02004745
v 0.28000000 -0.15000000 0.02004745
v 0.28000000 -0.14000000 -0.02004745
v 0.28000000 -0.14000000 0.02004745
v 0.28000000 -0.13000000 -0.02004745
v 0.28000000 -0.13000000 0.02004745
v 0.28000000 -0.12000000 -0.02004745
v 0.28000000 -0.12000000 0.02004745
v 0.28000000 -0.11000000 -0.02004745
v 0.28000000 -0.11000000 0.02004745
v 0.28000000 -0.10000000 -0.02004745
v 0.28000000 -0.10000000 0.02004745
v 0.28000000 -0.09000000 -0.02004745
v 0.28000000 -0.09000000 0.02004745
v 0.28000000 -0.08000000 -0.02004745
v 0.28000000 -0.08000000 0.02004745
v 0.28000000 -0.07000000 -0.02004745
v 0.28000000 -0.07000000 0.02004745
v 0.28000000 -0.06000000 -0.02004745
v 0.28000000 -0.06000000 0.02004745
v 0.28000000 -0.05000000 -0.02004745
v 0.28000000 -0.05000000 0.02004745
v 0.28000000 -0.04000000 -0.02004745
v 0.28000000 -0.04000000 0.02004745
v 0.28000000 -0.03000000 -0.02004745
v 0.28000000 -0.03000000 0.02004745
v 0.28000000 -0.02000000 -0.02004745
v 0.28000000 -0.02000000 0.02004745
v 0.28000000 -0.01000000 -0.02004745
v 0.28000000 -0.01000000 0.02004745
v 0.28000000 -0.00000000 -0.02004745
v 0.28000000 -0.00000000 0.02004745
v 0.28000000 0.01000000 -0.02004745
v 0.28000000 0.01000000 0.02004745
v 0.28000000 0.02000000 -0.02004745
v 0.28000000 0.02000000 0.02004745
v 0.28000000 0.03000000 -0.02004745
v 0.28000000 0.03000000 0.02004745
v 0.28000000 0.04000000 -0.02004745
v 0.28000000 0.04000000 0.02004745
v 0.28000000 0.05000000 -0.02004745
v 0.28000000 0.05000000 0.02004745
v 0.28000000 0.06000000 -0.02004745
v 0.28000000 0.06000000 0.02004745
v 0.28000000 0.07000000 -0.02004745
v 0.28000000 0.07000000 0.02004745
v 0.28000000 0.08000000 -0.02004745
v 0.28000000 0.08000000 0.02004745
v 0.28000000 0.09000000 -0.02004745
v 0.28000000 0.09000000 0.02004745
v 0.28000000 0.10000000 -0.02004745
v 0.28000000 0.10000000 0.02004745
v 0.28000000 0.11000000 -0.02004745
v 0.28000000 0.11000000 0.02004745
v 0.28000000 0.12000000 -0.02004745
v 0.28000000 0.12000000 0.02004745
v 0.28000000 0.13000000 -0.02004745
v 0.28000000 0.13000000 0.02004745
v 0.28000000 0.14000000 -0.02004745
v 0.28000000 0.14000000 0.02004745
v 0.28000000 0.15000000 -0.02004745
v 0.28000000 0.15000000 0.02004745
v 0.28000000 0.16000000 -0.02004745
v 0.28000000 0.16000000 0.02004745
v 0.28000000 0.17000000 -0.02004745
v 0.28000000 0.17000000 0.02004745
v 0.28000000 0.18000000 -0.02004745
v 0.28000000 0.18000000 0.02004745
v 0.28000000 0.19000000 -0.02004745
v 0.28000000 0.19000000 0.02004745
v 0.28000000 0.20000000 -0.02004745
v 0.28000000 0.20000000 0.02004745
v 0.28000000 0.21000000 -0.02004745
v 0.28000000 0.21000000 0.02004745
v 0.28000000 0.22000000 -0.02004745
v 0.28000000 0.22000000 0.02004745
v 0.28000000 0.23000000 -0.02004745
v 0.28000000 0.23000000 0.02004745
v 0.28000000 0.24000000 -0.02004745
v 0.28000000 0.24000000 0.02004745
v 0.28000000 0.25000000 -0.02004745
v 0.28000000 0.25000000 0.02004745
v 0.28000000 0.26000000 -0.02004745
v 0.28000000 0.26000000 0.02004745
v 0.28000000 0.27000000 -0.02004745
v 0.28000000 0.27000000 0.02004745
v 0.28000000 0.27118942 -0.01464750
v 0.28000000 0.27277977 -0.00464750
v 0.28000000 0.27388378 0.00535250
v 0.28000000 0.27469495 0.01535250
v 0.29000000 -0.27118942 -0.01464750
v 0.29000000 -0.27000000 -0.02004745
v 0.29000000 -0.27277977 -0.00464750
v 0.29000000 -0.27388378 0.00535250
v 0.29000000 -0.27469495 0.01535250
v 0.29000000 -0.27000000 0.02004745
v 0.29000000 -0.26000000 -0.02004745
v 0.29000000 -0.26000000 0.02004745
v 0.29000000 -0.25000000 -0.02004745
v 0.29000000 -0.25000000 0.02004745
v 0.29000000 -0.24000000 -0.02004745
v 0.29000000 -0.24000000 0.02004745
v 0.29000000 -0.23000000 -0.02004745
v 0.29000000 -0.23000000 0.02004745
v 0.29000000 -0.22000000 -0.02004745
v 0.29000000 -0.22000000 0.02004745
v 0.29000000 -0.21000000 -0.02004745
v 0.29000000 -0.21000000 0.02004745
v 0.29000000 -0.20000000 -0.02004745
v 0.29000000 -0.20000000 0.02004745
v 0.29000000 -0.19000000 -0.02004745
v 0.29000000 -0.19000000 0.02004745
v 0.29000000 -0.18000000 -0.02004745
v 0.29000000 -0.18000000 0.02004745
v 0.29000000 -0.17000000 -0.02004745
v 0.29000000 -0.17000000 0.02004745
v 0.29000000 -0.16000000 -0.02004745
v 0.29000000 -0.16000000 0.02004745
v 0.29000000 -0.15000000 -0.02004745
v 0.29000000 -0.15000000 0.02004745
v 0.29000000 -0.14000000 -0.02004745
v 0.29000000 -0.14000000 0.02004745
v 0.29000000 -0.13000000 -0.02004745
v 0.29000000 -0.13000000 0.02004745
v 0.29000000 -0.12000000 -0.02004745
v 0.29000000 -0.12000000 0.02004745
v 0.29000000 -0.11000000 -0.02004745
v 0.29000000 -0.11000000 0.02004745
v 0.29000000 -0.10000000 -0.02004745
v 0.29000000 -0.10000000 0.02004745
v 0.29000000 -0.09000000 -0.02004745
v 0.29000000 -0.09000000 0.02004745
v 0.29000000 -0.08000000 -0.02004745
v 0.29000000 -0.08000000 0.02004745
v 0.29000000 -0.07000000 -0.02004745
v 0.29000000 -0.07000000 0.02004745
v 0.29000000 -0.06000000 -0.02004745
v 0.29000000 -0.06000000 0.02004745
v 0.29000000 -0.05000000 -0.02004745
v 0.29000000 -0.05000000 0.02004745
v 0.29000000 -0.04000000 -0.02004745
v 0.29000000 -0.04000000 0.02004745
v 0.29000000 -0.03000000 -0.02004745
v 0.29000000 -0.03000000 0.02004745
v 0.29000000 -0.02000000 -0.02004745
v 0.29000000 -0.02000000 0.02004745
v 0.29000000 -0.01000000 -0.02004745
v 0.29000000 -0.01000000 0.02004745
v 0.29000000 -0.00000000 -0.02004745
v 0.29000000 -0.00000000 0.02004745
v 0.29000000 0.01000000 -0.02004745
v 0.29000000 0.01000000 0.02004745
v 0.29000000 0.02000000 -0.02004745
v 0.29000000 0.02000000 0.02004745
v 0.29000000 0.03000000 -0.02004745
v 0.29000000 0.03000000 0.02004745
v 0.29000000 0.04000000 -0.02004745
v 0.29000000 0.04000000 0.02004745
v 0.29000000 0.05000000 -0.02004745
v 0.29000000 0.05000000 0.02004745
v 0.29000000 0.06000000 -0.02004745
v 0.29000000 0.06000000 0.02004745
v 0.29000000 0.07000000 -0.02004745
v 0.29000000 0.07000000 0.02004745
v 0.29000000 0.08000000 -0.02004745
v 0.29000000 0.08000000 0.02004745
v 0.29000000 0.09000000 -0.02004745
v 0.29000000 0.09000000 0.02004745
v 0.29000000 0.10000000 -0.02004745
v 0.29000000 0.10000000 0.02004745
v 0.29000000 0.11000000 -0.02004745
v 0.29000000 0.11000000 0.02004745
v 0.29000000 0.12000000 -0.02004745
v 0.29000000 0.12000000 0.02004745
v 0.29000000 0.13000000 -0.02004745
v 0.29000000 0.13000000 0.02004745
v 0.29000000 0.14000000 -0.02004745
v 0.29000000 0.14000000 0.02004745
v 0.29000000 0.15000000 -0.02004745
v 0.29000000 0.15000000 0.02004745
v 0.29000000 0.16000000 -0.02004745
v 0.29000000 0.16000000 0.02004745
v 0.29000000 0.17000000 -0.02004745
v 0.29000000 0.17000000 0.02004745
v 0.29000000 0.18000000 -0.02004745
v 0.29000000 0.18000000 0.02004745
v 0.29000000 0.19000000 -0.02004745
v 0.29000000 0.19000000 0.02004745
v 0.29000000 0.20000000 -0.02004745
v 0.29000000 0.20000000 0.02004745
v 0.29000000 0.21000000 -0.02004745
v 0.29000000 0.21000000 0.02004745
v 0.29000000 0.22000000 -0.02004745
v 0.29000000 0.22000000 0.02004745
v 0.29000000 0.23000000 -0.02004745
v 0.29000000 0.23000000 0.02004745
v 0.29000000 0.24000000 -0.02004745
v 0.29000000 0.24000000 0.02004745
v 0.29000000 0.25000000 -0.02004745
v 0.29000000 0.25000000 0.02004745
v 0.29000000 0.26000000 -0.02004745
v 0.29000000 0.26000000 0.02004745
v 0.29000000 0.27000000 -0.02004745
v 0.29000000 0.27000000 0.02004745
v 0.29000000 0.27118942 -0.01464750
v 0.29000000 0.27277977 -0.00464750
v 0.29000000 0.27388378 0.00535250
v 0.29000000 0.27469495 0.01535250
v 0.30000000 -0.27118942 -0.01464750
v 0.30000000 -0.27000000 -0.02004745
v 0.30000000 -0.27277977 -0.00464750
v 0.30000000 -0.27388378 0.00535250
v 0.30000000 -0.27469495 0.01535250
v 0.30000000 -0.27000000 0.02004745
v 0.30000000 -0.26000000 -0.02004745
v 0.30000000 -0.26000000 0.02004745
v 0.30000000 -0.25000000 -0.02004745
v 0.30000000 -0.25000000 0.02004745
v 0.30000000 -0.24000000 -0.02004745
v 0.30000000 -0.24000000 0.02004745
v 0.30000000 -0.23000000 -0.02004745
v 0.30000000 -0.23000000 0.02004745
v 0.30000000 -0.22000000 -0.02004745
v 0.30000000 -0.22000000 0.02004745
v 0.30000000 -0.21000000 -0.02004745
v 0.30000000 -0.21000000 0.02004745
v 0.30000000 -0.20000000 -0.02004745
v 0.30000000 -0.20000000 0.02004745
v 0.30000000 -0.19000000 -0.02004745
v 0.30000000 -0.19000000 0.02004745
v 0.30000000 -0.18000000 -0.02004745
v 0.30000000 -0.18000000 0.02004745
v 0.30000000 -0.17000000 -0.02004745
v 0.30000000 -0.17000000 0.02004745
v 0.30000000 -0.16000000 -0.02004745
v 0.30000000 -0.16000000 0.02004745
v 0.30000000 -0.15000000 -0.02004745
v 0.30000000 -0.15000000 0.02004745
v 0.30000000 -0.14000000 -0.02004745
v 0.30000000 -0.14000000 0.02004745
v 0.30000000 -0.13000000 -0.02004745
v 0.30000000 -0.13000000 0.02004745
v 0.30000000 -0.12000000 -0.02004745
v 0.30000000 -0.12000000 0.02004745
v 0.30000000 -0.11000000 -0.02004745
v 0.30000000 -0.11000000 0.02004745
v 0.30000000 -0.10000000 -0.02004745
v 0.30000000 -0.10000000 0.02004745
v 0.30000000 -0.09000000 -0.02004745
v 0.30000000 -0.09000000 0.02004745
v 0.30000000 -0.08000000 -0.02004745
v 0.30000000 -0.08000000 0.02004745
v 0.30000000 -0.07000000 -0.02004745
v 0.30000000 -0.07000000 0.02004745
v 0.30000000 -0.06000000 -0.02004745
v 0.30000000 -0.06000000 0.02004745
v 0.30000000 -0.05000000 -0.02004745
v 0.30000000 -0.05000000 0.02004745
v 0.30000000 -0.04000000 -0.02004745
v 0.30000000 -0.04000000 0.02004745
v 0.30000000 -0.03000000 -0.02004745
v 0.30000000 -0.03000000 0.02004745
v 0.30000000 -0.02000000 -0.02004745
v 0.30000000 -0.02000000 0.02004745
v 0.30000000 -0.01000000 -0.02004745
v 0.30000000 -0.01000000 0.02004745
v 0.30000000 -0.00000000 -0.02004745
v 0.30000000 -0.00000000 0.02004745
v 0.30000000 0.01000000 -0.02004745
v 0.30000000 0.01000000 0.02004745
v 0.30000000 0.02000000 -0.02004745
v 0.30000000 0.02000000 0.02004745
v 0.30000000 0.03000000 -0.02004745
v 0.30000000 0.03000000 0.02004745
v 0.30000000 0.04000000 -0.02004745
v 0.30000000 0.04000000 0.02004745
v 0.30000000 0.05000000 -0.02004745
v 0.30000000 0.05000000 0.02004745
v 0.30000000 0.06000000 -0.02004745
v 0.30000000 0.06000000 0.02004745
v 0.30000000 0.07000000 -0.02004745
v 0.30000000 0.07000000 0.02004745
v 0.30000000 0.08000000 -0.02004745
v 0.30000000 0.08000000 0.02004745
v 0.30000000 0.09000000 -0.02004745
v 0.30000000 0.09000000 0.02004745
v 0.30000000 0.10000000 -0.02004745
v 0.30000000 0.10000000 0.02004745
v 0.30000000 0.11000000 -0.02004745
v 0.30000000 0.11000000 0.02004745
v 0.30000000 0.12000000 -0.02004745
v 0.30000000 0.12000000 0.02004745
v 0.30000000 0.13000000 -0.02004745
v 0.30000000 0.13000000 0.02004745
v 0.30000000 0.14000000 -0.02004745
v 0.30000000 0.14000000 0.02004745
v 0.30000000 0.15000000 -0.02004745
v 0.30000000 0.15000000 0.02004745
v 0.30000000 0.16000000 -0.02004745
v 0.30000000 0.16000000 0.02004745
v 0.30000000 0.17000000 -0.02004745
v 0.30000000 0.17000000 0.02004745
v 0.30000000 0.18000000 -0.02004745
v 0.30000000 0.18000000 0.02004745
v 0.30000000 0.19000000 -0.02004745
v 0.30000000 0.19000000 0.02004745
v 0.30000000 0.20000000 -0.02004745
v 0.30000000 0.20000000 0.02004745
v 0.30000000 0.21000000 -0.02004745
v 0.30000000 0.21000000 0.02004745
v 0.30000000 0.22000000 -0.02004745
v 0.30000000 0.22000000 0.02004745
v 0.30000000 0.23000000 -0.02004745
v 0.30000000 0.23000000 0.02004745
v 0.30000000 0.24000000 -0.02004745
v 0.30000000 0.24000000 0.02004745
v 0.30000000 0.25000000 -0.02004745
v 0.30000000 0.25000000 0.02004745
v 0.30000000 0.26000000 -0.02004745
v 0.30000000 0.26000000 0.02004745
v 0.30000000 0.27000000 -0.02004745
v 0.30000000 0.27000000 0.02004745
v 0.30000000 0.27118942 -0.01464750
v 0.30000000 0.27277977 -0.00464750
v 0.30000000 0.27388378 0.00535250
v 0.30000000 0.27469495 0.01535250
v 0.31000000 -0.27118942 -0.01464750
v 0.31000000 -0.27000000 -0.02004745
v 0.31000000 -0.27277977 -0.00464750
v 0.31000000 -0.27388378 0.00535250
v 0.31000000 -0.27469495 0.01535250
v 0.31000000 -0.27000000 0.02004745
v 0.31000000 -0.26000000 -0.02004745
v 0.31000000 -0.26000000 0.02004745
v 0.31000000 -0.25000000 -0.02004745
v 0.31000000 -0.25000000 0.02004745
v 0.31000000 -0.24000000 -0.02004745
v 0.31000000 -0.24000000 0.02004745
v 0.31000000 -0.23000000 -0.02004745
v 0.31000000 -0.23000000 0.02004745
v 0.31000000 -0.22000000 -0.02004745
v 0.31000000 -0.22000000 0.02004745
v 0.31000000 -0.21000000 -0.02004745
v 0.31000000 -0.21000000 0.02004745
v 0.31000000 -0.20000000 -0.02004745
v 0.31000000 -0.20000000 0.02004745
v 0.31000000 -0.19000000 -0.02004745
v 0.31000000 -0.19000000 0.02004745
v 0.31000000 -0.18000000 -0.02004745
v 0.31000000 -0.18000000 0.02004745
v 0.31000000 -0.17000000 -0.02004745
v 0.31000000 -0.17000000 0.02004745
v 0.31000000 -0.16000000 -0.02004745
v 0.31000000 -0.16000000 0.02004745
v 0.31000000 -0.15000000 -0.02004745
v 0.31000000 -0.15000000 0.02004745
v 0.31000000 -0.14000000 -0.02004745
v 0.31000000 -0.14000000 0.02004745
v 0.31000000 -0.13000000 -0.02004745
v 0.31000000 -0.13000000 0.02004745
v 0.31000000 -0.12000000 -0.02004745
v 0.31000000 -0.12000000 0.02004745
v 0.31000000 -0.11000000 -0.02004745
v 0.31000000 -0.11000000 0.02004745
v 0.31000000 -0.10000000 -0.02004745
v 0.31000000 -0.10000000 0.02004745
v 0.31000000 -0.09000000 -0.02004745
v 0.31000000 -0.09000000 0.02004745
v 0.31000000 -0.08000000 -0.02004745
v 0.31000000 -0.08000000 0.02004745
v 0.31000000 -0.07000000 -0.02004745
v 0.31000000 -0.07000000 0.02004745
v 0.31000000 -0.06000000 -0.02004745
v 0.31000000 -0.06000000 0.02004745
v 0.31000000 -0.05000000 -0.02004745
v 0.31000000 -0.05000000 0.02004745
v 0.31000000 -0.04000000 -0.02004745
v 0.31000000 -0.04000000 0.02004745
v 0.31000000 -0.03000000 -0.02004745
v 0.31000000 -0.03000000 0.02004745
v 0.31000000 -0.02000000 -0.02004745
v 0.31000000 -0.02000000 0.02004745
v 0.31000000 -0.01000000 -0.02004745
v 0.31000000 -0.01000000 0.02004745
v 0.31000000 -0.00000000 -0.02004745
v 0.31000000 -0.00000000 0.02004745
v 0.31000000 0.01000000 -0.02004745
v 0.31000000 0.01000000 0.02004745
v 0.31000000 0.02000000 -0.02004745
v 0.31000000 0.02000000 0.02004745
v 0.31000000 0.03000000 -0.02004745
v 0.31000000 0.03000000 0.02004745
v 0.31000000 0.04000000 -0.02004745
v 0.31000000 0.04000000 0.02004745
v 0.31000000 0.05000000 -0.02004745
v 0.31000000 0.05000000 0.02004745
v 0.31000000 0.06000000 -0.02004745
v 0.31000000 0.06000000 0.02004745
v 0.31000000 0.07000000 -0.02004745
v 0.31000000 0.07000000 0.02004745
v 0.31000000 0.08000000 -0.02004745
v 0.31000000 0.08000000 0.02004745
v 0.31000000 0.09000000 -0.02004745
v 0.31000000 0.09000000 0.02004745
v 0.31000000 0.10000000 -0.02004745
v 0.31000000 0.10000000 0.02004745
v 0.31000000 0.11000000 -0.02004745
v 0.31000000 0.11000000 0.02004745
v 0.31000000 0.12000000 -0.02004745
v 0.31000000 0.12000000 0.02004745
v 0.31000000 0.13000000 -0.02004745
v 0.31000000 0.13000000 0.02004745
v 0.31000000 0.14000000 -0.02004745
v 0.31000000 0.14000000 0.02004745
v 0.31000000 0.15000000 -0.02004745
v 0.31000000 0.15000000 0.02004745
v 0.31000000 0.16000000 -0.02004745
v 0.31000000 0.16000000 0.02004745
v 0.31000000 0.17000000 -0.02004745
v 0.31000000 0.17000000 0.02004745
v 0.31000000 0.18000000 -0.02004745
v 0.31000000 0.18000000 0.02004745
v 0.31000000 0.19000000 -0.02004745
v 0.31000000 0.19000000 0.02004745
v 0.31000000 0.20000000 -0.02004745
v 0.31000000 0.20000000 0.02004745
v 0.31000000 0.21000000 -0.02004745
v 0.31000000 0.21000000 0.02004745
v 0.31000000 0.22000000 -0.02004745
v 0.31000000 0.22000000 0.02004745
v 0.31000000 0.23000000 -0.02004745
v 0.31000000 0.23000000 0.02004745
v 0.31000000 0.24000000 -0.02004745
v 0.31000000 0.24000000 0.02004745
v 0.31000000 0.25000000 -0.02004745
v 0.31000000 0.25000000 0.02004745
v 0.31000000 0.26000000 -0.02004745
v 0.31000000 0.26000000 0.02004745
v 0.31000000 0.27000000 -0.02004745
v 0.31000000 0.27000000 0.02004745
v 0.31000000 0.27118942 -0.01464750
v 0.31000000 0.27277977 -0.00464750
v 0.31000000 0.27388378 0.00535250
v 0.31000000 0.27469495 0.01535250
v 0.32000000 -0.27118942 -0.01464750
v 0.32000000 -0.27000000 -0.02004745
v 0.32000000 -0.27277977 -0.00464750
v 0.32000000 -0.27388378 0.00535250
v 0.32000000 -0.27469495 0.01535250
v 0.32000000 -0.27000000 0.02004745
v 0.32000000 -0.26000000 -0.02004745
v 0.32000000 -0.26000000 0.02004745
v 0.32000000 -0.25000000 -0.02004745
v 0.32000000 -0.25000000 0.02004745
v 0.32000000 -0.24000000 -0.02004745
v 0.32000000 -0.24000000 0.02004745
v 0.32000000 -0.23000000 -0.02004745
v 0.32000000 -0.23000000 0.02004745
v 0.32000000 -0.22000000 -0.02004745
v 0.32000000 -0.22000000 0.02004745
v 0.32000000 -0.21000000 -0.02004745
v 0.32000000 -0.21000000 0.02004745
v 0.32000000 -0.20000000 -0.02004745
v 0.32000000 -0.20000000 0.02004745
v 0.32000000 -0.19000000 -0.02004745
v 0.32000000 -0.19000000 0.02004745
v 0.32000000 -0.18000000 -0.02004745
v 0.32000000 -0.18000000 0.02004745
v 0.32000000 -0.17000000 -0.02004745
v 0.32000000 -0.17000000 0.02004745
v 0.32000000 -0.16000000 -0.02004745
v 0.32000000 -0.16000000 0.02004745
v 0.32000000 -0.15000000 -0.02004745
v 0.32000000 -0.15000000 0.02004745
v 0.32000000 -0.14000000 -0.02004745
v 0.32000000 -0.14000000 0.02004745
v 0.32000000 -0.13000000 -0.02004745
v 0.32000000 -0.13000000 0.02004745
v 0.32000000 -0.12000000 -0.02004745
v 0.32000000 -0.12000000 0.02004745
v 0.32000000 -0.11000000 -0.02004745
v 0.32000000 -0.11000000 0.02004745
v 0.32000000 -0.10000000 -0.02004745
v 0.32000000 -0.10000000 0.02004745
v 0.32000000 -0.09000000 -0.02004745
v 0.32000000 -0.09000000 0.02004745
v 0.32000000 -0.08000000 -0.02004745
v 0.32000000 -0.08000000 0.02004745
v 0.32000000 -0.07000000 -0.02004745
v 0.32000000 -0.07000000 0.02004745
v 0.32000000 -0.06000000 -0.02004745
v 0.32000000 -0.06000000 0.02004745
v 0.32000000 -0.05000000 -0.02004745
v 0.32000000 -0.05000000 0.02004745
v 0.32000000 -0.04000000 -0.02004745
v 0.32000000 -0.04000000 0.02004745
v 0.32000000 -0.03000000 -0.02004745
v 0.32000000 -0.03000000 0.02004745
v 0.32000000 -0.02000000 -0.02004745
v 0.32000000 -0.02000000 0.02004745
v 0.32000000 -0.01000000 -0.02004745
v 0.32000000 -0.01000000 0.02004745
v 0.32000000 -0.00000000 -0.02004745
v 0.32000000 -0.00000000 0.02004745
v 0.32000000 0.01000000 -0.02004745
v 0.32000000 0.01000000 0.02004745
v 0.32000000 0.02000000 -0.02004745
v 0.32000000 0.02000000 0.02004745
v 0.32000000 0.03000000 -0.02004745
v 0.32000000 0.03000000 0.02004745
v 0.32000000 0.04000000 -0.02004745
v 0.32000000 0.04000000 0.02004745
v 0.32000000 0.05000000 -0.02004745
v 0.32000000 0.05000000 0.02004745
v 0.32000000 0.06000000 -0.02004745
v 0.32000000 0.06000000 0.02004745
v 0.32000000 0.07000000 -0.02004745
v 0.32000000 0.07000000 0.02004745
v 0.32000000 0.08000000 -0.02004745
v 0.32000000 0.08000000 0.02004745
v 0.32000000 0.09000000 -0.02004745
v 0.32000000 0.09000000 0.02004745
v 0.32000000 0.10000000 -0.02004745
v 0.32000000 0.10000000 0.02004745
v 0.32000000 0.11000000 -0.02004745
v 0.32000000 0.11000000 0.02004745
v 0.32000000 0.12000000 -0.02004745
v 0.32000000 0.12000000 0.02004745
v 0.32000000 0.13000000 -0.02004745
v 0.32000000 0.13000000 0.02004745
v 0.32000000 0.14000000 -0.02004745
v 0.32000000 0.14000000 0.02004745
v 0.32000000 0.15000000 -0.02004745
v 0.32000000 0.15000000 0.02004745
v 0.32000000 0.16000000 -0.02004745
v 0.32000000 0.16000000 0.02004745
v 0.32000000 0.17000000 -0.02004745
v 0.32000000 0.17000000 0.02004745
v 0.32000000 0.18000000 -0.02004745
v 0.32000000 0.18000000 0.02004745
v 0.32000000 0.19000000 -0.02004745
v 0.32000000 0.19000000 0.02004745
v 0.32000000 0.20000000 -0.02004745
v 0.32000000 0.20000000 0.02004745
v 0.32000000 0.21000000 -0.02004745
v 0.32000000 0.21000000 0.02004745
v 0.32000000 0.22000000 -0.02004745
v 0.32000000 0.22000000 0.02004745
v 0.32000000 0.23000000 -0.02004745
v 0.32000000 0.23000000 0.02004745
v 0.32000000 0.24000000 -0.02004745
v 0.32000000 0.24000000 0.02004745
v 0.32000000 0.25000000 -0.02004745
v 0.32000000 0.25000000 0.02004745
v 0.32000000 0.26000000 -0.02004745
v 0.32000000 0.26000000 0.02004745
v 0.32000000 0.27000000 -0.02004745
v 0.32000000 0.27000000 0.02004745
v 0.32000000 0.27118942 -0.01464750
v 0.32000000 0.27277977 -0.00464750
v 0.32000000 0.27388378 0.00535250
v 0.32000000 0.27469495 0.01535250
v 0.33000000 -0.27118942 -0.01464750
v 0.33000000 -0.27000000 -0.02004745
v 0.33000000 -0.27277977 -0.00464750
v 0.33000000 -0.27388378 0.00535250
v 0.33000000 -0.27469495 0.01535250
v 0.33000000 -0.27000000 0.02004745
v 0.33000000 -0.26000000 -0.02004745
v 0.33000000 -0.26000000 0.02004745
v 0.33000000 -0.25000000 -0.02004745
v 0.33000000 -0.25000000 0.02004745
v 0.33000000 -0.24000000 -0.02004745
v 0.33000000 -0.24000000 0.02004745
v 0.33000000 -0.23000000 -0.02004745
v 0.33000000 -0.23000000 0.02004745
v 0.33000000 -0.22000000 -0.02004745
v 0.33000000 -0.22000000 0.02004745
v 0.33000000 -0.21000000 -0.02004745
v 0.33000000 -0.21000000 0.02004745
v 0.33000000 -0.20000000 -0.02004745
v 0.33000000 -0.20000000 0.02004745
v 0.33000000 -0.19000000 -0.02004745
v 0.33000000 -0.19000000 0.02004745
v 0.33000000 -0.18000000 -0.02004745
v 0.33000000 -0.18000000 0.02004745
v 0.33000000 -0.17000000 -0.02004745
v 0.33000000 -0.17000000 0.02004745
v 0.33000000 -0.16000000 -0.02004745
v 0.33000000 -0.16000000 0.02004745
v 0.33000000 -0.15000000 -0.02004745
v 0.33000000 -0.15000000 0.02004745
v 0.33000000 -0.14000000 -0.02004745
v 0.33000000 -0.14000000 0.02004745
v 0.33000000 -0.13000000 -0.02004745
v 0.33000000 -0.13000000 0.02004745
v 0.33000000 -0.12000000 -0.02004745
v 0.33000000 -0.12000000 0.02004745
v 0.33000000 -0.11000000 -0.02004745
v 0.33000000 -0.11000000 0.02004745
v 0.33000000 -0.10000000 -0.02004745
v 0.33000000 -0.10000000 0.02004745
v 0.33000000 -0.09000000 -0.02004745
v 0.33000000 -0.09000000 0.02004745
v 0.33000000 -0.08000000 -0.02004745
v 0.33000000 -0.08000000 0.02004745
v 0.33000000 -0.07000000 -0.02004745
v 0.33000000 -0.07000000 0.02004745
v 0.33000000 -0.06000000 -0.02004745
v 0.33000000 -0.06000000 0.02004745
v 0.33000000 -0.05000000 -0.02004745
v 0.33000000 -0.05000000 0.02004745
v 0.33000000 -0.04000000 -0.02004745
v 0.33000000 -0.04000000 0.02004745
v 0.33000000 -0.03000000 -0.02004745
v 0.33000000 -0.03000000 0.02004745
v 0.33000000 -0.02000000 -0.02004745
v 0.33000000 -0.02000000 0.02004745
v 0.33000000 -0.01000000 -0.02004745
v 0.33000000 -0.01000000 0.02004745
v 0.33000000 -0.00000000 -0.02004745
v 0.33000000 -0.00000000 0.02004745
v 0.33000000 0.01000000 -0.02004745
v 0.33000000 0.01000000 0.02004745
v 0.33000000 0.02000000 -0.02004745
v 0.33000000 0.02000000 0.02004745
v 0.33000000 0.03000000 -0.02004745
v 0.33000000 0.03000000 0.02004745
v 0.33000000 0.04000000 -0.02004745
v 0.33000000 0.04000000 0.02004745
v 0.33000000 0.05000000 -0.02004745
v 0.33000000 0.05000000 0.02004745
v 0.33000000 0.06000000 -0.02004745
v 0.33000000 0.06000000 0.02004745
v 0.33000000 0.07000000 -0.02004745
v 0.33000000 0.07000000 0.02004745
v 0.33000000 0.08000000 -0.02004745
v 0.33000000 0.08000000 0.02004745
v 0.33000000 0.09000000 -0.02004745
v 0.33000000 0.09000000 0.02004745
v 0.33000000 0.10000000 -0.02004745
v 0.33000000 0.10000000 0.02004745
v 0.33000000 0.11000000 -0.02004745
v 0.33000000 0.11000000 0.02004745
v 0.33000000 0.12000000 -0.02004745
v 0.33000000 0.12000000 0.02004745
v 0.33000000 0.13000000 -0.02004745
v 0.33000000 0.13000000 0.02004745
v 0.33000000 0.14000000 -0.02004745
v 0.33000000 0.14000000 0.02004745
v 0.33000000 0.15000000 -0.02004745
v 0.33000000 0.15000000 0.02004745
v 0.33000000 0.16000000 -0.02004745
v 0.33000000 0.16000000 0.02004745
v 0.33000000 0.17000000 -0.02004745
v 0.33000000 0.17000000 0.02004745
v 0.33000000 0.18000000 -0.02004745
v 0.33000000 0.18000000 0.02004745
v 0.33000000 0.19000000 -0.02004745
v 0.33000000 0.19000000 0.02004745
v 0.33000000 0.20000000 -0.02004745
v 0.33000000 0.20000000 0.02004745
v 0.33000000 0.21000000 -0.02004745
v 0.33000000 0.21000000 0.02004745
v 0.33000000 0.22000000 -0.02004745
v 0.33000000 0.22000000 0.02004745
v 0.33000000 0.23000000 -0.02004745
v 0.33000000 0.23000000 0.02004745
v 0.33000000 0.24000000 -0.02004745
v 0.33000000 0.24000000 0.02004745
v 0.33000000 0.25000000 -0.02004745
v 0.33000000 0.25000000 0.02004745
v 0.33000000 0.26000000 -0.02004745
v 0.33000000 0.26000000 0.02004745
v 0.33000000 0.27000000 -0.02004745
v 0.33000000 0.27000000 0.02004745
v 0.33000000 0.27118942 -0.01464750
v 0.33000000 0.27277977 -0.00464750
v 0.33000000 0.27388378 0.00535250
v 0.33000000 0.27469495 0.01535250
v 0.34000000 -0.27118942 -0.01464750
v 0.34000000 -0.27000000 -0.02004745
v 0.34000000 -0.27277977 -0.00464750
v 0.34000000 -0.27388378 0.00535250
v 0.34000000 -0.27469495 0.01535250
v 0.34000000 -0.27000000 0.02004745
v 0.34000000 -0.26000000 -0.02004745
v 0.34000000 -0.26000000 0.02004745
v 0.34000000 -0.25000000 -0.02004745
v 0.34000000 -0.25000000 0.02004745
v 0.34000000 -0.24000000 -0.02004745
v 0.34000000 -0.24000000 0.02004745
v 0.34000000 -0.23000000 -0.02004745
v 0.34000000 -0.23000000 0.02004745
v 0.34000000 -0.22000000 -0.02004745
v 0.34000000 -0.22000000 0.02004745
v 0.34000000 -0.21000000 -0.02004745
v 0.34000000 -0.21000000 0.02004745
v 0.34000000 -0.20000000 -0.02004745
v 0.34000000 -0.20000000 0.02004745
v 0.34000000 -0.19000000 -0.02004745
v 0.34000000 -0.19000000 0.02004745
v 0.34000000 -0.18000000 -0.02004745
v 0.34000000 -0.18000000 0.02004745
v 0.34000000 -0.17000000 -0.02004745
v 0.34000000 -0.17000000 0.02004745
v 0.34000000 -0.16000000 -0.02004745
v 0.34000000 -0.16000000 0.02004745
v 0.34000000 -0.15000000 -0.02004745
v 0.34000000 -0.15000000 0.02004745
v 0.34000000 -0.14000000 -0.02004745
v 0.34000000 -0.14000000 0.02004745
v 0.34000000 -0.13000000 -0.02004745
v 0.34000000 -0.13000000 0.02004745
v 0.34000000 -0.12000000 -0.02004745
v 0.34000000 -0.12000000 0.02004745
v 0.34000000 -0.11000000 -0.02004745
v 0.34000000 -0.11000000 0.02004745
v 0.34000000 -0.10000000 -0.02004745
v 0.34000000 -0.10000000 0.02004745
v 0.34000000 -0.09000000 -0.02004745
v 0.34000000 -0.09000000 0.02004745
v 0.34000000 -0.08000000 -0.02004745
v 0.34000000 -0.08000000 0.02004745
v 0.34000000 -0.07000000 -0.02004745
v 0.34000000 -0.07000000 0.02004745
v 0.34000000 -0.06000000 -0.02004745
v 0.34000000 -0.06000000 0.02004745
v 0.34000000 -0.05000000 -0.02004745
v 0.34000000 -0.05000000 0.02004745
v 0.34000000 -0.04000000 -0.02004745
v 0.34000000 -0.04000000 0.02004745
v 0.34000000 -0.03000000 -0.02004745
v 0.34000000 -0.03000000 0.02004745
v 0.34000000 -0.02000000 -0.02004745
v 0.34000000 -0.02000000 0.02004745
v 0.34000000 -0.01000000 -0.02004745
v 0.34000000 -0.01000000 0.02004745
v 0.34000000 -0.00000000 -0.02004745
v 0.34000000 -0.00000000 0.02004745
v 0.34000000 0.01000000 -0.02004745
v 0.34000000 0.01000000 0.02004745
v 0.34000000 0.02000000 -0.02004745
v 0.34000000 0.02000000 0.02004745
v 0.34000000 0.03000000 -0.02004745
v 0.34000000 0.03000000 0.02004745
v 0.34000000 0.04000000 -0.02004745
v 0.34000000 0.04000000 0.02004745
v 0.34000000 0.05000000 -0.02004745
v 0.34000000 0.05000000 0.02004745
v 0.34000000 0.06000000 -0.02004745
v 0.34000000 0.06000000 0.02004745
v 0.34000000 0.07000000 -0.02004745
v 0.34000000 0.07000000 0.02004745
v 0.34000000 0.08000000 -0.02004745
v 0.34000000 0.08000000 0.02004745
v 0.34000000 0.09000000 -0.02004745
v 0.34000000 0.09000000 0.02004745
v 0.34000000 0.10000000 -0.02004745
v 0.34000000 0.10000000 0.02004745
v 0.34000000 0.11000000 -0.02004745
v 0.34000000 0.11000000 0.02004745
v 0.34000000 0.12000000 -0.02004745
v 0.34000000 0.12000000 0.02004745
v 0.34000000 0.13000000 -0.02004745
v 0.34000000 0.13000000 0.02004745
v 0.34000000 0.14000000 -0.02004745
v 0.34000000 0.14000000 0.02004745
v 0.34000000 0.15000000 -0.02004745
v 0.34000000 0.15000000 0.02004745
v 0.34000000 0.16000000 -0.02004745
v 0.34000000 0.16000000 0.02004745
v 0.34000000 0.17000000 -0.02004745
v 0.34000000 0.17000000 0.02004745
v 0.34000000 0.18000000 -0.02004745
v 0.34000000 0.18000000 0.02004745
v 0.34000000 0.19000000 -0.02004745
v 0.34000000 0.19000000 0.02004745
v 0.34000000 0.20000000 -0.02004745
v 0.34000000 0.20000000 0.02004745
v 0.34000000 0.21000000 -0.02004745
v 0.34000000 0.21000000 0.02004745
v 0.34000000 0.22000000 -0.02004745
v 0.34000000 0.22000000 0.02004745
v 0.34000000 0.23000000 -0.02004745
v 0.34000000 0.23000000 0.02004745
v 0.34000000 0.24000000 -0.02004745
v 0.34000000 0.24000000 0.02004745
v 0.34000000 0.25000000 -0.02004745
v 0.34000000 0.25000000 0.02004745
v 0.34000000 0.26000000 -0.02004745
v 0.34000000 0.26000000 0.02004745
v 0.34000000 0.27000000 -0.02004745
v 0.34000000 0.27000000 0.02004745
v 0.34000000 0.27118942 -0.01464750
v 0.34000000 0.27277977 -0.00464750
v 0.34000000 0.27388378 0.00535250
v 0.34000000 0.27469495 0.01535250
v 0.35000000 -0.27118942 -0.01464750
v 0.35000000 -0.27000000 -0.02004745
v 0.35000000 -0.27277977 -0.00464750
v 0.35000000 -0.27388378 0.00535250
v 0.35000000 -0.27469495 0.01535250
v 0.35000000 -0.27000000 0.02004745
v 0.35000000 -0.26000000 -0.02004745
v 0.35000000 -0.26000000 0.02004745
v 0.35000000 -0.25000000 -0.02004745
v 0.35000000 -0.25000000 0.02004745
v 0.35000000 -0.24000000 -0.02004745
v 0.35000000 -0.24000000 0.02004745
v 0.35000000 -0.23000000 -0.02004745
v 0.35000000 -0.23000000 0.02004745
v 0.35000000 -0.22000000 -0.02004745
v 0.35000000 -0.22000000 0.02004745
v 0.35000000 -0.21000000 -0.02004745
v 0.35000000 -0.21000000 0.02004745
v 0.35000000 -0.20000000 -0.02004745
v 0.35000000 -0.20000000 0.02004745
v 0.35000000 -0.19000000 -0.02004745
v 0.35000000 -0.19000000 0.02004745
v 0.35000000 -0.18000000 -0.02004745
v 0.35000000 -0.18000000 0.02004745
v 0.35000000 -0.17000000 -0.02004745
v 0.35000000 -0.17000000 0.02004745
v 0.35000000 -0.16000000 -0.02004745
v 0.35000000 -0.16000000 0.02004745
v 0.35000000 -0.15000000 -0.02004745
v 0.35000000 -0.15000000 0.02004745
v 0.35000000 -0.14000000 -0.02004745
v 0.35000000 -0.14000000 0.02004745
v 0.35000000 -0.13000000 -0.02004745
v 0.35000000 -0.13000000 0.02004745
v 0.35000000 -0.12000000 -0.02004745
v 0.35000000 -0.12000000 0.02004745
v 0.35000000 -0.11000000 -0.02004745
v 0.35000000 -0.11000000 0.02004745
v 0.35000000 -0.10000000 -0.02004745
v 0.35000000 -0.10000000 0.02004745
v 0.35000000 -0.09000000 -0.02004745
v 0.35000000 -0.09000000 0.02004745
v 0.35000000 -0.08000000 -0.02004745
v 0.35000000 -0.08000000 0.02004745
v 0.35000000 -0.07000000 -0.02004745
v 0.35000000 -0.07000000 0.02004745
v 0.35000000 -0.06000000 -0.02004745
v 0.35000000 -0.06000000 0.02004745
v 0.35000000 -0.05000000 -0.02004745
v 0.35000000 -0.05000000 0.02004745
v 0.35000000 -0.04000000 -0.02004745
v 0.35000000 -0.04000000 0.02004745
v 0.35000000 -0.03000000 -0.02004745
v 0.35000000 -0.03000000 0.02004745
v 0.35000000 -0.02000000 -0.02004745
v 0.35000000 -0.02000000 0.02004745
v 0.35000000 -0.01000000 -0.02004745
v 0.35000000 -0.01000000 0.02004745
v 0.35000000 -0.00000000 -0.02004745
v 0.35000000 -0.00000000 0.02004745
v 0.35000000 0.01000000 -0.02004745
v 0.35000000 0.01000000 0.02004745
v 0.35000000 0.02000000 -0.02004745
v 0.35000000 0.02000000 0.02004745
v 0.35000000 0.03000000 -0.02004745
v 0.35000000 0.03000000 0.02004745
v 0.35000000 0.04000000 -0.02004745
v 0.35000000 0.04000000 0.02004745
v 0.35000000 0.05000000 -0.02004745
v 0.35000000 0.05000000 0.02004745
v 0.35000000 0.06000000 -0.02004745
v 0.35000000 0.06000000 0.02004745
v 0.35000000 0.07000000 -0.02004745
v 0.35000000 0.07000000 0.02004745
v 0.35000000 0.08000000 -0.02004745
v 0.35000000 0.08000000 0.02004745
v 0.35000000 0.09000000 -0.02004745
v 0.35000000 0.09000000 0.02004745
v 0.35000000 0.10000000 -0.02004745
v 0.35000000 0.10000000 0.02004745
v 0.35000000 0.11000000 -0.02004745
v 0.35000000 0.11000000 0.02004745
v 0.35000000 0.12000000 -0.02004745
v 0.35000000 0.12000000 0.02004745
v 0.35000000 0.13000000 -0.02004745
v 0.35000000 0.13000000 0.02004745
v 0.35000000 0.14000000 -0.02004745
v 0.35000000 0.14000000 0.02004745
v 0.35000000 0.15000000 -0.02004745
v 0.35000000 0.15000000 0.02004745
v 0.35000000 0.16000000 -0.02004745
v 0.35000000 0.16000000 0.02004745
v 0.35000000 0.17000000 -0.02004745
v 0.35000000 0.17000000 0.02004745
v 0.35000000 0.18000000 -0.02004745
v 0.35000000 0.18000000 0.02004745
v 0.35000000 0.19000000 -0.02004745
v 0.35000000 0.19000000 0.02004745
v 0.35000000 0.20000000 -0.02004745
v 0.35000000 0.20000000 0.02004745
v 0.35000000 0.21000000 -0.02004745
v 0.35000000 0.21000000 0.02004745
v 0.35000000 0.22000000 -0.02004745
v 0.35000000 0.22000000 0.02004745
v 0.35000000 0.23000000 -0.02004745
v 0.35000000 0.23000000 0.02004745
v 0.35000000 0.24000000 -0.02004745
v 0.35000000 0.24000000 0.02004745
v 0.35000000 0.25000000 -0.02004745
v 0.35000000 0.25000000 0.02004745
v 0.35000000 0.26000000 -0.02004745
v 0.35000000 0.26000000 0.02004745
v 0.35000000 0.27000000 -0.02004745
v 0.35000000 0.27000000 0.02004745
v 0.35000000 0.27118942 -0.01464750
v 0.35000000 0.27277977 -0.00464750
v 0.35000000 0.27388378 0.00535250
v 0.35000000 0.27469495 0.01535250
v 0.36000000 -0.27118942 -0.01464750
v 0.36000000 -0.27000000 -0.02004745
v 0.36000000 -0.27277977 -0.00464750
v 0.36000000 -0.27388378 0.00535250
v 0.36000000 -0.27469495 0.01535250
v 0.36000000 -0.27000000 0.02004745
v 0.36000000 -0.26000000 -0.02004745
v 0.36000000 -0.26000000 0.02004745
v 0.36000000 -0.25000000 -0.02004745
v 0.36000000 -0.25000000 0.02004745
v 0.36000000 -0.24000000 -0.02004745
v 0.36000000 -0.24000000 0.02004745
v 0.36000000 -0.23000000 -0.02004745
v 0.36000000 -0.23000000 0.02004745
v 0.36000000 -0.22000000 -0.02004745
v 0.36000000 -0.22000000 0.02004745
v 0.36000000 -0.21000000 -0.02004745
v 0.36000000 -0.21000000 0.02004745
v 0.36000000 -0.20000000 -0.02004745
v 0.36000000 -0.20000000 0.02004745
v 0.36000000 -0.19000000 -0.02004745
v 0.36000000 -0.19000000 0.02004745
v 0.36000000 -0.18000000 -0.02004745
v 0.36000000 -0.18000000 0.02004745
v 0.36000000 -0.17000000 -0.02004745
v 0.36000000 -0.17000000 0.02004745
v 0.36000000 -0.16000000 -0.02004745
v 0.36000000 -0.16000000 0.02004745
v 0.36000000 -0.15000000 -0.02004745
v 0.36000000 -0.15000000 0.02004745
v 0.36000000 -0.14000000 -0.02004745
v 0.36000000 -0.14000000 0.02004745
v 0.36000000 -0.13000000 -0.02004745
v 0.36000000 -0.13000000 0.02004745
v 0.36000000 -0.12000000 -0.02004745
v 0.36000000 -0.12000000 0.02004745
v 0.36000000 -0.11000000 -0.02004745
v 0.36000000 -0.11000000 0.02004745
v 0.36000000 -0.10000000 -0.02004745
v 0.36000000 -0.10000000 0.02004745
v 0.36000000 -0.09000000 -0.02004745
v 0.36000000 -0.09000000 0.02004745
v 0.36000000 -0.08000000 -0.02004745
v 0.36000000 -0.08000000 0.02004745
v 0.36000000 -0.07000000 -0.02004745
v 0.36000000 -0.07000000 0.02004745
v 0.36000000 -0.06000000 -0.02004745
v 0.36000000 -0.06000000 0.02004745
v 0.36000000 -0.05000000 -0.02004745
v 0.36000000 -0.05000000 0.02004745
v 0.36000000 -0.04000000 -0.02004745
v 0.36000000 -0.04000000 0.02004745
v 0.36000000 -0.03000000 -0.02004745
v 0.36000000 -0.03000000 0.02004745
v 0.36000000 -0.02000000 -0.02004745
v 0.36000000 -0.02000000 0.02004745
v 0.36000000 -0.01000000 -0.02004745
v 0.36000000 -0.01000000 0.02004745
v 0.36000000 -0.00000000 -0.02004745
v 0.36000000 -0.00000000 0.02004745
v 0.36000000 0.01000000 -0.02004745
v 0.36000000 0.01000000 0.02004745
v 0.36000000 0.02000000 -0.02004745
v 0.36000000 0.02000000 0.02004745
v 0.36000000 0.03000000 -0.02004745
v 0.36000000 0.03000000 0.02004745
v 0.36000000 0.04000000 -0.02004745
v 0.36000000 0.04000000 0.02004745
v 0.36000000 0.05000000 -0.02004745
v 0.36000000 0.05000000 0.02004745
v 0.36000000 0.06000000 -0.02004745
v 0.36000000 0.06000000 0.02004745
v 0.36000000 0.07000000 -0.02004745
v 0.36000000 0.07000000 0.02004745
v 0.36000000 0.08000000 -0.02004745
v 0.36000000 0.08000000 0.02004745
v 0.36000000 0.09000000 -0.02004745
v 0.36000000 0.09000000 0.02004745
v 0.36000000 0.10000000 -0.02004745
v 0.36000000 0.10000000 0.02004745
v 0.36000000 0.11000000 -0.02004745
v 0.36000000 0.11000000 0.02004745
v 0.36000000 0.12000000 -0.02004745
v 0.36000000 0.12000000 0.02004745
v 0.36000000 0.13000000 -0.02004745
v 0.36000000 0.13000000 0.02004745
v 0.36000000 0.14000000 -0.02004745
v 0.36000000 0.14000000 0.02004745
v 0.36000000 0.15000000 -0.02004745
v 0.36000000 0.15000000 0.02004745
v 0.36000000 0.16000000 -0.02004745
v 0.36000000 0.16000000 0.02004745
v 0.36000000 0.17000000 -0.02004745
v 0.36000000 0.17000000 0.02004745
v 0.36000000 0.18000000 -0.02004745
v 0.36000000 0.18000000 0.02004745
v 0.36000000 0.19000000 -0.02004745
v 0.36000000 0.19000000 0.02004745
v 0.36000000 0.20000000 -0.02004745
v 0.36000000 0.20000000 0.02004745
v 0.36000000 0.21000000 -0.02004745
v 0.36000000 0.21000000 0.02004745
v 0.36000000 0.22000000 -0.02004745
v 0.36000000 0.22000000 0.02004745
v 0.36000000 0.23000000 -0.02004745
v 0.36000000 0.23000000 0.02004745
v 0.36000000 0.24000000 -0.02004745
v 0.36000000 0.24000000 0.02004745
v 0.36000000 0.25000000 -0.02004745
v 0.36000000 0.25000000 0.02004745
v 0.36000000 0.26000000 -0.02004745
v 0.36000000 0.26000000 0.02004745
v 0.36000000 0.27000000 -0.02004745
v 0.36000000 0.27000000 0.02004745
v 0.36000000 0.27118942 -0.01464750
v 0.36000000 0.27277977 -0.00464750
v 0.36000000 0.27388378 0.00535250
v 0.36000000 0.27469495 0.01535250
v 0.37000000 -0.27118942 -0.01464750
v 0.37000000 -0.27000000 -0.02004745
v 0.37000000 -0.27277977 -0.00464750
v 0.37000000 -0.27388378 0.00535250
v 0.37000000 -0.27469495 0.01535250
v 0.37000000 -0.27000000 0.02004745
v 0.37000000 -0.26000000 -0.02004745
v 0.37000000 -0.26000000 0.02004745
v 0.37000000 -0.25000000 -0.02004745
v 0.37000000 -0.25000000 0.02004745
v 0.37000000 -0.24000000 -0.02004745
v 0.37000000 -0.24000000 0.02004745
v 0.37000000 -0.23000000 -0.02004745
v 0.37000000 -0.23000000 0.02004745
v 0.37000000 -0.22000000 -0.02004745
v 0.37000000 -0.22000000 0.02004745
v 0.37000000 -0.21000000 -0.02004745
v 0.37000000 -0.21000000 0.02004745
v 0.37000000 -0.20000000 -0.02004745
v 0.37000000 -0.20000000 0.02004745
v 0.37000000 -0.19000000 -0.02004745
v 0.37000000 -0.19000000 0.02004745
v 0.37000000 -0.18000000 -0.02004745
v 0.37000000 -0.18000000 0.02004745
v 0.37000000 -0.17000000 -0.02004745
v 0.37000000 -0.17000000 0.02004745
v 0.37000000 -0.16000000 -0.02004745
v 0.37000000 -0.16000000 0.02004745
v 0.37000000 -0.15000000 -0.02004745
v 0.37000000 -0.15000000 0.02004745
v 0.37000000 -0.14000000 -0.02004745
v 0.37000000 -0.14000000 0.02004745
v 0.37000000 -0.13000000 -0.02004745
v 0.37000000 -0.13000000 0.02004745
v 0.37000000 -0.12000000 -0.02004745
v 0.37000000 -0.12000000 0.02004745
v 0.37000000 -0.11000000 -0.02004745
v 0.37000000 -0.11000000 0.02004745
v 0.37000000 -0.10000000 -0.02004745
v 0.37000000 -0.10000000 0.02004745
v 0.37000000 -0.09000000 -0.02004745
v 0.37000000 -0.09000000 0.02004745
v 0.37000000 -0.08000000 -0.02004745
v 0.37000000 -0.08000000 0.02004745
v 0.37000000 -0.07000000 -0.02004745
v 0.37000000 -0.07000000 0.02004745
v 0.37000000 -0.06000000 -0.02004745
v 0.37000000 -0.06000000 0.02004745
v 0.37000000 -0.05000000 -0.02004745
v 0.37000000 -0.05000000 0.02004745
v 0.37000000 -0.04000000 -0.02004745
v 0.37000000 -0.04000000 0.02004745
v 0.37000000 -0.03000000 -0.02004745
v 0.37000000 -0.03000000 0.02004745
v 0.37000000 -0.02000000 -0.02004745
v 0.37000000 -0.02000000 0.02004745
v 0.37000000 -0.01000000 -0.02004745
v 0.37000000 -0.01000000 0.02004745
v 0.37000000 -0.00000000 -0.02004745
v 0.37000000 -0.00000000 0.02004745
v 0.37000000 0.01000000 -0.02004745
v 0.37000000 0.01000000 0.02004745
v 0.37000000 0.02000000 -0.02004745
v 0.37000000 0.02000000 0.02004745
v 0.37000000 0.03000000 -0.02004745
v 0.37000000 0.03000000 0.02004745
v 0.37000000 0.04000000 -0.02004745
v 0.37000000 0.04000000 0.02004745
v 0.37000000 0.05000000 -0.02004745
v 0.37000000 0.05000000 0.02004745
v 0.37000000 0.06000000 -0.02004745
v 0.37000000 0.06000000 0.02004745
v 0.37000000 0.07000000 -0.02004745
v 0.37000000 0.07000000 0.02004745
v 0.37000000 0.08000000 -0.02004745
v 0.37000000 0.08000000 0.02004745
v 0.37000000 0.09000000 -0.02004745
v 0.37000000 0.09000000 0.02004745
v 0.37000000 0.10000000 -0.02004745
v 0.37000000 0.10000000 0.02004745
v 0.37000000 0.11000000 -0.02004745
v 0.37000000 0.11000000 0.02004745
v 0.37000000 0.12000000 -0.02004745
v 0.37000000 0.12000000 0.02004745
v 0.37000000 0.13000000 -0.02004745
v 0.37000000 0.13000000 0.02004745
v 0.37000000 0.14000000 -0.02004745
v 0.37000000 0.14000000 0.02004745
v 0.37000000 0.15000000 -0.02004745
v 0.37000000 0.15000000 0.02004745
v 0.37000000 0.16000000 -0.02004745
v 0.37000000 0.16000000 0.02004745
v 0.37000000 0.17000000 -0.02004745
v 0.37000000 0.17000000 0.02004745
v 0.37000000 0.18000000 -0.02004745
v 0.37000000 0.18000000 0.02004745
v 0.37000000 0.19000000 -0.02004745
v 0.37000000 0.19000000 0.02004745
v 0.37000000 0.20000000 -0.02004745
v 0.37000000 0.20000000 0.02004745
v 0.37000000 0.21000000 -0.02004745
v 0.37000000 0.21000000 0.02004745
v 0.37000000 0.22000000 -0.02004745
v 0.37000000 0.22000000 0.02004745
v 0.37000000 0.23000000 -0.02004745
v 0.37000000 0.23000000 0.02004745
v 0.37000000 0.24000000 -0.02004745
v 0.37000000 0.24000000 0.02004745
v 0.37000000 0.25000000 -0.02004745
v 0.37000000 0.25000000 0.02004745
v 0.37000000 0.26000000 -0.02004745
v 0.37000000 0.26000000 0.02004745
v 0.37000000 0.27000000 -0.02004745
v 0.37000000 0.27000000 0.02004745
v 0.37000000 0.27118942 -0.01464750
v 0.37000000 0.27277977 -0.00464750
v 0.37000000 0.27388378 0.00535250
v 0.37000000 0.27469495 0.01535250
v 0.37118942 -0.27000000 -0.01464750
v 0.37277977 -0.27000000 -0.00464750
v 0.37388378 -0.27000000 0.00535250
v 0.37469495 -0.27000000 0.01535250
v 0.37118942 -0.26000000 -0.01464750
v 0.37277977 -0.26000000 -0.00464750
v 0.37388378 -0.26000000 0.00535250
v 0.37469495 -0.26000000 0.01535250
v 0.37118942 -0.25000000 -0.01464750
v 0.37277977 -0.25000000 -0.00464750
v 0.37388378 -0.25000000 0.00535250
v 0.37469495 -0.25000000 0.01535250
v 0.37118942 -0.24000000 -0.01464750
v 0.37277977 -0.24000000 -0.00464750
v 0.37388378 -0.24000000 0.00535250
v 0.37469495 -0.24000000 0.01535250
v 0.37118942 -0.23000000 -0.01464750
v 0.37277977 -0.23000000 -0.00464750
v 0.37388378 -0.23000000 0.00535250
v 0.37469495 -0.23000000 0.01535250
v 0.37118942 -0.22000000 -0.01464750
v 0.37277977 -0.22000000 -0.00464750
v 0.37388378 -0.22000000 0.00535250
v 0.37469495 -0.22000000 0.01535250
v 0.37118942 -0.21000000 -0.01464750
v 0.37277977 -0.21000000 -0.00464750
v 0.37388378 -0.21000000 0.00535250
v 0.37469495 -0.21000000 0.01535250
v 0.37118942 -0.20000000 -0.01464750
v 0.37277977 -0.20000000 -0.00464750
v 0.37388378 -0.20000000 0.00535250
v 0.37469495 -0.20000000 0.01535250
v 0.37118942 -0.19000000 -0.01464750
v 0.37277977 -0.19000000 -0.00464750
v 0.37388378 -0.19000000 0.00535250
v 0.37469495 -0.19000000 0.01535250
v 0.37118942 -0.18000000 -0.01464750
v 0.37277977 -0.18000000 -0.00464750
v 0.37388378 -0.18000000 0.00535250
v 0.37469495 -0.18000000 0.01535250
v 0.37118942 -0.17000000 -0.01464750
v 0.37277977 -0.17000000 -0.00464750
v 0.37388378 -0.17000000 0.00535250
v 0.37469495 -0.17000000 0.01535250
v 0.37118942 -0.16000000 -0.01464750
v 0.37277977 -0.16000000 -0.00464750
v 0.37388378 -0.16000000 0.00535250
v 0.37469495 -0.16000000 0.01535250
v 0.37118942 -0.15000000 -0.01464750
v 0.37277977 -0.15000000 -0.00464750
v 0.37388378 -0.15000000 0.00535250
v 0.37469495 -0.15000000 0.01535250
v 0.37118942 -0.14000000 -0.01464750
v 0.37277977 -0.14000000 -0.00464750
v 0.37388378 -0.14000000 0.00535250
v 0.37469495 -0.14000000 0.01535250
v 0.37118942 -0.13000000 -0.01464750
v 0.37277977 -0.13000000 -0.00464750
v 0.37388378 -0.13000000 0.00535250
v 0.37469495 -0.13000000 0.01535250
v 0.37118942 -0.12000000 -0.01464750
v 0.37277977 -0.12000000 -0.00464750
v 0.37388378 -0.12000000 0.00535250
v 0.37469495 -0.12000000 0.01535250
v 0.37118942 -0.11000000 -0.01464750
v 0.37277977 -0.11000000 -0.00464750
v 0.37388378 -0.11000000 0.00535250
v 0.37469495 -0.11000000 0.01535250
v 0.37118942 -0.10000000 -0.01464750
v 0.37277977 -0.10000000 -0.00464750
v 0.37388378 -0.10000000 0.00535250
v 0.37469495 -0.10000000 0.01535250
v 0.37118942 -0.09000000 -0.01464750
v 0.37277977 -0.09000000 -0.00464750
v 0.37388378 -0.09000000 0.00535250
v 0.37469495 -0.09000000 0.01535250
v 0.37118942 -0.08000000 -0.01464750
v 0.37277977 -0.08000000 -0.00464750
v 0.37388378 -0.08000000 0.00535250
v 0.37469495 -0.08000000 0.01535250
v 0.37118942 -0.07000000 -0.01464750
v 0.37277977 -0.07000000 -0.00464750
v 0.37388378 -0.07000000 0.00535250
v 0.37469495 -0.07000000 0.01535250
v 0.37118942 -0.06000000 -0.01464750
v 0.37277977 -0.06000000 -0.00464750
v 0.37388378 -0.06000000 0.00535250
v 0.37469495 -0.06000000 0.01535250
v 0.37118942 -0.05000000 -0.01464750
v 0.37277977 -0.05000000 -0.00464750
v 0.37388378 -0.05000000 0.00535250
v 0.37469495 -0.05000000 0.01535250
v 0.37118942 -0.04000000 -0.01464750
v 0.37277977 -0.04000000 -0.00464750
v 0.37388378 -0.04000000 0.00535250
v 0.37469495 -0.04000000 0.01535250
v 0.37118942 -0.03000000 -0.01464750
v 0.37277977 -0.03000000 -0.00464750
v 0.37388378 -0.03000000 0.00535250
v 0.37469495 -0.03000000 0.01535250
v 0.37118942 -0.02000000 -0.01464750
v 0.37277977 -0.02000000 -0.00464750
v 0.37388378 -0.02000000 0.00535250
v 0.37469495 -0.02000000 0.01535250
v 0.37118942 -0.01000000 -0.01464750
v 0.37277977 -0.01000000 -0.00464750
v 0.37388378 -0.01000000 0.00535250
v 0.37469495 -0.01000000 0.01535250
v 0.37118942 -0.00000000 -0.01464750
v 0.37277977 -0.00000000 -0.00464750
v 0.37388378 -0.00000000 0.00535250
v 0.37469495 -0.00000000 0.01535250
v 0.37118942 0.01000000 -0.01464750
v 0.37277977 0.01000000 -0.00464750
v 0.37388378 0.01000000 0.00535250
v 0.37469495 0.01000000 0.01535250
v 0.37118942 0.02000000 -0.01464750
v 0.37277977 0.02000000 -0.00464750
v 0.37388378 0.02000000 0.00535250
v 0.37469495 0.02000000 0.01535250
v 0.37118942 0.03000000 -0.01464750
v 0.37277977 0.03000000 -0.00464750
v 0.37388378 0.03000000 0.00535250
v 0.37469495 0.03000000 0.01535250
v 0.37118942 0.04000000 -0.01464750
v 0.37277977 0.04000000 -0.00464750
v 0.37388378 0.04000000 0.00535250
v 0.37469495 0.04000000 0.01535250
v 0.37118942 0.05000000 -0.01464750
v 0.37277977 0.05000000 -0.00464750
v 0.37388378 0.05000000 0.00535250
v 0.37469495 0.05000000 0.01535250
v 0.37118942 0.06000000 -0.01464750
v 0.37277977 0.06000000 -0.00464750
v 0.37388378 0.06000000 0.00535250
v 0.37469495 0.06000000 0.01535250
v 0.37118942 0.07000000 -0.01464750
v 0.37277977 0.07000000 -0.00464750
v 0.37388378 0.07000000 0.00535250
v 0.37469495 0.07000000 0.01535250
v 0.37118942 0.08000000 -0.01464750
v 0.37277977 0.08000000 -0.00464750
v 0.37388378 0.08000000 0.00535250
v 0.37469495 0.08000000 0.01535250
v 0.37118942 0.09000000 -0.01464750
v 0.37277977 0.09000000 -0.00464750
v 0.37388378 0.09000000 0.00535250
v 0.37469495 0.09000000 0.01535250
v 0.37118942 0.10000000 -0.01464750
v 0.37277977 0.10000000 -0.00464750
v 0.37388378 0.10000000 0.00535250
v 0.37469495 0.10000000 0.01535250
v 0.37118942 0.11000000 -0.01464750
v 0.37277977 0.11000000 -0.00464750
v 0.37388378 0.11000000 0.00535250
v 0.37469495 0.11000000 0.01535250
v 0.37118942 0.12000000 -0.01464750
v 0.37277977 0.12000000 -0.00464750
v 0.37388378 0.12000000 0.00535250
v 0.37469495 0.12000000 0.01535250
v 0.37118942 0.13000000 -0.01464750
v 0.37277977 0.13000000 -0.00464750
v 0.37388378 0.13000000 0.00535250
v 0.37469495 0.13000000 0.01535250
v 0.37118942 0.14000000 -0.01464750
v 0.37277977 0.14000000 -0.00464750
v 0.37388378 0.14000000 0.00535250
v 0.37469495 0.14000000 0.01535250
v 0.37118942 0.15000000 -0.01464750
v 0.37277977 0.15000000 -0.00464750
v 0.37388378 0.15000000 0.00535250
v 0.37469495 0.15000000 0.01535250
v 0.37118942 0.16000000 -0.01464750
v 0.37277977 0.16000000 -0.00464750
v 0.37388378 0.16000000 0.00535250
v 0.37469495 0.16000000 0.01535250
v 0.37118942 0.17000000 -0.01464750
v 0.37277977 0.17000000 -0.00464750
v 0.37388378 0.17000000 0.00535250
v 0.37469495 0.17000000 0.01535250
v 0.37118942 0.18000000 -0.01464750
v 0.37277977 0.18000000 -0.00464750
v 0.37388378 0.18000000 0.00535250
v 0.37469495 0.18000000 0.01535250
v 0.37118942 0.19000000 -0.01464750
v 0.37277977 0.19000000 -0.00464750
v 0.37388378 0.19000000 0.00535250
v 0.37469495 0.19000000 0.01535250
v 0.37118942 0.20000000 -0.01464750
v 0.37277977 0.20000000 -0.00464750
v 0.37388378 0.20000000 0.00535250
v 0.37469495 0.20000000 0.01535250
v 0.37118942 0.21000000 -0.01464750
v 0.37277977 0.21000000 -0.00464750
v 0.37388378 0.21000000 0.00535250
v 0.37469495 0.21000000 0.01535250
v 0.37118942 0.22000000 -0.01464750
v 0.37277977 0.22000000 -0.00464750
v 0.37388378 0.22000000 0.00535250
v 0.37469495 0.22000000 0.01535250
v 0.37118942 0.23000000 -0.01464750
v 0.37277977 0.23000000 -0.00464750
v 0.37388378 0.23000000 0.00535250
v 0.37469495 0.23000000 0.01535250
v 0.37118942 0.24000000 -0.01464750
v 0.37277977 0.24000000 -0.00464750
v 0.37388378 0.24000000 0.00535250
v 0.37469495 0.24000000 0.01535250
v 0.37118942 0.25000000 -0.01464750
v 0.37277977 0.25000000 -0.00464750
v 0.37388378 0.25000000 0.00535250
v 0.37469495 0.25000000 0.01535250
v 0.37118942 0.26000000 -0.01464750
v 0.37277977 0.26000000 -0.00464750
v 0.37388378 0.26000000 0.00535250
v 0.37469495 0.26000000 0.01535250
v 0.37118942 0.27000000 -0.01464750
v 0.37277977 0.27000000 -0.00464750
v 0.37388378 0.27000000 0.00535250
v 0.37469495 0.27000000 0.01535250
f 9290 9066 9070
f 9070 9069 9290
f 9290 9069 9289
f 9069 9068 9289
f 9289 9068 9288
f 9068 9067 9288
f 9288 9067 9287
f 9287 9067 9065
f 9064 9066 9286
f 9286 9066 9290
f 9286 9290 9289
f 9285 9286 9289
f 9285 9289 9288
f 9284 9285 9288
f 9284 9288 9287
f 9283 9284 9287
f 8 14 15
f 6 14 8
f 6 13 14
f 4 13 6
f 4 11 13
f 1 11 4
f 11 1 12
f 12 1 3
f 9 8 10
f 6 8 7
f 7 8 9
f 4 6 5
f 5 6 7
f 1 4 2
f 2 4 5
f 3 1 2
f 27 33 28
f 28 33 34
f 27 32 33
f 26 32 27
f 26 31 32
f 25 31 26
f 25 29 31
f 23 29 25
f 29 23 30
f 30 23 24
f 21 27 22
f 22 27 28
f 21 26 27
f 20 26 21
f 20 25 26
f 19 25 20
f 38 43 44
f 37 43 38
f 37 41 43
f 35 41 37
f 41 35 42
f 42 35 36
f 33 39 34
f 34 39 40
f 33 38 39
f 32 38 33
f 32 37 38
f 31 37 32
f 31 35 37
f 29 35 31
f 35 29 36
f 36 29 30
f 53 47 54
f 54 47 48
f 45 51 46
f 46 51 52
f 45 50 51
f 44 50 45
f 44 49 50
f 43 49 44
f 43 47 49
f 41 47 43
f 47 41 48
f 48 41 42
f 39 45 40
f 40 45 46
f 39 44 45
f 38 44 39
f 57 62 63
f 56 62 57
f 56 61 62
f 55 61 56
f 55 59 61
f 53 59 55
f 59 53 60
f 60 53 54
f 51 57 52
f 52 57 58
f 51 56 57
f 50 56 51
f 50 55 56
f 49 55 50
f 49 53 55
f 47 53 49
f 67 71 73
f 65 71 67
f 71 65 72
f 72 65 66
f 63 69 64
f 64 69 70
f 63 68 69
f 62 68 63
f 62 67 68
f 61 67 62
f 61 65 67
f 59 65 61
f 65 59 66
f 66 59 60
f 57 63 58
f 58 63 64
f 75 81 76
f 76 81 82
f 75 80 81
f 74 80 75
f 74 79 80
f 73 79 74
f 73 77 79
f 71 77 73
f 77 71 78
f 78 71 72
f 69 75 70
f 70 75 76
f 69 74 75
f 68 74 69
f 68 73 74
f 67 73 68
f 86 91 92
f 85 91 86
f 85 89 91
f 83 89 85
f 89 83 90
f 90 83 84
f 81 87 82
f 82 87 88
f 81 86 87
f 80 86 81
f 80 85 86
f 79 85 80
f 79 83 85
f 77 83 79
f 83 77 84
f 84 77 78
f 101 95 102
f 102 95 96
f 93 99 94
f 94 99 100
f 93 98 99
f 92 98 93
f 92 97 98
f 91 97 92
f 91 95 97
f 89 95 91
f 95 89 96
f 96 89 90
f 87 93 88
f 88 93 94
f 87 92 93
f 86 92 87
f 105 110 111
f 104 110 105
f 104 109 110
f 103 109 104
f 103 107 109
f 101 107 103
f 107 101 108
f 108 101 102
f 99 105 100
f 100 105 106
f 99 104 105
f 98 104 99
f 98 103 104
f 97 103 98
f 97 101 103
f 95 101 97
f 115 119 121
f 113 119 115
f 119 113 120
f 120 113 114
f 111 117 112
f 112 117 118
f 111 116 117
f 110 116 111
f 110 115 116
f 109 115 110
f 109 113 115
f 107 113 109
f 113 107 114
f 114 107 108
f 105 111 106
f 106 111 112
f 123 129 124
f 124 129 130
f 123 128 129
f 122 128 123
f 122 127 128
f 121 127 122
f 121 125 127
f 119 125 121
f 125 119 126
f 126 119 120
f 117 123 118
f 118 123 124
f 117 122 123
f 116 122 117
f 116 121 122
f 115 121 116
f 134 139 140
f 133 139 134
f 133 137 139
f 131 137 133
f 137 131 138
f 138 131 132
f 129 135 130
f 130 135 136
f 129 134 135
f 128 134 129
f 128 133 134
f 127 133 128
f 127 131 133
f 125 131 127
f 131 125 132
f 132 125 126
f 149 143 150
f 150 143 144
f 141 147 142
f 142 147 148
f 141 146 147
f 140 146 141
f 140 145 146
f 139 145 140
f 139 143 145
f 137 143 139
f 143 137 144
f 144 137 138
f 135 141 136
f 136 141 142
f 135 140 141
f 134 140 135
f 153 158 159
f 152 158 153
f 152 157 158
f 151 157 152
f 151 155 157
f 149 155 151
f 155 149 156
f 156 149 150
f 147 153 148
f 148 153 154
f 147 152 153
f 146 152 147
f 146 151 152
f 145 151 146
f 145 149 151
f 143 149 145
f 163 167 169
f 161 167 163
f 167 161 168
f 168 161 162
f 159 165 160
f 160 165 166
f 159 164 165
f 158 164 159
f 158 163 164
f 157 163 158
f 157 161 163
f 155 161 157
f 161 155 162
f 162 155 156
f 153 159 154
f 154 159 160
f 171 177 172
f 172 177 178
f 171 176 177
f 170 176 171
f 170 175 176
f 169 175 170
f 169 173 175
f 167 173 169
f 173 167 174
f 174 167 168
f 165 171 166
f 166 171 172
f 165 170 171
f 164 170 165
f 164 169 170
f 163 169 164
f 182 187 188
f 181 187 182
f 181 185 187
f 179 185 181
f 185 179 186
f 186 179 180
f 177 183 178
f 178 183 184
f 177 182 183
f 176 182 177
f 176 181 182
f 175 181 176
f 175 179 181
f 173 179 175
f 179 173 180
f 180 173 174
f 197 191 198
f 198 191 192
f 189 195 190
f 190 195 196
f 189 194 195
f 188 194 189
f 188 193 194
f 187 193 188
f 187 191 193
f 185 191 187
f 191 185 192
f 192 185 186
f 183 189 184
f 184 189 190
f 183 188 189
f 182 188 183
f 201 206 207
f 200 206 201
f 200 205 206
f 199 205 200
f 199 203 205
f 197 203 199
f 203 197 204
f 204 197 198
f 195 201 196
f 196 201 202
f 195 200 201
f 194 200 195
f 194 199 200
f 193 199 194
f 193 197 199
f 191 197 193
f 211 215 217
f 209 215 211
f 215 209 216
f 216 209 210
f 207 213 208
f 208 213 214
f 207 212 213
f 206 212 207
f 206 211 212
f 205 211 206
f 205 209 211
f 203 209 205
f 209 203 210
f 210 203 204
f 201 207 202
f 202 207 208
f 219 225 220
f 220 225 226
f 219 224 225
f 218 224 219
f 218 223 224
f 217 223 218
f 217 221 223
f 215 221 217
f 221 215 222
f 222 215 216
f 213 219 214
f 214 219 220
f 213 218 219
f 212 218 213
f 212 217 218
f 211 217 212
f 230 235 236
f 229 235 230
f 229 233 235
f 227 233 229
f 233 227 234
f 234 227 228
f 225 231 226
f 226 231 232
f 225 230 231
f 224 230 225
f 224 229 230
f 223 229 224
f 223 227 229
f 221 227 223
f 227 221 228
f 228 221 222
f 245 239 246
f 246 239 240
f 237 243 238
f 238 243 244
f 237 242 243
f 236 242 237
f 236 241 242
f 235 241 236
f 235 239 241
f 233 239 235
f 239 233 240
f 240 233 234
f 231 237 232
f 232 237 238
f 231 236 237
f 230 236 231
f 249 254 255
f 248 254 249
f 248 253 254
f 247 253 248
f 247 251 253
f 245 251 247
f 251 245 252
f 252 245 246
f 243 249 244
f 244 249 250
f 243 248 249
f 242 248 243
f 242 247 248
f 241 247 242
f 241 245 247
f 239 245 241
f 259 263 265
f 257 263 259
f 263 257 264
f 264 257 258
f 255 261 256
f 256 261 262
f 255 260 261
f 254 260 255
f 254 259 260
f 253 259 254
f 253 257 259
f 251 257 253
f 257 251 258
f 258 251 252
f 249 255 250
f 250 255 256
f 267 273 268
f 268 273 274
f 267 272 273
f 266 272 267
f 266 271 272
f 265 271 266
f 265 269 271
f 263 269 265
f 269 263 270
f 270 263 264
f 261 267 262
f 262 267 268
f 261 266 267
f 260 266 261
f 260 265 266
f 259 265 260
f 278 283 284
f 277 283 278
f 277 281 283
f 275 281 277
f 281 275 282
f 282 275 276
f 273 279 274
f 274 279 280
f 273 278 279
f 272 278 273
f 272 277 278
f 271 277 272
f 271 275 277
f 269 275 271
f 275 269 276
f 276 269 270
f 293 287 294
f 294 287 288
f 285 291 286
f 286 291 292
f 285 290 291
f 284 290 285
f 284 289 290
f 283 289 284
f 283 287 289
f 281 287 283
f 287 281 288
f 288 281 282
f 279 285 280
f 280 285 286
f 279 284 285
f 278 284 279
f 297 302 303
f 296 302 297
f 296 301 302
f 295 301 296
f 295 299 301
f 293 299 295
f 299 293 300
f 300 293 294
f 291 297 292
f 292 297 298
f 291 296 297
f 290 296 291
f 290 295 296
f 289 295 290
f 289 293 295
f 287 293 289
f 307 311 313
f 305 311 307
f 311 305 312
f 312 305 306
f 303 309 304
f 304 309 310
f 303 308 309
f 302 308 303
f 302 307 308
f 301 307 302
f 301 305 307
f 299 305 301
f 305 299 306
f 306 299 300
f 297 303 298
f 298 303 304
f 315 321 316
f 316 321 322
f 315 320 321
f 314 320 315
f 314 319 320
f 313 319 314
f 313 317 319
f 311 317 313
f 317 311 318
f 318 311 312
f 309 315 310
f 310 315 316
f 309 314 315
f 308 314 309
f 308 313 314
f 307 313 308
f 326 331 332
f 325 331 326
f 325 329 331
f 323 329 325
f 329 323 330
f 330 323 324
f 321 327 322
f 322 327 328
f 321 326 327
f 320 326 321
f 320 325 326
f 319 325 320
f 319 323 325
f 317 323 319
f 323 317 324
f 324 317 318
f 2 5 341
f 339 2 341
f 2 339 3
f 3 339 340
f 333 338 334
f 337 338 332
f 332 338 333
f 336 337 331
f 331 337 332
f 335 336 329
f 329 336 331
f 330 335 329
f 327 333 328
f 328 333 334
f 327 332 333
f 326 332 327
f 349 24 18
f 347 349 18
f 348 16 22
f 346 16 348
f 347 18 12
f 345 347 12
f 346 10 16
f 344 10 346
f 345 12 3
f 340 345 3
f 10 344 9
f 9 344 343
f 7 9 343
f 342 7 343
f 5 7 342
f 341 5 342
f 357 48 42
f 355 357 42
f 356 40 46
f 354 40 356
f 355 42 36
f 353 355 36
f 354 34 40
f 352 34 354
f 353 36 30
f 351 353 30
f 352 28 34
f 350 28 352
f 351 30 24
f 349 351 24
f 350 22 28
f 348 22 350
f 365 72 66
f 363 365 66
f 364 64 70
f 362 64 364
f 363 66 60
f 361 363 60
f 362 58 64
f 360 58 362
f 361 60 54
f 359 361 54
f 360 52 58
f 358 52 360
f 359 54 48
f 357 359 48
f 358 46 52
f 356 46 358
f 373 96 90
f 371 373 90
f 372 88 94
f 370 88 372
f 371 90 84
f 369 371 84
f 370 82 88
f 368 82 370
f 369 84 78
f 367 369 78
f 368 76 82
f 366 76 368
f 367 78 72
f 365 367 72
f 366 70 76
f 364 70 366
f 381 120 114
f 379 381 114
f 380 112 118
f 378 112 380
f 379 114 108
f 377 379 108
f 378 106 112
f 376 106 378
f 377 108 102
f 375 377 102
f 376 100 106
f 374 100 376
f 375 102 96
f 373 375 96
f 374 94 100
f 372 94 374
f 389 144 138
f 387 389 138
f 388 136 142
f 386 136 388
f 387 138 132
f 385 387 132
f 386 130 136
f 384 130 386
f 385 132 126
f 383 385 126
f 384 124 130
f 382 124 384
f 383 126 120
f 381 383 120
f 382 118 124
f 380 118 382
f 397 168 162
f 395 397 162
f 396 160 166
f 394 160 396
f 395 162 156
f 393 395 156
f 394 154 160
f 392 154 394
f 393 156 150
f 391 393 150
f 392 148 154
f 390 148 392
f 391 150 144
f 389 391 144
f 390 142 148
f 388 142 390
f 405 192 186
f 403 405 186
f 404 184 190
f 402 184 404
f 403 186 180
f 401 403 180
f 402 178 184
f 400 178 402
f 401 180 174
f 399 401 174
f 400 172 178
f 398 172 400
f 399 174 168
f 397 399 168
f 398 166 172
f 396 166 398
f 413 216 210
f 411 413 210
f 412 208 214
f 410 208 412
f 411 210 204
f 409 411 204
f 410 202 208
f 408 202 410
f 409 204 198
f 407 409 198
f 408 196 202
f 406 196 408
f 407 198 192
f 405 407 192
f 406 190 196
f 404 190 406
f 421 240 234
f 419 421 234
f 420 232 238
f 418 232 420
f 419 234 228
f 417 419 228
f 418 226 232
f 416 226 418
f 417 228 222
f 415 417 222
f 416 220 226
f 414 220 416
f 415 222 216
f 413 415 216
f 414 214 220
f 412 214 414
f 429 264 258
f 427 429 258
f 428 256 262
f 426 256 428
f 427 258 252
f 425 427 252
f 426 250 256
f 424 250 426
f 425 252 246
f 423 425 246
f 424 244 250
f 422 244 424
f 423 246 240
f 421 423 240
f 422 238 244
f 420 238 422
f 437 288 282
f 435 437 282
f 436 280 286
f 434 280 436
f 435 282 276
f 433 435 276
f 434 274 280
f 432 274 434
f 433 276 270
f 431 433 270
f 432 268 274
f 430 268 432
f 431 270 264
f 429 431 264
f 430 262 268
f 428 262 430
f 445 312 306
f 443 445 306
f 444 304 310
f 442 304 444
f 443 306 300
f 441 443 300
f 442 298 304
f 440 298 442
f 441 300 294
f 439 441 294
f 440 292 298
f 438 292 440
f 439 294 288
f 437 439 288
f 438 286 292
f 436 286 438
f 453 335 451
f 451 335 330
f 452 328 334
f 450 328 452
f 451 330 324
f 449 451 324
f 450 322 328
f 448 322 450
f 449 324 318
f 447 449 318
f 448 316 322
f 446 316 448
f 447 318 312
f 445 447 312
f 446 310 316
f 444 310 446
f 342 343 461
f 460 342 461
f 341 342 460
f 459 341 460
f 339 341 459
f 457 339 459
f 339 457 340
f 340 457 458
f 452 334 456
f 456 334 338
f 337 456 338
f 455 456 337
f 336 455 337
f 454 455 336
f 335 454 336
f 453 454 335
f 469 351 349
f 467 469 349
f 468 348 350
f 466 348 468
f 467 349 347
f 465 467 347
f 466 346 348
f 464 346 466
f 465 347 345
f 463 465 345
f 464 344 346
f 462 344 464
f 463 345 340
f 458 463 340
f 344 462 343
f 343 462 461
f 477 359 357
f 475 477 357
f 476 356 358
f 474 356 476
f 475 357 355
f 473 475 355
f 474 354 356
f 472 354 474
f 473 355 353
f 471 473 353
f 472 352 354
f 470 352 472
f 471 353 351
f 469 471 351
f 470 350 352
f 468 350 470
f 485 367 365
f 483 485 365
f 484 364 366
f 482 364 484
f 483 365 363
f 481 483 363
f 482 362 364
f 480 362 482
f 481 363 361
f 479 481 361
f 480 360 362
f 478 360 480
f 479 361 359
f 477 479 359
f 478 358 360
f 476 358 478
f 493 375 373
f 491 493 373
f 492 372 374
f 490 372 492
f 491 373 371
f 489 491 371
f 490 370 372
f 488 370 490
f 489 371 369
f 487 489 369
f 488 368 370
f 486 368 488
f 487 369 367
f 485 487 367
f 486 366 368
f 484 366 486
f 501 383 381
f 499 501 381
f 500 380 382
f 498 380 500
f 499 381 379
f 497 499 379
f 498 378 380
f 496 378 498
f 497 379 377
f 495 497 377
f 496 376 378
f 494 376 496
f 495 377 375
f 493 495 375
f 494 374 376
f 492 374 494
f 509 391 389
f 507 509 389
f 508 388 390
f 506 388 508
f 507 389 387
f 505 507 387
f 506 386 388
f 504 386 506
f 505 387 385
f 503 505 385
f 504 384 386
f 502 384 504
f 503 385 383
f 501 503 383
f 502 382 384
f 500 382 502
f 517 399 397
f 515 517 397
f 516 396 398
f 514 396 516
f 515 397 395
f 513 515 395
f 514 394 396
f 512 394 514
f 513 395 393
f 511 513 393
f 512 392 394
f 510 392 512
f 511 393 391
f 509 511 391
f 510 390 392
f 508 390 510
f 525 407 405
f 523 525 405
f 524 404 406
f 522 404 524
f 523 405 403
f 521 523 403
f 522 402 404
f 520 402 522
f 521 403 401
f 519 521 401
f 520 400 402
f 518 400 520
f 519 401 399
f 517 519 399
f 518 398 400
f 516 398 518
f 533 415 413
f 531 533 413
f 532 412 414
f 530 412 532
f 531 413 411
f 529 531 411
f 530 410 412
f 528 410 530
f 529 411 409
f 527 529 409
f 528 408 410
f 526 408 528
f 527 409 407
f 525 527 407
f 526 406 408
f 524 406 526
f 541 423 421
f 539 541 421
f 540 420 422
f 538 420 540
f 539 421 419
f 537 539 419
f 538 418 420
f 536 418 538
f 537 419 417
f 535 537 417
f 536 416 418
f 534 416 536
f 535 417 415
f 533 535 415
f 534 414 416
f 532 414 534
f 549 431 429
f 547 549 429
f 548 428 430
f 546 428 548
f 547 429 427
f 545 547 427
f 546 426 428
f 544 426 546
f 545 427 425
f 543 545 425
f 544 424 426
f 542 424 544
f 543 425 423
f 541 543 423
f 542 422 424
f 540 422 542
f 557 439 437
f 555 557 437
f 556 436 438
f 554 436 556
f 555 437 435
f 553 555 435
f 554 434 436
f 552 434 554
f 553 435 433
f 551 553 433
f 552 432 434
f 550 432 552
f 551 433 431
f 549 551 431
f 550 430 432
f 548 430 550
f 565 447 445
f 563 565 445
f 564 444 446
f 562 444 564
f 563 445 443
f 561 563 443
f 562 442 444
f 560 442 562
f 561 443 441
f 559 561 441
f 560 440 442
f 558 440 560
f 559 441 439
f 557 559 439
f 558 438 440
f 556 438 558
f 454 573 455
f 572 573 454
f 453 572 454
f 571 572 453
f 571 453 569
f 569 453 451
f 570 450 452
f 568 450 570
f 569 451 449
f 567 569 449
f 568 448 450
f 566 448 568
f 567 449 447
f 565 567 447
f 566 446 448
f 564 446 566
f 581 463 458
f 576 581 458
f 462 580 461
f 461 580 579
f 460 461 579
f 578 460 579
f 459 460 578
f 577 459 578
f 457 459 577
f 575 457 577
f 457 575 458
f 458 575 576
f 570 452 574
f 574 452 456
f 455 574 456
f 573 574 455
f 589 471 469
f 587 589 469
f 588 468 470
f 586 468 588
f 587 469 467
f 585 587 467
f 586 466 468
f 584 466 586
f 585 467 465
f 583 585 465
f 584 464 466
f 582 464 584
f 583 465 463
f 581 583 463
f 582 462 464
f 580 462 582
f 597 479 477
f 595 597 477
f 596 476 478
f 594 476 596
f 595 477 475
f 593 595 475
f 594 474 476
f 592 474 594
f 593 475 473
f 591 593 473
f 592 472 474
f 590 472 592
f 591 473 471
f 589 591 471
f 590 470 472
f 588 470 590
f 605 487 485
f 603 605 485
f 604 484 486
f 602 484 604
f 603 485 483
f 601 603 483
f 602 482 484
f 600 482 602
f 601 483 481
f 599 601 481
f 600 480 482
f 598 480 600
f 599 481 479
f 597 599 479
f 598 478 480
f 596 478 598
f 613 495 493
f 611 613 493
f 612 492 494
f 610 492 612
f 611 493 491
f 609 611 491
f 610 490 492
f 608 490 610
f 609 491 489
f 607 609 489
f 608 488 490
f 606 488 608
f 607 489 487
f 605 607 487
f 606 486 488
f 604 486 606
f 621 503 501
f 619 621 501
f 620 500 502
f 618 500 620
f 619 501 499
f 617 619 499
f 618 498 500
f 616 498 618
f 617 499 497
f 615 617 497
f 616 496 498
f 614 496 616
f 615 497 495
f 613 615 495
f 614 494 496
f 612 494 614
f 629 511 509
f 627 629 509
f 628 508 510
f 626 508 628
f 627 509 507
f 625 627 507
f 626 506 508
f 624 506 626
f 625 507 505
f 623 625 505
f 624 504 506
f 622 504 624
f 623 505 503
f 621 623 503
f 622 502 504
f 620 502 622
f 637 519 517
f 635 637 517
f 636 516 518
f 634 516 636
f 635 517 515
f 633 635 515
f 634 514 516
f 632 514 634
f 633 515 513
f 631 633 513
f 632 512 514
f 630 512 632
f 631 513 511
f 629 631 511
f 630 510 512
f 628 510 630
f 645 527 525
f 643 645 525
f 644 524 526
f 642 524 644
f 643 525 523
f 641 643 523
f 642 522 524
f 640 522 642
f 641 523 521
f 639 641 521
f 640 520 522
f 638 520 640
f 639 521 519
f 637 639 519
f 638 518 520
f 636 518 638
f 653 535 533
f 651 653 533
f 652 532 534
f 650 532 652
f 651 533 531
f 649 651 531
f 650 530 532
f 648 530 650
f 649 531 529
f 647 649 529
f 648 528 530
f 646 528 648
f 647 529 527
f 645 647 527
f 646 526 528
f 644 526 646
f 661 543 541
f 659 661 541
f 660 540 542
f 658 540 660
f 659 541 539
f 657 659 539
f 658 538 540
f 656 538 658
f 657 539 537
f 655 657 537
f 656 536 538
f 654 536 656
f 655 537 535
f 653 655 535
f 654 534 536
f 652 534 654
f 669 551 549
f 667 669 549
f 668 548 550
f 666 548 668
f 667 549 547
f 665 667 547
f 666 546 548
f 664 546 666
f 665 547 545
f 663 665 545
f 664 544 546
f 662 544 664
f 663 545 543
f 661 663 543
f 662 542 544
f 660 542 662
f 677 559 557
f 675 677 557
f 676 556 558
f 674 556 676
f 675 557 555
f 673 675 555
f 674 554 556
f 672 554 674
f 673 555 553
f 671 673 553
f 672 552 554
f 670 552 672
f 671 553 551
f 669 671 551
f 670 550 552
f 668 550 670
f 685 567 565
f 683 685 565
f 684 564 566
f 682 564 684
f 683 565 563
f 681 683 563
f 682 562 564
f 680 562 682
f 681 563 561
f 679 681 561
f 680 560 562
f 678 560 680
f 679 561 559
f 677 679 559
f 678 558 560
f 676 558 678
f 688 570 692
f 692 570 574
f 573 692 574
f 691 692 573
f 572 691 573
f 690 691 572
f 571 690 572
f 689 690 571
f 689 571 687
f 687 571 569
f 688 568 570
f 686 568 688
f 687 569 567
f 685 687 567
f 686 566 568
f 684 566 686
f 701 583 581
f 699 701 581
f 700 580 582
f 698 580 700
f 699 581 576
f 694 699 576
f 580 698 579
f 579 698 697
f 578 579 697
f 696 578 697
f 577 578 696
f 695 577 696
f 575 577 695
f 693 575 695
f 575 693 576
f 576 693 694
f 709 591 589
f 707 709 589
f 708 588 590
f 706 588 708
f 707 589 587
f 705 707 587
f 706 586 588
f 704 586 706
f 705 587 585
f 703 705 585
f 704 584 586
f 702 584 704
f 703 585 583
f 701 703 583
f 702 582 584
f 700 582 702
f 717 599 597
f 715 717 597
f 716 596 598
f 714 596 716
f 715 597 595
f 713 715 595
f 714 594 596
f 712 594 714
f 713 595 593
f 711 713 593
f 712 592 594
f 710 592 712
f 711 593 591
f 709 711 591
f 710 590 592
f 708 590 710
f 725 607 605
f 723 725 605
f 724 604 606
f 722 604 724
f 723 605 603
f 721 723 603
f 722 602 604
f 720 602 722
f 721 603 601
f 719 721 601
f 720 600 602
f 718 600 720
f 719 601 599
f 717 719 599
f 718 598 600
f 716 598 718
f 733 615 613
f 731 733 613
f 732 612 614
f 730 612 732
f 731 613 611
f 729 731 611
f 730 610 612
f 728 610 730
f 729 611 609
f 727 729 609
f 728 608 610
f 726 608 728
f 727 609 607
f 725 727 607
f 726 606 608
f 724 606 726
f 741 623 621
f 739 741 621
f 740 620 622
f 738 620 740
f 739 621 619
f 737 739 619
f 738 618 620
f 736 618 738
f 737 619 617
f 735 737 617
f 736 616 618
f 734 616 736
f 735 617 615
f 733 735 615
f 734 614 616
f 732 614 734
f 749 631 629
f 747 749 629
f 748 628 630
f 746 628 748
f 747 629 627
f 745 747 627
f 746 626 628
f 744 626 746
f 745 627 625
f 743 745 625
f 744 624 626
f 742 624 744
f 743 625 623
f 741 743 623
f 742 622 624
f 740 622 742
f 757 639 637
f 755 757 637
f 756 636 638
f 754 636 756
f 755 637 635
f 753 755 635
f 754 634 636
f 752 634 754
f 753 635 633
f 751 753 633
f 752 632 634
f 750 632 752
f 751 633 631
f 749 751 631
f 750 630 632
f 748 630 750
f 765 647 645
f 763 765 645
f 764 644 646
f 762 644 764
f 763 645 643
f 761 763 643
f 762 642 644
f 760 642 762
f 761 643 641
f 759 761 641
f 760 640 642
f 758 640 760
f 759 641 639
f 757 759 639
f 758 638 640
f 756 638 758
f 773 655 653
f 771 773 653
f 772 652 654
f 770 652 772
f 771 653 651
f 769 771 651
f 770 650 652
f 768 650 770
f 769 651 649
f 767 769 649
f 768 648 650
f 766 648 768
f 767 649 647
f 765 767 647
f 766 646 648
f 764 646 766
f 781 663 661
f 779 781 661
f 780 660 662
f 778 660 780
f 779 661 659
f 777 779 659
f 778 658 660
f 776 658 778
f 777 659 657
f 775 777 657
f 776 656 658
f 774 656 776
f 775 657 655
f 773 775 655
f 774 654 656
f 772 654 774
f 789 671 669
f 787 789 669
f 788 668 670
f 786 668 788
f 787 669 667
f 785 787 667
f 786 666 668
f 784 666 786
f 785 667 665
f 783 785 665
f 784 664 666
f 782 664 784
f 783 665 663
f 781 783 663
f 782 662 664
f 780 662 782
f 797 679 677
f 795 797 677
f 796 676 678
f 794 676 796
f 795 677 675
f 793 795 675
f 794 674 676
f 792 674 794
f 793 675 673
f 791 793 673
f 792 672 674
f 790 672 792
f 791 673 671
f 789 791 671
f 790 670 672
f 788 670 790
f 805 687 685
f 803 805 685
f 804 684 686
f 802 684 804
f 803 685 683
f 801 803 683
f 802 682 684
f 800 682 802
f 801 683 681
f 799 801 681
f 800 680 682
f 798 680 800
f 799 681 679
f 797 799 679
f 798 678 680
f 796 678 798
f 693 695 813
f 811 693 813
f 693 811 694
f 694 811 812
f 806 688 810
f 810 688 692
f 691 810 692
f 809 810 691
f 690 809 691
f 808 809 690
f 689 808 690
f 807 808 689
f 807 689 805
f 805 689 687
f 806 686 688
f 804 686 806
f 821 703 701
f 819 821 701
f 820 700 702
f 818 700 820
f 819 701 699
f 817 819 699
f 818 698 700
f 816 698 818
f 817 699 694
f 812 817 694
f 698 816 697
f 697 816 815
f 696 697 815
f 814 696 815
f 695 696 814
f 813 695 814
f 829 711 709
f 827 829 709
f 828 708 710
f 826 708 828
f 827 709 707
f 825 827 707
f 826 706 708
f 824 706 826
f 825 707 705
f 823 825 705
f 824 704 706
f 822 704 824
f 823 705 703
f 821 823 703
f 822 702 704
f 820 702 822
f 837 719 717
f 835 837 717
f 836 716 718
f 834 716 836
f 835 717 715
f 833 835 715
f 834 714 716
f 832 714 834
f 833 715 713
f 831 833 713
f 832 712 714
f 830 712 832
f 831 713 711
f 829 831 711
f 830 710 712
f 828 710 830
f 845 727 725
f 843 845 725
f 844 724 726
f 842 724 844
f 843 725 723
f 841 843 723
f 842 722 724
f 840 722 842
f 841 723 721
f 839 841 721
f 840 720 722
f 838 720 840
f 839 721 719
f 837 839 719
f 838 718 720
f 836 718 838
f 853 735 733
f 851 853 733
f 852 732 734
f 850 732 852
f 851 733 731
f 849 851 731
f 850 730 732
f 848 730 850
f 849 731 729
f 847 849 729
f 848 728 730
f 846 728 848
f 847 729 727
f 845 847 727
f 846 726 728
f 844 726 846
f 861 743 741
f 859 861 741
f 860 740 742
f 858 740 860
f 859 741 739
f 857 859 739
f 858 738 740
f 856 738 858
f 857 739 737
f 855 857 737
f 856 736 738
f 854 736 856
f 855 737 735
f 853 855 735
f 854 734 736
f 852 734 854
f 869 751 749
f 867 869 749
f 868 748 750
f 866 748 868
f 867 749 747
f 865 867 747
f 866 746 748
f 864 746 866
f 865 747 745
f 863 865 745
f 864 744 746
f 862 744 864
f 863 745 743
f 861 863 743
f 862 742 744
f 860 742 862
f 877 759 757
f 875 877 757
f 876 756 758
f 874 756 876
f 875 757 755
f 873 875 755
f 874 754 756
f 872 754 874
f 873 755 753
f 871 873 753
f 872 752 754
f 870 752 872
f 871 753 751
f 869 871 751
f 870 750 752
f 868 750 870
f 885 767 765
f 883 885 765
f 884 764 766
f 882 764 884
f 883 765 763
f 881 883 763
f 882 762 764
f 880 762 882
f 881 763 761
f 879 881 761
f 880 760 762
f 878 760 880
f 879 761 759
f 877 879 759
f 878 758 760
f 876 758 878
f 893 775 773
f 891 893 773
f 892 772 774
f 890 772 892
f 891 773 771
f 889 891 771
f 890 770 772
f 888 770 890
f 889 771 769
f 887 889 769
f 888 768 770
f 886 768 888
f 887 769 767
f 885 887 767
f 886 766 768
f 884 766 886
f 901 783 781
f 899 901 781
f 900 780 782
f 898 780 900
f 899 781 779
f 897 899 779
f 898 778 780
f 896 778 898
f 897 779 777
f 895 897 777
f 896 776 778
f 894 776 896
f 895 777 775
f 893 895 775
f 894 774 776
f 892 774 894
f 909 791 789
f 907 909 789
f 908 788 790
f 906 788 908
f 907 789 787
f 905 907 787
f 906 786 788
f 904 786 906
f 905 787 785
f 903 905 785
f 904 784 786
f 902 784 904
f 903 785 783
f 901 903 783
f 902 782 784
f 900 782 902
f 917 799 797
f 915 917 797
f 916 796 798
f 914 796 916
f 915 797 795
f 913 915 795
f 914 794 796
f 912 794 914
f 913 795 793
f 911 913 793
f 912 792 794
f 910 792 912
f 911 793 791
f 909 911 791
f 910 790 792
f 908 790 910
f 925 807 923
f 923 807 805
f 924 804 806
f 922 804 924
f 923 805 803
f 921 923 803
f 922 802 804
f 920 802 922
f 921 803 801
f 919 921 801
f 920 800 802
f 918 800 920
f 919 801 799
f 917 919 799
f 918 798 800
f 916 798 918
f 814 815 933
f 932 814 933
f 813 814 932
f 931 813 932
f 811 813 931
f 929 811 931
f 811 929 812
f 812 929 930
f 924 806 928
f 928 806 810
f 809 928 810
f 927 928 809
f 808 927 809
f 926 927 808
f 807 926 808
f 925 926 807
f 941 823 821
f 939 941 821
f 940 820 822
f 938 820 940
f 939 821 819
f 937 939 819
f 938 818 820
f 936 818 938
f 937 819 817
f 935 937 817
f 936 816 818
f 934 816 936
f 935 817 812
f 930 935 812
f 816 934 815
f 815 934 933
f 949 831 829
f 947 949 829
f 948 828 830
f 946 828 948
f 947 829 827
f 945 947 827
f 946 826 828
f 944 826 946
f 945 827 825
f 943 945 825
f 944 824 826
f 942 824 944
f 943 825 823
f 941 943 823
f 942 822 824
f 940 822 942
f 957 839 837
f 955 957 837
f 956 836 838
f 954 836 956
f 955 837 835
f 953 955 835
f 954 834 836
f 952 834 954
f 953 835 833
f 951 953 833
f 952 832 834
f 950 832 952
f 951 833 831
f 949 951 831
f 950 830 832
f 948 830 950
f 965 847 845
f 963 965 845
f 964 844 846
f 962 844 964
f 963 845 843
f 961 963 843
f 962 842 844
f 960 842 962
f 961 843 841
f 959 961 841
f 960 840 842
f 958 840 960
f 959 841 839
f 957 959 839
f 958 838 840
f 956 838 958
f 973 855 853
f 971 973 853
f 972 852 854
f 970 852 972
f 971 853 851
f 969 971 851
f 970 850 852
f 968 850 970
f 969 851 849
f 967 969 849
f 968 848 850
f 966 848 968
f 967 849 847
f 965 967 847
f 966 846 848
f 964 846 966
f 981 863 861
f 979 981 861
f 980 860 862
f 978 860 980
f 979 861 859
f 977 979 859
f 978 858 860
f 976 858 978
f 977 859 857
f 975 977 857
f 976 856 858
f 974 856 976
f 975 857 855
f 973 975 855
f 974 854 856
f 972 854 974
f 989 871 869
f 987 989 869
f 988 868 870
f 986 868 988
f 987 869 867
f 985 987 867
f 986 866 868
f 984 866 986
f 985 867 865
f 983 985 865
f 984 864 866
f 982 864 984
f 983 865 863
f 981 983 863
f 982 862 864
f 980 862 982
f 997 879 877
f 995 997 877
f 996 876 878
f 994 876 996
f 995 877 875
f 993 995 875
f 994 874 876
f 992 874 994
f 993 875 873
f 991 993 873
f 992 872 874
f 990 872 992
f 991 873 871
f 989 991 871
f 990 870 872
f 988 870 990
f 1005 887 885
f 1003 1005 885
f 1004 884 886
f 1002 884 1004
f 1003 885 883
f 1001 1003 883
f 1002 882 884
f 1000 882 1002
f 1001 883 881
f 999 1001 881
f 1000 880 882
f 998 880 1000
f 999 881 879
f 997 999 879
f 998 878 880
f 996 878 998
f 1013 895 893
f 1011 1013 893
f 1012 892 894
f 1010 892 1012
f 1011 893 891
f 1009 1011 891
f 1010 890 892
f 1008 890 1010
f 1009 891 889
f 1007 1009 889
f 1008 888 890
f 1006 888 1008
f 1007 889 887
f 1005 1007 887
f 1006 886 888
f 1004 886 1006
f 1021 903 901
f 1019 1021 901
f 1020 900 902
f 1018 900 1020
f 1019 901 899
f 1017 1019 899
f 1018 898 900
f 1016 898 1018
f 1017 899 897
f 1015 1017 897
f 1016 896 898
f 1014 896 1016
f 1015 897 895
f 1013 1015 895
f 1014 894 896
f 1012 894 1014
f 1029 911 909
f 1027 1029 909
f 1028 908 910
f 1026 908 1028
f 1027 909 907
f 1025 1027 907
f 1026 906 908
f 1024 906 1026
f 1025 907 905
f 1023 1025 905
f 1024 904 906
f 1022 904 1024
f 1023 905 903
f 1021 1023 903
f 1022 902 904
f 1020 902 1022
f 1037 919 917
f 1035 1037 917
f 1036 916 918
f 1034 916 1036
f 1035 917 915
f 1033 1035 915
f 1034 914 916
f 1032 914 1034
f 1033 915 913
f 1031 1033 913
f 1032 912 914
f 1030 912 1032
f 1031 913 911
f 1029 1031 911
f 1030 910 912
f 1028 910 1030
f 926 1045 927
f 1044 1045 926
f 925 1044 926
f 1043 1044 925
f 1043 925 1041
f 1041 925 923
f 1042 922 924
f 1040 922 1042
f 1041 923 921
f 1039 1041 921
f 1040 920 922
f 1038 920 1040
f 1039 921 919
f 1037 1039 919
f 1038 918 920
f 1036 918 1038
f 1053 935 930
f 1048 1053 930
f 934 1052 933
f 933 1052 1051
f 932 933 1051
f 1050 932 1051
f 931 932 1050
f 1049 931 1050
f 929 931 1049
f 1047 929 1049
f 929 1047 930
f 930 1047 1048
f 1042 924 1046
f 1046 924 928
f 927 1046 928
f 1045 1046 927
f 1061 943 941
f 1059 1061 941
f 1060 940 942
f 1058 940 1060
f 1059 941 939
f 1057 1059 939
f 1058 938 940
f 1056 938 1058
f 1057 939 937
f 1055 1057 937
f 1056 936 938
f 1054 936 1056
f 1055 937 935
f 1053 1055 935
f 1054 934 936
f 1052 934 1054
f 1069 951 949
f 1067 1069 949
f 1068 948 950
f 1066 948 1068
f 1067 949 947
f 1065 1067 947
f 1066 946 948
f 1064 946 1066
f 1065 947 945
f 1063 1065 945
f 1064 944 946
f 1062 944 1064
f 1063 945 943
f 1061 1063 943
f 1062 942 944
f 1060 942 1062
f 1077 959 957
f 1075 1077 957
f 1076 956 958
f 1074 956 1076
f 1075 957 955
f 1073 1075 955
f 1074 954 956
f 1072 954 1074
f 1073 955 953
f 1071 1073 953
f 1072 952 954
f 1070 952 1072
f 1071 953 951
f 1069 1071 951
f 1070 950 952
f 1068 950 1070
f 1085 967 965
f 1083 1085 965
f 1084 964 966
f 1082 964 1084
f 1083 965 963
f 1081 1083 963
f 1082 962 964
f 1080 962 1082
f 1081 963 961
f 1079 1081 961
f 1080 960 962
f 1078 960 1080
f 1079 961 959
f 1077 1079 959
f 1078 958 960
f 1076 958 1078
f 1093 975 973
f 1091 1093 973
f 1092 972 974
f 1090 972 1092
f 1091 973 971
f 1089 1091 971
f 1090 970 972
f 1088 970 1090
f 1089 971 969
f 1087 1089 969
f 1088 968 970
f 1086 968 1088
f 1087 969 967
f 1085 1087 967
f 1086 966 968
f 1084 966 1086
f 1101 983 981
f 1099 1101 981
f 1100 980 982
f 1098 980 1100
f 1099 981 979
f 1097 1099 979
f 1098 978 980
f 1096 978 1098
f 1097 979 977
f 1095 1097 977
f 1096 976 978
f 1094 976 1096
f 1095 977 975
f 1093 1095 975
f 1094 974 976
f 1092 974 1094
f 1109 991 989
f 1107 1109 989
f 1108 988 990
f 1106 988 1108
f 1107 989 987
f 1105 1107 987
f 1106 986 988
f 1104 986 1106
f 1105 987 985
f 1103 1105 985
f 1104 984 986
f 1102 984 1104
f 1103 985 983
f 1101 1103 983
f 1102 982 984
f 1100 982 1102
f 1117 999 997
f 1115 1117 997
f 1116 996 998
f 1114 996 1116
f 1115 997 995
f 1113 1115 995
f 1114 994 996
f 1112 994 1114
f 1113 995 993
f 1111 1113 993
f 1112 992 994
f 1110 992 1112
f 1111 993 991
f 1109 1111 991
f 1110 990 992
f 1108 990 1110
f 1125 1007 1005
f 1123 1125 1005
f 1124 1004 1006
f 1122 1004 1124
f 1123 1005 1003
f 1121 1123 1003
f 1122 1002 1004
f 1120 1002 1122
f 1121 1003 1001
f 1119 1121 1001
f 1120 1000 1002
f 1118 1000 1120
f 1119 1001 999
f 1117 1119 999
f 1118 998 1000
f 1116 998 1118
f 1133 1015 1013
f 1131 1133 1013
f 1132 1012 1014
f 1130 1012 1132
f 1131 1013 1011
f 1129 1131 1011
f 1130 1010 1012
f 1128 1010 1130
f 1129 1011 1009
f 1127 1129 1009
f 1128 1008 1010
f 1126 1008 1128
f 1127 1009 1007
f 1125 1127 1007
f 1126 1006 1008
f 1124 1006 1126
f 1141 1023 1021
f 1139 1141 1021
f 1140 1020 1022
f 1138 1020 1140
f 1139 1021 1019
f 1137 1139 1019
f 1138 1018 1020
f 1136 1018 1138
f 1137 1019 1017
f 1135 1137 1017
f 1136 1016 1018
f 1134 1016 1136
f 1135 1017 1015
f 1133 1135 1015
f 1134 1014 1016
f 1132 1014 1134
f 1149 1031 1029
f 1147 1149 1029
f 1148 1028 1030
f 1146 1028 1148
f 1147 1029 1027
f 1145 1147 1027
f 1146 1026 1028
f 1144 1026 1146
f 1145 1027 1025
f 1143 1145 1025
f 1144 1024 1026
f 1142 1024 1144
f 1143 1025 1023
f 1141 1143 1023
f 1142 1022 1024
f 1140 1022 1142
f 1157 1039 1037
f 1155 1157 1037
f 1156 1036 1038
f 1154 1036 1156
f 1155 1037 1035
f 1153 1155 1035
f 1154 1034 1036
f 1152 1034 1154
f 1153 1035 1033
f 1151 1153 1033
f 1152 1032 1034
f 1150 1032 1152
f 1151 1033 1031
f 1149 1151 1031
f 1150 1030 1032
f 1148 1030 1150
f 1160 1042 1164
f 1164 1042 1046
f 1045 1164 1046
f 1163 1164 1045
f 1044 1163 1045
f 1162 1163 1044
f 1043 1162 1044
f 1161 1162 1043
f 1161 1043 1159
f 1159 1043 1041
f 1160 1040 1042
f 1158 1040 1160
f 1159 1041 1039
f 1157 1159 1039
f 1158 1038 1040
f 1156 1038 1158
f 1173 1055 1053
f 1171 1173 1053
f 1172 1052 1054
f 1170 1052 1172
f 1171 1053 1048
f 1166 1171 1048
f 1052 1170 1051
f 1051 1170 1169
f 1050 1051 1169
f 1168 1050 1169
f 1049 1050 1168
f 1167 1049 1168
f 1047 1049 1167
f 1165 1047 1167
f 1047 1165 1048
f 1048 1165 1166
f 1181 1063 1061
f 1179 1181 1061
f 1180 1060 1062
f 1178 1060 1180
f 1179 1061 1059
f 1177 1179 1059
f 1178 1058 1060
f 1176 1058 1178
f 1177 1059 1057
f 1175 1177 1057
f 1176 1056 1058
f 1174 1056 1176
f 1175 1057 1055
f 1173 1175 1055
f 1174 1054 1056
f 1172 1054 1174
f 1189 1071 1069
f 1187 1189 1069
f 1188 1068 1070
f 1186 1068 1188
f 1187 1069 1067
f 1185 1187 1067
f 1186 1066 1068
f 1184 1066 1186
f 1185 1067 1065
f 1183 1185 1065
f 1184 1064 1066
f 1182 1064 1184
f 1183 1065 1063
f 1181 1183 1063
f 1182 1062 1064
f 1180 1062 1182
f 1197 1079 1077
f 1195 1197 1077
f 1196 1076 1078
f 1194 1076 1196
f 1195 1077 1075
f 1193 1195 1075
f 1194 1074 1076
f 1192 1074 1194
f 1193 1075 1073
f 1191 1193 1073
f 1192 1072 1074
f 1190 1072 1192
f 1191 1073 1071
f 1189 1191 1071
f 1190 1070 1072
f 1188 1070 1190
f 1205 1087 1085
f 1203 1205 1085
f 1204 1084 1086
f 1202 1084 1204
f 1203 1085 1083
f 1201 1203 1083
f 1202 1082 1084
f 1200 1082 1202
f 1201 1083 1081
f 1199 1201 1081
f 1200 1080 1082
f 1198 1080 1200
f 1199 1081 1079
f 1197 1199 1079
f 1198 1078 1080
f 1196 1078 1198
f 1213 1095 1093
f 1211 1213 1093
f 1212 1092 1094
f 1210 1092 1212
f 1211 1093 1091
f 1209 1211 1091
f 1210 1090 1092
f 1208 1090 1210
f 1209 1091 1089
f 1207 1209 1089
f 1208 1088 1090
f 1206 1088 1208
f 1207 1089 1087
f 1205 1207 1087
f 1206 1086 1088
f 1204 1086 1206
f 1221 1103 1101
f 1219 1221 1101
f 1220 1100 1102
f 1218 1100 1220
f 1219 1101 1099
f 1217 1219 1099
f 1218 1098 1100
f 1216 1098 1218
f 1217 1099 1097
f 1215 1217 1097
f 1216 1096 1098
f 1214 1096 1216
f 1215 1097 1095
f 1213 1215 1095
f 1214 1094 1096
f 1212 1094 1214
f 1229 1111 1109
f 1227 1229 1109
f 1228 1108 1110
f 1226 1108 1228
f 1227 1109 1107
f 1225 1227 1107
f 1226 1106 1108
f 1224 1106 1226
f 1225 1107 1105
f 1223 1225 1105
f 1224 1104 1106
f 1222 1104 1224
f 1223 1105 1103
f 1221 1223 1103
f 1222 1102 1104
f 1220 1102 1222
f 1237 1119 1117
f 1235 1237 1117
f 1236 1116 1118
f 1234 1116 1236
f 1235 1117 1115
f 1233 1235 1115
f 1234 1114 1116
f 1232 1114 1234
f 1233 1115 1113
f 1231 1233 1113
f 1232 1112 1114
f 1230 1112 1232
f 1231 1113 1111
f 1229 1231 1111
f 1230 1110 1112
f 1228 1110 1230
f 1245 1127 1125
f 1243 1245 1125
f 1244 1124 1126
f 1242 1124 1244
f 1243 1125 1123
f 1241 1243 1123
f 1242 1122 1124
f 1240 1122 1242
f 1241 1123 1121
f 1239 1241 1121
f 1240 1120 1122
f 1238 1120 1240
f 1239 1121 1119
f 1237 1239 1119
f 1238 1118 1120
f 1236 1118 1238
f 1253 1135 1133
f 1251 1253 1133
f 1252 1132 1134
f 1250 1132 1252
f 1251 1133 1131
f 1249 1251 1131
f 1250 1130 1132
f 1248 1130 1250
f 1249 1131 1129
f 1247 1249 1129
f 1248 1128 1130
f 1246 1128 1248
f 1247 1129 1127
f 1245 1247 1127
f 1246 1126 1128
f 1244 1126 1246
f 1261 1143 1141
f 1259 1261 1141
f 1260 1140 1142
f 1258 1140 1260
f 1259 1141 1139
f 1257 1259 1139
f 1258 1138 1140
f 1256 1138 1258
f 1257 1139 1137
f 1255 1257 1137
f 1256 1136 1138
f 1254 1136 1256
f 1255 1137 1135
f 1253 1255 1135
f 1254 1134 1136
f 1252 1134 1254
f 1269 1151 1149
f 1267 1269 1149
f 1268 1148 1150
f 1266 1148 1268
f 1267 1149 1147
f 1265 1267 1147
f 1266 1146 1148
f 1264 1146 1266
f 1265 1147 1145
f 1263 1265 1145
f 1264 1144 1146
f 1262 1144 1264
f 1263 1145 1143
f 1261 1263 1143
f 1262 1142 1144
f 1260 1142 1262
f 1277 1159 1157
f 1275 1277 1157
f 1276 1156 1158
f 1274 1156 1276
f 1275 1157 1155
f 1273 1275 1155
f 1274 1154 1156
f 1272 1154 1274
f 1273 1155 1153
f 1271 1273 1153
f 1272 1152 1154
f 1270 1152 1272
f 1271 1153 1151
f 1269 1271 1151
f 1270 1150 1152
f 1268 1150 1270
f 1165 1167 1285
f 1283 1165 1285
f 1165 1283 1166
f 1166 1283 1284
f 1278 1160 1282
f 1282 1160 1164
f 1163 1282 1164
f 1281 1282 1163
f 1162 1281 1163
f 1280 1281 1162
f 1161 1280 1162
f 1279 1280 1161
f 1279 1161 1277
f 1277 1161 1159
f 1278 1158 1160
f 1276 1158 1278
f 1293 1175 1173
f 1291 1293 1173
f 1292 1172 1174
f 1290 1172 1292
f 1291 1173 1171
f 1289 1291 1171
f 1290 1170 1172
f 1288 1170 1290
f 1289 1171 1166
f 1284 1289 1166
f 1170 1288 1169
f 1169 1288 1287
f 1168 1169 1287
f 1286 1168 1287
f 1167 1168 1286
f 1285 1167 1286
f 1301 1183 1181
f 1299 1301 1181
f 1300 1180 1182
f 1298 1180 1300
f 1299 1181 1179
f 1297 1299 1179
f 1298 1178 1180
f 1296 1178 1298
f 1297 1179 1177
f 1295 1297 1177
f 1296 1176 1178
f 1294 1176 1296
f 1295 1177 1175
f 1293 1295 1175
f 1294 1174 1176
f 1292 1174 1294
f 1309 1191 1189
f 1307 1309 1189
f 1308 1188 1190
f 1306 1188 1308
f 1307 1189 1187
f 1305 1307 1187
f 1306 1186 1188
f 1304 1186 1306
f 1305 1187 1185
f 1303 1305 1185
f 1304 1184 1186
f 1302 1184 1304
f 1303 1185 1183
f 1301 1303 1183
f 1302 1182 1184
f 1300 1182 1302
f 1317 1199 1197
f 1315 1317 1197
f 1316 1196 1198
f 1314 1196 1316
f 1315 1197 1195
f 1313 1315 1195
f 1314 1194 1196
f 1312 1194 1314
f 1313 1195 1193
f 1311 1313 1193
f 1312 1192 1194
f 1310 1192 1312
f 1311 1193 1191
f 1309 1311 1191
f 1310 1190 1192
f 1308 1190 1310
f 1325 1207 1205
f 1323 1325 1205
f 1324 1204 1206
f 1322 1204 1324
f 1323 1205 1203
f 1321 1323 1203
f 1322 1202 1204
f 1320 1202 1322
f 1321 1203 1201
f 1319 1321 1201
f 1320 1200 1202
f 1318 1200 1320
f 1319 1201 1199
f 1317 1319 1199
f 1318 1198 1200
f 1316 1198 1318
f 1333 1215 1213
f 1331 1333 1213
f 1332 1212 1214
f 1330 1212 1332
f 1331 1213 1211
f 1329 1331 1211
f 1330 1210 1212
f 1328 1210 1330
f 1329 1211 1209
f 1327 1329 1209
f 1328 1208 1210
f 1326 1208 1328
f 1327 1209 1207
f 1325 1327 1207
f 1326 1206 1208
f 1324 1206 1326
f 1341 1223 1221
f 1339 1341 1221
f 1340 1220 1222
f 1338 1220 1340
f 1339 1221 1219
f 1337 1339 1219
f 1338 1218 1220
f 1336 1218 1338
f 1337 1219 1217
f 1335 1337 1217
f 1336 1216 1218
f 1334 1216 1336
f 1335 1217 1215
f 1333 1335 1215
f 1334 1214 1216
f 1332 1214 1334
f 1349 1231 1229
f 1347 1349 1229
f 1348 1228 1230
f 1346 1228 1348
f 1347 1229 1227
f 1345 1347 1227
f 1346 1226 1228
f 1344 1226 1346
f 1345 1227 1225
f 1343 1345 1225
f 1344 1224 1226
f 1342 1224 1344
f 1343 1225 1223
f 1341 1343 1223
f 1342 1222 1224
f 1340 1222 1342
f 1357 1239 1237
f 1355 1357 1237
f 1356 1236 1238
f 1354 1236 1356
f 1355 1237 1235
f 1353 1355 1235
f 1354 1234 1236
f 1352 1234 1354
f 1353 1235 1233
f 1351 1353 1233
f 1352 1232 1234
f 1350 1232 1352
f 1351 1233 1231
f 1349 1351 1231
f 1350 1230 1232
f 1348 1230 1350
f 1365 1247 1245
f 1363 1365 1245
f 1364 1244 1246
f 1362 1244 1364
f 1363 1245 1243
f 1361 1363 1243
f 1362 1242 1244
f 1360 1242 1362
f 1361 1243 1241
f 1359 1361 1241
f 1360 1240 1242
f 1358 1240 1360
f 1359 1241 1239
f 1357 1359 1239
f 1358 1238 1240
f 1356 1238 1358
f 1373 1255 1253
f 1371 1373 1253
f 1372 1252 1254
f 1370 1252 1372
f 1371 1253 1251
f 1369 1371 1251
f 1370 1250 1252
f 1368 1250 1370
f 1369 1251 1249
f 1367 1369 1249
f 1368 1248 1250
f 1366 1248 1368
f 1367 1249 1247
f 1365 1367 1247
f 1366 1246 1248
f 1364 1246 1366
f 1381 1263 1261
f 1379 1381 1261
f 1380 1260 1262
f 1378 1260 1380
f 1379 1261 1259
f 1377 1379 1259
f 1378 1258 1260
f 1376 1258 1378
f 1377 1259 1257
f 1375 1377 1257
f 1376 1256 1258
f 1374 1256 1376
f 1375 1257 1255
f 1373 1375 1255
f 1374 1254 1256
f 1372 1254 1374
f 1389 1271 1269
f 1387 1389 1269
f 1388 1268 1270
f 1386 1268 1388
f 1387 1269 1267
f 1385 1387 1267
f 1386 1266 1268
f 1384 1266 1386
f 1385 1267 1265
f 1383 1385 1265
f 1384 1264 1266
f 1382 1264 1384
f 1383 1265 1263
f 1381 1383 1263
f 1382 1262 1264
f 1380 1262 1382
f 1397 1279 1395
f 1395 1279 1277
f 1396 1276 1278
f 1394 1276 1396
f 1395 1277 1275
f 1393 1395 1275
f 1394 1274 1276
f 1392 1274 1394
f 1393 1275 1273
f 1391 1393 1273
f 1392 1272 1274
f 1390 1272 1392
f 1391 1273 1271
f 1389 1391 1271
f 1390 1270 1272
f 1388 1270 1390
f 1286 1287 1405
f 1404 1286 1405
f 1285 1286 1404
f 1403 1285 1404
f 1283 1285 1403
f 1401 1283 1403
f 1283 1401 1284
f 1284 1401 1402
f 1396 1278 1400
f 1400 1278 1282
f 1281 1400 1282
f 1399 1400 1281
f 1280 1399 1281
f 1398 1399 1280
f 1279 1398 1280
f 1397 1398 1279
f 1413 1295 1293
f 1411 1413 1293
f 1412 1292 1294
f 1410 1292 1412
f 1411 1293 1291
f 1409 1411 1291
f 1410 1290 1292
f 1408 1290 1410
f 1409 1291 1289
f 1407 1409 1289
f 1408 1288 1290
f 1406 1288 1408
f 1407 1289 1284
f 1402 1407 1284
f 1288 1406 1287
f 1287 1406 1405
f 1421 1303 1301
f 1419 1421 1301
f 1420 1300 1302
f 1418 1300 1420
f 1419 1301 1299
f 1417 1419 1299
f 1418 1298 1300
f 1416 1298 1418
f 1417 1299 1297
f 1415 1417 1297
f 1416 1296 1298
f 1414 1296 1416
f 1415 1297 1295
f 1413 1415 1295
f 1414 1294 1296
f 1412 1294 1414
f 1429 1311 1309
f 1427 1429 1309
f 1428 1308 1310
f 1426 1308 1428
f 1427 1309 1307
f 1425 1427 1307
f 1426 1306 1308
f 1424 1306 1426
f 1425 1307 1305
f 1423 1425 1305
f 1424 1304 1306
f 1422 1304 1424
f 1423 1305 1303
f 1421 1423 1303
f 1422 1302 1304
f 1420 1302 1422
f 1437 1319 1317
f 1435 1437 1317
f 1436 1316 1318
f 1434 1316 1436
f 1435 1317 1315
f 1433 1435 1315
f 1434 1314 1316
f 1432 1314 1434
f 1433 1315 1313
f 1431 1433 1313
f 1432 1312 1314
f 1430 1312 1432
f 1431 1313 1311
f 1429 1431 1311
f 1430 1310 1312
f 1428 1310 1430
f 1445 1327 1325
f 1443 1445 1325
f 1444 1324 1326
f 1442 1324 1444
f 1443 1325 1323
f 1441 1443 1323
f 1442 1322 1324
f 1440 1322 1442
f 1441 1323 1321
f 1439 1441 1321
f 1440 1320 1322
f 1438 1320 1440
f 1439 1321 1319
f 1437 1439 1319
f 1438 1318 1320
f 1436 1318 1438
f 1453 1335 1333
f 1451 1453 1333
f 1452 1332 1334
f 1450 1332 1452
f 1451 1333 1331
f 1449 1451 1331
f 1450 1330 1332
f 1448 1330 1450
f 1449 1331 1329
f 1447 1449 1329
f 1448 1328 1330
f 1446 1328 1448
f 1447 1329 1327
f 1445 1447 1327
f 1446 1326 1328
f 1444 1326 1446
f 1461 1343 1341
f 1459 1461 1341
f 1460 1340 1342
f 1458 1340 1460
f 1459 1341 1339
f 1457 1459 1339
f 1458 1338 1340
f 1456 1338 1458
f 1457 1339 1337
f 1455 1457 1337
f 1456 1336 1338
f 1454 1336 1456
f 1455 1337 1335
f 1453 1455 1335
f 1454 1334 1336
f 1452 1334 1454
f 1469 1351 1349
f 1467 1469 1349
f 1468 1348 1350
f 1466 1348 1468
f 1467 1349 1347
f 1465 1467 1347
f 1466 1346 1348
f 1464 1346 1466
f 1465 1347 1345
f 1463 1465 1345
f 1464 1344 1346
f 1462 1344 1464
f 1463 1345 1343
f 1461 1463 1343
f 1462 1342 1344
f 1460 1342 1462
f 1477 1359 1357
f 1475 1477 1357
f 1476 1356 1358
f 1474 1356 1476
f 1475 1357 1355
f 1473 1475 1355
f 1474 1354 1356
f 1472 1354 1474
f 1473 1355 1353
f 1471 1473 1353
f 1472 1352 1354
f 1470 1352 1472
f 1471 1353 1351
f 1469 1471 1351
f 1470 1350 1352
f 1468 1350 1470
f 1485 1367 1365
f 1483 1485 1365
f 1484 1364 1366
f 1482 1364 1484
f 1483 1365 1363
f 1481 1483 1363
f 1482 1362 1364
f 1480 1362 1482
f 1481 1363 1361
f 1479 1481 1361
f 1480 1360 1362
f 1478 1360 1480
f 1479 1361 1359
f 1477 1479 1359
f 1478 1358 1360
f 1476 1358 1478
f 1493 1375 1373
f 1491 1493 1373
f 1492 1372 1374
f 1490 1372 1492
f 1491 1373 1371
f 1489 1491 1371
f 1490 1370 1372
f 1488 1370 1490
f 1489 1371 1369
f 1487 1489 1369
f 1488 1368 1370
f 1486 1368 1488
f 1487 1369 1367
f 1485 1487 1367
f 1486 1366 1368
f 1484 1366 1486
f 1501 1383 1381
f 1499 1501 1381
f 1500 1380 1382
f 1498 1380 1500
f 1499 1381 1379
f 1497 1499 1379
f 1498 1378 1380
f 1496 1378 1498
f 1497 1379 1377
f 1495 1497 1377
f 1496 1376 1378
f 1494 1376 1496
f 1495 1377 1375
f 1493 1495 1375
f 1494 1374 1376
f 1492 1374 1494
f 1509 1391 1389
f 1507 1509 1389
f 1508 1388 1390
f 1506 1388 1508
f 1507 1389 1387
f 1505 1507 1387
f 1506 1386 1388
f 1504 1386 1506
f 1505 1387 1385
f 1503 1505 1385
f 1504 1384 1386
f 1502 1384 1504
f 1503 1385 1383
f 1501 1503 1383
f 1502 1382 1384
f 1500 1382 1502
f 1398 1517 1399
f 1516 1517 1398
f 1397 1516 1398
f 1515 1516 1397
f 1515 1397 1513
f 1513 1397 1395
f 1514 1394 1396
f 1512 1394 1514
f 1513 1395 1393
f 1511 1513 1393
f 1512 1392 1394
f 1510 1392 1512
f 1511 1393 1391
f 1509 1511 1391
f 1510 1390 1392
f 1508 1390 1510
f 1525 1407 1402
f 1520 1525 1402
f 1406 1524 1405
f 1405 1524 1523
f 1404 1405 1523
f 1522 1404 1523
f 1403 1404 1522
f 1521 1403 1522
f 1401 1403 1521
f 1519 1401 1521
f 1401 1519 1402
f 1402 1519 1520
f 1514 1396 1518
f 1518 1396 1400
f 1399 1518 1400
f 1517 1518 1399
f 1533 1415 1413
f 1531 1533 1413
f 1532 1412 1414
f 1530 1412 1532
f 1531 1413 1411
f 1529 1531 1411
f 1530 1410 1412
f 1528 1410 1530
f 1529 1411 1409
f 1527 1529 1409
f 1528 1408 1410
f 1526 1408 1528
f 1527 1409 1407
f 1525 1527 1407
f 1526 1406 1408
f 1524 1406 1526
f 1541 1423 1421
f 1539 1541 1421
f 1540 1420 1422
f 1538 1420 1540
f 1539 1421 1419
f 1537 1539 1419
f 1538 1418 1420
f 1536 1418 1538
f 1537 1419 1417
f 1535 1537 1417
f 1536 1416 1418
f 1534 1416 1536
f 1535 1417 1415
f 1533 1535 1415
f 1534 1414 1416
f 1532 1414 1534
f 1549 1431 1429
f 1547 1549 1429
f 1548 1428 1430
f 1546 1428 1548
f 1547 1429 1427
f 1545 1547 1427
f 1546 1426 1428
f 1544 1426 1546
f 1545 1427 1425
f 1543 1545 1425
f 1544 1424 1426
f 1542 1424 1544
f 1543 1425 1423
f 1541 1543 1423
f 1542 1422 1424
f 1540 1422 1542
f 1557 1439 1437
f 1555 1557 1437
f 1556 1436 1438
f 1554 1436 1556
f 1555 1437 1435
f 1553 1555 1435
f 1554 1434 1436
f 1552 1434 1554
f 1553 1435 1433
f 1551 1553 1433
f 1552 1432 1434
f 1550 1432 1552
f 1551 1433 1431
f 1549 1551 1431
f 1550 1430 1432
f 1548 1430 1550
f 1565 1447 1445
f 1563 1565 1445
f 1564 1444 1446
f 1562 1444 1564
f 1563 1445 1443
f 1561 1563 1443
f 1562 1442 1444
f 1560 1442 1562
f 1561 1443 1441
f 1559 1561 1441
f 1560 1440 1442
f 1558 1440 1560
f 1559 1441 1439
f 1557 1559 1439
f 1558 1438 1440
f 1556 1438 1558
f 1573 1455 1453
f 1571 1573 1453
f 1572 1452 1454
f 1570 1452 1572
f 1571 1453 1451
f 1569 1571 1451
f 1570 1450 1452
f 1568 1450 1570
f 1569 1451 1449
f 1567 1569 1449
f 1568 1448 1450
f 1566 1448 1568
f 1567 1449 1447
f 1565 1567 1447
f 1566 1446 1448
f 1564 1446 1566
f 1581 1463 1461
f 1579 1581 1461
f 1580 1460 1462
f 1578 1460 1580
f 1579 1461 1459
f 1577 1579 1459
f 1578 1458 1460
f 1576 1458 1578
f 1577 1459 1457
f 1575 1577 1457
f 1576 1456 1458
f 1574 1456 1576
f 1575 1457 1455
f 1573 1575 1455
f 1574 1454 1456
f 1572 1454 1574
f 1589 1471 1469
f 1587 1589 1469
f 1588 1468 1470
f 1586 1468 1588
f 1587 1469 1467
f 1585 1587 1467
f 1586 1466 1468
f 1584 1466 1586
f 1585 1467 1465
f 1583 1585 1465
f 1584 1464 1466
f 1582 1464 1584
f 1583 1465 1463
f 1581 1583 1463
f 1582 1462 1464
f 1580 1462 1582
f 1597 1479 1477
f 1595 1597 1477
f 1596 1476 1478
f 1594 1476 1596
f 1595 1477 1475
f 1593 1595 1475
f 1594 1474 1476
f 1592 1474 1594
f 1593 1475 1473
f 1591 1593 1473
f 1592 1472 1474
f 1590 1472 1592
f 1591 1473 1471
f 1589 1591 1471
f 1590 1470 1472
f 1588 1470 1590
f 1605 1487 1485
f 1603 1605 1485
f 1604 1484 1486
f 1602 1484 1604
f 1603 1485 1483
f 1601 1603 1483
f 1602 1482 1484
f 1600 1482 1602
f 1601 1483 1481
f 1599 1601 1481
f 1600 1480 1482
f 1598 1480 1600
f 1599 1481 1479
f 1597 1599 1479
f 1598 1478 1480
f 1596 1478 1598
f 1613 1495 1493
f 1611 1613 1493
f 1612 1492 1494
f 1610 1492 1612
f 1611 1493 1491
f 1609 1611 1491
f 1610 1490 1492
f 1608 1490 1610
f 1609 1491 1489
f 1607 1609 1489
f 1608 1488 1490
f 1606 1488 1608
f 1607 1489 1487
f 1605 1607 1487
f 1606 1486 1488
f 1604 1486 1606
f 1621 1503 1501
f 1619 1621 1501
f 1620 1500 1502
f 1618 1500 1620
f 1619 1501 1499
f 1617 1619 1499
f 1618 1498 1500
f 1616 1498 1618
f 1617 1499 1497
f 1615 1617 1497
f 1616 1496 1498
f 1614 1496 1616
f 1615 1497 1495
f 1613 1615 1495
f 1614 1494 1496
f 1612 1494 1614
f 1629 1511 1509
f 1627 1629 1509
f 1628 1508 1510
f 1626 1508 1628
f 1627 1509 1507
f 1625 1627 1507
f 1626 1506 1508
f 1624 1506 1626
f 1625 1507 1505
f 1623 1625 1505
f 1624 1504 1506
f 1622 1504 1624
f 1623 1505 1503
f 1621 1623 1503
f 1622 1502 1504
f 1620 1502 1622
f 1632 1514 1636
f 1636 1514 1518
f 1517 1636 1518
f 1635 1636 1517
f 1516 1635 1517
f 1634 1635 1516
f 1515 1634 1516
f 1633 1634 1515
f 1633 1515 1631
f 1631 1515 1513
f 1632 1512 1514
f 1630 1512 1632
f 1631 1513 1511
f 1629 1631 1511
f 1630 1510 1512
f 1628 1510 1630
f 1645 1527 1525
f 1643 1645 1525
f 1644 1524 1526
f 1642 1524 1644
f 1643 1525 1520
f 1638 1643 1520
f 1524 1642 1523
f 1523 1642 1641
f 1522 1523 1641
f 1640 1522 1641
f 1521 1522 1640
f 1639 1521 1640
f 1519 1521 1639
f 1637 1519 1639
f 1519 1637 1520
f 1520 1637 1638
f 1653 1535 1533
f 1651 1653 1533
f 1652 1532 1534
f 1650 1532 1652
f 1651 1533 1531
f 1649 1651 1531
f 1650 1530 1532
f 1648 1530 1650
f 1649 1531 1529
f 1647 1649 1529
f 1648 1528 1530
f 1646 1528 1648
f 1647 1529 1527
f 1645 1647 1527
f 1646 1526 1528
f 1644 1526 1646
f 1661 1543 1541
f 1659 1661 1541
f 1660 1540 1542
f 1658 1540 1660
f 1659 1541 1539
f 1657 1659 1539
f 1658 1538 1540
f 1656 1538 1658
f 1657 1539 1537
f 1655 1657 1537
f 1656 1536 1538
f 1654 1536 1656
f 1655 1537 1535
f 1653 1655 1535
f 1654 1534 1536
f 1652 1534 1654
f 1669 1551 1549
f 1667 1669 1549
f 1668 1548 1550
f 1666 1548 1668
f 1667 1549 1547
f 1665 1667 1547
f 1666 1546 1548
f 1664 1546 1666
f 1665 1547 1545
f 1663 1665 1545
f 1664 1544 1546
f 1662 1544 1664
f 1663 1545 1543
f 1661 1663 1543
f 1662 1542 1544
f 1660 1542 1662
f 1677 1559 1557
f 1675 1677 1557
f 1676 1556 1558
f 1674 1556 1676
f 1675 1557 1555
f 1673 1675 1555
f 1674 1554 1556
f 1672 1554 1674
f 1673 1555 1553
f 1671 1673 1553
f 1672 1552 1554
f 1670 1552 1672
f 1671 1553 1551
f 1669 1671 1551
f 1670 1550 1552
f 1668 1550 1670
f 1685 1567 1565
f 1683 1685 1565
f 1684 1564 1566
f 1682 1564 1684
f 1683 1565 1563
f 1681 1683 1563
f 1682 1562 1564
f 1680 1562 1682
f 1681 1563 1561
f 1679 1681 1561
f 1680 1560 1562
f 1678 1560 1680
f 1679 1561 1559
f 1677 1679 1559
f 1678 1558 1560
f 1676 1558 1678
f 1693 1575 1573
f 1691 1693 1573
f 1692 1572 1574
f 1690 1572 1692
f 1691 1573 1571
f 1689 1691 1571
f 1690 1570 1572
f 1688 1570 1690
f 1689 1571 1569
f 1687 1689 1569
f 1688 1568 1570
f 1686 1568 1688
f 1687 1569 1567
f 1685 1687 1567
f 1686 1566 1568
f 1684 1566 1686
f 1701 1583 1581
f 1699 1701 1581
f 1700 1580 1582
f 1698 1580 1700
f 1699 1581 1579
f 1697 1699 1579
f 1698 1578 1580
f 1696 1578 1698
f 1697 1579 1577
f 1695 1697 1577
f 1696 1576 1578
f 1694 1576 1696
f 1695 1577 1575
f 1693 1695 1575
f 1694 1574 1576
f 1692 1574 1694
f 1709 1591 1589
f 1707 1709 1589
f 1708 1588 1590
f 1706 1588 1708
f 1707 1589 1587
f 1705 1707 1587
f 1706 1586 1588
f 1704 1586 1706
f 1705 1587 1585
f 1703 1705 1585
f 1704 1584 1586
f 1702 1584 1704
f 1703 1585 1583
f 1701 1703 1583
f 1702 1582 1584
f 1700 1582 1702
f 1717 1599 1597
f 1715 1717 1597
f 1716 1596 1598
f 1714 1596 1716
f 1715 1597 1595
f 1713 1715 1595
f 1714 1594 1596
f 1712 1594 1714
f 1713 1595 1593
f 1711 1713 1593
f 1712 1592 1594
f 1710 1592 1712
f 1711 1593 1591
f 1709 1711 1591
f 1710 1590 1592
f 1708 1590 1710
f 1725 1607 1605
f 1723 1725 1605
f 1724 1604 1606
f 1722 1604 1724
f 1723 1605 1603
f 1721 1723 1603
f 1722 1602 1604
f 1720 1602 1722
f 1721 1603 1601
f 1719 1721 1601
f 1720 1600 1602
f 1718 1600 1720
f 1719 1601 1599
f 1717 1719 1599
f 1718 1598 1600
f 1716 1598 1718
f 1733 1615 1613
f 1731 1733 1613
f 1732 1612 1614
f 1730 1612 1732
f 1731 1613 1611
f 1729 1731 1611
f 1730 1610 1612
f 1728 1610 1730
f 1729 1611 1609
f 1727 1729 1609
f 1728 1608 1610
f 1726 1608 1728
f 1727 1609 1607
f 1725 1727 1607
f 1726 1606 1608
f 1724 1606 1726
f 1741 1623 1621
f 1739 1741 1621
f 1740 1620 1622
f 1738 1620 1740
f 1739 1621 1619
f 1737 1739 1619
f 1738 1618 1620
f 1736 1618 1738
f 1737 1619 1617
f 1735 1737 1617
f 1736 1616 1618
f 1734 1616 1736
f 1735 1617 1615
f 1733 1735 1615
f 1734 1614 1616
f 1732 1614 1734
f 1749 1631 1629
f 1747 1749 1629
f 1748 1628 1630
f 1746 1628 1748
f 1747 1629 1627
f 1745 1747 1627
f 1746 1626 1628
f 1744 1626 1746
f 1745 1627 1625
f 1743 1745 1625
f 1744 1624 1626
f 1742 1624 1744
f 1743 1625 1623
f 1741 1743 1623
f 1742 1622 1624
f 1740 1622 1742
f 1637 1639 1757
f 1755 1637 1757
f 1637 1755 1638
f 1638 1755 1756
f 1750 1632 1754
f 1754 1632 1636
f 1635 1754 1636
f 1753 1754 1635
f 1634 1753 1635
f 1752 1753 1634
f 1633 1752 1634
f 1751 1752 1633
f 1751 1633 1749
f 1749 1633 1631
f 1750 1630 1632
f 1748 1630 1750
f 1765 1647 1645
f 1763 1765 1645
f 1764 1644 1646
f 1762 1644 1764
f 1763 1645 1643
f 1761 1763 1643
f 1762 1642 1644
f 1760 1642 1762
f 1761 1643 1638
f 1756 1761 1638
f 1642 1760 1641
f 1641 1760 1759
f 1640 1641 1759
f 1758 1640 1759
f 1639 1640 1758
f 1757 1639 1758
f 1773 1655 1653
f 1771 1773 1653
f 1772 1652 1654
f 1770 1652 1772
f 1771 1653 1651
f 1769 1771 1651
f 1770 1650 1652
f 1768 1650 1770
f 1769 1651 1649
f 1767 1769 1649
f 1768 1648 1650
f 1766 1648 1768
f 1767 1649 1647
f 1765 1767 1647
f 1766 1646 1648
f 1764 1646 1766
f 1781 1663 1661
f 1779 1781 1661
f 1780 1660 1662
f 1778 1660 1780
f 1779 1661 1659
f 1777 1779 1659
f 1778 1658 1660
f 1776 1658 1778
f 1777 1659 1657
f 1775 1777 1657
f 1776 1656 1658
f 1774 1656 1776
f 1775 1657 1655
f 1773 1775 1655
f 1774 1654 1656
f 1772 1654 1774
f 1789 1671 1669
f 1787 1789 1669
f 1788 1668 1670
f 1786 1668 1788
f 1787 1669 1667
f 1785 1787 1667
f 1786 1666 1668
f 1784 1666 1786
f 1785 1667 1665
f 1783 1785 1665
f 1784 1664 1666
f 1782 1664 1784
f 1783 1665 1663
f 1781 1783 1663
f 1782 1662 1664
f 1780 1662 1782
f 1797 1679 1677
f 1795 1797 1677
f 1796 1676 1678
f 1794 1676 1796
f 1795 1677 1675
f 1793 1795 1675
f 1794 1674 1676
f 1792 1674 1794
f 1793 1675 1673
f 1791 1793 1673
f 1792 1672 1674
f 1790 1672 1792
f 1791 1673 1671
f 1789 1791 1671
f 1790 1670 1672
f 1788 1670 1790
f 1805 1687 1685
f 1803 1805 1685
f 1804 1684 1686
f 1802 1684 1804
f 1803 1685 1683
f 1801 1803 1683
f 1802 1682 1684
f 1800 1682 1802
f 1801 1683 1681
f 1799 1801 1681
f 1800 1680 1682
f 1798 1680 1800
f 1799 1681 1679
f 1797 1799 1679
f 1798 1678 1680
f 1796 1678 1798
f 1813 1695 1693
f 1811 1813 1693
f 1812 1692 1694
f 1810 1692 1812
f 1811 1693 1691
f 1809 1811 1691
f 1810 1690 1692
f 1808 1690 1810
f 1809 1691 1689
f 1807 1809 1689
f 1808 1688 1690
f 1806 1688 1808
f 1807 1689 1687
f 1805 1807 1687
f 1806 1686 1688
f 1804 1686 1806
f 1821 1703 1701
f 1819 1821 1701
f 1820 1700 1702
f 1818 1700 1820
f 1819 1701 1699
f 1817 1819 1699
f 1818 1698 1700
f 1816 1698 1818
f 1817 1699 1697
f 1815 1817 1697
f 1816 1696 1698
f 1814 1696 1816
f 1815 1697 1695
f 1813 1815 1695
f 1814 1694 1696
f 1812 1694 1814
f 1829 1711 1709
f 1827 1829 1709
f 1828 1708 1710
f 1826 1708 1828
f 1827 1709 1707
f 1825 1827 1707
f 1826 1706 1708
f 1824 1706 1826
f 1825 1707 1705
f 1823 1825 1705
f 1824 1704 1706
f 1822 1704 1824
f 1823 1705 1703
f 1821 1823 1703
f 1822 1702 1704
f 1820 1702 1822
f 1837 1719 1717
f 1835 1837 1717
f 1836 1716 1718
f 1834 1716 1836
f 1835 1717 1715
f 1833 1835 1715
f 1834 1714 1716
f 1832 1714 1834
f 1833 1715 1713
f 1831 1833 1713
f 1832 1712 1714
f 1830 1712 1832
f 1831 1713 1711
f 1829 1831 1711
f 1830 1710 1712
f 1828 1710 1830
f 1845 1727 1725
f 1843 1845 1725
f 1844 1724 1726
f 1842 1724 1844
f 1843 1725 1723
f 1841 1843 1723
f 1842 1722 1724
f 1840 1722 1842
f 1841 1723 1721
f 1839 1841 1721
f 1840 1720 1722
f 1838 1720 1840
f 1839 1721 1719
f 1837 1839 1719
f 1838 1718 1720
f 1836 1718 1838
f 1853 1735 1733
f 1851 1853 1733
f 1852 1732 1734
f 1850 1732 1852
f 1851 1733 1731
f 1849 1851 1731
f 1850 1730 1732
f 1848 1730 1850
f 1849 1731 1729
f 1847 1849 1729
f 1848 1728 1730
f 1846 1728 1848
f 1847 1729 1727
f 1845 1847 1727
f 1846 1726 1728
f 1844 1726 1846
f 1861 1743 1741
f 1859 1861 1741
f 1860 1740 1742
f 1858 1740 1860
f 1859 1741 1739
f 1857 1859 1739
f 1858 1738 1740
f 1856 1738 1858
f 1857 1739 1737
f 1855 1857 1737
f 1856 1736 1738
f 1854 1736 1856
f 1855 1737 1735
f 1853 1855 1735
f 1854 1734 1736
f 1852 1734 1854
f 1869 1751 1867
f 1867 1751 1749
f 1868 1748 1750
f 1866 1748 1868
f 1867 1749 1747
f 1865 1867 1747
f 1866 1746 1748
f 1864 1746 1866
f 1865 1747 1745
f 1863 1865 1745
f 1864 1744 1746
f 1862 1744 1864
f 1863 1745 1743
f 1861 1863 1743
f 1862 1742 1744
f 1860 1742 1862
f 1758 1759 1877
f 1876 1758 1877
f 1757 1758 1876
f 1875 1757 1876
f 1755 1757 1875
f 1873 1755 1875
f 1755 1873 1756
f 1756 1873 1874
f 1868 1750 1872
f 1872 1750 1754
f 1753 1872 1754
f 1871 1872 1753
f 1752 1871 1753
f 1870 1871 1752
f 1751 1870 1752
f 1869 1870 1751
f 1885 1767 1765
f 1883 1885 1765
f 1884 1764 1766
f 1882 1764 1884
f 1883 1765 1763
f 1881 1883 1763
f 1882 1762 1764
f 1880 1762 1882
f 1881 1763 1761
f 1879 1881 1761
f 1880 1760 1762
f 1878 1760 1880
f 1879 1761 1756
f 1874 1879 1756
f 1760 1878 1759
f 1759 1878 1877
f 1893 1775 1773
f 1891 1893 1773
f 1892 1772 1774
f 1890 1772 1892
f 1891 1773 1771
f 1889 1891 1771
f 1890 1770 1772
f 1888 1770 1890
f 1889 1771 1769
f 1887 1889 1769
f 1888 1768 1770
f 1886 1768 1888
f 1887 1769 1767
f 1885 1887 1767
f 1886 1766 1768
f 1884 1766 1886
f 1901 1783 1781
f 1899 1901 1781
f 1900 1780 1782
f 1898 1780 1900
f 1899 1781 1779
f 1897 1899 1779
f 1898 1778 1780
f 1896 1778 1898
f 1897 1779 1777
f 1895 1897 1777
f 1896 1776 1778
f 1894 1776 1896
f 1895 1777 1775
f 1893 1895 1775
f 1894 1774 1776
f 1892 1774 1894
f 1909 1791 1789
f 1907 1909 1789
f 1908 1788 1790
f 1906 1788 1908
f 1907 1789 1787
f 1905 1907 1787
f 1906 1786 1788
f 1904 1786 1906
f 1905 1787 1785
f 1903 1905 1785
f 1904 1784 1786
f 1902 1784 1904
f 1903 1785 1783
f 1901 1903 1783
f 1902 1782 1784
f 1900 1782 1902
f 1917 1799 1797
f 1915 1917 1797
f 1916 1796 1798
f 1914 1796 1916
f 1915 1797 1795
f 1913 1915 1795
f 1914 1794 1796
f 1912 1794 1914
f 1913 1795 1793
f 1911 1913 1793
f 1912 1792 1794
f 1910 1792 1912
f 1911 1793 1791
f 1909 1911 1791
f 1910 1790 1792
f 1908 1790 1910
f 1925 1807 1805
f 1923 1925 1805
f 1924 1804 1806
f 1922 1804 1924
f 1923 1805 1803
f 1921 1923 1803
f 1922 1802 1804
f 1920 1802 1922
f 1921 1803 1801
f 1919 1921 1801
f 1920 1800 1802
f 1918 1800 1920
f 1919 1801 1799
f 1917 1919 1799
f 1918 1798 1800
f 1916 1798 1918
f 1933 1815 1813
f 1931 1933 1813
f 1932 1812 1814
f 1930 1812 1932
f 1931 1813 1811
f 1929 1931 1811
f 1930 1810 1812
f 1928 1810 1930
f 1929 1811 1809
f 1927 1929 1809
f 1928 1808 1810
f 1926 1808 1928
f 1927 1809 1807
f 1925 1927 1807
f 1926 1806 1808
f 1924 1806 1926
f 1941 1823 1821
f 1939 1941 1821
f 1940 1820 1822
f 1938 1820 1940
f 1939 1821 1819
f 1937 1939 1819
f 1938 1818 1820
f 1936 1818 1938
f 1937 1819 1817
f 1935 1937 1817
f 1936 1816 1818
f 1934 1816 1936
f 1935 1817 1815
f 1933 1935 1815
f 1934 1814 1816
f 1932 1814 1934
f 1949 1831 1829
f 1947 1949 1829
f 1948 1828 1830
f 1946 1828 1948
f 1947 1829 1827
f 1945 1947 1827
f 1946 1826 1828
f 1944 1826 1946
f 1945 1827 1825
f 1943 1945 1825
f 1944 1824 1826
f 1942 1824 1944
f 1943 1825 1823
f 1941 1943 1823
f 1942 1822 1824
f 1940 1822 1942
f 1957 1839 1837
f 1955 1957 1837
f 1956 1836 1838
f 1954 1836 1956
f 1955 1837 1835
f 1953 1955 1835
f 1954 1834 1836
f 1952 1834 1954
f 1953 1835 1833
f 1951 1953 1833
f 1952 1832 1834
f 1950 1832 1952
f 1951 1833 1831
f 1949 1951 1831
f 1950 1830 1832
f 1948 1830 1950
f 1965 1847 1845
f 1963 1965 1845
f 1964 1844 1846
f 1962 1844 1964
f 1963 1845 1843
f 1961 1963 1843
f 1962 1842 1844
f 1960 1842 1962
f 1961 1843 1841
f 1959 1961 1841
f 1960 1840 1842
f 1958 1840 1960
f 1959 1841 1839
f 1957 1959 1839
f 1958 1838 1840
f 1956 1838 1958
f 1973 1855 1853
f 1971 1973 1853
f 1972 1852 1854
f 1970 1852 1972
f 1971 1853 1851
f 1969 1971 1851
f 1970 1850 1852
f 1968 1850 1970
f 1969 1851 1849
f 1967 1969 1849
f 1968 1848 1850
f 1966 1848 1968
f 1967 1849 1847
f 1965 1967 1847
f 1966 1846 1848
f 1964 1846 1966
f 1981 1863 1861
f 1979 1981 1861
f 1980 1860 1862
f 1978 1860 1980
f 1979 1861 1859
f 1977 1979 1859
f 1978 1858 1860
f 1976 1858 1978
f 1977 1859 1857
f 1975 1977 1857
f 1976 1856 1858
f 1974 1856 1976
f 1975 1857 1855
f 1973 1975 1855
f 1974 1854 1856
f 1972 1854 1974
f 1870 1989 1871
f 1988 1989 1870
f 1869 1988 1870
f 1987 1988 1869
f 1987 1869 1985
f 1985 1869 1867
f 1986 1866 1868
f 1984 1866 1986
f 1985 1867 1865
f 1983 1985 1865
f 1984 1864 1866
f 1982 1864 1984
f 1983 1865 1863
f 1981 1983 1863
f 1982 1862 1864
f 1980 1862 1982
f 1997 1879 1874
f 1992 1997 1874
f 1878 1996 1877
f 1877 1996 1995
f 1876 1877 1995
f 1994 1876 1995
f 1875 1876 1994
f 1993 1875 1994
f 1873 1875 1993
f 1991 1873 1993
f 1873 1991 1874
f 1874 1991 1992
f 1986 1868 1990
f 1990 1868 1872
f 1871 1990 1872
f 1989 1990 1871
f 2005 1887 1885
f 2003 2005 1885
f 2004 1884 1886
f 2002 1884 2004
f 2003 1885 1883
f 2001 2003 1883
f 2002 1882 1884
f 2000 1882 2002
f 2001 1883 1881
f 1999 2001 1881
f 2000 1880 1882
f 1998 1880 2000
f 1999 1881 1879
f 1997 1999 1879
f 1998 1878 1880
f 1996 1878 1998
f 2013 1895 1893
f 2011 2013 1893
f 2012 1892 1894
f 2010 1892 2012
f 2011 1893 1891
f 2009 2011 1891
f 2010 1890 1892
f 2008 1890 2010
f 2009 1891 1889
f 2007 2009 1889
f 2008 1888 1890
f 2006 1888 2008
f 2007 1889 1887
f 2005 2007 1887
f 2006 1886 1888
f 2004 1886 2006
f 2021 1903 1901
f 2019 2021 1901
f 2020 1900 1902
f 2018 1900 2020
f 2019 1901 1899
f 2017 2019 1899
f 2018 1898 1900
f 2016 1898 2018
f 2017 1899 1897
f 2015 2017 1897
f 2016 1896 1898
f 2014 1896 2016
f 2015 1897 1895
f 2013 2015 1895
f 2014 1894 1896
f 2012 1894 2014
f 2029 1911 1909
f 2027 2029 1909
f 2028 1908 1910
f 2026 1908 2028
f 2027 1909 1907
f 2025 2027 1907
f 2026 1906 1908
f 2024 1906 2026
f 2025 1907 1905
f 2023 2025 1905
f 2024 1904 1906
f 2022 1904 2024
f 2023 1905 1903
f 2021 2023 1903
f 2022 1902 1904
f 2020 1902 2022
f 2037 1919 1917
f 2035 2037 1917
f 2036 1916 1918
f 2034 1916 2036
f 2035 1917 1915
f 2033 2035 1915
f 2034 1914 1916
f 2032 1914 2034
f 2033 1915 1913
f 2031 2033 1913
f 2032 1912 1914
f 2030 1912 2032
f 2031 1913 1911
f 2029 2031 1911
f 2030 1910 1912
f 2028 1910 2030
f 2045 1927 1925
f 2043 2045 1925
f 2044 1924 1926
f 2042 1924 2044
f 2043 1925 1923
f 2041 2043 1923
f 2042 1922 1924
f 2040 1922 2042
f 2041 1923 1921
f 2039 2041 1921
f 2040 1920 1922
f 2038 1920 2040
f 2039 1921 1919
f 2037 2039 1919
f 2038 1918 1920
f 2036 1918 2038
f 2053 1935 1933
f 2051 2053 1933
f 2052 1932 1934
f 2050 1932 2052
f 2051 1933 1931
f 2049 2051 1931
f 2050 1930 1932
f 2048 1930 2050
f 2049 1931 1929
f 2047 2049 1929
f 2048 1928 1930
f 2046 1928 2048
f 2047 1929 1927
f 2045 2047 1927
f 2046 1926 1928
f 2044 1926 2046
f 2061 1943 1941
f 2059 2061 1941
f 2060 1940 1942
f 2058 1940 2060
f 2059 1941 1939
f 2057 2059 1939
f 2058 1938 1940
f 2056 1938 2058
f 2057 1939 1937
f 2055 2057 1937
f 2056 1936 1938
f 2054 1936 2056
f 2055 1937 1935
f 2053 2055 1935
f 2054 1934 1936
f 2052 1934 2054
f 2069 1951 1949
f 2067 2069 1949
f 2068 1948 1950
f 2066 1948 2068
f 2067 1949 1947
f 2065 2067 1947
f 2066 1946 1948
f 2064 1946 2066
f 2065 1947 1945
f 2063 2065 1945
f 2064 1944 1946
f 2062 1944 2064
f 2063 1945 1943
f 2061 2063 1943
f 2062 1942 1944
f 2060 1942 2062
f 2077 1959 1957
f 2075 2077 1957
f 2076 1956 1958
f 2074 1956 2076
f 2075 1957 1955
f 2073 2075 1955
f 2074 1954 1956
f 2072 1954 2074
f 2073 1955 1953
f 2071 2073 1953
f 2072 1952 1954
f 2070 1952 2072
f 2071 1953 1951
f 2069 2071 1951
f 2070 1950 1952
f 2068 1950 2070
f 2085 1967 1965
f 2083 2085 1965
f 2084 1964 1966
f 2082 1964 2084
f 2083 1965 1963
f 2081 2083 1963
f 2082 1962 1964
f 2080 1962 2082
f 2081 1963 1961
f 2079 2081 1961
f 2080 1960 1962
f 2078 1960 2080
f 2079 1961 1959
f 2077 2079 1959
f 2078 1958 1960
f 2076 1958 2078
f 2093 1975 1973
f 2091 2093 1973
f 2092 1972 1974
f 2090 1972 2092
f 2091 1973 1971
f 2089 2091 1971
f 2090 1970 1972
f 2088 1970 2090
f 2089 1971 1969
f 2087 2089 1969
f 2088 1968 1970
f 2086 1968 2088
f 2087 1969 1967
f 2085 2087 1967
f 2086 1966 1968
f 2084 1966 2086
f 2101 1983 1981
f 2099 2101 1981
f 2100 1980 1982
f 2098 1980 2100
f 2099 1981 1979
f 2097 2099 1979
f 2098 1978 1980
f 2096 1978 2098
f 2097 1979 1977
f 2095 2097 1977
f 2096 1976 1978
f 2094 1976 2096
f 2095 1977 1975
f 2093 2095 1975
f 2094 1974 1976
f 2092 1974 2094
f 2104 1986 2108
f 2108 1986 1990
f 1989 2108 1990
f 2107 2108 1989
f 1988 2107 1989
f 2106 2107 1988
f 1987 2106 1988
f 2105 2106 1987
f 2105 1987 2103
f 2103 1987 1985
f 2104 1984 1986
f 2102 1984 2104
f 2103 1985 1983
f 2101 2103 1983
f 2102 1982 1984
f 2100 1982 2102
f 2117 1999 1997
f 2115 2117 1997
f 2116 1996 1998
f 2114 1996 2116
f 2115 1997 1992
f 2110 2115 1992
f 1996 2114 1995
f 1995 2114 2113
f 1994 1995 2113
f 2112 1994 2113
f 1993 1994 2112
f 2111 1993 2112
f 1991 1993 2111
f 2109 1991 2111
f 1991 2109 1992
f 1992 2109 2110
f 2125 2007 2005
f 2123 2125 2005
f 2124 2004 2006
f 2122 2004 2124
f 2123 2005 2003
f 2121 2123 2003
f 2122 2002 2004
f 2120 2002 2122
f 2121 2003 2001
f 2119 2121 2001
f 2120 2000 2002
f 2118 2000 2120
f 2119 2001 1999
f 2117 2119 1999
f 2118 1998 2000
f 2116 1998 2118
f 2133 2015 2013
f 2131 2133 2013
f 2132 2012 2014
f 2130 2012 2132
f 2131 2013 2011
f 2129 2131 2011
f 2130 2010 2012
f 2128 2010 2130
f 2129 2011 2009
f 2127 2129 2009
f 2128 2008 2010
f 2126 2008 2128
f 2127 2009 2007
f 2125 2127 2007
f 2126 2006 2008
f 2124 2006 2126
f 2141 2023 2021
f 2139 2141 2021
f 2140 2020 2022
f 2138 2020 2140
f 2139 2021 2019
f 2137 2139 2019
f 2138 2018 2020
f 2136 2018 2138
f 2137 2019 2017
f 2135 2137 2017
f 2136 2016 2018
f 2134 2016 2136
f 2135 2017 2015
f 2133 2135 2015
f 2134 2014 2016
f 2132 2014 2134
f 2149 2031 2029
f 2147 2149 2029
f 2148 2028 2030
f 2146 2028 2148
f 2147 2029 2027
f 2145 2147 2027
f 2146 2026 2028
f 2144 2026 2146
f 2145 2027 2025
f 2143 2145 2025
f 2144 2024 2026
f 2142 2024 2144
f 2143 2025 2023
f 2141 2143 2023
f 2142 2022 2024
f 2140 2022 2142
f 2157 2039 2037
f 2155 2157 2037
f 2156 2036 2038
f 2154 2036 2156
f 2155 2037 2035
f 2153 2155 2035
f 2154 2034 2036
f 2152 2034 2154
f 2153 2035 2033
f 2151 2153 2033
f 2152 2032 2034
f 2150 2032 2152
f 2151 2033 2031
f 2149 2151 2031
f 2150 2030 2032
f 2148 2030 2150
f 2165 2047 2045
f 2163 2165 2045
f 2164 2044 2046
f 2162 2044 2164
f 2163 2045 2043
f 2161 2163 2043
f 2162 2042 2044
f 2160 2042 2162
f 2161 2043 2041
f 2159 2161 2041
f 2160 2040 2042
f 2158 2040 2160
f 2159 2041 2039
f 2157 2159 2039
f 2158 2038 2040
f 2156 2038 2158
f 2173 2055 2053
f 2171 2173 2053
f 2172 2052 2054
f 2170 2052 2172
f 2171 2053 2051
f 2169 2171 2051
f 2170 2050 2052
f 2168 2050 2170
f 2169 2051 2049
f 2167 2169 2049
f 2168 2048 2050
f 2166 2048 2168
f 2167 2049 2047
f 2165 2167 2047
f 2166 2046 2048
f 2164 2046 2166
f 2181 2063 2061
f 2179 2181 2061
f 2180 2060 2062
f 2178 2060 2180
f 2179 2061 2059
f 2177 2179 2059
f 2178 2058 2060
f 2176 2058 2178
f 2177 2059 2057
f 2175 2177 2057
f 2176 2056 2058
f 2174 2056 2176
f 2175 2057 2055
f 2173 2175 2055
f 2174 2054 2056
f 2172 2054 2174
f 2189 2071 2069
f 2187 2189 2069
f 2188 2068 2070
f 2186 2068 2188
f 2187 2069 2067
f 2185 2187 2067
f 2186 2066 2068
f 2184 2066 2186
f 2185 2067 2065
f 2183 2185 2065
f 2184 2064 2066
f 2182 2064 2184
f 2183 2065 2063
f 2181 2183 2063
f 2182 2062 2064
f 2180 2062 2182
f 2197 2079 2077
f 2195 2197 2077
f 2196 2076 2078
f 2194 2076 2196
f 2195 2077 2075
f 2193 2195 2075
f 2194 2074 2076
f 2192 2074 2194
f 2193 2075 2073
f 2191 2193 2073
f 2192 2072 2074
f 2190 2072 2192
f 2191 2073 2071
f 2189 2191 2071
f 2190 2070 2072
f 2188 2070 2190
f 2205 2087 2085
f 2203 2205 2085
f 2204 2084 2086
f 2202 2084 2204
f 2203 2085 2083
f 2201 2203 2083
f 2202 2082 2084
f 2200 2082 2202
f 2201 2083 2081
f 2199 2201 2081
f 2200 2080 2082
f 2198 2080 2200
f 2199 2081 2079
f 2197 2199 2079
f 2198 2078 2080
f 2196 2078 2198
f 2213 2095 2093
f 2211 2213 2093
f 2212 2092 2094
f 2210 2092 2212
f 2211 2093 2091
f 2209 2211 2091
f 2210 2090 2092
f 2208 2090 2210
f 2209 2091 2089
f 2207 2209 2089
f 2208 2088 2090
f 2206 2088 2208
f 2207 2089 2087
f 2205 2207 2087
f 2206 2086 2088
f 2204 2086 2206
f 2221 2103 2101
f 2219 2221 2101
f 2220 2100 2102
f 2218 2100 2220
f 2219 2101 2099
f 2217 2219 2099
f 2218 2098 2100
f 2216 2098 2218
f 2217 2099 2097
f 2215 2217 2097
f 2216 2096 2098
f 2214 2096 2216
f 2215 2097 2095
f 2213 2215 2095
f 2214 2094 2096
f 2212 2094 2214
f 2109 2111 2229
f 2227 2109 2229
f 2109 2227 2110
f 2110 2227 2228
f 2222 2104 2226
f 2226 2104 2108
f 2107 2226 2108
f 2225 2226 2107
f 2106 2225 2107
f 2224 2225 2106
f 2105 2224 2106
f 2223 2224 2105
f 2223 2105 2221
f 2221 2105 2103
f 2222 2102 2104
f 2220 2102 2222
f 2237 2119 2117
f 2235 2237 2117
f 2236 2116 2118
f 2234 2116 2236
f 2235 2117 2115
f 2233 2235 2115
f 2234 2114 2116
f 2232 2114 2234
f 2233 2115 2110
f 2228 2233 2110
f 2114 2232 2113
f 2113 2232 2231
f 2112 2113 2231
f 2230 2112 2231
f 2111 2112 2230
f 2229 2111 2230
f 2245 2127 2125
f 2243 2245 2125
f 2244 2124 2126
f 2242 2124 2244
f 2243 2125 2123
f 2241 2243 2123
f 2242 2122 2124
f 2240 2122 2242
f 2241 2123 2121
f 2239 2241 2121
f 2240 2120 2122
f 2238 2120 2240
f 2239 2121 2119
f 2237 2239 2119
f 2238 2118 2120
f 2236 2118 2238
f 2253 2135 2133
f 2251 2253 2133
f 2252 2132 2134
f 2250 2132 2252
f 2251 2133 2131
f 2249 2251 2131
f 2250 2130 2132
f 2248 2130 2250
f 2249 2131 2129
f 2247 2249 2129
f 2248 2128 2130
f 2246 2128 2248
f 2247 2129 2127
f 2245 2247 2127
f 2246 2126 2128
f 2244 2126 2246
f 2261 2143 2141
f 2259 2261 2141
f 2260 2140 2142
f 2258 2140 2260
f 2259 2141 2139
f 2257 2259 2139
f 2258 2138 2140
f 2256 2138 2258
f 2257 2139 2137
f 2255 2257 2137
f 2256 2136 2138
f 2254 2136 2256
f 2255 2137 2135
f 2253 2255 2135
f 2254 2134 2136
f 2252 2134 2254
f 2269 2151 2149
f 2267 2269 2149
f 2268 2148 2150
f 2266 2148 2268
f 2267 2149 2147
f 2265 2267 2147
f 2266 2146 2148
f 2264 2146 2266
f 2265 2147 2145
f 2263 2265 2145
f 2264 2144 2146
f 2262 2144 2264
f 2263 2145 2143
f 2261 2263 2143
f 2262 2142 2144
f 2260 2142 2262
f 2277 2159 2157
f 2275 2277 2157
f 2276 2156 2158
f 2274 2156 2276
f 2275 2157 2155
f 2273 2275 2155
f 2274 2154 2156
f 2272 2154 2274
f 2273 2155 2153
f 2271 2273 2153
f 2272 2152 2154
f 2270 2152 2272
f 2271 2153 2151
f 2269 2271 2151
f 2270 2150 2152
f 2268 2150 2270
f 2285 2167 2165
f 2283 2285 2165
f 2284 2164 2166
f 2282 2164 2284
f 2283 2165 2163
f 2281 2283 2163
f 2282 2162 2164
f 2280 2162 2282
f 2281 2163 2161
f 2279 2281 2161
f 2280 2160 2162
f 2278 2160 2280
f 2279 2161 2159
f 2277 2279 2159
f 2278 2158 2160
f 2276 2158 2278
f 2293 2175 2173
f 2291 2293 2173
f 2292 2172 2174
f 2290 2172 2292
f 2291 2173 2171
f 2289 2291 2171
f 2290 2170 2172
f 2288 2170 2290
f 2289 2171 2169
f 2287 2289 2169
f 2288 2168 2170
f 2286 2168 2288
f 2287 2169 2167
f 2285 2287 2167
f 2286 2166 2168
f 2284 2166 2286
f 2301 2183 2181
f 2299 2301 2181
f 2300 2180 2182
f 2298 2180 2300
f 2299 2181 2179
f 2297 2299 2179
f 2298 2178 2180
f 2296 2178 2298
f 2297 2179 2177
f 2295 2297 2177
f 2296 2176 2178
f 2294 2176 2296
f 2295 2177 2175
f 2293 2295 2175
f 2294 2174 2176
f 2292 2174 2294
f 2309 2191 2189
f 2307 2309 2189
f 2308 2188 2190
f 2306 2188 2308
f 2307 2189 2187
f 2305 2307 2187
f 2306 2186 2188
f 2304 2186 2306
f 2305 2187 2185
f 2303 2305 2185
f 2304 2184 2186
f 2302 2184 2304
f 2303 2185 2183
f 2301 2303 2183
f 2302 2182 2184
f 2300 2182 2302
f 2317 2199 2197
f 2315 2317 2197
f 2316 2196 2198
f 2314 2196 2316
f 2315 2197 2195
f 2313 2315 2195
f 2314 2194 2196
f 2312 2194 2314
f 2313 2195 2193
f 2311 2313 2193
f 2312 2192 2194
f 2310 2192 2312
f 2311 2193 2191
f 2309 2311 2191
f 2310 2190 2192
f 2308 2190 2310
f 2325 2207 2205
f 2323 2325 2205
f 2324 2204 2206
f 2322 2204 2324
f 2323 2205 2203
f 2321 2323 2203
f 2322 2202 2204
f 2320 2202 2322
f 2321 2203 2201
f 2319 2321 2201
f 2320 2200 2202
f 2318 2200 2320
f 2319 2201 2199
f 2317 2319 2199
f 2318 2198 2200
f 2316 2198 2318
f 2333 2215 2213
f 2331 2333 2213
f 2332 2212 2214
f 2330 2212 2332
f 2331 2213 2211
f 2329 2331 2211
f 2330 2210 2212
f 2328 2210 2330
f 2329 2211 2209
f 2327 2329 2209
f 2328 2208 2210
f 2326 2208 2328
f 2327 2209 2207
f 2325 2327 2207
f 2326 2206 2208
f 2324 2206 2326
f 2341 2223 2339
f 2339 2223 2221
f 2340 2220 2222
f 2338 2220 2340
f 2339 2221 2219
f 2337 2339 2219
f 2338 2218 2220
f 2336 2218 2338
f 2337 2219 2217
f 2335 2337 2217
f 2336 2216 2218
f 2334 2216 2336
f 2335 2217 2215
f 2333 2335 2215
f 2334 2214 2216
f 2332 2214 2334
f 2230 2231 2349
f 2348 2230 2349
f 2229 2230 2348
f 2347 2229 2348
f 2227 2229 2347
f 2345 2227 2347
f 2227 2345 2228
f 2228 2345 2346
f 2340 2222 2344
f 2344 2222 2226
f 2225 2344 2226
f 2343 2344 2225
f 2224 2343 2225
f 2342 2343 2224
f 2223 2342 2224
f 2341 2342 2223
f 2357 2239 2237
f 2355 2357 2237
f 2356 2236 2238
f 2354 2236 2356
f 2355 2237 2235
f 2353 2355 2235
f 2354 2234 2236
f 2352 2234 2354
f 2353 2235 2233
f 2351 2353 2233
f 2352 2232 2234
f 2350 2232 2352
f 2351 2233 2228
f 2346 2351 2228
f 2232 2350 2231
f 2231 2350 2349
f 2365 2247 2245
f 2363 2365 2245
f 2364 2244 2246
f 2362 2244 2364
f 2363 2245 2243
f 2361 2363 2243
f 2362 2242 2244
f 2360 2242 2362
f 2361 2243 2241
f 2359 2361 2241
f 2360 2240 2242
f 2358 2240 2360
f 2359 2241 2239
f 2357 2359 2239
f 2358 2238 2240
f 2356 2238 2358
f 2373 2255 2253
f 2371 2373 2253
f 2372 2252 2254
f 2370 2252 2372
f 2371 2253 2251
f 2369 2371 2251
f 2370 2250 2252
f 2368 2250 2370
f 2369 2251 2249
f 2367 2369 2249
f 2368 2248 2250
f 2366 2248 2368
f 2367 2249 2247
f 2365 2367 2247
f 2366 2246 2248
f 2364 2246 2366
f 2381 2263 2261
f 2379 2381 2261
f 2380 2260 2262
f 2378 2260 2380
f 2379 2261 2259
f 2377 2379 2259
f 2378 2258 2260
f 2376 2258 2378
f 2377 2259 2257
f 2375 2377 2257
f 2376 2256 2258
f 2374 2256 2376
f 2375 2257 2255
f 2373 2375 2255
f 2374 2254 2256
f 2372 2254 2374
f 2389 2271 2269
f 2387 2389 2269
f 2388 2268 2270
f 2386 2268 2388
f 2387 2269 2267
f 2385 2387 2267
f 2386 2266 2268
f 2384 2266 2386
f 2385 2267 2265
f 2383 2385 2265
f 2384 2264 2266
f 2382 2264 2384
f 2383 2265 2263
f 2381 2383 2263
f 2382 2262 2264
f 2380 2262 2382
f 2397 2279 2277
f 2395 2397 2277
f 2396 2276 2278
f 2394 2276 2396
f 2395 2277 2275
f 2393 2395 2275
f 2394 2274 2276
f 2392 2274 2394
f 2393 2275 2273
f 2391 2393 2273
f 2392 2272 2274
f 2390 2272 2392
f 2391 2273 2271
f 2389 2391 2271
f 2390 2270 2272
f 2388 2270 2390
f 2405 2287 2285
f 2403 2405 2285
f 2404 2284 2286
f 2402 2284 2404
f 2403 2285 2283
f 2401 2403 2283
f 2402 2282 2284
f 2400 2282 2402
f 2401 2283 2281
f 2399 2401 2281
f 2400 2280 2282
f 2398 2280 2400
f 2399 2281 2279
f 2397 2399 2279
f 2398 2278 2280
f 2396 2278 2398
f 2413 2295 2293
f 2411 2413 2293
f 2412 2292 2294
f 2410 2292 2412
f 2411 2293 2291
f 2409 2411 2291
f 2410 2290 2292
f 2408 2290 2410
f 2409 2291 2289
f 2407 2409 2289
f 2408 2288 2290
f 2406 2288 2408
f 2407 2289 2287
f 2405 2407 2287
f 2406 2286 2288
f 2404 2286 2406
f 2421 2303 2301
f 2419 2421 2301
f 2420 2300 2302
f 2418 2300 2420
f 2419 2301 2299
f 2417 2419 2299
f 2418 2298 2300
f 2416 2298 2418
f 2417 2299 2297
f 2415 2417 2297
f 2416 2296 2298
f 2414 2296 2416
f 2415 2297 2295
f 2413 2415 2295
f 2414 2294 2296
f 2412 2294 2414
f 2429 2311 2309
f 2427 2429 2309
f 2428 2308 2310
f 2426 2308 2428
f 2427 2309 2307
f 2425 2427 2307
f 2426 2306 2308
f 2424 2306 2426
f 2425 2307 2305
f 2423 2425 2305
f 2424 2304 2306
f 2422 2304 2424
f 2423 2305 2303
f 2421 2423 2303
f 2422 2302 2304
f 2420 2302 2422
f 2437 2319 2317
f 2435 2437 2317
f 2436 2316 2318
f 2434 2316 2436
f 2435 2317 2315
f 2433 2435 2315
f 2434 2314 2316
f 2432 2314 2434
f 2433 2315 2313
f 2431 2433 2313
f 2432 2312 2314
f 2430 2312 2432
f 2431 2313 2311
f 2429 2431 2311
f 2430 2310 2312
f 2428 2310 2430
f 2445 2327 2325
f 2443 2445 2325
f 2444 2324 2326
f 2442 2324 2444
f 2443 2325 2323
f 2441 2443 2323
f 2442 2322 2324
f 2440 2322 2442
f 2441 2323 2321
f 2439 2441 2321
f 2440 2320 2322
f 2438 2320 2440
f 2439 2321 2319
f 2437 2439 2319
f 2438 2318 2320
f 2436 2318 2438
f 2453 2335 2333
f 2451 2453 2333
f 2452 2332 2334
f 2450 2332 2452
f 2451 2333 2331
f 2449 2451 2331
f 2450 2330 2332
f 2448 2330 2450
f 2449 2331 2329
f 2447 2449 2329
f 2448 2328 2330
f 2446 2328 2448
f 2447 2329 2327
f 2445 2447 2327
f 2446 2326 2328
f 2444 2326 2446
f 2342 2461 2343
f 2460 2461 2342
f 2341 2460 2342
f 2459 2460 2341
f 2459 2341 2457
f 2457 2341 2339
f 2458 2338 2340
f 2456 2338 2458
f 2457 2339 2337
f 2455 2457 2337
f 2456 2336 2338
f 2454 2336 2456
f 2455 2337 2335
f 2453 2455 2335
f 2454 2334 2336
f 2452 2334 2454
f 2469 2351 2346
f 2464 2469 2346
f 2350 2468 2349
f 2349 2468 2467
f 2348 2349 2467
f 2466 2348 2467
f 2347 2348 2466
f 2465 2347 2466
f 2345 2347 2465
f 2463 2345 2465
f 2345 2463 2346
f 2346 2463 2464
f 2458 2340 2462
f 2462 2340 2344
f 2343 2462 2344
f 2461 2462 2343
f 2477 2359 2357
f 2475 2477 2357
f 2476 2356 2358
f 2474 2356 2476
f 2475 2357 2355
f 2473 2475 2355
f 2474 2354 2356
f 2472 2354 2474
f 2473 2355 2353
f 2471 2473 2353
f 2472 2352 2354
f 2470 2352 2472
f 2471 2353 2351
f 2469 2471 2351
f 2470 2350 2352
f 2468 2350 2470
f 2485 2367 2365
f 2483 2485 2365
f 2484 2364 2366
f 2482 2364 2484
f 2483 2365 2363
f 2481 2483 2363
f 2482 2362 2364
f 2480 2362 2482
f 2481 2363 2361
f 2479 2481 2361
f 2480 2360 2362
f 2478 2360 2480
f 2479 2361 2359
f 2477 2479 2359
f 2478 2358 2360
f 2476 2358 2478
f 2493 2375 2373
f 2491 2493 2373
f 2492 2372 2374
f 2490 2372 2492
f 2491 2373 2371
f 2489 2491 2371
f 2490 2370 2372
f 2488 2370 2490
f 2489 2371 2369
f 2487 2489 2369
f 2488 2368 2370
f 2486 2368 2488
f 2487 2369 2367
f 2485 2487 2367
f 2486 2366 2368
f 2484 2366 2486
f 2501 2383 2381
f 2499 2501 2381
f 2500 2380 2382
f 2498 2380 2500
f 2499 2381 2379
f 2497 2499 2379
f 2498 2378 2380
f 2496 2378 2498
f 2497 2379 2377
f 2495 2497 2377
f 2496 2376 2378
f 2494 2376 2496
f 2495 2377 2375
f 2493 2495 2375
f 2494 2374 2376
f 2492 2374 2494
f 2509 2391 2389
f 2507 2509 2389
f 2508 2388 2390
f 2506 2388 2508
f 2507 2389 2387
f 2505 2507 2387
f 2506 2386 2388
f 2504 2386 2506
f 2505 2387 2385
f 2503 2505 2385
f 2504 2384 2386
f 2502 2384 2504
f 2503 2385 2383
f 2501 2503 2383
f 2502 2382 2384
f 2500 2382 2502
f 2517 2399 2397
f 2515 2517 2397
f 2516 2396 2398
f 2514 2396 2516
f 2515 2397 2395
f 2513 2515 2395
f 2514 2394 2396
f 2512 2394 2514
f 2513 2395 2393
f 2511 2513 2393
f 2512 2392 2394
f 2510 2392 2512
f 2511 2393 2391
f 2509 2511 2391
f 2510 2390 2392
f 2508 2390 2510
f 2525 2407 2405
f 2523 2525 2405
f 2524 2404 2406
f 2522 2404 2524
f 2523 2405 2403
f 2521 2523 2403
f 2522 2402 2404
f 2520 2402 2522
f 2521 2403 2401
f 2519 2521 2401
f 2520 2400 2402
f 2518 2400 2520
f 2519 2401 2399
f 2517 2519 2399
f 2518 2398 2400
f 2516 2398 2518
f 2533 2415 2413
f 2531 2533 2413
f 2532 2412 2414
f 2530 2412 2532
f 2531 2413 2411
f 2529 2531 2411
f 2530 2410 2412
f 2528 2410 2530
f 2529 2411 2409
f 2527 2529 2409
f 2528 2408 2410
f 2526 2408 2528
f 2527 2409 2407
f 2525 2527 2407
f 2526 2406 2408
f 2524 2406 2526
f 2541 2423 2421
f 2539 2541 2421
f 2540 2420 2422
f 2538 2420 2540
f 2539 2421 2419
f 2537 2539 2419
f 2538 2418 2420
f 2536 2418 2538
f 2537 2419 2417
f 2535 2537 2417
f 2536 2416 2418
f 2534 2416 2536
f 2535 2417 2415
f 2533 2535 2415
f 2534 2414 2416
f 2532 2414 2534
f 2549 2431 2429
f 2547 2549 2429
f 2548 2428 2430
f 2546 2428 2548
f 2547 2429 2427
f 2545 2547 2427
f 2546 2426 2428
f 2544 2426 2546
f 2545 2427 2425
f 2543 2545 2425
f 2544 2424 2426
f 2542 2424 2544
f 2543 2425 2423
f 2541 2543 2423
f 2542 2422 2424
f 2540 2422 2542
f 2557 2439 2437
f 2555 2557 2437
f 2556 2436 2438
f 2554 2436 2556
f 2555 2437 2435
f 2553 2555 2435
f 2554 2434 2436
f 2552 2434 2554
f 2553 2435 2433
f 2551 2553 2433
f 2552 2432 2434
f 2550 2432 2552
f 2551 2433 2431
f 2549 2551 2431
f 2550 2430 2432
f 2548 2430 2550
f 2565 2447 2445
f 2563 2565 2445
f 2564 2444 2446
f 2562 2444 2564
f 2563 2445 2443
f 2561 2563 2443
f 2562 2442 2444
f 2560 2442 2562
f 2561 2443 2441
f 2559 2561 2441
f 2560 2440 2442
f 2558 2440 2560
f 2559 2441 2439
f 2557 2559 2439
f 2558 2438 2440
f 2556 2438 2558
f 2573 2455 2453
f 2571 2573 2453
f 2572 2452 2454
f 2570 2452 2572
f 2571 2453 2451
f 2569 2571 2451
f 2570 2450 2452
f 2568 2450 2570
f 2569 2451 2449
f 2567 2569 2449
f 2568 2448 2450
f 2566 2448 2568
f 2567 2449 2447
f 2565 2567 2447
f 2566 2446 2448
f 2564 2446 2566
f 2576 2458 2580
f 2580 2458 2462
f 2461 2580 2462
f 2579 2580 2461
f 2460 2579 2461
f 2578 2579 2460
f 2459 2578 2460
f 2577 2578 2459
f 2577 2459 2575
f 2575 2459 2457
f 2576 2456 2458
f 2574 2456 2576
f 2575 2457 2455
f 2573 2575 2455
f 2574 2454 2456
f 2572 2454 2574
f 2589 2471 2469
f 2587 2589 2469
f 2588 2468 2470
f 2586 2468 2588
f 2587 2469 2464
f 2582 2587 2464
f 2468 2586 2467
f 2467 2586 2585
f 2466 2467 2585
f 2584 2466 2585
f 2465 2466 2584
f 2583 2465 2584
f 2463 2465 2583
f 2581 2463 2583
f 2463 2581 2464
f 2464 2581 2582
f 2597 2479 2477
f 2595 2597 2477
f 2596 2476 2478
f 2594 2476 2596
f 2595 2477 2475
f 2593 2595 2475
f 2594 2474 2476
f 2592 2474 2594
f 2593 2475 2473
f 2591 2593 2473
f 2592 2472 2474
f 2590 2472 2592
f 2591 2473 2471
f 2589 2591 2471
f 2590 2470 2472
f 2588 2470 2590
f 2605 2487 2485
f 2603 2605 2485
f 2604 2484 2486
f 2602 2484 2604
f 2603 2485 2483
f 2601 2603 2483
f 2602 2482 2484
f 2600 2482 2602
f 2601 2483 2481
f 2599 2601 2481
f 2600 2480 2482
f 2598 2480 2600
f 2599 2481 2479
f 2597 2599 2479
f 2598 2478 2480
f 2596 2478 2598
f 2613 2495 2493
f 2611 2613 2493
f 2612 2492 2494
f 2610 2492 2612
f 2611 2493 2491
f 2609 2611 2491
f 2610 2490 2492
f 2608 2490 2610
f 2609 2491 2489
f 2607 2609 2489
f 2608 2488 2490
f 2606 2488 2608
f 2607 2489 2487
f 2605 2607 2487
f 2606 2486 2488
f 2604 2486 2606
f 2621 2503 2501
f 2619 2621 2501
f 2620 2500 2502
f 2618 2500 2620
f 2619 2501 2499
f 2617 2619 2499
f 2618 2498 2500
f 2616 2498 2618
f 2617 2499 2497
f 2615 2617 2497
f 2616 2496 2498
f 2614 2496 2616
f 2615 2497 2495
f 2613 2615 2495
f 2614 2494 2496
f 2612 2494 2614
f 2629 2511 2509
f 2627 2629 2509
f 2628 2508 2510
f 2626 2508 2628
f 2627 2509 2507
f 2625 2627 2507
f 2626 2506 2508
f 2624 2506 2626
f 2625 2507 2505
f 2623 2625 2505
f 2624 2504 2506
f 2622 2504 2624
f 2623 2505 2503
f 2621 2623 2503
f 2622 2502 2504
f 2620 2502 2622
f 2637 2519 2517
f 2635 2637 2517
f 2636 2516 2518
f 2634 2516 2636
f 2635 2517 2515
f 2633 2635 2515
f 2634 2514 2516
f 2632 2514 2634
f 2633 2515 2513
f 2631 2633 2513
f 2632 2512 2514
f 2630 2512 2632
f 2631 2513 2511
f 2629 2631 2511
f 2630 2510 2512
f 2628 2510 2630
f 2645 2527 2525
f 2643 2645 2525
f 2644 2524 2526
f 2642 2524 2644
f 2643 2525 2523
f 2641 2643 2523
f 2642 2522 2524
f 2640 2522 2642
f 2641 2523 2521
f 2639 2641 2521
f 2640 2520 2522
f 2638 2520 2640
f 2639 2521 2519
f 2637 2639 2519
f 2638 2518 2520
f 2636 2518 2638
f 2653 2535 2533
f 2651 2653 2533
f 2652 2532 2534
f 2650 2532 2652
f 2651 2533 2531
f 2649 2651 2531
f 2650 2530 2532
f 2648 2530 2650
f 2649 2531 2529
f 2647 2649 2529
f 2648 2528 2530
f 2646 2528 2648
f 2647 2529 2527
f 2645 2647 2527
f 2646 2526 2528
f 2644 2526 2646
f 2661 2543 2541
f 2659 2661 2541
f 2660 2540 2542
f 2658 2540 2660
f 2659 2541 2539
f 2657 2659 2539
f 2658 2538 2540
f 2656 2538 2658
f 2657 2539 2537
f 2655 2657 2537
f 2656 2536 2538
f 2654 2536 2656
f 2655 2537 2535
f 2653 2655 2535
f 2654 2534 2536
f 2652 2534 2654
f 2669 2551 2549
f 2667 2669 2549
f 2668 2548 2550
f 2666 2548 2668
f 2667 2549 2547
f 2665 2667 2547
f 2666 2546 2548
f 2664 2546 2666
f 2665 2547 2545
f 2663 2665 2545
f 2664 2544 2546
f 2662 2544 2664
f 2663 2545 2543
f 2661 2663 2543
f 2662 2542 2544
f 2660 2542 2662
f 2677 2559 2557
f 2675 2677 2557
f 2676 2556 2558
f 2674 2556 2676
f 2675 2557 2555
f 2673 2675 2555
f 2674 2554 2556
f 2672 2554 2674
f 2673 2555 2553
f 2671 2673 2553
f 2672 2552 2554
f 2670 2552 2672
f 2671 2553 2551
f 2669 2671 2551
f 2670 2550 2552
f 2668 2550 2670
f 2685 2567 2565
f 2683 2685 2565
f 2684 2564 2566
f 2682 2564 2684
f 2683 2565 2563
f 2681 2683 2563
f 2682 2562 2564
f 2680 2562 2682
f 2681 2563 2561
f 2679 2681 2561
f 2680 2560 2562
f 2678 2560 2680
f 2679 2561 2559
f 2677 2679 2559
f 2678 2558 2560
f 2676 2558 2678
f 2693 2575 2573
f 2691 2693 2573
f 2692 2572 2574
f 2690 2572 2692
f 2691 2573 2571
f 2689 2691 2571
f 2690 2570 2572
f 2688 2570 2690
f 2689 2571 2569
f 2687 2689 2569
f 2688 2568 2570
f 2686 2568 2688
f 2687 2569 2567
f 2685 2687 2567
f 2686 2566 2568
f 2684 2566 2686
f 2581 2583 2701
f 2699 2581 2701
f 2581 2699 2582
f 2582 2699 2700
f 2694 2576 2698
f 2698 2576 2580
f 2579 2698 2580
f 2697 2698 2579
f 2578 2697 2579
f 2696 2697 2578
f 2577 2696 2578
f 2695 2696 2577
f 2695 2577 2693
f 2693 2577 2575
f 2694 2574 2576
f 2692 2574 2694
f 2709 2591 2589
f 2707 2709 2589
f 2708 2588 2590
f 2706 2588 2708
f 2707 2589 2587
f 2705 2707 2587
f 2706 2586 2588
f 2704 2586 2706
f 2705 2587 2582
f 2700 2705 2582
f 2586 2704 2585
f 2585 2704 2703
f 2584 2585 2703
f 2702 2584 2703
f 2583 2584 2702
f 2701 2583 2702
f 2717 2599 2597
f 2715 2717 2597
f 2716 2596 2598
f 2714 2596 2716
f 2715 2597 2595
f 2713 2715 2595
f 2714 2594 2596
f 2712 2594 2714
f 2713 2595 2593
f 2711 2713 2593
f 2712 2592 2594
f 2710 2592 2712
f 2711 2593 2591
f 2709 2711 2591
f 2710 2590 2592
f 2708 2590 2710
f 2725 2607 2605
f 2723 2725 2605
f 2724 2604 2606
f 2722 2604 2724
f 2723 2605 2603
f 2721 2723 2603
f 2722 2602 2604
f 2720 2602 2722
f 2721 2603 2601
f 2719 2721 2601
f 2720 2600 2602
f 2718 2600 2720
f 2719 2601 2599
f 2717 2719 2599
f 2718 2598 2600
f 2716 2598 2718
f 2733 2615 2613
f 2731 2733 2613
f 2732 2612 2614
f 2730 2612 2732
f 2731 2613 2611
f 2729 2731 2611
f 2730 2610 2612
f 2728 2610 2730
f 2729 2611 2609
f 2727 2729 2609
f 2728 2608 2610
f 2726 2608 2728
f 2727 2609 2607
f 2725 2727 2607
f 2726 2606 2608
f 2724 2606 2726
f 2741 2623 2621
f 2739 2741 2621
f 2740 2620 2622
f 2738 2620 2740
f 2739 2621 2619
f 2737 2739 2619
f 2738 2618 2620
f 2736 2618 2738
f 2737 2619 2617
f 2735 2737 2617
f 2736 2616 2618
f 2734 2616 2736
f 2735 2617 2615
f 2733 2735 2615
f 2734 2614 2616
f 2732 2614 2734
f 2749 2631 2629
f 2747 2749 2629
f 2748 2628 2630
f 2746 2628 2748
f 2747 2629 2627
f 2745 2747 2627
f 2746 2626 2628
f 2744 2626 2746
f 2745 2627 2625
f 2743 2745 2625
f 2744 2624 2626
f 2742 2624 2744
f 2743 2625 2623
f 2741 2743 2623
f 2742 2622 2624
f 2740 2622 2742
f 2757 2639 2637
f 2755 2757 2637
f 2756 2636 2638
f 2754 2636 2756
f 2755 2637 2635
f 2753 2755 2635
f 2754 2634 2636
f 2752 2634 2754
f 2753 2635 2633
f 2751 2753 2633
f 2752 2632 2634
f 2750 2632 2752
f 2751 2633 2631
f 2749 2751 2631
f 2750 2630 2632
f 2748 2630 2750
f 2765 2647 2645
f 2763 2765 2645
f 2764 2644 2646
f 2762 2644 2764
f 2763 2645 2643
f 2761 2763 2643
f 2762 2642 2644
f 2760 2642 2762
f 2761 2643 2641
f 2759 2761 2641
f 2760 2640 2642
f 2758 2640 2760
f 2759 2641 2639
f 2757 2759 2639
f 2758 2638 2640
f 2756 2638 2758
f 2773 2655 2653
f 2771 2773 2653
f 2772 2652 2654
f 2770 2652 2772
f 2771 2653 2651
f 2769 2771 2651
f 2770 2650 2652
f 2768 2650 2770
f 2769 2651 2649
f 2767 2769 2649
f 2768 2648 2650
f 2766 2648 2768
f 2767 2649 2647
f 2765 2767 2647
f 2766 2646 2648
f 2764 2646 2766
f 2781 2663 2661
f 2779 2781 2661
f 2780 2660 2662
f 2778 2660 2780
f 2779 2661 2659
f 2777 2779 2659
f 2778 2658 2660
f 2776 2658 2778
f 2777 2659 2657
f 2775 2777 2657
f 2776 2656 2658
f 2774 2656 2776
f 2775 2657 2655
f 2773 2775 2655
f 2774 2654 2656
f 2772 2654 2774
f 2789 2671 2669
f 2787 2789 2669
f 2788 2668 2670
f 2786 2668 2788
f 2787 2669 2667
f 2785 2787 2667
f 2786 2666 2668
f 2784 2666 2786
f 2785 2667 2665
f 2783 2785 2665
f 2784 2664 2666
f 2782 2664 2784
f 2783 2665 2663
f 2781 2783 2663
f 2782 2662 2664
f 2780 2662 2782
f 2797 2679 2677
f 2795 2797 2677
f 2796 2676 2678
f 2794 2676 2796
f 2795 2677 2675
f 2793 2795 2675
f 2794 2674 2676
f 2792 2674 2794
f 2793 2675 2673
f 2791 2793 2673
f 2792 2672 2674
f 2790 2672 2792
f 2791 2673 2671
f 2789 2791 2671
f 2790 2670 2672
f 2788 2670 2790
f 2805 2687 2685
f 2803 2805 2685
f 2804 2684 2686
f 2802 2684 2804
f 2803 2685 2683
f 2801 2803 2683
f 2802 2682 2684
f 2800 2682 2802
f 2801 2683 2681
f 2799 2801 2681
f 2800 2680 2682
f 2798 2680 2800
f 2799 2681 2679
f 2797 2799 2679
f 2798 2678 2680
f 2796 2678 2798
f 2813 2695 2811
f 2811 2695 2693
f 2812 2692 2694
f 2810 2692 2812
f 2811 2693 2691
f 2809 2811 2691
f 2810 2690 2692
f 2808 2690 2810
f 2809 2691 2689
f 2807 2809 2689
f 2808 2688 2690
f 2806 2688 2808
f 2807 2689 2687
f 2805 2807 2687
f 2806 2686 2688
f 2804 2686 2806
f 2702 2703 2821
f 2820 2702 2821
f 2701 2702 2820
f 2819 2701 2820
f 2699 2701 2819
f 2817 2699 2819
f 2699 2817 2700
f 2700 2817 2818
f 2812 2694 2816
f 2816 2694 2698
f 2697 2816 2698
f 2815 2816 2697
f 2696 2815 2697
f 2814 2815 2696
f 2695 2814 2696
f 2813 2814 2695
f 2829 2711 2709
f 2827 2829 2709
f 2828 2708 2710
f 2826 2708 2828
f 2827 2709 2707
f 2825 2827 2707
f 2826 2706 2708
f 2824 2706 2826
f 2825 2707 2705
f 2823 2825 2705
f 2824 2704 2706
f 2822 2704 2824
f 2823 2705 2700
f 2818 2823 2700
f 2704 2822 2703
f 2703 2822 2821
f 2837 2719 2717
f 2835 2837 2717
f 2836 2716 2718
f 2834 2716 2836
f 2835 2717 2715
f 2833 2835 2715
f 2834 2714 2716
f 2832 2714 2834
f 2833 2715 2713
f 2831 2833 2713
f 2832 2712 2714
f 2830 2712 2832
f 2831 2713 2711
f 2829 2831 2711
f 2830 2710 2712
f 2828 2710 2830
f 2845 2727 2725
f 2843 2845 2725
f 2844 2724 2726
f 2842 2724 2844
f 2843 2725 2723
f 2841 2843 2723
f 2842 2722 2724
f 2840 2722 2842
f 2841 2723 2721
f 2839 2841 2721
f 2840 2720 2722
f 2838 2720 2840
f 2839 2721 2719
f 2837 2839 2719
f 2838 2718 2720
f 2836 2718 2838
f 2853 2735 2733
f 2851 2853 2733
f 2852 2732 2734
f 2850 2732 2852
f 2851 2733 2731
f 2849 2851 2731
f 2850 2730 2732
f 2848 2730 2850
f 2849 2731 2729
f 2847 2849 2729
f 2848 2728 2730
f 2846 2728 2848
f 2847 2729 2727
f 2845 2847 2727
f 2846 2726 2728
f 2844 2726 2846
f 2861 2743 2741
f 2859 2861 2741
f 2860 2740 2742
f 2858 2740 2860
f 2859 2741 2739
f 2857 2859 2739
f 2858 2738 2740
f 2856 2738 2858
f 2857 2739 2737
f 2855 2857 2737
f 2856 2736 2738
f 2854 2736 2856
f 2855 2737 2735
f 2853 2855 2735
f 2854 2734 2736
f 2852 2734 2854
f 2869 2751 2749
f 2867 2869 2749
f 2868 2748 2750
f 2866 2748 2868
f 2867 2749 2747
f 2865 2867 2747
f 2866 2746 2748
f 2864 2746 2866
f 2865 2747 2745
f 2863 2865 2745
f 2864 2744 2746
f 2862 2744 2864
f 2863 2745 2743
f 2861 2863 2743
f 2862 2742 2744
f 2860 2742 2862
f 2877 2759 2757
f 2875 2877 2757
f 2876 2756 2758
f 2874 2756 2876
f 2875 2757 2755
f 2873 2875 2755
f 2874 2754 2756
f 2872 2754 2874
f 2873 2755 2753
f 2871 2873 2753
f 2872 2752 2754
f 2870 2752 2872
f 2871 2753 2751
f 2869 2871 2751
f 2870 2750 2752
f 2868 2750 2870
f 2885 2767 2765
f 2883 2885 2765
f 2884 2764 2766
f 2882 2764 2884
f 2883 2765 2763
f 2881 2883 2763
f 2882 2762 2764
f 2880 2762 2882
f 2881 2763 2761
f 2879 2881 2761
f 2880 2760 2762
f 2878 2760 2880
f 2879 2761 2759
f 2877 2879 2759
f 2878 2758 2760
f 2876 2758 2878
f 2893 2775 2773
f 2891 2893 2773
f 2892 2772 2774
f 2890 2772 2892
f 2891 2773 2771
f 2889 2891 2771
f 2890 2770 2772
f 2888 2770 2890
f 2889 2771 2769
f 2887 2889 2769
f 2888 2768 2770
f 2886 2768 2888
f 2887 2769 2767
f 2885 2887 2767
f 2886 2766 2768
f 2884 2766 2886
f 2901 2783 2781
f 2899 2901 2781
f 2900 2780 2782
f 2898 2780 2900
f 2899 2781 2779
f 2897 2899 2779
f 2898 2778 2780
f 2896 2778 2898
f 2897 2779 2777
f 2895 2897 2777
f 2896 2776 2778
f 2894 2776 2896
f 2895 2777 2775
f 2893 2895 2775
f 2894 2774 2776
f 2892 2774 2894
f 2909 2791 2789
f 2907 2909 2789
f 2908 2788 2790
f 2906 2788 2908
f 2907 2789 2787
f 2905 2907 2787
f 2906 2786 2788
f 2904 2786 2906
f 2905 2787 2785
f 2903 2905 2785
f 2904 2784 2786
f 2902 2784 2904
f 2903 2785 2783
f 2901 2903 2783
f 2902 2782 2784
f 2900 2782 2902
f 2917 2799 2797
f 2915 2917 2797
f 2916 2796 2798
f 2914 2796 2916
f 2915 2797 2795
f 2913 2915 2795
f 2914 2794 2796
f 2912 2794 2914
f 2913 2795 2793
f 2911 2913 2793
f 2912 2792 2794
f 2910 2792 2912
f 2911 2793 2791
f 2909 2911 2791
f 2910 2790 2792
f 2908 2790 2910
f 2925 2807 2805
f 2923 2925 2805
f 2924 2804 2806
f 2922 2804 2924
f 2923 2805 2803
f 2921 2923 2803
f 2922 2802 2804
f 2920 2802 2922
f 2921 2803 2801
f 2919 2921 2801
f 2920 2800 2802
f 2918 2800 2920
f 2919 2801 2799
f 2917 2919 2799
f 2918 2798 2800
f 2916 2798 2918
f 2814 2933 2815
f 2932 2933 2814
f 2813 2932 2814
f 2931 2932 2813
f 2931 2813 2929
f 2929 2813 2811
f 2930 2810 2812
f 2928 2810 2930
f 2929 2811 2809
f 2927 2929 2809
f 2928 2808 2810
f 2926 2808 2928
f 2927 2809 2807
f 2925 2927 2807
f 2926 2806 2808
f 2924 2806 2926
f 2941 2823 2818
f 2936 2941 2818
f 2822 2940 2821
f 2821 2940 2939
f 2820 2821 2939
f 2938 2820 2939
f 2819 2820 2938
f 2937 2819 2938
f 2817 2819 2937
f 2935 2817 2937
f 2817 2935 2818
f 2818 2935 2936
f 2930 2812 2934
f 2934 2812 2816
f 2815 2934 2816
f 2933 2934 2815
f 2949 2831 2829
f 2947 2949 2829
f 2948 2828 2830
f 2946 2828 2948
f 2947 2829 2827
f 2945 2947 2827
f 2946 2826 2828
f 2944 2826 2946
f 2945 2827 2825
f 2943 2945 2825
f 2944 2824 2826
f 2942 2824 2944
f 2943 2825 2823
f 2941 2943 2823
f 2942 2822 2824
f 2940 2822 2942
f 2957 2839 2837
f 2955 2957 2837
f 2956 2836 2838
f 2954 2836 2956
f 2955 2837 2835
f 2953 2955 2835
f 2954 2834 2836
f 2952 2834 2954
f 2953 2835 2833
f 2951 2953 2833
f 2952 2832 2834
f 2950 2832 2952
f 2951 2833 2831
f 2949 2951 2831
f 2950 2830 2832
f 2948 2830 2950
f 2965 2847 2845
f 2963 2965 2845
f 2964 2844 2846
f 2962 2844 2964
f 2963 2845 2843
f 2961 2963 2843
f 2962 2842 2844
f 2960 2842 2962
f 2961 2843 2841
f 2959 2961 2841
f 2960 2840 2842
f 2958 2840 2960
f 2959 2841 2839
f 2957 2959 2839
f 2958 2838 2840
f 2956 2838 2958
f 2973 2855 2853
f 2971 2973 2853
f 2972 2852 2854
f 2970 2852 2972
f 2971 2853 2851
f 2969 2971 2851
f 2970 2850 2852
f 2968 2850 2970
f 2969 2851 2849
f 2967 2969 2849
f 2968 2848 2850
f 2966 2848 2968
f 2967 2849 2847
f 2965 2967 2847
f 2966 2846 2848
f 2964 2846 2966
f 2981 2863 2861
f 2979 2981 2861
f 2980 2860 2862
f 2978 2860 2980
f 2979 2861 2859
f 2977 2979 2859
f 2978 2858 2860
f 2976 2858 2978
f 2977 2859 2857
f 2975 2977 2857
f 2976 2856 2858
f 2974 2856 2976
f 2975 2857 2855
f 2973 2975 2855
f 2974 2854 2856
f 2972 2854 2974
f 2989 2871 2869
f 2987 2989 2869
f 2988 2868 2870
f 2986 2868 2988
f 2987 2869 2867
f 2985 2987 2867
f 2986 2866 2868
f 2984 2866 2986
f 2985 2867 2865
f 2983 2985 2865
f 2984 2864 2866
f 2982 2864 2984
f 2983 2865 2863
f 2981 2983 2863
f 2982 2862 2864
f 2980 2862 2982
f 2997 2879 2877
f 2995 2997 2877
f 2996 2876 2878
f 2994 2876 2996
f 2995 2877 2875
f 2993 2995 2875
f 2994 2874 2876
f 2992 2874 2994
f 2993 2875 2873
f 2991 2993 2873
f 2992 2872 2874
f 2990 2872 2992
f 2991 2873 2871
f 2989 2991 2871
f 2990 2870 2872
f 2988 2870 2990
f 3005 2887 2885
f 3003 3005 2885
f 3004 2884 2886
f 3002 2884 3004
f 3003 2885 2883
f 3001 3003 2883
f 3002 2882 2884
f 3000 2882 3002
f 3001 2883 2881
f 2999 3001 2881
f 3000 2880 2882
f 2998 2880 3000
f 2999 2881 2879
f 2997 2999 2879
f 2998 2878 2880
f 2996 2878 2998
f 3013 2895 2893
f 3011 3013 2893
f 3012 2892 2894
f 3010 2892 3012
f 3011 2893 2891
f 3009 3011 2891
f 3010 2890 2892
f 3008 2890 3010
f 3009 2891 2889
f 3007 3009 2889
f 3008 2888 2890
f 3006 2888 3008
f 3007 2889 2887
f 3005 3007 2887
f 3006 2886 2888
f 3004 2886 3006
f 3021 2903 2901
f 3019 3021 2901
f 3020 2900 2902
f 3018 2900 3020
f 3019 2901 2899
f 3017 3019 2899
f 3018 2898 2900
f 3016 2898 3018
f 3017 2899 2897
f 3015 3017 2897
f 3016 2896 2898
f 3014 2896 3016
f 3015 2897 2895
f 3013 3015 2895
f 3014 2894 2896
f 3012 2894 3014
f 3029 2911 2909
f 3027 3029 2909
f 3028 2908 2910
f 3026 2908 3028
f 3027 2909 2907
f 3025 3027 2907
f 3026 2906 2908
f 3024 2906 3026
f 3025 2907 2905
f 3023 3025 2905
f 3024 2904 2906
f 3022 2904 3024
f 3023 2905 2903
f 3021 3023 2903
f 3022 2902 2904
f 3020 2902 3022
f 3037 2919 2917
f 3035 3037 2917
f 3036 2916 2918
f 3034 2916 3036
f 3035 2917 2915
f 3033 3035 2915
f 3034 2914 2916
f 3032 2914 3034
f 3033 2915 2913
f 3031 3033 2913
f 3032 2912 2914
f 3030 2912 3032
f 3031 2913 2911
f 3029 3031 2911
f 3030 2910 2912
f 3028 2910 3030
f 3045 2927 2925
f 3043 3045 2925
f 3044 2924 2926
f 3042 2924 3044
f 3043 2925 2923
f 3041 3043 2923
f 3042 2922 2924
f 3040 2922 3042
f 3041 2923 2921
f 3039 3041 2921
f 3040 2920 2922
f 3038 2920 3040
f 3039 2921 2919
f 3037 3039 2919
f 3038 2918 2920
f 3036 2918 3038
f 3048 2930 3052
f 3052 2930 2934
f 2933 3052 2934
f 3051 3052 2933
f 2932 3051 2933
f 3050 3051 2932
f 2931 3050 2932
f 3049 3050 2931
f 3049 2931 3047
f 3047 2931 2929
f 3048 2928 2930
f 3046 2928 3048
f 3047 2929 2927
f 3045 3047 2927
f 3046 2926 2928
f 3044 2926 3046
f 3061 2943 2941
f 3059 3061 2941
f 3060 2940 2942
f 3058 2940 3060
f 3059 2941 2936
f 3054 3059 2936
f 2940 3058 2939
f 2939 3058 3057
f 2938 2939 3057
f 3056 2938 3057
f 2937 2938 3056
f 3055 2937 3056
f 2935 2937 3055
f 3053 2935 3055
f 2935 3053 2936
f 2936 3053 3054
f 3069 2951 2949
f 3067 3069 2949
f 3068 2948 2950
f 3066 2948 3068
f 3067 2949 2947
f 3065 3067 2947
f 3066 2946 2948
f 3064 2946 3066
f 3065 2947 2945
f 3063 3065 2945
f 3064 2944 2946
f 3062 2944 3064
f 3063 2945 2943
f 3061 3063 2943
f 3062 2942 2944
f 3060 2942 3062
f 3077 2959 2957
f 3075 3077 2957
f 3076 2956 2958
f 3074 2956 3076
f 3075 2957 2955
f 3073 3075 2955
f 3074 2954 2956
f 3072 2954 3074
f 3073 2955 2953
f 3071 3073 2953
f 3072 2952 2954
f 3070 2952 3072
f 3071 2953 2951
f 3069 3071 2951
f 3070 2950 2952
f 3068 2950 3070
f 3085 2967 2965
f 3083 3085 2965
f 3084 2964 2966
f 3082 2964 3084
f 3083 2965 2963
f 3081 3083 2963
f 3082 2962 2964
f 3080 2962 3082
f 3081 2963 2961
f 3079 3081 2961
f 3080 2960 2962
f 3078 2960 3080
f 3079 2961 2959
f 3077 3079 2959
f 3078 2958 2960
f 3076 2958 3078
f 3093 2975 2973
f 3091 3093 2973
f 3092 2972 2974
f 3090 2972 3092
f 3091 2973 2971
f 3089 3091 2971
f 3090 2970 2972
f 3088 2970 3090
f 3089 2971 2969
f 3087 3089 2969
f 3088 2968 2970
f 3086 2968 3088
f 3087 2969 2967
f 3085 3087 2967
f 3086 2966 2968
f 3084 2966 3086
f 3101 2983 2981
f 3099 3101 2981
f 3100 2980 2982
f 3098 2980 3100
f 3099 2981 2979
f 3097 3099 2979
f 3098 2978 2980
f 3096 2978 3098
f 3097 2979 2977
f 3095 3097 2977
f 3096 2976 2978
f 3094 2976 3096
f 3095 2977 2975
f 3093 3095 2975
f 3094 2974 2976
f 3092 2974 3094
f 3109 2991 2989
f 3107 3109 2989
f 3108 2988 2990
f 3106 2988 3108
f 3107 2989 2987
f 3105 3107 2987
f 3106 2986 2988
f 3104 2986 3106
f 3105 2987 2985
f 3103 3105 2985
f 3104 2984 2986
f 3102 2984 3104
f 3103 2985 2983
f 3101 3103 2983
f 3102 2982 2984
f 3100 2982 3102
f 3117 2999 2997
f 3115 3117 2997
f 3116 2996 2998
f 3114 2996 3116
f 3115 2997 2995
f 3113 3115 2995
f 3114 2994 2996
f 3112 2994 3114
f 3113 2995 2993
f 3111 3113 2993
f 3112 2992 2994
f 3110 2992 3112
f 3111 2993 2991
f 3109 3111 2991
f 3110 2990 2992
f 3108 2990 3110
f 3125 3007 3005
f 3123 3125 3005
f 3124 3004 3006
f 3122 3004 3124
f 3123 3005 3003
f 3121 3123 3003
f 3122 3002 3004
f 3120 3002 3122
f 3121 3003 3001
f 3119 3121 3001
f 3120 3000 3002
f 3118 3000 3120
f 3119 3001 2999
f 3117 3119 2999
f 3118 2998 3000
f 3116 2998 3118
f 3133 3015 3013
f 3131 3133 3013
f 3132 3012 3014
f 3130 3012 3132
f 3131 3013 3011
f 3129 3131 3011
f 3130 3010 3012
f 3128 3010 3130
f 3129 3011 3009
f 3127 3129 3009
f 3128 3008 3010
f 3126 3008 3128
f 3127 3009 3007
f 3125 3127 3007
f 3126 3006 3008
f 3124 3006 3126
f 3141 3023 3021
f 3139 3141 3021
f 3140 3020 3022
f 3138 3020 3140
f 3139 3021 3019
f 3137 3139 3019
f 3138 3018 3020
f 3136 3018 3138
f 3137 3019 3017
f 3135 3137 3017
f 3136 3016 3018
f 3134 3016 3136
f 3135 3017 3015
f 3133 3135 3015
f 3134 3014 3016
f 3132 3014 3134
f 3149 3031 3029
f 3147 3149 3029
f 3148 3028 3030
f 3146 3028 3148
f 3147 3029 3027
f 3145 3147 3027
f 3146 3026 3028
f 3144 3026 3146
f 3145 3027 3025
f 3143 3145 3025
f 3144 3024 3026
f 3142 3024 3144
f 3143 3025 3023
f 3141 3143 3023
f 3142 3022 3024
f 3140 3022 3142
f 3157 3039 3037
f 3155 3157 3037
f 3156 3036 3038
f 3154 3036 3156
f 3155 3037 3035
f 3153 3155 3035
f 3154 3034 3036
f 3152 3034 3154
f 3153 3035 3033
f 3151 3153 3033
f 3152 3032 3034
f 3150 3032 3152
f 3151 3033 3031
f 3149 3151 3031
f 3150 3030 3032
f 3148 3030 3150
f 3165 3047 3045
f 3163 3165 3045
f 3164 3044 3046
f 3162 3044 3164
f 3163 3045 3043
f 3161 3163 3043
f 3162 3042 3044
f 3160 3042 3162
f 3161 3043 3041
f 3159 3161 3041
f 3160 3040 3042
f 3158 3040 3160
f 3159 3041 3039
f 3157 3159 3039
f 3158 3038 3040
f 3156 3038 3158
f 3053 3055 3173
f 3171 3053 3173
f 3053 3171 3054
f 3054 3171 3172
f 3166 3048 3170
f 3170 3048 3052
f 3051 3170 3052
f 3169 3170 3051
f 3050 3169 3051
f 3168 3169 3050
f 3049 3168 3050
f 3167 3168 3049
f 3167 3049 3165
f 3165 3049 3047
f 3166 3046 3048
f 3164 3046 3166
f 3181 3063 3061
f 3179 3181 3061
f 3180 3060 3062
f 3178 3060 3180
f 3179 3061 3059
f 3177 3179 3059
f 3178 3058 3060
f 3176 3058 3178
f 3177 3059 3054
f 3172 3177 3054
f 3058 3176 3057
f 3057 3176 3175
f 3056 3057 3175
f 3174 3056 3175
f 3055 3056 3174
f 3173 3055 3174
f 3189 3071 3069
f 3187 3189 3069
f 3188 3068 3070
f 3186 3068 3188
f 3187 3069 3067
f 3185 3187 3067
f 3186 3066 3068
f 3184 3066 3186
f 3185 3067 3065
f 3183 3185 3065
f 3184 3064 3066
f 3182 3064 3184
f 3183 3065 3063
f 3181 3183 3063
f 3182 3062 3064
f 3180 3062 3182
f 3197 3079 3077
f 3195 3197 3077
f 3196 3076 3078
f 3194 3076 3196
f 3195 3077 3075
f 3193 3195 3075
f 3194 3074 3076
f 3192 3074 3194
f 3193 3075 3073
f 3191 3193 3073
f 3192 3072 3074
f 3190 3072 3192
f 3191 3073 3071
f 3189 3191 3071
f 3190 3070 3072
f 3188 3070 3190
f 3205 3087 3085
f 3203 3205 3085
f 3204 3084 3086
f 3202 3084 3204
f 3203 3085 3083
f 3201 3203 3083
f 3202 3082 3084
f 3200 3082 3202
f 3201 3083 3081
f 3199 3201 3081
f 3200 3080 3082
f 3198 3080 3200
f 3199 3081 3079
f 3197 3199 3079
f 3198 3078 3080
f 3196 3078 3198
f 3213 3095 3093
f 3211 3213 3093
f 3212 3092 3094
f 3210 3092 3212
f 3211 3093 3091
f 3209 3211 3091
f 3210 3090 3092
f 3208 3090 3210
f 3209 3091 3089
f 3207 3209 3089
f 3208 3088 3090
f 3206 3088 3208
f 3207 3089 3087
f 3205 3207 3087
f 3206 3086 3088
f 3204 3086 3206
f 3221 3103 3101
f 3219 3221 3101
f 3220 3100 3102
f 3218 3100 3220
f 3219 3101 3099
f 3217 3219 3099
f 3218 3098 3100
f 3216 3098 3218
f 3217 3099 3097
f 3215 3217 3097
f 3216 3096 3098
f 3214 3096 3216
f 3215 3097 3095
f 3213 3215 3095
f 3214 3094 3096
f 3212 3094 3214
f 3229 3111 3109
f 3227 3229 3109
f 3228 3108 3110
f 3226 3108 3228
f 3227 3109 3107
f 3225 3227 3107
f 3226 3106 3108
f 3224 3106 3226
f 3225 3107 3105
f 3223 3225 3105
f 3224 3104 3106
f 3222 3104 3224
f 3223 3105 3103
f 3221 3223 3103
f 3222 3102 3104
f 3220 3102 3222
f 3237 3119 3117
f 3235 3237 3117
f 3236 3116 3118
f 3234 3116 3236
f 3235 3117 3115
f 3233 3235 3115
f 3234 3114 3116
f 3232 3114 3234
f 3233 3115 3113
f 3231 3233 3113
f 3232 3112 3114
f 3230 3112 3232
f 3231 3113 3111
f 3229 3231 3111
f 3230 3110 3112
f 3228 3110 3230
f 3245 3127 3125
f 3243 3245 3125
f 3244 3124 3126
f 3242 3124 3244
f 3243 3125 3123
f 3241 3243 3123
f 3242 3122 3124
f 3240 3122 3242
f 3241 3123 3121
f 3239 3241 3121
f 3240 3120 3122
f 3238 3120 3240
f 3239 3121 3119
f 3237 3239 3119
f 3238 3118 3120
f 3236 3118 3238
f 3253 3135 3133
f 3251 3253 3133
f 3252 3132 3134
f 3250 3132 3252
f 3251 3133 3131
f 3249 3251 3131
f 3250 3130 3132
f 3248 3130 3250
f 3249 3131 3129
f 3247 3249 3129
f 3248 3128 3130
f 3246 3128 3248
f 3247 3129 3127
f 3245 3247 3127
f 3246 3126 3128
f 3244 3126 3246
f 3261 3143 3141
f 3259 3261 3141
f 3260 3140 3142
f 3258 3140 3260
f 3259 3141 3139
f 3257 3259 3139
f 3258 3138 3140
f 3256 3138 3258
f 3257 3139 3137
f 3255 3257 3137
f 3256 3136 3138
f 3254 3136 3256
f 3255 3137 3135
f 3253 3255 3135
f 3254 3134 3136
f 3252 3134 3254
f 3269 3151 3149
f 3267 3269 3149
f 3268 3148 3150
f 3266 3148 3268
f 3267 3149 3147
f 3265 3267 3147
f 3266 3146 3148
f 3264 3146 3266
f 3265 3147 3145
f 3263 3265 3145
f 3264 3144 3146
f 3262 3144 3264
f 3263 3145 3143
f 3261 3263 3143
f 3262 3142 3144
f 3260 3142 3262
f 3277 3159 3157
f 3275 3277 3157
f 3276 3156 3158
f 3274 3156 3276
f 3275 3157 3155
f 3273 3275 3155
f 3274 3154 3156
f 3272 3154 3274
f 3273 3155 3153
f 3271 3273 3153
f 3272 3152 3154
f 3270 3152 3272
f 3271 3153 3151
f 3269 3271 3151
f 3270 3150 3152
f 3268 3150 3270
f 3285 3167 3283
f 3283 3167 3165
f 3284 3164 3166
f 3282 3164 3284
f 3283 3165 3163
f 3281 3283 3163
f 3282 3162 3164
f 3280 3162 3282
f 3281 3163 3161
f 3279 3281 3161
f 3280 3160 3162
f 3278 3160 3280
f 3279 3161 3159
f 3277 3279 3159
f 3278 3158 3160
f 3276 3158 3278
f 3174 3175 3293
f 3292 3174 3293
f 3173 3174 3292
f 3291 3173 3292
f 3171 3173 3291
f 3289 3171 3291
f 3171 3289 3172
f 3172 3289 3290
f 3284 3166 3288
f 3288 3166 3170
f 3169 3288 3170
f 3287 3288 3169
f 3168 3287 3169
f 3286 3287 3168
f 3167 3286 3168
f 3285 3286 3167
f 3301 3183 3181
f 3299 3301 3181
f 3300 3180 3182
f 3298 3180 3300
f 3299 3181 3179
f 3297 3299 3179
f 3298 3178 3180
f 3296 3178 3298
f 3297 3179 3177
f 3295 3297 3177
f 3296 3176 3178
f 3294 3176 3296
f 3295 3177 3172
f 3290 3295 3172
f 3176 3294 3175
f 3175 3294 3293
f 3309 3191 3189
f 3307 3309 3189
f 3308 3188 3190
f 3306 3188 3308
f 3307 3189 3187
f 3305 3307 3187
f 3306 3186 3188
f 3304 3186 3306
f 3305 3187 3185
f 3303 3305 3185
f 3304 3184 3186
f 3302 3184 3304
f 3303 3185 3183
f 3301 3303 3183
f 3302 3182 3184
f 3300 3182 3302
f 3317 3199 3197
f 3315 3317 3197
f 3316 3196 3198
f 3314 3196 3316
f 3315 3197 3195
f 3313 3315 3195
f 3314 3194 3196
f 3312 3194 3314
f 3313 3195 3193
f 3311 3313 3193
f 3312 3192 3194
f 3310 3192 3312
f 3311 3193 3191
f 3309 3311 3191
f 3310 3190 3192
f 3308 3190 3310
f 3325 3207 3205
f 3323 3325 3205
f 3324 3204 3206
f 3322 3204 3324
f 3323 3205 3203
f 3321 3323 3203
f 3322 3202 3204
f 3320 3202 3322
f 3321 3203 3201
f 3319 3321 3201
f 3320 3200 3202
f 3318 3200 3320
f 3319 3201 3199
f 3317 3319 3199
f 3318 3198 3200
f 3316 3198 3318
f 3333 3215 3213
f 3331 3333 3213
f 3332 3212 3214
f 3330 3212 3332
f 3331 3213 3211
f 3329 3331 3211
f 3330 3210 3212
f 3328 3210 3330
f 3329 3211 3209
f 3327 3329 3209
f 3328 3208 3210
f 3326 3208 3328
f 3327 3209 3207
f 3325 3327 3207
f 3326 3206 3208
f 3324 3206 3326
f 3341 3223 3221
f 3339 3341 3221
f 3340 3220 3222
f 3338 3220 3340
f 3339 3221 3219
f 3337 3339 3219
f 3338 3218 3220
f 3336 3218 3338
f 3337 3219 3217
f 3335 3337 3217
f 3336 3216 3218
f 3334 3216 3336
f 3335 3217 3215
f 3333 3335 3215
f 3334 3214 3216
f 3332 3214 3334
f 3349 3231 3229
f 3347 3349 3229
f 3348 3228 3230
f 3346 3228 3348
f 3347 3229 3227
f 3345 3347 3227
f 3346 3226 3228
f 3344 3226 3346
f 3345 3227 3225
f 3343 3345 3225
f 3344 3224 3226
f 3342 3224 3344
f 3343 3225 3223
f 3341 3343 3223
f 3342 3222 3224
f 3340 3222 3342
f 3357 3239 3237
f 3355 3357 3237
f 3356 3236 3238
f 3354 3236 3356
f 3355 3237 3235
f 3353 3355 3235
f 3354 3234 3236
f 3352 3234 3354
f 3353 3235 3233
f 3351 3353 3233
f 3352 3232 3234
f 3350 3232 3352
f 3351 3233 3231
f 3349 3351 3231
f 3350 3230 3232
f 3348 3230 3350
f 3365 3247 3245
f 3363 3365 3245
f 3364 3244 3246
f 3362 3244 3364
f 3363 3245 3243
f 3361 3363 3243
f 3362 3242 3244
f 3360 3242 3362
f 3361 3243 3241
f 3359 3361 3241
f 3360 3240 3242
f 3358 3240 3360
f 3359 3241 3239
f 3357 3359 3239
f 3358 3238 3240
f 3356 3238 3358
f 3373 3255 3253
f 3371 3373 3253
f 3372 3252 3254
f 3370 3252 3372
f 3371 3253 3251
f 3369 3371 3251
f 3370 3250 3252
f 3368 3250 3370
f 3369 3251 3249
f 3367 3369 3249
f 3368 3248 3250
f 3366 3248 3368
f 3367 3249 3247
f 3365 3367 3247
f 3366 3246 3248
f 3364 3246 3366
f 3381 3263 3261
f 3379 3381 3261
f 3380 3260 3262
f 3378 3260 3380
f 3379 3261 3259
f 3377 3379 3259
f 3378 3258 3260
f 3376 3258 3378
f 3377 3259 3257
f 3375 3377 3257
f 3376 3256 3258
f 3374 3256 3376
f 3375 3257 3255
f 3373 3375 3255
f 3374 3254 3256
f 3372 3254 3374
f 3389 3271 3269
f 3387 3389 3269
f 3388 3268 3270
f 3386 3268 3388
f 3387 3269 3267
f 3385 3387 3267
f 3386 3266 3268
f 3384 3266 3386
f 3385 3267 3265
f 3383 3385 3265
f 3384 3264 3266
f 3382 3264 3384
f 3383 3265 3263
f 3381 3383 3263
f 3382 3262 3264
f 3380 3262 3382
f 3397 3279 3277
f 3395 3397 3277
f 3396 3276 3278
f 3394 3276 3396
f 3395 3277 3275
f 3393 3395 3275
f 3394 3274 3276
f 3392 3274 3394
f 3393 3275 3273
f 3391 3393 3273
f 3392 3272 3274
f 3390 3272 3392
f 3391 3273 3271
f 3389 3391 3271
f 3390 3270 3272
f 3388 3270 3390
f 3286 3405 3287
f 3404 3405 3286
f 3285 3404 3286
f 3403 3404 3285
f 3403 3285 3401
f 3401 3285 3283
f 3402 3282 3284
f 3400 3282 3402
f 3401 3283 3281
f 3399 3401 3281
f 3400 3280 3282
f 3398 3280 3400
f 3399 3281 3279
f 3397 3399 3279
f 3398 3278 3280
f 3396 3278 3398
f 3413 3295 3290
f 3408 3413 3290
f 3294 3412 3293
f 3293 3412 3411
f 3292 3293 3411
f 3410 3292 3411
f 3291 3292 3410
f 3409 3291 3410
f 3289 3291 3409
f 3407 3289 3409
f 3289 3407 3290
f 3290 3407 3408
f 3402 3284 3406
f 3406 3284 3288
f 3287 3406 3288
f 3405 3406 3287
f 3421 3303 3301
f 3419 3421 3301
f 3420 3300 3302
f 3418 3300 3420
f 3419 3301 3299
f 3417 3419 3299
f 3418 3298 3300
f 3416 3298 3418
f 3417 3299 3297
f 3415 3417 3297
f 3416 3296 3298
f 3414 3296 3416
f 3415 3297 3295
f 3413 3415 3295
f 3414 3294 3296
f 3412 3294 3414
f 3429 3311 3309
f 3427 3429 3309
f 3428 3308 3310
f 3426 3308 3428
f 3427 3309 3307
f 3425 3427 3307
f 3426 3306 3308
f 3424 3306 3426
f 3425 3307 3305
f 3423 3425 3305
f 3424 3304 3306
f 3422 3304 3424
f 3423 3305 3303
f 3421 3423 3303
f 3422 3302 3304
f 3420 3302 3422
f 3437 3319 3317
f 3435 3437 3317
f 3436 3316 3318
f 3434 3316 3436
f 3435 3317 3315
f 3433 3435 3315
f 3434 3314 3316
f 3432 3314 3434
f 3433 3315 3313
f 3431 3433 3313
f 3432 3312 3314
f 3430 3312 3432
f 3431 3313 3311
f 3429 3431 3311
f 3430 3310 3312
f 3428 3310 3430
f 3445 3327 3325
f 3443 3445 3325
f 3444 3324 3326
f 3442 3324 3444
f 3443 3325 3323
f 3441 3443 3323
f 3442 3322 3324
f 3440 3322 3442
f 3441 3323 3321
f 3439 3441 3321
f 3440 3320 3322
f 3438 3320 3440
f 3439 3321 3319
f 3437 3439 3319
f 3438 3318 3320
f 3436 3318 3438
f 3453 3335 3333
f 3451 3453 3333
f 3452 3332 3334
f 3450 3332 3452
f 3451 3333 3331
f 3449 3451 3331
f 3450 3330 3332
f 3448 3330 3450
f 3449 3331 3329
f 3447 3449 3329
f 3448 3328 3330
f 3446 3328 3448
f 3447 3329 3327
f 3445 3447 3327
f 3446 3326 3328
f 3444 3326 3446
f 3461 3343 3341
f 3459 3461 3341
f 3460 3340 3342
f 3458 3340 3460
f 3459 3341 3339
f 3457 3459 3339
f 3458 3338 3340
f 3456 3338 3458
f 3457 3339 3337
f 3455 3457 3337
f 3456 3336 3338
f 3454 3336 3456
f 3455 3337 3335
f 3453 3455 3335
f 3454 3334 3336
f 3452 3334 3454
f 3469 3351 3349
f 3467 3469 3349
f 3468 3348 3350
f 3466 3348 3468
f 3467 3349 3347
f 3465 3467 3347
f 3466 3346 3348
f 3464 3346 3466
f 3465 3347 3345
f 3463 3465 3345
f 3464 3344 3346
f 3462 3344 3464
f 3463 3345 3343
f 3461 3463 3343
f 3462 3342 3344
f 3460 3342 3462
f 3477 3359 3357
f 3475 3477 3357
f 3476 3356 3358
f 3474 3356 3476
f 3475 3357 3355
f 3473 3475 3355
f 3474 3354 3356
f 3472 3354 3474
f 3473 3355 3353
f 3471 3473 3353
f 3472 3352 3354
f 3470 3352 3472
f 3471 3353 3351
f 3469 3471 3351
f 3470 3350 3352
f 3468 3350 3470
f 3485 3367 3365
f 3483 3485 3365
f 3484 3364 3366
f 3482 3364 3484
f 3483 3365 3363
f 3481 3483 3363
f 3482 3362 3364
f 3480 3362 3482
f 3481 3363 3361
f 3479 3481 3361
f 3480 3360 3362
f 3478 3360 3480
f 3479 3361 3359
f 3477 3479 3359
f 3478 3358 3360
f 3476 3358 3478
f 3493 3375 3373
f 3491 3493 3373
f 3492 3372 3374
f 3490 3372 3492
f 3491 3373 3371
f 3489 3491 3371
f 3490 3370 3372
f 3488 3370 3490
f 3489 3371 3369
f 3487 3489 3369
f 3488 3368 3370
f 3486 3368 3488
f 3487 3369 3367
f 3485 3487 3367
f 3486 3366 3368
f 3484 3366 3486
f 3501 3383 3381
f 3499 3501 3381
f 3500 3380 3382
f 3498 3380 3500
f 3499 3381 3379
f 3497 3499 3379
f 3498 3378 3380
f 3496 3378 3498
f 3497 3379 3377
f 3495 3497 3377
f 3496 3376 3378
f 3494 3376 3496
f 3495 3377 3375
f 3493 3495 3375
f 3494 3374 3376
f 3492 3374 3494
f 3509 3391 3389
f 3507 3509 3389
f 3508 3388 3390
f 3506 3388 3508
f 3507 3389 3387
f 3505 3507 3387
f 3506 3386 3388
f 3504 3386 3506
f 3505 3387 3385
f 3503 3505 3385
f 3504 3384 3386
f 3502 3384 3504
f 3503 3385 3383
f 3501 3503 3383
f 3502 3382 3384
f 3500 3382 3502
f 3517 3399 3397
f 3515 3517 3397
f 3516 3396 3398
f 3514 3396 3516
f 3515 3397 3395
f 3513 3515 3395
f 3514 3394 3396
f 3512 3394 3514
f 3513 3395 3393
f 3511 3513 3393
f 3512 3392 3394
f 3510 3392 3512
f 3511 3393 3391
f 3509 3511 3391
f 3510 3390 3392
f 3508 3390 3510
f 3520 3402 3524
f 3524 3402 3406
f 3405 3524 3406
f 3523 3524 3405
f 3404 3523 3405
f 3522 3523 3404
f 3403 3522 3404
f 3521 3522 3403
f 3521 3403 3519
f 3519 3403 3401
f 3520 3400 3402
f 3518 3400 3520
f 3519 3401 3399
f 3517 3519 3399
f 3518 3398 3400
f 3516 3398 3518
f 3533 3415 3413
f 3531 3533 3413
f 3532 3412 3414
f 3530 3412 3532
f 3531 3413 3408
f 3526 3531 3408
f 3412 3530 3411
f 3411 3530 3529
f 3410 3411 3529
f 3528 3410 3529
f 3409 3410 3528
f 3527 3409 3528
f 3407 3409 3527
f 3525 3407 3527
f 3407 3525 3408
f 3408 3525 3526
f 3541 3423 3421
f 3539 3541 3421
f 3540 3420 3422
f 3538 3420 3540
f 3539 3421 3419
f 3537 3539 3419
f 3538 3418 3420
f 3536 3418 3538
f 3537 3419 3417
f 3535 3537 3417
f 3536 3416 3418
f 3534 3416 3536
f 3535 3417 3415
f 3533 3535 3415
f 3534 3414 3416
f 3532 3414 3534
f 3549 3431 3429
f 3547 3549 3429
f 3548 3428 3430
f 3546 3428 3548
f 3547 3429 3427
f 3545 3547 3427
f 3546 3426 3428
f 3544 3426 3546
f 3545 3427 3425
f 3543 3545 3425
f 3544 3424 3426
f 3542 3424 3544
f 3543 3425 3423
f 3541 3543 3423
f 3542 3422 3424
f 3540 3422 3542
f 3557 3439 3437
f 3555 3557 3437
f 3556 3436 3438
f 3554 3436 3556
f 3555 3437 3435
f 3553 3555 3435
f 3554 3434 3436
f 3552 3434 3554
f 3553 3435 3433
f 3551 3553 3433
f 3552 3432 3434
f 3550 3432 3552
f 3551 3433 3431
f 3549 3551 3431
f 3550 3430 3432
f 3548 3430 3550
f 3565 3447 3445
f 3563 3565 3445
f 3564 3444 3446
f 3562 3444 3564
f 3563 3445 3443
f 3561 3563 3443
f 3562 3442 3444
f 3560 3442 3562
f 3561 3443 3441
f 3559 3561 3441
f 3560 3440 3442
f 3558 3440 3560
f 3559 3441 3439
f 3557 3559 3439
f 3558 3438 3440
f 3556 3438 3558
f 3573 3455 3453
f 3571 3573 3453
f 3572 3452 3454
f 3570 3452 3572
f 3571 3453 3451
f 3569 3571 3451
f 3570 3450 3452
f 3568 3450 3570
f 3569 3451 3449
f 3567 3569 3449
f 3568 3448 3450
f 3566 3448 3568
f 3567 3449 3447
f 3565 3567 3447
f 3566 3446 3448
f 3564 3446 3566
f 3581 3463 3461
f 3579 3581 3461
f 3580 3460 3462
f 3578 3460 3580
f 3579 3461 3459
f 3577 3579 3459
f 3578 3458 3460
f 3576 3458 3578
f 3577 3459 3457
f 3575 3577 3457
f 3576 3456 3458
f 3574 3456 3576
f 3575 3457 3455
f 3573 3575 3455
f 3574 3454 3456
f 3572 3454 3574
f 3589 3471 3469
f 3587 3589 3469
f 3588 3468 3470
f 3586 3468 3588
f 3587 3469 3467
f 3585 3587 3467
f 3586 3466 3468
f 3584 3466 3586
f 3585 3467 3465
f 3583 3585 3465
f 3584 3464 3466
f 3582 3464 3584
f 3583 3465 3463
f 3581 3583 3463
f 3582 3462 3464
f 3580 3462 3582
f 3597 3479 3477
f 3595 3597 3477
f 3596 3476 3478
f 3594 3476 3596
f 3595 3477 3475
f 3593 3595 3475
f 3594 3474 3476
f 3592 3474 3594
f 3593 3475 3473
f 3591 3593 3473
f 3592 3472 3474
f 3590 3472 3592
f 3591 3473 3471
f 3589 3591 3471
f 3590 3470 3472
f 3588 3470 3590
f 3605 3487 3485
f 3603 3605 3485
f 3604 3484 3486
f 3602 3484 3604
f 3603 3485 3483
f 3601 3603 3483
f 3602 3482 3484
f 3600 3482 3602
f 3601 3483 3481
f 3599 3601 3481
f 3600 3480 3482
f 3598 3480 3600
f 3599 3481 3479
f 3597 3599 3479
f 3598 3478 3480
f 3596 3478 3598
f 3613 3495 3493
f 3611 3613 3493
f 3612 3492 3494
f 3610 3492 3612
f 3611 3493 3491
f 3609 3611 3491
f 3610 3490 3492
f 3608 3490 3610
f 3609 3491 3489
f 3607 3609 3489
f 3608 3488 3490
f 3606 3488 3608
f 3607 3489 3487
f 3605 3607 3487
f 3606 3486 3488
f 3604 3486 3606
f 3621 3503 3501
f 3619 3621 3501
f 3620 3500 3502
f 3618 3500 3620
f 3619 3501 3499
f 3617 3619 3499
f 3618 3498 3500
f 3616 3498 3618
f 3617 3499 3497
f 3615 3617 3497
f 3616 3496 3498
f 3614 3496 3616
f 3615 3497 3495
f 3613 3615 3495
f 3614 3494 3496
f 3612 3494 3614
f 3629 3511 3509
f 3627 3629 3509
f 3628 3508 3510
f 3626 3508 3628
f 3627 3509 3507
f 3625 3627 3507
f 3626 3506 3508
f 3624 3506 3626
f 3625 3507 3505
f 3623 3625 3505
f 3624 3504 3506
f 3622 3504 3624
f 3623 3505 3503
f 3621 3623 3503
f 3622 3502 3504
f 3620 3502 3622
f 3637 3519 3517
f 3635 3637 3517
f 3636 3516 3518
f 3634 3516 3636
f 3635 3517 3515
f 3633 3635 3515
f 3634 3514 3516
f 3632 3514 3634
f 3633 3515 3513
f 3631 3633 3513
f 3632 3512 3514
f 3630 3512 3632
f 3631 3513 3511
f 3629 3631 3511
f 3630 3510 3512
f 3628 3510 3630
f 3525 3527 3645
f 3643 3525 3645
f 3525 3643 3526
f 3526 3643 3644
f 3638 3520 3642
f 3642 3520 3524
f 3523 3642 3524
f 3641 3642 3523
f 3522 3641 3523
f 3640 3641 3522
f 3521 3640 3522
f 3639 3640 3521
f 3639 3521 3637
f 3637 3521 3519
f 3638 3518 3520
f 3636 3518 3638
f 3653 3535 3533
f 3651 3653 3533
f 3652 3532 3534
f 3650 3532 3652
f 3651 3533 3531
f 3649 3651 3531
f 3650 3530 3532
f 3648 3530 3650
f 3649 3531 3526
f 3644 3649 3526
f 3530 3648 3529
f 3529 3648 3647
f 3528 3529 3647
f 3646 3528 3647
f 3527 3528 3646
f 3645 3527 3646
f 3661 3543 3541
f 3659 3661 3541
f 3660 3540 3542
f 3658 3540 3660
f 3659 3541 3539
f 3657 3659 3539
f 3658 3538 3540
f 3656 3538 3658
f 3657 3539 3537
f 3655 3657 3537
f 3656 3536 3538
f 3654 3536 3656
f 3655 3537 3535
f 3653 3655 3535
f 3654 3534 3536
f 3652 3534 3654
f 3669 3551 3549
f 3667 3669 3549
f 3668 3548 3550
f 3666 3548 3668
f 3667 3549 3547
f 3665 3667 3547
f 3666 3546 3548
f 3664 3546 3666
f 3665 3547 3545
f 3663 3665 3545
f 3664 3544 3546
f 3662 3544 3664
f 3663 3545 3543
f 3661 3663 3543
f 3662 3542 3544
f 3660 3542 3662
f 3677 3559 3557
f 3675 3677 3557
f 3676 3556 3558
f 3674 3556 3676
f 3675 3557 3555
f 3673 3675 3555
f 3674 3554 3556
f 3672 3554 3674
f 3673 3555 3553
f 3671 3673 3553
f 3672 3552 3554
f 3670 3552 3672
f 3671 3553 3551
f 3669 3671 3551
f 3670 3550 3552
f 3668 3550 3670
f 3685 3567 3565
f 3683 3685 3565
f 3684 3564 3566
f 3682 3564 3684
f 3683 3565 3563
f 3681 3683 3563
f 3682 3562 3564
f 3680 3562 3682
f 3681 3563 3561
f 3679 3681 3561
f 3680 3560 3562
f 3678 3560 3680
f 3679 3561 3559
f 3677 3679 3559
f 3678 3558 3560
f 3676 3558 3678
f 3693 3575 3573
f 3691 3693 3573
f 3692 3572 3574
f 3690 3572 3692
f 3691 3573 3571
f 3689 3691 3571
f 3690 3570 3572
f 3688 3570 3690
f 3689 3571 3569
f 3687 3689 3569
f 3688 3568 3570
f 3686 3568 3688
f 3687 3569 3567
f 3685 3687 3567
f 3686 3566 3568
f 3684 3566 3686
f 3701 3583 3581
f 3699 3701 3581
f 3700 3580 3582
f 3698 3580 3700
f 3699 3581 3579
f 3697 3699 3579
f 3698 3578 3580
f 3696 3578 3698
f 3697 3579 3577
f 3695 3697 3577
f 3696 3576 3578
f 3694 3576 3696
f 3695 3577 3575
f 3693 3695 3575
f 3694 3574 3576
f 3692 3574 3694
f 3709 3591 3589
f 3707 3709 3589
f 3708 3588 3590
f 3706 3588 3708
f 3707 3589 3587
f 3705 3707 3587
f 3706 3586 3588
f 3704 3586 3706
f 3705 3587 3585
f 3703 3705 3585
f 3704 3584 3586
f 3702 3584 3704
f 3703 3585 3583
f 3701 3703 3583
f 3702 3582 3584
f 3700 3582 3702
f 3717 3599 3597
f 3715 3717 3597
f 3716 3596 3598
f 3714 3596 3716
f 3715 3597 3595
f 3713 3715 3595
f 3714 3594 3596
f 3712 3594 3714
f 3713 3595 3593
f 3711 3713 3593
f 3712 3592 3594
f 3710 3592 3712
f 3711 3593 3591
f 3709 3711 3591
f 3710 3590 3592
f 3708 3590 3710
f 3725 3607 3605
f 3723 3725 3605
f 3724 3604 3606
f 3722 3604 3724
f 3723 3605 3603
f 3721 3723 3603
f 3722 3602 3604
f 3720 3602 3722
f 3721 3603 3601
f 3719 3721 3601
f 3720 3600 3602
f 3718 3600 3720
f 3719 3601 3599
f 3717 3719 3599
f 3718 3598 3600
f 3716 3598 3718
f 3733 3615 3613
f 3731 3733 3613
f 3732 3612 3614
f 3730 3612 3732
f 3731 3613 3611
f 3729 3731 3611
f 3730 3610 3612
f 3728 3610 3730
f 3729 3611 3609
f 3727 3729 3609
f 3728 3608 3610
f 3726 3608 3728
f 3727 3609 3607
f 3725 3727 3607
f 3726 3606 3608
f 3724 3606 3726
f 3741 3623 3621
f 3739 3741 3621
f 3740 3620 3622
f 3738 3620 3740
f 3739 3621 3619
f 3737 3739 3619
f 3738 3618 3620
f 3736 3618 3738
f 3737 3619 3617
f 3735 3737 3617
f 3736 3616 3618
f 3734 3616 3736
f 3735 3617 3615
f 3733 3735 3615
f 3734 3614 3616
f 3732 3614 3734
f 3749 3631 3629
f 3747 3749 3629
f 3748 3628 3630
f 3746 3628 3748
f 3747 3629 3627
f 3745 3747 3627
f 3746 3626 3628
f 3744 3626 3746
f 3745 3627 3625
f 3743 3745 3625
f 3744 3624 3626
f 3742 3624 3744
f 3743 3625 3623
f 3741 3743 3623
f 3742 3622 3624
f 3740 3622 3742
f 3757 3639 3755
f 3755 3639 3637
f 3756 3636 3638
f 3754 3636 3756
f 3755 3637 3635
f 3753 3755 3635
f 3754 3634 3636
f 3752 3634 3754
f 3753 3635 3633
f 3751 3753 3633
f 3752 3632 3634
f 3750 3632 3752
f 3751 3633 3631
f 3749 3751 3631
f 3750 3630 3632
f 3748 3630 3750
f 3646 3647 3765
f 3764 3646 3765
f 3645 3646 3764
f 3763 3645 3764
f 3643 3645 3763
f 3761 3643 3763
f 3643 3761 3644
f 3644 3761 3762
f 3756 3638 3760
f 3760 3638 3642
f 3641 3760 3642
f 3759 3760 3641
f 3640 3759 3641
f 3758 3759 3640
f 3639 3758 3640
f 3757 3758 3639
f 3773 3655 3653
f 3771 3773 3653
f 3772 3652 3654
f 3770 3652 3772
f 3771 3653 3651
f 3769 3771 3651
f 3770 3650 3652
f 3768 3650 3770
f 3769 3651 3649
f 3767 3769 3649
f 3768 3648 3650
f 3766 3648 3768
f 3767 3649 3644
f 3762 3767 3644
f 3648 3766 3647
f 3647 3766 3765
f 3781 3663 3661
f 3779 3781 3661
f 3780 3660 3662
f 3778 3660 3780
f 3779 3661 3659
f 3777 3779 3659
f 3778 3658 3660
f 3776 3658 3778
f 3777 3659 3657
f 3775 3777 3657
f 3776 3656 3658
f 3774 3656 3776
f 3775 3657 3655
f 3773 3775 3655
f 3774 3654 3656
f 3772 3654 3774
f 3789 3671 3669
f 3787 3789 3669
f 3788 3668 3670
f 3786 3668 3788
f 3787 3669 3667
f 3785 3787 3667
f 3786 3666 3668
f 3784 3666 3786
f 3785 3667 3665
f 3783 3785 3665
f 3784 3664 3666
f 3782 3664 3784
f 3783 3665 3663
f 3781 3783 3663
f 3782 3662 3664
f 3780 3662 3782
f 3797 3679 3677
f 3795 3797 3677
f 3796 3676 3678
f 3794 3676 3796
f 3795 3677 3675
f 3793 3795 3675
f 3794 3674 3676
f 3792 3674 3794
f 3793 3675 3673
f 3791 3793 3673
f 3792 3672 3674
f 3790 3672 3792
f 3791 3673 3671
f 3789 3791 3671
f 3790 3670 3672
f 3788 3670 3790
f 3805 3687 3685
f 3803 3805 3685
f 3804 3684 3686
f 3802 3684 3804
f 3803 3685 3683
f 3801 3803 3683
f 3802 3682 3684
f 3800 3682 3802
f 3801 3683 3681
f 3799 3801 3681
f 3800 3680 3682
f 3798 3680 3800
f 3799 3681 3679
f 3797 3799 3679
f 3798 3678 3680
f 3796 3678 3798
f 3813 3695 3693
f 3811 3813 3693
f 3812 3692 3694
f 3810 3692 3812
f 3811 3693 3691
f 3809 3811 3691
f 3810 3690 3692
f 3808 3690 3810
f 3809 3691 3689
f 3807 3809 3689
f 3808 3688 3690
f 3806 3688 3808
f 3807 3689 3687
f 3805 3807 3687
f 3806 3686 3688
f 3804 3686 3806
f 3821 3703 3701
f 3819 3821 3701
f 3820 3700 3702
f 3818 3700 3820
f 3819 3701 3699
f 3817 3819 3699
f 3818 3698 3700
f 3816 3698 3818
f 3817 3699 3697
f 3815 3817 3697
f 3816 3696 3698
f 3814 3696 3816
f 3815 3697 3695
f 3813 3815 3695
f 3814 3694 3696
f 3812 3694 3814
f 3829 3711 3709
f 3827 3829 3709
f 3828 3708 3710
f 3826 3708 3828
f 3827 3709 3707
f 3825 3827 3707
f 3826 3706 3708
f 3824 3706 3826
f 3825 3707 3705
f 3823 3825 3705
f 3824 3704 3706
f 3822 3704 3824
f 3823 3705 3703
f 3821 3823 3703
f 3822 3702 3704
f 3820 3702 3822
f 3837 3719 3717
f 3835 3837 3717
f 3836 3716 3718
f 3834 3716 3836
f 3835 3717 3715
f 3833 3835 3715
f 3834 3714 3716
f 3832 3714 3834
f 3833 3715 3713
f 3831 3833 3713
f 3832 3712 3714
f 3830 3712 3832
f 3831 3713 3711
f 3829 3831 3711
f 3830 3710 3712
f 3828 3710 3830
f 3845 3727 3725
f 3843 3845 3725
f 3844 3724 3726
f 3842 3724 3844
f 3843 3725 3723
f 3841 3843 3723
f 3842 3722 3724
f 3840 3722 3842
f 3841 3723 3721
f 3839 3841 3721
f 3840 3720 3722
f 3838 3720 3840
f 3839 3721 3719
f 3837 3839 3719
f 3838 3718 3720
f 3836 3718 3838
f 3853 3735 3733
f 3851 3853 3733
f 3852 3732 3734
f 3850 3732 3852
f 3851 3733 3731
f 3849 3851 3731
f 3850 3730 3732
f 3848 3730 3850
f 3849 3731 3729
f 3847 3849 3729
f 3848 3728 3730
f 3846 3728 3848
f 3847 3729 3727
f 3845 3847 3727
f 3846 3726 3728
f 3844 3726 3846
f 3861 3743 3741
f 3859 3861 3741
f 3860 3740 3742
f 3858 3740 3860
f 3859 3741 3739
f 3857 3859 3739
f 3858 3738 3740
f 3856 3738 3858
f 3857 3739 3737
f 3855 3857 3737
f 3856 3736 3738
f 3854 3736 3856
f 3855 3737 3735
f 3853 3855 3735
f 3854 3734 3736
f 3852 3734 3854
f 3869 3751 3749
f 3867 3869 3749
f 3868 3748 3750
f 3866 3748 3868
f 3867 3749 3747
f 3865 3867 3747
f 3866 3746 3748
f 3864 3746 3866
f 3865 3747 3745
f 3863 3865 3745
f 3864 3744 3746
f 3862 3744 3864
f 3863 3745 3743
f 3861 3863 3743
f 3862 3742 3744
f 3860 3742 3862
f 3758 3877 3759
f 3876 3877 3758
f 3757 3876 3758
f 3875 3876 3757
f 3875 3757 3873
f 3873 3757 3755
f 3874 3754 3756
f 3872 3754 3874
f 3873 3755 3753
f 3871 3873 3753
f 3872 3752 3754
f 3870 3752 3872
f 3871 3753 3751
f 3869 3871 3751
f 3870 3750 3752
f 3868 3750 3870
f 3885 3767 3762
f 3880 3885 3762
f 3766 3884 3765
f 3765 3884 3883
f 3764 3765 3883
f 3882 3764 3883
f 3763 3764 3882
f 3881 3763 3882
f 3761 3763 3881
f 3879 3761 3881
f 3761 3879 3762
f 3762 3879 3880
f 3874 3756 3878
f 3878 3756 3760
f 3759 3878 3760
f 3877 3878 3759
f 3893 3775 3773
f 3891 3893 3773
f 3892 3772 3774
f 3890 3772 3892
f 3891 3773 3771
f 3889 3891 3771
f 3890 3770 3772
f 3888 3770 3890
f 3889 3771 3769
f 3887 3889 3769
f 3888 3768 3770
f 3886 3768 3888
f 3887 3769 3767
f 3885 3887 3767
f 3886 3766 3768
f 3884 3766 3886
f 3901 3783 3781
f 3899 3901 3781
f 3900 3780 3782
f 3898 3780 3900
f 3899 3781 3779
f 3897 3899 3779
f 3898 3778 3780
f 3896 3778 3898
f 3897 3779 3777
f 3895 3897 3777
f 3896 3776 3778
f 3894 3776 3896
f 3895 3777 3775
f 3893 3895 3775
f 3894 3774 3776
f 3892 3774 3894
f 3909 3791 3789
f 3907 3909 3789
f 3908 3788 3790
f 3906 3788 3908
f 3907 3789 3787
f 3905 3907 3787
f 3906 3786 3788
f 3904 3786 3906
f 3905 3787 3785
f 3903 3905 3785
f 3904 3784 3786
f 3902 3784 3904
f 3903 3785 3783
f 3901 3903 3783
f 3902 3782 3784
f 3900 3782 3902
f 3917 3799 3797
f 3915 3917 3797
f 3916 3796 3798
f 3914 3796 3916
f 3915 3797 3795
f 3913 3915 3795
f 3914 3794 3796
f 3912 3794 3914
f 3913 3795 3793
f 3911 3913 3793
f 3912 3792 3794
f 3910 3792 3912
f 3911 3793 3791
f 3909 3911 3791
f 3910 3790 3792
f 3908 3790 3910
f 3925 3807 3805
f 3923 3925 3805
f 3924 3804 3806
f 3922 3804 3924
f 3923 3805 3803
f 3921 3923 3803
f 3922 3802 3804
f 3920 3802 3922
f 3921 3803 3801
f 3919 3921 3801
f 3920 3800 3802
f 3918 3800 3920
f 3919 3801 3799
f 3917 3919 3799
f 3918 3798 3800
f 3916 3798 3918
f 3933 3815 3813
f 3931 3933 3813
f 3932 3812 3814
f 3930 3812 3932
f 3931 3813 3811
f 3929 3931 3811
f 3930 3810 3812
f 3928 3810 3930
f 3929 3811 3809
f 3927 3929 3809
f 3928 3808 3810
f 3926 3808 3928
f 3927 3809 3807
f 3925 3927 3807
f 3926 3806 3808
f 3924 3806 3926
f 3941 3823 3821
f 3939 3941 3821
f 3940 3820 3822
f 3938 3820 3940
f 3939 3821 3819
f 3937 3939 3819
f 3938 3818 3820
f 3936 3818 3938
f 3937 3819 3817
f 3935 3937 3817
f 3936 3816 3818
f 3934 3816 3936
f 3935 3817 3815
f 3933 3935 3815
f 3934 3814 3816
f 3932 3814 3934
f 3949 3831 3829
f 3947 3949 3829
f 3948 3828 3830
f 3946 3828 3948
f 3947 3829 3827
f 3945 3947 3827
f 3946 3826 3828
f 3944 3826 3946
f 3945 3827 3825
f 3943 3945 3825
f 3944 3824 3826
f 3942 3824 3944
f 3943 3825 3823
f 3941 3943 3823
f 3942 3822 3824
f 3940 3822 3942
f 3957 3839 3837
f 3955 3957 3837
f 3956 3836 3838
f 3954 3836 3956
f 3955 3837 3835
f 3953 3955 3835
f 3954 3834 3836
f 3952 3834 3954
f 3953 3835 3833
f 3951 3953 3833
f 3952 3832 3834
f 3950 3832 3952
f 3951 3833 3831
f 3949 3951 3831
f 3950 3830 3832
f 3948 3830 3950
f 3965 3847 3845
f 3963 3965 3845
f 3964 3844 3846
f 3962 3844 3964
f 3963 3845 3843
f 3961 3963 3843
f 3962 3842 3844
f 3960 3842 3962
f 3961 3843 3841
f 3959 3961 3841
f 3960 3840 3842
f 3958 3840 3960
f 3959 3841 3839
f 3957 3959 3839
f 3958 3838 3840
f 3956 3838 3958
f 3973 3855 3853
f 3971 3973 3853
f 3972 3852 3854
f 3970 3852 3972
f 3971 3853 3851
f 3969 3971 3851
f 3970 3850 3852
f 3968 3850 3970
f 3969 3851 3849
f 3967 3969 3849
f 3968 3848 3850
f 3966 3848 3968
f 3967 3849 3847
f 3965 3967 3847
f 3966 3846 3848
f 3964 3846 3966
f 3981 3863 3861
f 3979 3981 3861
f 3980 3860 3862
f 3978 3860 3980
f 3979 3861 3859
f 3977 3979 3859
f 3978 3858 3860
f 3976 3858 3978
f 3977 3859 3857
f 3975 3977 3857
f 3976 3856 3858
f 3974 3856 3976
f 3975 3857 3855
f 3973 3975 3855
f 3974 3854 3856
f 3972 3854 3974
f 3989 3871 3869
f 3987 3989 3869
f 3988 3868 3870
f 3986 3868 3988
f 3987 3869 3867
f 3985 3987 3867
f 3986 3866 3868
f 3984 3866 3986
f 3985 3867 3865
f 3983 3985 3865
f 3984 3864 3866
f 3982 3864 3984
f 3983 3865 3863
f 3981 3983 3863
f 3982 3862 3864
f 3980 3862 3982
f 3992 3874 3996
f 3996 3874 3878
f 3877 3996 3878
f 3995 3996 3877
f 3876 3995 3877
f 3994 3995 3876
f 3875 3994 3876
f 3993 3994 3875
f 3993 3875 3991
f 3991 3875 3873
f 3992 3872 3874
f 3990 3872 3992
f 3991 3873 3871
f 3989 3991 3871
f 3990 3870 3872
f 3988 3870 3990
f 4005 3887 3885
f 4003 4005 3885
f 4004 3884 3886
f 4002 3884 4004
f 4003 3885 3880
f 3998 4003 3880
f 3884 4002 3883
f 3883 4002 4001
f 3882 3883 4001
f 4000 3882 4001
f 3881 3882 4000
f 3999 3881 4000
f 3879 3881 3999
f 3997 3879 3999
f 3879 3997 3880
f 3880 3997 3998
f 4013 3895 3893
f 4011 4013 3893
f 4012 3892 3894
f 4010 3892 4012
f 4011 3893 3891
f 4009 4011 3891
f 4010 3890 3892
f 4008 3890 4010
f 4009 3891 3889
f 4007 4009 3889
f 4008 3888 3890
f 4006 3888 4008
f 4007 3889 3887
f 4005 4007 3887
f 4006 3886 3888
f 4004 3886 4006
f 4021 3903 3901
f 4019 4021 3901
f 4020 3900 3902
f 4018 3900 4020
f 4019 3901 3899
f 4017 4019 3899
f 4018 3898 3900
f 4016 3898 4018
f 4017 3899 3897
f 4015 4017 3897
f 4016 3896 3898
f 4014 3896 4016
f 4015 3897 3895
f 4013 4015 3895
f 4014 3894 3896
f 4012 3894 4014
f 4029 3911 3909
f 4027 4029 3909
f 4028 3908 3910
f 4026 3908 4028
f 4027 3909 3907
f 4025 4027 3907
f 4026 3906 3908
f 4024 3906 4026
f 4025 3907 3905
f 4023 4025 3905
f 4024 3904 3906
f 4022 3904 4024
f 4023 3905 3903
f 4021 4023 3903
f 4022 3902 3904
f 4020 3902 4022
f 4037 3919 3917
f 4035 4037 3917
f 4036 3916 3918
f 4034 3916 4036
f 4035 3917 3915
f 4033 4035 3915
f 4034 3914 3916
f 4032 3914 4034
f 4033 3915 3913
f 4031 4033 3913
f 4032 3912 3914
f 4030 3912 4032
f 4031 3913 3911
f 4029 4031 3911
f 4030 3910 3912
f 4028 3910 4030
f 4045 3927 3925
f 4043 4045 3925
f 4044 3924 3926
f 4042 3924 4044
f 4043 3925 3923
f 4041 4043 3923
f 4042 3922 3924
f 4040 3922 4042
f 4041 3923 3921
f 4039 4041 3921
f 4040 3920 3922
f 4038 3920 4040
f 4039 3921 3919
f 4037 4039 3919
f 4038 3918 3920
f 4036 3918 4038
f 4053 3935 3933
f 4051 4053 3933
f 4052 3932 3934
f 4050 3932 4052
f 4051 3933 3931
f 4049 4051 3931
f 4050 3930 3932
f 4048 3930 4050
f 4049 3931 3929
f 4047 4049 3929
f 4048 3928 3930
f 4046 3928 4048
f 4047 3929 3927
f 4045 4047 3927
f 4046 3926 3928
f 4044 3926 4046
f 4061 3943 3941
f 4059 4061 3941
f 4060 3940 3942
f 4058 3940 4060
f 4059 3941 3939
f 4057 4059 3939
f 4058 3938 3940
f 4056 3938 4058
f 4057 3939 3937
f 4055 4057 3937
f 4056 3936 3938
f 4054 3936 4056
f 4055 3937 3935
f 4053 4055 3935
f 4054 3934 3936
f 4052 3934 4054
f 4069 3951 3949
f 4067 4069 3949
f 4068 3948 3950
f 4066 3948 4068
f 4067 3949 3947
f 4065 4067 3947
f 4066 3946 3948
f 4064 3946 4066
f 4065 3947 3945
f 4063 4065 3945
f 4064 3944 3946
f 4062 3944 4064
f 4063 3945 3943
f 4061 4063 3943
f 4062 3942 3944
f 4060 3942 4062
f 4077 3959 3957
f 4075 4077 3957
f 4076 3956 3958
f 4074 3956 4076
f 4075 3957 3955
f 4073 4075 3955
f 4074 3954 3956
f 4072 3954 4074
f 4073 3955 3953
f 4071 4073 3953
f 4072 3952 3954
f 4070 3952 4072
f 4071 3953 3951
f 4069 4071 3951
f 4070 3950 3952
f 4068 3950 4070
f 4085 3967 3965
f 4083 4085 3965
f 4084 3964 3966
f 4082 3964 4084
f 4083 3965 3963
f 4081 4083 3963
f 4082 3962 3964
f 4080 3962 4082
f 4081 3963 3961
f 4079 4081 3961
f 4080 3960 3962
f 4078 3960 4080
f 4079 3961 3959
f 4077 4079 3959
f 4078 3958 3960
f 4076 3958 4078
f 4093 3975 3973
f 4091 4093 3973
f 4092 3972 3974
f 4090 3972 4092
f 4091 3973 3971
f 4089 4091 3971
f 4090 3970 3972
f 4088 3970 4090
f 4089 3971 3969
f 4087 4089 3969
f 4088 3968 3970
f 4086 3968 4088
f 4087 3969 3967
f 4085 4087 3967
f 4086 3966 3968
f 4084 3966 4086
f 4101 3983 3981
f 4099 4101 3981
f 4100 3980 3982
f 4098 3980 4100
f 4099 3981 3979
f 4097 4099 3979
f 4098 3978 3980
f 4096 3978 4098
f 4097 3979 3977
f 4095 4097 3977
f 4096 3976 3978
f 4094 3976 4096
f 4095 3977 3975
f 4093 4095 3975
f 4094 3974 3976
f 4092 3974 4094
f 4109 3991 3989
f 4107 4109 3989
f 4108 3988 3990
f 4106 3988 4108
f 4107 3989 3987
f 4105 4107 3987
f 4106 3986 3988
f 4104 3986 4106
f 4105 3987 3985
f 4103 4105 3985
f 4104 3984 3986
f 4102 3984 4104
f 4103 3985 3983
f 4101 4103 3983
f 4102 3982 3984
f 4100 3982 4102
f 3997 3999 4117
f 4115 3997 4117
f 3997 4115 3998
f 3998 4115 4116
f 4110 3992 4114
f 4114 3992 3996
f 3995 4114 3996
f 4113 4114 3995
f 3994 4113 3995
f 4112 4113 3994
f 3993 4112 3994
f 4111 4112 3993
f 4111 3993 4109
f 4109 3993 3991
f 4110 3990 3992
f 4108 3990 4110
f 4125 4007 4005
f 4123 4125 4005
f 4124 4004 4006
f 4122 4004 4124
f 4123 4005 4003
f 4121 4123 4003
f 4122 4002 4004
f 4120 4002 4122
f 4121 4003 3998
f 4116 4121 3998
f 4002 4120 4001
f 4001 4120 4119
f 4000 4001 4119
f 4118 4000 4119
f 3999 4000 4118
f 4117 3999 4118
f 4133 4015 4013
f 4131 4133 4013
f 4132 4012 4014
f 4130 4012 4132
f 4131 4013 4011
f 4129 4131 4011
f 4130 4010 4012
f 4128 4010 4130
f 4129 4011 4009
f 4127 4129 4009
f 4128 4008 4010
f 4126 4008 4128
f 4127 4009 4007
f 4125 4127 4007
f 4126 4006 4008
f 4124 4006 4126
f 4141 4023 4021
f 4139 4141 4021
f 4140 4020 4022
f 4138 4020 4140
f 4139 4021 4019
f 4137 4139 4019
f 4138 4018 4020
f 4136 4018 4138
f 4137 4019 4017
f 4135 4137 4017
f 4136 4016 4018
f 4134 4016 4136
f 4135 4017 4015
f 4133 4135 4015
f 4134 4014 4016
f 4132 4014 4134
f 4149 4031 4029
f 4147 4149 4029
f 4148 4028 4030
f 4146 4028 4148
f 4147 4029 4027
f 4145 4147 4027
f 4146 4026 4028
f 4144 4026 4146
f 4145 4027 4025
f 4143 4145 4025
f 4144 4024 4026
f 4142 4024 4144
f 4143 4025 4023
f 4141 4143 4023
f 4142 4022 4024
f 4140 4022 4142
f 4157 4039 4037
f 4155 4157 4037
f 4156 4036 4038
f 4154 4036 4156
f 4155 4037 4035
f 4153 4155 4035
f 4154 4034 4036
f 4152 4034 4154
f 4153 4035 4033
f 4151 4153 4033
f 4152 4032 4034
f 4150 4032 4152
f 4151 4033 4031
f 4149 4151 4031
f 4150 4030 4032
f 4148 4030 4150
f 4165 4047 4045
f 4163 4165 4045
f 4164 4044 4046
f 4162 4044 4164
f 4163 4045 4043
f 4161 4163 4043
f 4162 4042 4044
f 4160 4042 4162
f 4161 4043 4041
f 4159 4161 4041
f 4160 4040 4042
f 4158 4040 4160
f 4159 4041 4039
f 4157 4159 4039
f 4158 4038 4040
f 4156 4038 4158
f 4173 4055 4053
f 4171 4173 4053
f 4172 4052 4054
f 4170 4052 4172
f 4171 4053 4051
f 4169 4171 4051
f 4170 4050 4052
f 4168 4050 4170
f 4169 4051 4049
f 4167 4169 4049
f 4168 4048 4050
f 4166 4048 4168
f 4167 4049 4047
f 4165 4167 4047
f 4166 4046 4048
f 4164 4046 4166
f 4181 4063 4061
f 4179 4181 4061
f 4180 4060 4062
f 4178 4060 4180
f 4179 4061 4059
f 4177 4179 4059
f 4178 4058 4060
f 4176 4058 4178
f 4177 4059 4057
f 4175 4177 4057
f 4176 4056 4058
f 4174 4056 4176
f 4175 4057 4055
f 4173 4175 4055
f 4174 4054 4056
f 4172 4054 4174
f 4189 4071 4069
f 4187 4189 4069
f 4188 4068 4070
f 4186 4068 4188
f 4187 4069 4067
f 4185 4187 4067
f 4186 4066 4068
f 4184 4066 4186
f 4185 4067 4065
f 4183 4185 4065
f 4184 4064 4066
f 4182 4064 4184
f 4183 4065 4063
f 4181 4183 4063
f 4182 4062 4064
f 4180 4062 4182
f 4197 4079 4077
f 4195 4197 4077
f 4196 4076 4078
f 4194 4076 4196
f 4195 4077 4075
f 4193 4195 4075
f 4194 4074 4076
f 4192 4074 4194
f 4193 4075 4073
f 4191 4193 4073
f 4192 4072 4074
f 4190 4072 4192
f 4191 4073 4071
f 4189 4191 4071
f 4190 4070 4072
f 4188 4070 4190
f 4205 4087 4085
f 4203 4205 4085
f 4204 4084 4086
f 4202 4084 4204
f 4203 4085 4083
f 4201 4203 4083
f 4202 4082 4084
f 4200 4082 4202
f 4201 4083 4081
f 4199 4201 4081
f 4200 4080 4082
f 4198 4080 4200
f 4199 4081 4079
f 4197 4199 4079
f 4198 4078 4080
f 4196 4078 4198
f 4213 4095 4093
f 4211 4213 4093
f 4212 4092 4094
f 4210 4092 4212
f 4211 4093 4091
f 4209 4211 4091
f 4210 4090 4092
f 4208 4090 4210
f 4209 4091 4089
f 4207 4209 4089
f 4208 4088 4090
f 4206 4088 4208
f 4207 4089 4087
f 4205 4207 4087
f 4206 4086 4088
f 4204 4086 4206
f 4221 4103 4101
f 4219 4221 4101
f 4220 4100 4102
f 4218 4100 4220
f 4219 4101 4099
f 4217 4219 4099
f 4218 4098 4100
f 4216 4098 4218
f 4217 4099 4097
f 4215 4217 4097
f 4216 4096 4098
f 4214 4096 4216
f 4215 4097 4095
f 4213 4215 4095
f 4214 4094 4096
f 4212 4094 4214
f 4229 4111 4227
f 4227 4111 4109
f 4228 4108 4110
f 4226 4108 4228
f 4227 4109 4107
f 4225 4227 4107
f 4226 4106 4108
f 4224 4106 4226
f 4225 4107 4105
f 4223 4225 4105
f 4224 4104 4106
f 4222 4104 4224
f 4223 4105 4103
f 4221 4223 4103
f 4222 4102 4104
f 4220 4102 4222
f 4118 4119 4237
f 4236 4118 4237
f 4117 4118 4236
f 4235 4117 4236
f 4115 4117 4235
f 4233 4115 4235
f 4115 4233 4116
f 4116 4233 4234
f 4228 4110 4232
f 4232 4110 4114
f 4113 4232 4114
f 4231 4232 4113
f 4112 4231 4113
f 4230 4231 4112
f 4111 4230 4112
f 4229 4230 4111
f 4245 4127 4125
f 4243 4245 4125
f 4244 4124 4126
f 4242 4124 4244
f 4243 4125 4123
f 4241 4243 4123
f 4242 4122 4124
f 4240 4122 4242
f 4241 4123 4121
f 4239 4241 4121
f 4240 4120 4122
f 4238 4120 4240
f 4239 4121 4116
f 4234 4239 4116
f 4120 4238 4119
f 4119 4238 4237
f 4253 4135 4133
f 4251 4253 4133
f 4252 4132 4134
f 4250 4132 4252
f 4251 4133 4131
f 4249 4251 4131
f 4250 4130 4132
f 4248 4130 4250
f 4249 4131 4129
f 4247 4249 4129
f 4248 4128 4130
f 4246 4128 4248
f 4247 4129 4127
f 4245 4247 4127
f 4246 4126 4128
f 4244 4126 4246
f 4261 4143 4141
f 4259 4261 4141
f 4260 4140 4142
f 4258 4140 4260
f 4259 4141 4139
f 4257 4259 4139
f 4258 4138 4140
f 4256 4138 4258
f 4257 4139 4137
f 4255 4257 4137
f 4256 4136 4138
f 4254 4136 4256
f 4255 4137 4135
f 4253 4255 4135
f 4254 4134 4136
f 4252 4134 4254
f 4269 4151 4149
f 4267 4269 4149
f 4268 4148 4150
f 4266 4148 4268
f 4267 4149 4147
f 4265 4267 4147
f 4266 4146 4148
f 4264 4146 4266
f 4265 4147 4145
f 4263 4265 4145
f 4264 4144 4146
f 4262 4144 4264
f 4263 4145 4143
f 4261 4263 4143
f 4262 4142 4144
f 4260 4142 4262
f 4277 4159 4157
f 4275 4277 4157
f 4276 4156 4158
f 4274 4156 4276
f 4275 4157 4155
f 4273 4275 4155
f 4274 4154 4156
f 4272 4154 4274
f 4273 4155 4153
f 4271 4273 4153
f 4272 4152 4154
f 4270 4152 4272
f 4271 4153 4151
f 4269 4271 4151
f 4270 4150 4152
f 4268 4150 4270
f 4285 4167 4165
f 4283 4285 4165
f 4284 4164 4166
f 4282 4164 4284
f 4283 4165 4163
f 4281 4283 4163
f 4282 4162 4164
f 4280 4162 4282
f 4281 4163 4161
f 4279 4281 4161
f 4280 4160 4162
f 4278 4160 4280
f 4279 4161 4159
f 4277 4279 4159
f 4278 4158 4160
f 4276 4158 4278
f 4293 4175 4173
f 4291 4293 4173
f 4292 4172 4174
f 4290 4172 4292
f 4291 4173 4171
f 4289 4291 4171
f 4290 4170 4172
f 4288 4170 4290
f 4289 4171 4169
f 4287 4289 4169
f 4288 4168 4170
f 4286 4168 4288
f 4287 4169 4167
f 4285 4287 4167
f 4286 4166 4168
f 4284 4166 4286
f 4301 4183 4181
f 4299 4301 4181
f 4300 4180 4182
f 4298 4180 4300
f 4299 4181 4179
f 4297 4299 4179
f 4298 4178 4180
f 4296 4178 4298
f 4297 4179 4177
f 4295 4297 4177
f 4296 4176 4178
f 4294 4176 4296
f 4295 4177 4175
f 4293 4295 4175
f 4294 4174 4176
f 4292 4174 4294
f 4309 4191 4189
f 4307 4309 4189
f 4308 4188 4190
f 4306 4188 4308
f 4307 4189 4187
f 4305 4307 4187
f 4306 4186 4188
f 4304 4186 4306
f 4305 4187 4185
f 4303 4305 4185
f 4304 4184 4186
f 4302 4184 4304
f 4303 4185 4183
f 4301 4303 4183
f 4302 4182 4184
f 4300 4182 4302
f 4317 4199 4197
f 4315 4317 4197
f 4316 4196 4198
f 4314 4196 4316
f 4315 4197 4195
f 4313 4315 4195
f 4314 4194 4196
f 4312 4194 4314
f 4313 4195 4193
f 4311 4313 4193
f 4312 4192 4194
f 4310 4192 4312
f 4311 4193 4191
f 4309 4311 4191
f 4310 4190 4192
f 4308 4190 4310
f 4325 4207 4205
f 4323 4325 4205
f 4324 4204 4206
f 4322 4204 4324
f 4323 4205 4203
f 4321 4323 4203
f 4322 4202 4204
f 4320 4202 4322
f 4321 4203 4201
f 4319 4321 4201
f 4320 4200 4202
f 4318 4200 4320
f 4319 4201 4199
f 4317 4319 4199
f 4318 4198 4200
f 4316 4198 4318
f 4333 4215 4213
f 4331 4333 4213
f 4332 4212 4214
f 4330 4212 4332
f 4331 4213 4211
f 4329 4331 4211
f 4330 4210 4212
f 4328 4210 4330
f 4329 4211 4209
f 4327 4329 4209
f 4328 4208 4210
f 4326 4208 4328
f 4327 4209 4207
f 4325 4327 4207
f 4326 4206 4208
f 4324 4206 4326
f 4341 4223 4221
f 4339 4341 4221
f 4340 4220 4222
f 4338 4220 4340
f 4339 4221 4219
f 4337 4339 4219
f 4338 4218 4220
f 4336 4218 4338
f 4337 4219 4217
f 4335 4337 4217
f 4336 4216 4218
f 4334 4216 4336
f 4335 4217 4215
f 4333 4335 4215
f 4334 4214 4216
f 4332 4214 4334
f 4230 4349 4231
f 4348 4349 4230
f 4229 4348 4230
f 4347 4348 4229
f 4347 4229 4345
f 4345 4229 4227
f 4346 4226 4228
f 4344 4226 4346
f 4345 4227 4225
f 4343 4345 4225
f 4344 4224 4226
f 4342 4224 4344
f 4343 4225 4223
f 4341 4343 4223
f 4342 4222 4224
f 4340 4222 4342
f 4357 4239 4234
f 4352 4357 4234
f 4238 4356 4237
f 4237 4356 4355
f 4236 4237 4355
f 4354 4236 4355
f 4235 4236 4354
f 4353 4235 4354
f 4233 4235 4353
f 4351 4233 4353
f 4233 4351 4234
f 4234 4351 4352
f 4346 4228 4350
f 4350 4228 4232
f 4231 4350 4232
f 4349 4350 4231
f 4365 4247 4245
f 4363 4365 4245
f 4364 4244 4246
f 4362 4244 4364
f 4363 4245 4243
f 4361 4363 4243
f 4362 4242 4244
f 4360 4242 4362
f 4361 4243 4241
f 4359 4361 4241
f 4360 4240 4242
f 4358 4240 4360
f 4359 4241 4239
f 4357 4359 4239
f 4358 4238 4240
f 4356 4238 4358
f 4373 4255 4253
f 4371 4373 4253
f 4372 4252 4254
f 4370 4252 4372
f 4371 4253 4251
f 4369 4371 4251
f 4370 4250 4252
f 4368 4250 4370
f 4369 4251 4249
f 4367 4369 4249
f 4368 4248 4250
f 4366 4248 4368
f 4367 4249 4247
f 4365 4367 4247
f 4366 4246 4248
f 4364 4246 4366
f 4381 4263 4261
f 4379 4381 4261
f 4380 4260 4262
f 4378 4260 4380
f 4379 4261 4259
f 4377 4379 4259
f 4378 4258 4260
f 4376 4258 4378
f 4377 4259 4257
f 4375 4377 4257
f 4376 4256 4258
f 4374 4256 4376
f 4375 4257 4255
f 4373 4375 4255
f 4374 4254 4256
f 4372 4254 4374
f 4389 4271 4269
f 4387 4389 4269
f 4388 4268 4270
f 4386 4268 4388
f 4387 4269 4267
f 4385 4387 4267
f 4386 4266 4268
f 4384 4266 4386
f 4385 4267 4265
f 4383 4385 4265
f 4384 4264 4266
f 4382 4264 4384
f 4383 4265 4263
f 4381 4383 4263
f 4382 4262 4264
f 4380 4262 4382
f 4397 4279 4277
f 4395 4397 4277
f 4396 4276 4278
f 4394 4276 4396
f 4395 4277 4275
f 4393 4395 4275
f 4394 4274 4276
f 4392 4274 4394
f 4393 4275 4273
f 4391 4393 4273
f 4392 4272 4274
f 4390 4272 4392
f 4391 4273 4271
f 4389 4391 4271
f 4390 4270 4272
f 4388 4270 4390
f 4405 4287 4285
f 4403 4405 4285
f 4404 4284 4286
f 4402 4284 4404
f 4403 4285 4283
f 4401 4403 4283
f 4402 4282 4284
f 4400 4282 4402
f 4401 4283 4281
f 4399 4401 4281
f 4400 4280 4282
f 4398 4280 4400
f 4399 4281 4279
f 4397 4399 4279
f 4398 4278 4280
f 4396 4278 4398
f 4413 4295 4293
f 4411 4413 4293
f 4412 4292 4294
f 4410 4292 4412
f 4411 4293 4291
f 4409 4411 4291
f 4410 4290 4292
f 4408 4290 4410
f 4409 4291 4289
f 4407 4409 4289
f 4408 4288 4290
f 4406 4288 4408
f 4407 4289 4287
f 4405 4407 4287
f 4406 4286 4288
f 4404 4286 4406
f 4421 4303 4301
f 4419 4421 4301
f 4420 4300 4302
f 4418 4300 4420
f 4419 4301 4299
f 4417 4419 4299
f 4418 4298 4300
f 4416 4298 4418
f 4417 4299 4297
f 4415 4417 4297
f 4416 4296 4298
f 4414 4296 4416
f 4415 4297 4295
f 4413 4415 4295
f 4414 4294 4296
f 4412 4294 4414
f 4429 4311 4309
f 4427 4429 4309
f 4428 4308 4310
f 4426 4308 4428
f 4427 4309 4307
f 4425 4427 4307
f 4426 4306 4308
f 4424 4306 4426
f 4425 4307 4305
f 4423 4425 4305
f 4424 4304 4306
f 4422 4304 4424
f 4423 4305 4303
f 4421 4423 4303
f 4422 4302 4304
f 4420 4302 4422
f 4437 4319 4317
f 4435 4437 4317
f 4436 4316 4318
f 4434 4316 4436
f 4435 4317 4315
f 4433 4435 4315
f 4434 4314 4316
f 4432 4314 4434
f 4433 4315 4313
f 4431 4433 4313
f 4432 4312 4314
f 4430 4312 4432
f 4431 4313 4311
f 4429 4431 4311
f 4430 4310 4312
f 4428 4310 4430
f 4445 4327 4325
f 4443 4445 4325
f 4444 4324 4326
f 4442 4324 4444
f 4443 4325 4323
f 4441 4443 4323
f 4442 4322 4324
f 4440 4322 4442
f 4441 4323 4321
f 4439 4441 4321
f 4440 4320 4322
f 4438 4320 4440
f 4439 4321 4319
f 4437 4439 4319
f 4438 4318 4320
f 4436 4318 4438
f 4453 4335 4333
f 4451 4453 4333
f 4452 4332 4334
f 4450 4332 4452
f 4451 4333 4331
f 4449 4451 4331
f 4450 4330 4332
f 4448 4330 4450
f 4449 4331 4329
f 4447 4449 4329
f 4448 4328 4330
f 4446 4328 4448
f 4447 4329 4327
f 4445 4447 4327
f 4446 4326 4328
f 4444 4326 4446
f 4461 4343 4341
f 4459 4461 4341
f 4460 4340 4342
f 4458 4340 4460
f 4459 4341 4339
f 4457 4459 4339
f 4458 4338 4340
f 4456 4338 4458
f 4457 4339 4337
f 4455 4457 4337
f 4456 4336 4338
f 4454 4336 4456
f 4455 4337 4335
f 4453 4455 4335
f 4454 4334 4336
f 4452 4334 4454
f 4464 4346 4468
f 4468 4346 4350
f 4349 4468 4350
f 4467 4468 4349
f 4348 4467 4349
f 4466 4467 4348
f 4347 4466 4348
f 4465 4466 4347
f 4465 4347 4463
f 4463 4347 4345
f 4464 4344 4346
f 4462 4344 4464
f 4463 4345 4343
f 4461 4463 4343
f 4462 4342 4344
f 4460 4342 4462
f 4477 4359 4357
f 4475 4477 4357
f 4476 4356 4358
f 4474 4356 4476
f 4475 4357 4352
f 4470 4475 4352
f 4356 4474 4355
f 4355 4474 4473
f 4354 4355 4473
f 4472 4354 4473
f 4353 4354 4472
f 4471 4353 4472
f 4351 4353 4471
f 4469 4351 4471
f 4351 4469 4352
f 4352 4469 4470
f 4485 4367 4365
f 4483 4485 4365
f 4484 4364 4366
f 4482 4364 4484
f 4483 4365 4363
f 4481 4483 4363
f 4482 4362 4364
f 4480 4362 4482
f 4481 4363 4361
f 4479 4481 4361
f 4480 4360 4362
f 4478 4360 4480
f 4479 4361 4359
f 4477 4479 4359
f 4478 4358 4360
f 4476 4358 4478
f 4493 4375 4373
f 4491 4493 4373
f 4492 4372 4374
f 4490 4372 4492
f 4491 4373 4371
f 4489 4491 4371
f 4490 4370 4372
f 4488 4370 4490
f 4489 4371 4369
f 4487 4489 4369
f 4488 4368 4370
f 4486 4368 4488
f 4487 4369 4367
f 4485 4487 4367
f 4486 4366 4368
f 4484 4366 4486
f 4501 4383 4381
f 4499 4501 4381
f 4500 4380 4382
f 4498 4380 4500
f 4499 4381 4379
f 4497 4499 4379
f 4498 4378 4380
f 4496 4378 4498
f 4497 4379 4377
f 4495 4497 4377
f 4496 4376 4378
f 4494 4376 4496
f 4495 4377 4375
f 4493 4495 4375
f 4494 4374 4376
f 4492 4374 4494
f 4509 4391 4389
f 4507 4509 4389
f 4508 4388 4390
f 4506 4388 4508
f 4507 4389 4387
f 4505 4507 4387
f 4506 4386 4388
f 4504 4386 4506
f 4505 4387 4385
f 4503 4505 4385
f 4504 4384 4386
f 4502 4384 4504
f 4503 4385 4383
f 4501 4503 4383
f 4502 4382 4384
f 4500 4382 4502
f 4517 4399 4397
f 4515 4517 4397
f 4516 4396 4398
f 4514 4396 4516
f 4515 4397 4395
f 4513 4515 4395
f 4514 4394 4396
f 4512 4394 4514
f 4513 4395 4393
f 4511 4513 4393
f 4512 4392 4394
f 4510 4392 4512
f 4511 4393 4391
f 4509 4511 4391
f 4510 4390 4392
f 4508 4390 4510
f 4525 4407 4405
f 4523 4525 4405
f 4524 4404 4406
f 4522 4404 4524
f 4523 4405 4403
f 4521 4523 4403
f 4522 4402 4404
f 4520 4402 4522
f 4521 4403 4401
f 4519 4521 4401
f 4520 4400 4402
f 4518 4400 4520
f 4519 4401 4399
f 4517 4519 4399
f 4518 4398 4400
f 4516 4398 4518
f 4533 4415 4413
f 4531 4533 4413
f 4532 4412 4414
f 4530 4412 4532
f 4531 4413 4411
f 4529 4531 4411
f 4530 4410 4412
f 4528 4410 4530
f 4529 4411 4409
f 4527 4529 4409
f 4528 4408 4410
f 4526 4408 4528
f 4527 4409 4407
f 4525 4527 4407
f 4526 4406 4408
f 4524 4406 4526
f 4541 4423 4421
f 4539 4541 4421
f 4540 4420 4422
f 4538 4420 4540
f 4539 4421 4419
f 4537 4539 4419
f 4538 4418 4420
f 4536 4418 4538
f 4537 4419 4417
f 4535 4537 4417
f 4536 4416 4418
f 4534 4416 4536
f 4535 4417 4415
f 4533 4535 4415
f 4534 4414 4416
f 4532 4414 4534
f 4549 4431 4429
f 4547 4549 4429
f 4548 4428 4430
f 4546 4428 4548
f 4547 4429 4427
f 4545 4547 4427
f 4546 4426 4428
f 4544 4426 4546
f 4545 4427 4425
f 4543 4545 4425
f 4544 4424 4426
f 4542 4424 4544
f 4543 4425 4423
f 4541 4543 4423
f 4542 4422 4424
f 4540 4422 4542
f 4557 4439 4437
f 4555 4557 4437
f 4556 4436 4438
f 4554 4436 4556
f 4555 4437 4435
f 4553 4555 4435
f 4554 4434 4436
f 4552 4434 4554
f 4553 4435 4433
f 4551 4553 4433
f 4552 4432 4434
f 4550 4432 4552
f 4551 4433 4431
f 4549 4551 4431
f 4550 4430 4432
f 4548 4430 4550
f 4565 4447 4445
f 4563 4565 4445
f 4564 4444 4446
f 4562 4444 4564
f 4563 4445 4443
f 4561 4563 4443
f 4562 4442 4444
f 4560 4442 4562
f 4561 4443 4441
f 4559 4561 4441
f 4560 4440 4442
f 4558 4440 4560
f 4559 4441 4439
f 4557 4559 4439
f 4558 4438 4440
f 4556 4438 4558
f 4573 4455 4453
f 4571 4573 4453
f 4572 4452 4454
f 4570 4452 4572
f 4571 4453 4451
f 4569 4571 4451
f 4570 4450 4452
f 4568 4450 4570
f 4569 4451 4449
f 4567 4569 4449
f 4568 4448 4450
f 4566 4448 4568
f 4567 4449 4447
f 4565 4567 4447
f 4566 4446 4448
f 4564 4446 4566
f 4581 4463 4461
f 4579 4581 4461
f 4580 4460 4462
f 4578 4460 4580
f 4579 4461 4459
f 4577 4579 4459
f 4578 4458 4460
f 4576 4458 4578
f 4577 4459 4457
f 4575 4577 4457
f 4576 4456 4458
f 4574 4456 4576
f 4575 4457 4455
f 4573 4575 4455
f 4574 4454 4456
f 4572 4454 4574
f 4469 4471 4589
f 4587 4469 4589
f 4469 4587 4470
f 4470 4587 4588
f 4582 4464 4586
f 4586 4464 4468
f 4467 4586 4468
f 4585 4586 4467
f 4466 4585 4467
f 4584 4585 4466
f 4465 4584 4466
f 4583 4584 4465
f 4583 4465 4581
f 4581 4465 4463
f 4582 4462 4464
f 4580 4462 4582
f 4597 4479 4477
f 4595 4597 4477
f 4596 4476 4478
f 4594 4476 4596
f 4595 4477 4475
f 4593 4595 4475
f 4594 4474 4476
f 4592 4474 4594
f 4593 4475 4470
f 4588 4593 4470
f 4474 4592 4473
f 4473 4592 4591
f 4472 4473 4591
f 4590 4472 4591
f 4471 4472 4590
f 4589 4471 4590
f 4605 4487 4485
f 4603 4605 4485
f 4604 4484 4486
f 4602 4484 4604
f 4603 4485 4483
f 4601 4603 4483
f 4602 4482 4484
f 4600 4482 4602
f 4601 4483 4481
f 4599 4601 4481
f 4600 4480 4482
f 4598 4480 4600
f 4599 4481 4479
f 4597 4599 4479
f 4598 4478 4480
f 4596 4478 4598
f 4613 4495 4493
f 4611 4613 4493
f 4612 4492 4494
f 4610 4492 4612
f 4611 4493 4491
f 4609 4611 4491
f 4610 4490 4492
f 4608 4490 4610
f 4609 4491 4489
f 4607 4609 4489
f 4608 4488 4490
f 4606 4488 4608
f 4607 4489 4487
f 4605 4607 4487
f 4606 4486 4488
f 4604 4486 4606
f 4621 4503 4501
f 4619 4621 4501
f 4620 4500 4502
f 4618 4500 4620
f 4619 4501 4499
f 4617 4619 4499
f 4618 4498 4500
f 4616 4498 4618
f 4617 4499 4497
f 4615 4617 4497
f 4616 4496 4498
f 4614 4496 4616
f 4615 4497 4495
f 4613 4615 4495
f 4614 4494 4496
f 4612 4494 4614
f 4629 4511 4509
f 4627 4629 4509
f 4628 4508 4510
f 4626 4508 4628
f 4627 4509 4507
f 4625 4627 4507
f 4626 4506 4508
f 4624 4506 4626
f 4625 4507 4505
f 4623 4625 4505
f 4624 4504 4506
f 4622 4504 4624
f 4623 4505 4503
f 4621 4623 4503
f 4622 4502 4504
f 4620 4502 4622
f 4637 4519 4517
f 4635 4637 4517
f 4636 4516 4518
f 4634 4516 4636
f 4635 4517 4515
f 4633 4635 4515
f 4634 4514 4516
f 4632 4514 4634
f 4633 4515 4513
f 4631 4633 4513
f 4632 4512 4514
f 4630 4512 4632
f 4631 4513 4511
f 4629 4631 4511
f 4630 4510 4512
f 4628 4510 4630
f 4645 4527 4525
f 4643 4645 4525
f 4644 4524 4526
f 4642 4524 4644
f 4643 4525 4523
f 4641 4643 4523
f 4642 4522 4524
f 4640 4522 4642
f 4641 4523 4521
f 4639 4641 4521
f 4640 4520 4522
f 4638 4520 4640
f 4639 4521 4519
f 4637 4639 4519
f 4638 4518 4520
f 4636 4518 4638
f 4653 4535 4533
f 4651 4653 4533
f 4652 4532 4534
f 4650 4532 4652
f 4651 4533 4531
f 4649 4651 4531
f 4650 4530 4532
f 4648 4530 4650
f 4649 4531 4529
f 4647 4649 4529
f 4648 4528 4530
f 4646 4528 4648
f 4647 4529 4527
f 4645 4647 4527
f 4646 4526 4528
f 4644 4526 4646
f 4661 4543 4541
f 4659 4661 4541
f 4660 4540 4542
f 4658 4540 4660
f 4659 4541 4539
f 4657 4659 4539
f 4658 4538 4540
f 4656 4538 4658
f 4657 4539 4537
f 4655 4657 4537
f 4656 4536 4538
f 4654 4536 4656
f 4655 4537 4535
f 4653 4655 4535
f 4654 4534 4536
f 4652 4534 4654
f 4669 4551 4549
f 4667 4669 4549
f 4668 4548 4550
f 4666 4548 4668
f 4667 4549 4547
f 4665 4667 4547
f 4666 4546 4548
f 4664 4546 4666
f 4665 4547 4545
f 4663 4665 4545
f 4664 4544 4546
f 4662 4544 4664
f 4663 4545 4543
f 4661 4663 4543
f 4662 4542 4544
f 4660 4542 4662
f 4677 4559 4557
f 4675 4677 4557
f 4676 4556 4558
f 4674 4556 4676
f 4675 4557 4555
f 4673 4675 4555
f 4674 4554 4556
f 4672 4554 4674
f 4673 4555 4553
f 4671 4673 4553
f 4672 4552 4554
f 4670 4552 4672
f 4671 4553 4551
f 4669 4671 4551
f 4670 4550 4552
f 4668 4550 4670
f 4685 4567 4565
f 4683 4685 4565
f 4684 4564 4566
f 4682 4564 4684
f 4683 4565 4563
f 4681 4683 4563
f 4682 4562 4564
f 4680 4562 4682
f 4681 4563 4561
f 4679 4681 4561
f 4680 4560 4562
f 4678 4560 4680
f 4679 4561 4559
f 4677 4679 4559
f 4678 4558 4560
f 4676 4558 4678
f 4693 4575 4573
f 4691 4693 4573
f 4692 4572 4574
f 4690 4572 4692
f 4691 4573 4571
f 4689 4691 4571
f 4690 4570 4572
f 4688 4570 4690
f 4689 4571 4569
f 4687 4689 4569
f 4688 4568 4570
f 4686 4568 4688
f 4687 4569 4567
f 4685 4687 4567
f 4686 4566 4568
f 4684 4566 4686
f 4701 4583 4699
f 4699 4583 4581
f 4700 4580 4582
f 4698 4580 4700
f 4699 4581 4579
f 4697 4699 4579
f 4698 4578 4580
f 4696 4578 4698
f 4697 4579 4577
f 4695 4697 4577
f 4696 4576 4578
f 4694 4576 4696
f 4695 4577 4575
f 4693 4695 4575
f 4694 4574 4576
f 4692 4574 4694
f 4590 4591 4709
f 4708 4590 4709
f 4589 4590 4708
f 4707 4589 4708
f 4587 4589 4707
f 4705 4587 4707
f 4587 4705 4588
f 4588 4705 4706
f 4700 4582 4704
f 4704 4582 4586
f 4585 4704 4586
f 4703 4704 4585
f 4584 4703 4585
f 4702 4703 4584
f 4583 4702 4584
f 4701 4702 4583
f 4717 4599 4597
f 4715 4717 4597
f 4716 4596 4598
f 4714 4596 4716
f 4715 4597 4595
f 4713 4715 4595
f 4714 4594 4596
f 4712 4594 4714
f 4713 4595 4593
f 4711 4713 4593
f 4712 4592 4594
f 4710 4592 4712
f 4711 4593 4588
f 4706 4711 4588
f 4592 4710 4591
f 4591 4710 4709
f 4725 4607 4605
f 4723 4725 4605
f 4724 4604 4606
f 4722 4604 4724
f 4723 4605 4603
f 4721 4723 4603
f 4722 4602 4604
f 4720 4602 4722
f 4721 4603 4601
f 4719 4721 4601
f 4720 4600 4602
f 4718 4600 4720
f 4719 4601 4599
f 4717 4719 4599
f 4718 4598 4600
f 4716 4598 4718
f 4733 4615 4613
f 4731 4733 4613
f 4732 4612 4614
f 4730 4612 4732
f 4731 4613 4611
f 4729 4731 4611
f 4730 4610 4612
f 4728 4610 4730
f 4729 4611 4609
f 4727 4729 4609
f 4728 4608 4610
f 4726 4608 4728
f 4727 4609 4607
f 4725 4727 4607
f 4726 4606 4608
f 4724 4606 4726
f 4741 4623 4621
f 4739 4741 4621
f 4740 4620 4622
f 4738 4620 4740
f 4739 4621 4619
f 4737 4739 4619
f 4738 4618 4620
f 4736 4618 4738
f 4737 4619 4617
f 4735 4737 4617
f 4736 4616 4618
f 4734 4616 4736
f 4735 4617 4615
f 4733 4735 4615
f 4734 4614 4616
f 4732 4614 4734
f 4749 4631 4629
f 4747 4749 4629
f 4748 4628 4630
f 4746 4628 4748
f 4747 4629 4627
f 4745 4747 4627
f 4746 4626 4628
f 4744 4626 4746
f 4745 4627 4625
f 4743 4745 4625
f 4744 4624 4626
f 4742 4624 4744
f 4743 4625 4623
f 4741 4743 4623
f 4742 4622 4624
f 4740 4622 4742
f 4757 4639 4637
f 4755 4757 4637
f 4756 4636 4638
f 4754 4636 4756
f 4755 4637 4635
f 4753 4755 4635
f 4754 4634 4636
f 4752 4634 4754
f 4753 4635 4633
f 4751 4753 4633
f 4752 4632 4634
f 4750 4632 4752
f 4751 4633 4631
f 4749 4751 4631
f 4750 4630 4632
f 4748 4630 4750
f 4765 4647 4645
f 4763 4765 4645
f 4764 4644 4646
f 4762 4644 4764
f 4763 4645 4643
f 4761 4763 4643
f 4762 4642 4644
f 4760 4642 4762
f 4761 4643 4641
f 4759 4761 4641
f 4760 4640 4642
f 4758 4640 4760
f 4759 4641 4639
f 4757 4759 4639
f 4758 4638 4640
f 4756 4638 4758
f 4773 4655 4653
f 4771 4773 4653
f 4772 4652 4654
f 4770 4652 4772
f 4771 4653 4651
f 4769 4771 4651
f 4770 4650 4652
f 4768 4650 4770
f 4769 4651 4649
f 4767 4769 4649
f 4768 4648 4650
f 4766 4648 4768
f 4767 4649 4647
f 4765 4767 4647
f 4766 4646 4648
f 4764 4646 4766
f 4781 4663 4661
f 4779 4781 4661
f 4780 4660 4662
f 4778 4660 4780
f 4779 4661 4659
f 4777 4779 4659
f 4778 4658 4660
f 4776 4658 4778
f 4777 4659 4657
f 4775 4777 4657
f 4776 4656 4658
f 4774 4656 4776
f 4775 4657 4655
f 4773 4775 4655
f 4774 4654 4656
f 4772 4654 4774
f 4789 4671 4669
f 4787 4789 4669
f 4788 4668 4670
f 4786 4668 4788
f 4787 4669 4667
f 4785 4787 4667
f 4786 4666 4668
f 4784 4666 4786
f 4785 4667 4665
f 4783 4785 4665
f 4784 4664 4666
f 4782 4664 4784
f 4783 4665 4663
f 4781 4783 4663
f 4782 4662 4664
f 4780 4662 4782
f 4797 4679 4677
f 4795 4797 4677
f 4796 4676 4678
f 4794 4676 4796
f 4795 4677 4675
f 4793 4795 4675
f 4794 4674 4676
f 4792 4674 4794
f 4793 4675 4673
f 4791 4793 4673
f 4792 4672 4674
f 4790 4672 4792
f 4791 4673 4671
f 4789 4791 4671
f 4790 4670 4672
f 4788 4670 4790
f 4805 4687 4685
f 4803 4805 4685
f 4804 4684 4686
f 4802 4684 4804
f 4803 4685 4683
f 4801 4803 4683
f 4802 4682 4684
f 4800 4682 4802
f 4801 4683 4681
f 4799 4801 4681
f 4800 4680 4682
f 4798 4680 4800
f 4799 4681 4679
f 4797 4799 4679
f 4798 4678 4680
f 4796 4678 4798
f 4813 4695 4693
f 4811 4813 4693
f 4812 4692 4694
f 4810 4692 4812
f 4811 4693 4691
f 4809 4811 4691
f 4810 4690 4692
f 4808 4690 4810
f 4809 4691 4689
f 4807 4809 4689
f 4808 4688 4690
f 4806 4688 4808
f 4807 4689 4687
f 4805 4807 4687
f 4806 4686 4688
f 4804 4686 4806
f 4702 4821 4703
f 4820 4821 4702
f 4701 4820 4702
f 4819 4820 4701
f 4819 4701 4817
f 4817 4701 4699
f 4818 4698 4700
f 4816 4698 4818
f 4817 4699 4697
f 4815 4817 4697
f 4816 4696 4698
f 4814 4696 4816
f 4815 4697 4695
f 4813 4815 4695
f 4814 4694 4696
f 4812 4694 4814
f 4829 4711 4706
f 4824 4829 4706
f 4710 4828 4709
f 4709 4828 4827
f 4708 4709 4827
f 4826 4708 4827
f 4707 4708 4826
f 4825 4707 4826
f 4705 4707 4825
f 4823 4705 4825
f 4705 4823 4706
f 4706 4823 4824
f 4818 4700 4822
f 4822 4700 4704
f 4703 4822 4704
f 4821 4822 4703
f 4837 4719 4717
f 4835 4837 4717
f 4836 4716 4718
f 4834 4716 4836
f 4835 4717 4715
f 4833 4835 4715
f 4834 4714 4716
f 4832 4714 4834
f 4833 4715 4713
f 4831 4833 4713
f 4832 4712 4714
f 4830 4712 4832
f 4831 4713 4711
f 4829 4831 4711
f 4830 4710 4712
f 4828 4710 4830
f 4845 4727 4725
f 4843 4845 4725
f 4844 4724 4726
f 4842 4724 4844
f 4843 4725 4723
f 4841 4843 4723
f 4842 4722 4724
f 4840 4722 4842
f 4841 4723 4721
f 4839 4841 4721
f 4840 4720 4722
f 4838 4720 4840
f 4839 4721 4719
f 4837 4839 4719
f 4838 4718 4720
f 4836 4718 4838
f 4853 4735 4733
f 4851 4853 4733
f 4852 4732 4734
f 4850 4732 4852
f 4851 4733 4731
f 4849 4851 4731
f 4850 4730 4732
f 4848 4730 4850
f 4849 4731 4729
f 4847 4849 4729
f 4848 4728 4730
f 4846 4728 4848
f 4847 4729 4727
f 4845 4847 4727
f 4846 4726 4728
f 4844 4726 4846
f 4861 4743 4741
f 4859 4861 4741
f 4860 4740 4742
f 4858 4740 4860
f 4859 4741 4739
f 4857 4859 4739
f 4858 4738 4740
f 4856 4738 4858
f 4857 4739 4737
f 4855 4857 4737
f 4856 4736 4738
f 4854 4736 4856
f 4855 4737 4735
f 4853 4855 4735
f 4854 4734 4736
f 4852 4734 4854
f 4869 4751 4749
f 4867 4869 4749
f 4868 4748 4750
f 4866 4748 4868
f 4867 4749 4747
f 4865 4867 4747
f 4866 4746 4748
f 4864 4746 4866
f 4865 4747 4745
f 4863 4865 4745
f 4864 4744 4746
f 4862 4744 4864
f 4863 4745 4743
f 4861 4863 4743
f 4862 4742 4744
f 4860 4742 4862
f 4877 4759 4757
f 4875 4877 4757
f 4876 4756 4758
f 4874 4756 4876
f 4875 4757 4755
f 4873 4875 4755
f 4874 4754 4756
f 4872 4754 4874
f 4873 4755 4753
f 4871 4873 4753
f 4872 4752 4754
f 4870 4752 4872
f 4871 4753 4751
f 4869 4871 4751
f 4870 4750 4752
f 4868 4750 4870
f 4885 4767 4765
f 4883 4885 4765
f 4884 4764 4766
f 4882 4764 4884
f 4883 4765 4763
f 4881 4883 4763
f 4882 4762 4764
f 4880 4762 4882
f 4881 4763 4761
f 4879 4881 4761
f 4880 4760 4762
f 4878 4760 4880
f 4879 4761 4759
f 4877 4879 4759
f 4878 4758 4760
f 4876 4758 4878
f 4893 4775 4773
f 4891 4893 4773
f 4892 4772 4774
f 4890 4772 4892
f 4891 4773 4771
f 4889 4891 4771
f 4890 4770 4772
f 4888 4770 4890
f 4889 4771 4769
f 4887 4889 4769
f 4888 4768 4770
f 4886 4768 4888
f 4887 4769 4767
f 4885 4887 4767
f 4886 4766 4768
f 4884 4766 4886
f 4901 4783 4781
f 4899 4901 4781
f 4900 4780 4782
f 4898 4780 4900
f 4899 4781 4779
f 4897 4899 4779
f 4898 4778 4780
f 4896 4778 4898
f 4897 4779 4777
f 4895 4897 4777
f 4896 4776 4778
f 4894 4776 4896
f 4895 4777 4775
f 4893 4895 4775
f 4894 4774 4776
f 4892 4774 4894
f 4909 4791 4789
f 4907 4909 4789
f 4908 4788 4790
f 4906 4788 4908
f 4907 4789 4787
f 4905 4907 4787
f 4906 4786 4788
f 4904 4786 4906
f 4905 4787 4785
f 4903 4905 4785
f 4904 4784 4786
f 4902 4784 4904
f 4903 4785 4783
f 4901 4903 4783
f 4902 4782 4784
f 4900 4782 4902
f 4917 4799 4797
f 4915 4917 4797
f 4916 4796 4798
f 4914 4796 4916
f 4915 4797 4795
f 4913 4915 4795
f 4914 4794 4796
f 4912 4794 4914
f 4913 4795 4793
f 4911 4913 4793
f 4912 4792 4794
f 4910 4792 4912
f 4911 4793 4791
f 4909 4911 4791
f 4910 4790 4792
f 4908 4790 4910
f 4925 4807 4805
f 4923 4925 4805
f 4924 4804 4806
f 4922 4804 4924
f 4923 4805 4803
f 4921 4923 4803
f 4922 4802 4804
f 4920 4802 4922
f 4921 4803 4801
f 4919 4921 4801
f 4920 4800 4802
f 4918 4800 4920
f 4919 4801 4799
f 4917 4919 4799
f 4918 4798 4800
f 4916 4798 4918
f 4933 4815 4813
f 4931 4933 4813
f 4932 4812 4814
f 4930 4812 4932
f 4931 4813 4811
f 4929 4931 4811
f 4930 4810 4812
f 4928 4810 4930
f 4929 4811 4809
f 4927 4929 4809
f 4928 4808 4810
f 4926 4808 4928
f 4927 4809 4807
f 4925 4927 4807
f 4926 4806 4808
f 4924 4806 4926
f 4936 4818 4940
f 4940 4818 4822
f 4821 4940 4822
f 4939 4940 4821
f 4820 4939 4821
f 4938 4939 4820
f 4819 4938 4820
f 4937 4938 4819
f 4937 4819 4935
f 4935 4819 4817
f 4936 4816 4818
f 4934 4816 4936
f 4935 4817 4815
f 4933 4935 4815
f 4934 4814 4816
f 4932 4814 4934
f 4949 4831 4829
f 4947 4949 4829
f 4948 4828 4830
f 4946 4828 4948
f 4947 4829 4824
f 4942 4947 4824
f 4828 4946 4827
f 4827 4946 4945
f 4826 4827 4945
f 4944 4826 4945
f 4825 4826 4944
f 4943 4825 4944
f 4823 4825 4943
f 4941 4823 4943
f 4823 4941 4824
f 4824 4941 4942
f 4957 4839 4837
f 4955 4957 4837
f 4956 4836 4838
f 4954 4836 4956
f 4955 4837 4835
f 4953 4955 4835
f 4954 4834 4836
f 4952 4834 4954
f 4953 4835 4833
f 4951 4953 4833
f 4952 4832 4834
f 4950 4832 4952
f 4951 4833 4831
f 4949 4951 4831
f 4950 4830 4832
f 4948 4830 4950
f 4965 4847 4845
f 4963 4965 4845
f 4964 4844 4846
f 4962 4844 4964
f 4963 4845 4843
f 4961 4963 4843
f 4962 4842 4844
f 4960 4842 4962
f 4961 4843 4841
f 4959 4961 4841
f 4960 4840 4842
f 4958 4840 4960
f 4959 4841 4839
f 4957 4959 4839
f 4958 4838 4840
f 4956 4838 4958
f 4973 4855 4853
f 4971 4973 4853
f 4972 4852 4854
f 4970 4852 4972
f 4971 4853 4851
f 4969 4971 4851
f 4970 4850 4852
f 4968 4850 4970
f 4969 4851 4849
f 4967 4969 4849
f 4968 4848 4850
f 4966 4848 4968
f 4967 4849 4847
f 4965 4967 4847
f 4966 4846 4848
f 4964 4846 4966
f 4981 4863 4861
f 4979 4981 4861
f 4980 4860 4862
f 4978 4860 4980
f 4979 4861 4859
f 4977 4979 4859
f 4978 4858 4860
f 4976 4858 4978
f 4977 4859 4857
f 4975 4977 4857
f 4976 4856 4858
f 4974 4856 4976
f 4975 4857 4855
f 4973 4975 4855
f 4974 4854 4856
f 4972 4854 4974
f 4989 4871 4869
f 4987 4989 4869
f 4988 4868 4870
f 4986 4868 4988
f 4987 4869 4867
f 4985 4987 4867
f 4986 4866 4868
f 4984 4866 4986
f 4985 4867 4865
f 4983 4985 4865
f 4984 4864 4866
f 4982 4864 4984
f 4983 4865 4863
f 4981 4983 4863
f 4982 4862 4864
f 4980 4862 4982
f 4997 4879 4877
f 4995 4997 4877
f 4996 4876 4878
f 4994 4876 4996
f 4995 4877 4875
f 4993 4995 4875
f 4994 4874 4876
f 4992 4874 4994
f 4993 4875 4873
f 4991 4993 4873
f 4992 4872 4874
f 4990 4872 4992
f 4991 4873 4871
f 4989 4991 4871
f 4990 4870 4872
f 4988 4870 4990
f 5005 4887 4885
f 5003 5005 4885
f 5004 4884 4886
f 5002 4884 5004
f 5003 4885 4883
f 5001 5003 4883
f 5002 4882 4884
f 5000 4882 5002
f 5001 4883 4881
f 4999 5001 4881
f 5000 4880 4882
f 4998 4880 5000
f 4999 4881 4879
f 4997 4999 4879
f 4998 4878 4880
f 4996 4878 4998
f 5013 4895 4893
f 5011 5013 4893
f 5012 4892 4894
f 5010 4892 5012
f 5011 4893 4891
f 5009 5011 4891
f 5010 4890 4892
f 5008 4890 5010
f 5009 4891 4889
f 5007 5009 4889
f 5008 4888 4890
f 5006 4888 5008
f 5007 4889 4887
f 5005 5007 4887
f 5006 4886 4888
f 5004 4886 5006
f 5021 4903 4901
f 5019 5021 4901
f 5020 4900 4902
f 5018 4900 5020
f 5019 4901 4899
f 5017 5019 4899
f 5018 4898 4900
f 5016 4898 5018
f 5017 4899 4897
f 5015 5017 4897
f 5016 4896 4898
f 5014 4896 5016
f 5015 4897 4895
f 5013 5015 4895
f 5014 4894 4896
f 5012 4894 5014
f 5029 4911 4909
f 5027 5029 4909
f 5028 4908 4910
f 5026 4908 5028
f 5027 4909 4907
f 5025 5027 4907
f 5026 4906 4908
f 5024 4906 5026
f 5025 4907 4905
f 5023 5025 4905
f 5024 4904 4906
f 5022 4904 5024
f 5023 4905 4903
f 5021 5023 4903
f 5022 4902 4904
f 5020 4902 5022
f 5037 4919 4917
f 5035 5037 4917
f 5036 4916 4918
f 5034 4916 5036
f 5035 4917 4915
f 5033 5035 4915
f 5034 4914 4916
f 5032 4914 5034
f 5033 4915 4913
f 5031 5033 4913
f 5032 4912 4914
f 5030 4912 5032
f 5031 4913 4911
f 5029 5031 4911
f 5030 4910 4912
f 5028 4910 5030
f 5045 4927 4925
f 5043 5045 4925
f 5044 4924 4926
f 5042 4924 5044
f 5043 4925 4923
f 5041 5043 4923
f 5042 4922 4924
f 5040 4922 5042
f 5041 4923 4921
f 5039 5041 4921
f 5040 4920 4922
f 5038 4920 5040
f 5039 4921 4919
f 5037 5039 4919
f 5038 4918 4920
f 5036 4918 5038
f 5053 4935 4933
f 5051 5053 4933
f 5052 4932 4934
f 5050 4932 5052
f 5051 4933 4931
f 5049 5051 4931
f 5050 4930 4932
f 5048 4930 5050
f 5049 4931 4929
f 5047 5049 4929
f 5048 4928 4930
f 5046 4928 5048
f 5047 4929 4927
f 5045 5047 4927
f 5046 4926 4928
f 5044 4926 5046
f 4941 4943 5061
f 5059 4941 5061
f 4941 5059 4942
f 4942 5059 5060
f 5054 4936 5058
f 5058 4936 4940
f 4939 5058 4940
f 5057 5058 4939
f 4938 5057 4939
f 5056 5057 4938
f 4937 5056 4938
f 5055 5056 4937
f 5055 4937 5053
f 5053 4937 4935
f 5054 4934 4936
f 5052 4934 5054
f 5069 4951 4949
f 5067 5069 4949
f 5068 4948 4950
f 5066 4948 5068
f 5067 4949 4947
f 5065 5067 4947
f 5066 4946 4948
f 5064 4946 5066
f 5065 4947 4942
f 5060 5065 4942
f 4946 5064 4945
f 4945 5064 5063
f 4944 4945 5063
f 5062 4944 5063
f 4943 4944 5062
f 5061 4943 5062
f 5077 4959 4957
f 5075 5077 4957
f 5076 4956 4958
f 5074 4956 5076
f 5075 4957 4955
f 5073 5075 4955
f 5074 4954 4956
f 5072 4954 5074
f 5073 4955 4953
f 5071 5073 4953
f 5072 4952 4954
f 5070 4952 5072
f 5071 4953 4951
f 5069 5071 4951
f 5070 4950 4952
f 5068 4950 5070
f 5085 4967 4965
f 5083 5085 4965
f 5084 4964 4966
f 5082 4964 5084
f 5083 4965 4963
f 5081 5083 4963
f 5082 4962 4964
f 5080 4962 5082
f 5081 4963 4961
f 5079 5081 4961
f 5080 4960 4962
f 5078 4960 5080
f 5079 4961 4959
f 5077 5079 4959
f 5078 4958 4960
f 5076 4958 5078
f 5093 4975 4973
f 5091 5093 4973
f 5092 4972 4974
f 5090 4972 5092
f 5091 4973 4971
f 5089 5091 4971
f 5090 4970 4972
f 5088 4970 5090
f 5089 4971 4969
f 5087 5089 4969
f 5088 4968 4970
f 5086 4968 5088
f 5087 4969 4967
f 5085 5087 4967
f 5086 4966 4968
f 5084 4966 5086
f 5101 4983 4981
f 5099 5101 4981
f 5100 4980 4982
f 5098 4980 5100
f 5099 4981 4979
f 5097 5099 4979
f 5098 4978 4980
f 5096 4978 5098
f 5097 4979 4977
f 5095 5097 4977
f 5096 4976 4978
f 5094 4976 5096
f 5095 4977 4975
f 5093 5095 4975
f 5094 4974 4976
f 5092 4974 5094
f 5109 4991 4989
f 5107 5109 4989
f 5108 4988 4990
f 5106 4988 5108
f 5107 4989 4987
f 5105 5107 4987
f 5106 4986 4988
f 5104 4986 5106
f 5105 4987 4985
f 5103 5105 4985
f 5104 4984 4986
f 5102 4984 5104
f 5103 4985 4983
f 5101 5103 4983
f 5102 4982 4984
f 5100 4982 5102
f 5117 4999 4997
f 5115 5117 4997
f 5116 4996 4998
f 5114 4996 5116
f 5115 4997 4995
f 5113 5115 4995
f 5114 4994 4996
f 5112 4994 5114
f 5113 4995 4993
f 5111 5113 4993
f 5112 4992 4994
f 5110 4992 5112
f 5111 4993 4991
f 5109 5111 4991
f 5110 4990 4992
f 5108 4990 5110
f 5125 5007 5005
f 5123 5125 5005
f 5124 5004 5006
f 5122 5004 5124
f 5123 5005 5003
f 5121 5123 5003
f 5122 5002 5004
f 5120 5002 5122
f 5121 5003 5001
f 5119 5121 5001
f 5120 5000 5002
f 5118 5000 5120
f 5119 5001 4999
f 5117 5119 4999
f 5118 4998 5000
f 5116 4998 5118
f 5133 5015 5013
f 5131 5133 5013
f 5132 5012 5014
f 5130 5012 5132
f 5131 5013 5011
f 5129 5131 5011
f 5130 5010 5012
f 5128 5010 5130
f 5129 5011 5009
f 5127 5129 5009
f 5128 5008 5010
f 5126 5008 5128
f 5127 5009 5007
f 5125 5127 5007
f 5126 5006 5008
f 5124 5006 5126
f 5141 5023 5021
f 5139 5141 5021
f 5140 5020 5022
f 5138 5020 5140
f 5139 5021 5019
f 5137 5139 5019
f 5138 5018 5020
f 5136 5018 5138
f 5137 5019 5017
f 5135 5137 5017
f 5136 5016 5018
f 5134 5016 5136
f 5135 5017 5015
f 5133 5135 5015
f 5134 5014 5016
f 5132 5014 5134
f 5149 5031 5029
f 5147 5149 5029
f 5148 5028 5030
f 5146 5028 5148
f 5147 5029 5027
f 5145 5147 5027
f 5146 5026 5028
f 5144 5026 5146
f 5145 5027 5025
f 5143 5145 5025
f 5144 5024 5026
f 5142 5024 5144
f 5143 5025 5023
f 5141 5143 5023
f 5142 5022 5024
f 5140 5022 5142
f 5157 5039 5037
f 5155 5157 5037
f 5156 5036 5038
f 5154 5036 5156
f 5155 5037 5035
f 5153 5155 5035
f 5154 5034 5036
f 5152 5034 5154
f 5153 5035 5033
f 5151 5153 5033
f 5152 5032 5034
f 5150 5032 5152
f 5151 5033 5031
f 5149 5151 5031
f 5150 5030 5032
f 5148 5030 5150
f 5165 5047 5045
f 5163 5165 5045
f 5164 5044 5046
f 5162 5044 5164
f 5163 5045 5043
f 5161 5163 5043
f 5162 5042 5044
f 5160 5042 5162
f 5161 5043 5041
f 5159 5161 5041
f 5160 5040 5042
f 5158 5040 5160
f 5159 5041 5039
f 5157 5159 5039
f 5158 5038 5040
f 5156 5038 5158
f 5173 5055 5171
f 5171 5055 5053
f 5172 5052 5054
f 5170 5052 5172
f 5171 5053 5051
f 5169 5171 5051
f 5170 5050 5052
f 5168 5050 5170
f 5169 5051 5049
f 5167 5169 5049
f 5168 5048 5050
f 5166 5048 5168
f 5167 5049 5047
f 5165 5167 5047
f 5166 5046 5048
f 5164 5046 5166
f 5062 5063 5181
f 5180 5062 5181
f 5061 5062 5180
f 5179 5061 5180
f 5059 5061 5179
f 5177 5059 5179
f 5059 5177 5060
f 5060 5177 5178
f 5172 5054 5176
f 5176 5054 5058
f 5057 5176 5058
f 5175 5176 5057
f 5056 5175 5057
f 5174 5175 5056
f 5055 5174 5056
f 5173 5174 5055
f 5189 5071 5069
f 5187 5189 5069
f 5188 5068 5070
f 5186 5068 5188
f 5187 5069 5067
f 5185 5187 5067
f 5186 5066 5068
f 5184 5066 5186
f 5185 5067 5065
f 5183 5185 5065
f 5184 5064 5066
f 5182 5064 5184
f 5183 5065 5060
f 5178 5183 5060
f 5064 5182 5063
f 5063 5182 5181
f 5197 5079 5077
f 5195 5197 5077
f 5196 5076 5078
f 5194 5076 5196
f 5195 5077 5075
f 5193 5195 5075
f 5194 5074 5076
f 5192 5074 5194
f 5193 5075 5073
f 5191 5193 5073
f 5192 5072 5074
f 5190 5072 5192
f 5191 5073 5071
f 5189 5191 5071
f 5190 5070 5072
f 5188 5070 5190
f 5205 5087 5085
f 5203 5205 5085
f 5204 5084 5086
f 5202 5084 5204
f 5203 5085 5083
f 5201 5203 5083
f 5202 5082 5084
f 5200 5082 5202
f 5201 5083 5081
f 5199 5201 5081
f 5200 5080 5082
f 5198 5080 5200
f 5199 5081 5079
f 5197 5199 5079
f 5198 5078 5080
f 5196 5078 5198
f 5213 5095 5093
f 5211 5213 5093
f 5212 5092 5094
f 5210 5092 5212
f 5211 5093 5091
f 5209 5211 5091
f 5210 5090 5092
f 5208 5090 5210
f 5209 5091 5089
f 5207 5209 5089
f 5208 5088 5090
f 5206 5088 5208
f 5207 5089 5087
f 5205 5207 5087
f 5206 5086 5088
f 5204 5086 5206
f 5221 5103 5101
f 5219 5221 5101
f 5220 5100 5102
f 5218 5100 5220
f 5219 5101 5099
f 5217 5219 5099
f 5218 5098 5100
f 5216 5098 5218
f 5217 5099 5097
f 5215 5217 5097
f 5216 5096 5098
f 5214 5096 5216
f 5215 5097 5095
f 5213 5215 5095
f 5214 5094 5096
f 5212 5094 5214
f 5229 5111 5109
f 5227 5229 5109
f 5228 5108 5110
f 5226 5108 5228
f 5227 5109 5107
f 5225 5227 5107
f 5226 5106 5108
f 5224 5106 5226
f 5225 5107 5105
f 5223 5225 5105
f 5224 5104 5106
f 5222 5104 5224
f 5223 5105 5103
f 5221 5223 5103
f 5222 5102 5104
f 5220 5102 5222
f 5237 5119 5117
f 5235 5237 5117
f 5236 5116 5118
f 5234 5116 5236
f 5235 5117 5115
f 5233 5235 5115
f 5234 5114 5116
f 5232 5114 5234
f 5233 5115 5113
f 5231 5233 5113
f 5232 5112 5114
f 5230 5112 5232
f 5231 5113 5111
f 5229 5231 5111
f 5230 5110 5112
f 5228 5110 5230
f 5245 5127 5125
f 5243 5245 5125
f 5244 5124 5126
f 5242 5124 5244
f 5243 5125 5123
f 5241 5243 5123
f 5242 5122 5124
f 5240 5122 5242
f 5241 5123 5121
f 5239 5241 5121
f 5240 5120 5122
f 5238 5120 5240
f 5239 5121 5119
f 5237 5239 5119
f 5238 5118 5120
f 5236 5118 5238
f 5253 5135 5133
f 5251 5253 5133
f 5252 5132 5134
f 5250 5132 5252
f 5251 5133 5131
f 5249 5251 5131
f 5250 5130 5132
f 5248 5130 5250
f 5249 5131 5129
f 5247 5249 5129
f 5248 5128 5130
f 5246 5128 5248
f 5247 5129 5127
f 5245 5247 5127
f 5246 5126 5128
f 5244 5126 5246
f 5261 5143 5141
f 5259 5261 5141
f 5260 5140 5142
f 5258 5140 5260
f 5259 5141 5139
f 5257 5259 5139
f 5258 5138 5140
f 5256 5138 5258
f 5257 5139 5137
f 5255 5257 5137
f 5256 5136 5138
f 5254 5136 5256
f 5255 5137 5135
f 5253 5255 5135
f 5254 5134 5136
f 5252 5134 5254
f 5269 5151 5149
f 5267 5269 5149
f 5268 5148 5150
f 5266 5148 5268
f 5267 5149 5147
f 5265 5267 5147
f 5266 5146 5148
f 5264 5146 5266
f 5265 5147 5145
f 5263 5265 5145
f 5264 5144 5146
f 5262 5144 5264
f 5263 5145 5143
f 5261 5263 5143
f 5262 5142 5144
f 5260 5142 5262
f 5277 5159 5157
f 5275 5277 5157
f 5276 5156 5158
f 5274 5156 5276
f 5275 5157 5155
f 5273 5275 5155
f 5274 5154 5156
f 5272 5154 5274
f 5273 5155 5153
f 5271 5273 5153
f 5272 5152 5154
f 5270 5152 5272
f 5271 5153 5151
f 5269 5271 5151
f 5270 5150 5152
f 5268 5150 5270
f 5285 5167 5165
f 5283 5285 5165
f 5284 5164 5166
f 5282 5164 5284
f 5283 5165 5163
f 5281 5283 5163
f 5282 5162 5164
f 5280 5162 5282
f 5281 5163 5161
f 5279 5281 5161
f 5280 5160 5162
f 5278 5160 5280
f 5279 5161 5159
f 5277 5279 5159
f 5278 5158 5160
f 5276 5158 5278
f 5174 5293 5175
f 5292 5293 5174
f 5173 5292 5174
f 5291 5292 5173
f 5291 5173 5289
f 5289 5173 5171
f 5290 5170 5172
f 5288 5170 5290
f 5289 5171 5169
f 5287 5289 5169
f 5288 5168 5170
f 5286 5168 5288
f 5287 5169 5167
f 5285 5287 5167
f 5286 5166 5168
f 5284 5166 5286
f 5301 5183 5178
f 5296 5301 5178
f 5182 5300 5181
f 5181 5300 5299
f 5180 5181 5299
f 5298 5180 5299
f 5179 5180 5298
f 5297 5179 5298
f 5177 5179 5297
f 5295 5177 5297
f 5177 5295 5178
f 5178 5295 5296
f 5290 5172 5294
f 5294 5172 5176
f 5175 5294 5176
f 5293 5294 5175
f 5309 5191 5189
f 5307 5309 5189
f 5308 5188 5190
f 5306 5188 5308
f 5307 5189 5187
f 5305 5307 5187
f 5306 5186 5188
f 5304 5186 5306
f 5305 5187 5185
f 5303 5305 5185
f 5304 5184 5186
f 5302 5184 5304
f 5303 5185 5183
f 5301 5303 5183
f 5302 5182 5184
f 5300 5182 5302
f 5317 5199 5197
f 5315 5317 5197
f 5316 5196 5198
f 5314 5196 5316
f 5315 5197 5195
f 5313 5315 5195
f 5314 5194 5196
f 5312 5194 5314
f 5313 5195 5193
f 5311 5313 5193
f 5312 5192 5194
f 5310 5192 5312
f 5311 5193 5191
f 5309 5311 5191
f 5310 5190 5192
f 5308 5190 5310
f 5325 5207 5205
f 5323 5325 5205
f 5324 5204 5206
f 5322 5204 5324
f 5323 5205 5203
f 5321 5323 5203
f 5322 5202 5204
f 5320 5202 5322
f 5321 5203 5201
f 5319 5321 5201
f 5320 5200 5202
f 5318 5200 5320
f 5319 5201 5199
f 5317 5319 5199
f 5318 5198 5200
f 5316 5198 5318
f 5333 5215 5213
f 5331 5333 5213
f 5332 5212 5214
f 5330 5212 5332
f 5331 5213 5211
f 5329 5331 5211
f 5330 5210 5212
f 5328 5210 5330
f 5329 5211 5209
f 5327 5329 5209
f 5328 5208 5210
f 5326 5208 5328
f 5327 5209 5207
f 5325 5327 5207
f 5326 5206 5208
f 5324 5206 5326
f 5341 5223 5221
f 5339 5341 5221
f 5340 5220 5222
f 5338 5220 5340
f 5339 5221 5219
f 5337 5339 5219
f 5338 5218 5220
f 5336 5218 5338
f 5337 5219 5217
f 5335 5337 5217
f 5336 5216 5218
f 5334 5216 5336
f 5335 5217 5215
f 5333 5335 5215
f 5334 5214 5216
f 5332 5214 5334
f 5349 5231 5229
f 5347 5349 5229
f 5348 5228 5230
f 5346 5228 5348
f 5347 5229 5227
f 5345 5347 5227
f 5346 5226 5228
f 5344 5226 5346
f 5345 5227 5225
f 5343 5345 5225
f 5344 5224 5226
f 5342 5224 5344
f 5343 5225 5223
f 5341 5343 5223
f 5342 5222 5224
f 5340 5222 5342
f 5357 5239 5237
f 5355 5357 5237
f 5356 5236 5238
f 5354 5236 5356
f 5355 5237 5235
f 5353 5355 5235
f 5354 5234 5236
f 5352 5234 5354
f 5353 5235 5233
f 5351 5353 5233
f 5352 5232 5234
f 5350 5232 5352
f 5351 5233 5231
f 5349 5351 5231
f 5350 5230 5232
f 5348 5230 5350
f 5365 5247 5245
f 5363 5365 5245
f 5364 5244 5246
f 5362 5244 5364
f 5363 5245 5243
f 5361 5363 5243
f 5362 5242 5244
f 5360 5242 5362
f 5361 5243 5241
f 5359 5361 5241
f 5360 5240 5242
f 5358 5240 5360
f 5359 5241 5239
f 5357 5359 5239
f 5358 5238 5240
f 5356 5238 5358
f 5373 5255 5253
f 5371 5373 5253
f 5372 5252 5254
f 5370 5252 5372
f 5371 5253 5251
f 5369 5371 5251
f 5370 5250 5252
f 5368 5250 5370
f 5369 5251 5249
f 5367 5369 5249
f 5368 5248 5250
f 5366 5248 5368
f 5367 5249 5247
f 5365 5367 5247
f 5366 5246 5248
f 5364 5246 5366
f 5381 5263 5261
f 5379 5381 5261
f 5380 5260 5262
f 5378 5260 5380
f 5379 5261 5259
f 5377 5379 5259
f 5378 5258 5260
f 5376 5258 5378
f 5377 5259 5257
f 5375 5377 5257
f 5376 5256 5258
f 5374 5256 5376
f 5375 5257 5255
f 5373 5375 5255
f 5374 5254 5256
f 5372 5254 5374
f 5389 5271 5269
f 5387 5389 5269
f 5388 5268 5270
f 5386 5268 5388
f 5387 5269 5267
f 5385 5387 5267
f 5386 5266 5268
f 5384 5266 5386
f 5385 5267 5265
f 5383 5385 5265
f 5384 5264 5266
f 5382 5264 5384
f 5383 5265 5263
f 5381 5383 5263
f 5382 5262 5264
f 5380 5262 5382
f 5397 5279 5277
f 5395 5397 5277
f 5396 5276 5278
f 5394 5276 5396
f 5395 5277 5275
f 5393 5395 5275
f 5394 5274 5276
f 5392 5274 5394
f 5393 5275 5273
f 5391 5393 5273
f 5392 5272 5274
f 5390 5272 5392
f 5391 5273 5271
f 5389 5391 5271
f 5390 5270 5272
f 5388 5270 5390
f 5405 5287 5285
f 5403 5405 5285
f 5404 5284 5286
f 5402 5284 5404
f 5403 5285 5283
f 5401 5403 5283
f 5402 5282 5284
f 5400 5282 5402
f 5401 5283 5281
f 5399 5401 5281
f 5400 5280 5282
f 5398 5280 5400
f 5399 5281 5279
f 5397 5399 5279
f 5398 5278 5280
f 5396 5278 5398
f 5408 5290 5412
f 5412 5290 5294
f 5293 5412 5294
f 5411 5412 5293
f 5292 5411 5293
f 5410 5411 5292
f 5291 5410 5292
f 5409 5410 5291
f 5409 5291 5407
f 5407 5291 5289
f 5408 5288 5290
f 5406 5288 5408
f 5407 5289 5287
f 5405 5407 5287
f 5406 5286 5288
f 5404 5286 5406
f 5421 5303 5301
f 5419 5421 5301
f 5420 5300 5302
f 5418 5300 5420
f 5419 5301 5296
f 5414 5419 5296
f 5300 5418 5299
f 5299 5418 5417
f 5298 5299 5417
f 5416 5298 5417
f 5297 5298 5416
f 5415 5297 5416
f 5295 5297 5415
f 5413 5295 5415
f 5295 5413 5296
f 5296 5413 5414
f 5429 5311 5309
f 5427 5429 5309
f 5428 5308 5310
f 5426 5308 5428
f 5427 5309 5307
f 5425 5427 5307
f 5426 5306 5308
f 5424 5306 5426
f 5425 5307 5305
f 5423 5425 5305
f 5424 5304 5306
f 5422 5304 5424
f 5423 5305 5303
f 5421 5423 5303
f 5422 5302 5304
f 5420 5302 5422
f 5437 5319 5317
f 5435 5437 5317
f 5436 5316 5318
f 5434 5316 5436
f 5435 5317 5315
f 5433 5435 5315
f 5434 5314 5316
f 5432 5314 5434
f 5433 5315 5313
f 5431 5433 5313
f 5432 5312 5314
f 5430 5312 5432
f 5431 5313 5311
f 5429 5431 5311
f 5430 5310 5312
f 5428 5310 5430
f 5445 5327 5325
f 5443 5445 5325
f 5444 5324 5326
f 5442 5324 5444
f 5443 5325 5323
f 5441 5443 5323
f 5442 5322 5324
f 5440 5322 5442
f 5441 5323 5321
f 5439 5441 5321
f 5440 5320 5322
f 5438 5320 5440
f 5439 5321 5319
f 5437 5439 5319
f 5438 5318 5320
f 5436 5318 5438
f 5453 5335 5333
f 5451 5453 5333
f 5452 5332 5334
f 5450 5332 5452
f 5451 5333 5331
f 5449 5451 5331
f 5450 5330 5332
f 5448 5330 5450
f 5449 5331 5329
f 5447 5449 5329
f 5448 5328 5330
f 5446 5328 5448
f 5447 5329 5327
f 5445 5447 5327
f 5446 5326 5328
f 5444 5326 5446
f 5461 5343 5341
f 5459 5461 5341
f 5460 5340 5342
f 5458 5340 5460
f 5459 5341 5339
f 5457 5459 5339
f 5458 5338 5340
f 5456 5338 5458
f 5457 5339 5337
f 5455 5457 5337
f 5456 5336 5338
f 5454 5336 5456
f 5455 5337 5335
f 5453 5455 5335
f 5454 5334 5336
f 5452 5334 5454
f 5469 5351 5349
f 5467 5469 5349
f 5468 5348 5350
f 5466 5348 5468
f 5467 5349 5347
f 5465 5467 5347
f 5466 5346 5348
f 5464 5346 5466
f 5465 5347 5345
f 5463 5465 5345
f 5464 5344 5346
f 5462 5344 5464
f 5463 5345 5343
f 5461 5463 5343
f 5462 5342 5344
f 5460 5342 5462
f 5477 5359 5357
f 5475 5477 5357
f 5476 5356 5358
f 5474 5356 5476
f 5475 5357 5355
f 5473 5475 5355
f 5474 5354 5356
f 5472 5354 5474
f 5473 5355 5353
f 5471 5473 5353
f 5472 5352 5354
f 5470 5352 5472
f 5471 5353 5351
f 5469 5471 5351
f 5470 5350 5352
f 5468 5350 5470
f 5485 5367 5365
f 5483 5485 5365
f 5484 5364 5366
f 5482 5364 5484
f 5483 5365 5363
f 5481 5483 5363
f 5482 5362 5364
f 5480 5362 5482
f 5481 5363 5361
f 5479 5481 5361
f 5480 5360 5362
f 5478 5360 5480
f 5479 5361 5359
f 5477 5479 5359
f 5478 5358 5360
f 5476 5358 5478
f 5493 5375 5373
f 5491 5493 5373
f 5492 5372 5374
f 5490 5372 5492
f 5491 5373 5371
f 5489 5491 5371
f 5490 5370 5372
f 5488 5370 5490
f 5489 5371 5369
f 5487 5489 5369
f 5488 5368 5370
f 5486 5368 5488
f 5487 5369 5367
f 5485 5487 5367
f 5486 5366 5368
f 5484 5366 5486
f 5501 5383 5381
f 5499 5501 5381
f 5500 5380 5382
f 5498 5380 5500
f 5499 5381 5379
f 5497 5499 5379
f 5498 5378 5380
f 5496 5378 5498
f 5497 5379 5377
f 5495 5497 5377
f 5496 5376 5378
f 5494 5376 5496
f 5495 5377 5375
f 5493 5495 5375
f 5494 5374 5376
f 5492 5374 5494
f 5509 5391 5389
f 5507 5509 5389
f 5508 5388 5390
f 5506 5388 5508
f 5507 5389 5387
f 5505 5507 5387
f 5506 5386 5388
f 5504 5386 5506
f 5505 5387 5385
f 5503 5505 5385
f 5504 5384 5386
f 5502 5384 5504
f 5503 5385 5383
f 5501 5503 5383
f 5502 5382 5384
f 5500 5382 5502
f 5517 5399 5397
f 5515 5517 5397
f 5516 5396 5398
f 5514 5396 5516
f 5515 5397 5395
f 5513 5515 5395
f 5514 5394 5396
f 5512 5394 5514
f 5513 5395 5393
f 5511 5513 5393
f 5512 5392 5394
f 5510 5392 5512
f 5511 5393 5391
f 5509 5511 5391
f 5510 5390 5392
f 5508 5390 5510
f 5525 5407 5405
f 5523 5525 5405
f 5524 5404 5406
f 5522 5404 5524
f 5523 5405 5403
f 5521 5523 5403
f 5522 5402 5404
f 5520 5402 5522
f 5521 5403 5401
f 5519 5521 5401
f 5520 5400 5402
f 5518 5400 5520
f 5519 5401 5399
f 5517 5519 5399
f 5518 5398 5400
f 5516 5398 5518
f 5413 5415 5533
f 5531 5413 5533
f 5413 5531 5414
f 5414 5531 5532
f 5526 5408 5530
f 5530 5408 5412
f 5411 5530 5412
f 5529 5530 5411
f 5410 5529 5411
f 5528 5529 5410
f 5409 5528 5410
f 5527 5528 5409
f 5527 5409 5525
f 5525 5409 5407
f 5526 5406 5408
f 5524 5406 5526
f 5541 5423 5421
f 5539 5541 5421
f 5540 5420 5422
f 5538 5420 5540
f 5539 5421 5419
f 5537 5539 5419
f 5538 5418 5420
f 5536 5418 5538
f 5537 5419 5414
f 5532 5537 5414
f 5418 5536 5417
f 5417 5536 5535
f 5416 5417 5535
f 5534 5416 5535
f 5415 5416 5534
f 5533 5415 5534
f 5549 5431 5429
f 5547 5549 5429
f 5548 5428 5430
f 5546 5428 5548
f 5547 5429 5427
f 5545 5547 5427
f 5546 5426 5428
f 5544 5426 5546
f 5545 5427 5425
f 5543 5545 5425
f 5544 5424 5426
f 5542 5424 5544
f 5543 5425 5423
f 5541 5543 5423
f 5542 5422 5424
f 5540 5422 5542
f 5557 5439 5437
f 5555 5557 5437
f 5556 5436 5438
f 5554 5436 5556
f 5555 5437 5435
f 5553 5555 5435
f 5554 5434 5436
f 5552 5434 5554
f 5553 5435 5433
f 5551 5553 5433
f 5552 5432 5434
f 5550 5432 5552
f 5551 5433 5431
f 5549 5551 5431
f 5550 5430 5432
f 5548 5430 5550
f 5565 5447 5445
f 5563 5565 5445
f 5564 5444 5446
f 5562 5444 5564
f 5563 5445 5443
f 5561 5563 5443
f 5562 5442 5444
f 5560 5442 5562
f 5561 5443 5441
f 5559 5561 5441
f 5560 5440 5442
f 5558 5440 5560
f 5559 5441 5439
f 5557 5559 5439
f 5558 5438 5440
f 5556 5438 5558
f 5573 5455 5453
f 5571 5573 5453
f 5572 5452 5454
f 5570 5452 5572
f 5571 5453 5451
f 5569 5571 5451
f 5570 5450 5452
f 5568 5450 5570
f 5569 5451 5449
f 5567 5569 5449
f 5568 5448 5450
f 5566 5448 5568
f 5567 5449 5447
f 5565 5567 5447
f 5566 5446 5448
f 5564 5446 5566
f 5581 5463 5461
f 5579 5581 5461
f 5580 5460 5462
f 5578 5460 5580
f 5579 5461 5459
f 5577 5579 5459
f 5578 5458 5460
f 5576 5458 5578
f 5577 5459 5457
f 5575 5577 5457
f 5576 5456 5458
f 5574 5456 5576
f 5575 5457 5455
f 5573 5575 5455
f 5574 5454 5456
f 5572 5454 5574
f 5589 5471 5469
f 5587 5589 5469
f 5588 5468 5470
f 5586 5468 5588
f 5587 5469 5467
f 5585 5587 5467
f 5586 5466 5468
f 5584 5466 5586
f 5585 5467 5465
f 5583 5585 5465
f 5584 5464 5466
f 5582 5464 5584
f 5583 5465 5463
f 5581 5583 5463
f 5582 5462 5464
f 5580 5462 5582
f 5597 5479 5477
f 5595 5597 5477
f 5596 5476 5478
f 5594 5476 5596
f 5595 5477 5475
f 5593 5595 5475
f 5594 5474 5476
f 5592 5474 5594
f 5593 5475 5473
f 5591 5593 5473
f 5592 5472 5474
f 5590 5472 5592
f 5591 5473 5471
f 5589 5591 5471
f 5590 5470 5472
f 5588 5470 5590
f 5605 5487 5485
f 5603 5605 5485
f 5604 5484 5486
f 5602 5484 5604
f 5603 5485 5483
f 5601 5603 5483
f 5602 5482 5484
f 5600 5482 5602
f 5601 5483 5481
f 5599 5601 5481
f 5600 5480 5482
f 5598 5480 5600
f 5599 5481 5479
f 5597 5599 5479
f 5598 5478 5480
f 5596 5478 5598
f 5613 5495 5493
f 5611 5613 5493
f 5612 5492 5494
f 5610 5492 5612
f 5611 5493 5491
f 5609 5611 5491
f 5610 5490 5492
f 5608 5490 5610
f 5609 5491 5489
f 5607 5609 5489
f 5608 5488 5490
f 5606 5488 5608
f 5607 5489 5487
f 5605 5607 5487
f 5606 5486 5488
f 5604 5486 5606
f 5621 5503 5501
f 5619 5621 5501
f 5620 5500 5502
f 5618 5500 5620
f 5619 5501 5499
f 5617 5619 5499
f 5618 5498 5500
f 5616 5498 5618
f 5617 5499 5497
f 5615 5617 5497
f 5616 5496 5498
f 5614 5496 5616
f 5615 5497 5495
f 5613 5615 5495
f 5614 5494 5496
f 5612 5494 5614
f 5629 5511 5509
f 5627 5629 5509
f 5628 5508 5510
f 5626 5508 5628
f 5627 5509 5507
f 5625 5627 5507
f 5626 5506 5508
f 5624 5506 5626
f 5625 5507 5505
f 5623 5625 5505
f 5624 5504 5506
f 5622 5504 5624
f 5623 5505 5503
f 5621 5623 5503
f 5622 5502 5504
f 5620 5502 5622
f 5637 5519 5517
f 5635 5637 5517
f 5636 5516 5518
f 5634 5516 5636
f 5635 5517 5515
f 5633 5635 5515
f 5634 5514 5516
f 5632 5514 5634
f 5633 5515 5513
f 5631 5633 5513
f 5632 5512 5514
f 5630 5512 5632
f 5631 5513 5511
f 5629 5631 5511
f 5630 5510 5512
f 5628 5510 5630
f 5645 5527 5643
f 5643 5527 5525
f 5644 5524 5526
f 5642 5524 5644
f 5643 5525 5523
f 5641 5643 5523
f 5642 5522 5524
f 5640 5522 5642
f 5641 5523 5521
f 5639 5641 5521
f 5640 5520 5522
f 5638 5520 5640
f 5639 5521 5519
f 5637 5639 5519
f 5638 5518 5520
f 5636 5518 5638
f 5534 5535 5653
f 5652 5534 5653
f 5533 5534 5652
f 5651 5533 5652
f 5531 5533 5651
f 5649 5531 5651
f 5531 5649 5532
f 5532 5649 5650
f 5644 5526 5648
f 5648 5526 5530
f 5529 5648 5530
f 5647 5648 5529
f 5528 5647 5529
f 5646 5647 5528
f 5527 5646 5528
f 5645 5646 5527
f 5661 5543 5541
f 5659 5661 5541
f 5660 5540 5542
f 5658 5540 5660
f 5659 5541 5539
f 5657 5659 5539
f 5658 5538 5540
f 5656 5538 5658
f 5657 5539 5537
f 5655 5657 5537
f 5656 5536 5538
f 5654 5536 5656
f 5655 5537 5532
f 5650 5655 5532
f 5536 5654 5535
f 5535 5654 5653
f 5669 5551 5549
f 5667 5669 5549
f 5668 5548 5550
f 5666 5548 5668
f 5667 5549 5547
f 5665 5667 5547
f 5666 5546 5548
f 5664 5546 5666
f 5665 5547 5545
f 5663 5665 5545
f 5664 5544 5546
f 5662 5544 5664
f 5663 5545 5543
f 5661 5663 5543
f 5662 5542 5544
f 5660 5542 5662
f 5677 5559 5557
f 5675 5677 5557
f 5676 5556 5558
f 5674 5556 5676
f 5675 5557 5555
f 5673 5675 5555
f 5674 5554 5556
f 5672 5554 5674
f 5673 5555 5553
f 5671 5673 5553
f 5672 5552 5554
f 5670 5552 5672
f 5671 5553 5551
f 5669 5671 5551
f 5670 5550 5552
f 5668 5550 5670
f 5685 5567 5565
f 5683 5685 5565
f 5684 5564 5566
f 5682 5564 5684
f 5683 5565 5563
f 5681 5683 5563
f 5682 5562 5564
f 5680 5562 5682
f 5681 5563 5561
f 5679 5681 5561
f 5680 5560 5562
f 5678 5560 5680
f 5679 5561 5559
f 5677 5679 5559
f 5678 5558 5560
f 5676 5558 5678
f 5693 5575 5573
f 5691 5693 5573
f 5692 5572 5574
f 5690 5572 5692
f 5691 5573 5571
f 5689 5691 5571
f 5690 5570 5572
f 5688 5570 5690
f 5689 5571 5569
f 5687 5689 5569
f 5688 5568 5570
f 5686 5568 5688
f 5687 5569 5567
f 5685 5687 5567
f 5686 5566 5568
f 5684 5566 5686
f 5701 5583 5581
f 5699 5701 5581
f 5700 5580 5582
f 5698 5580 5700
f 5699 5581 5579
f 5697 5699 5579
f 5698 5578 5580
f 5696 5578 5698
f 5697 5579 5577
f 5695 5697 5577
f 5696 5576 5578
f 5694 5576 5696
f 5695 5577 5575
f 5693 5695 5575
f 5694 5574 5576
f 5692 5574 5694
f 5709 5591 5589
f 5707 5709 5589
f 5708 5588 5590
f 5706 5588 5708
f 5707 5589 5587
f 5705 5707 5587
f 5706 5586 5588
f 5704 5586 5706
f 5705 5587 5585
f 5703 5705 5585
f 5704 5584 5586
f 5702 5584 5704
f 5703 5585 5583
f 5701 5703 5583
f 5702 5582 5584
f 5700 5582 5702
f 5717 5599 5597
f 5715 5717 5597
f 5716 5596 5598
f 5714 5596 5716
f 5715 5597 5595
f 5713 5715 5595
f 5714 5594 5596
f 5712 5594 5714
f 5713 5595 5593
f 5711 5713 5593
f 5712 5592 5594
f 5710 5592 5712
f 5711 5593 5591
f 5709 5711 5591
f 5710 5590 5592
f 5708 5590 5710
f 5725 5607 5605
f 5723 5725 5605
f 5724 5604 5606
f 5722 5604 5724
f 5723 5605 5603
f 5721 5723 5603
f 5722 5602 5604
f 5720 5602 5722
f 5721 5603 5601
f 5719 5721 5601
f 5720 5600 5602
f 5718 5600 5720
f 5719 5601 5599
f 5717 5719 5599
f 5718 5598 5600
f 5716 5598 5718
f 5733 5615 5613
f 5731 5733 5613
f 5732 5612 5614
f 5730 5612 5732
f 5731 5613 5611
f 5729 5731 5611
f 5730 5610 5612
f 5728 5610 5730
f 5729 5611 5609
f 5727 5729 5609
f 5728 5608 5610
f 5726 5608 5728
f 5727 5609 5607
f 5725 5727 5607
f 5726 5606 5608
f 5724 5606 5726
f 5741 5623 5621
f 5739 5741 5621
f 5740 5620 5622
f 5738 5620 5740
f 5739 5621 5619
f 5737 5739 5619
f 5738 5618 5620
f 5736 5618 5738
f 5737 5619 5617
f 5735 5737 5617
f 5736 5616 5618
f 5734 5616 5736
f 5735 5617 5615
f 5733 5735 5615
f 5734 5614 5616
f 5732 5614 5734
f 5749 5631 5629
f 5747 5749 5629
f 5748 5628 5630
f 5746 5628 5748
f 5747 5629 5627
f 5745 5747 5627
f 5746 5626 5628
f 5744 5626 5746
f 5745 5627 5625
f 5743 5745 5625
f 5744 5624 5626
f 5742 5624 5744
f 5743 5625 5623
f 5741 5743 5623
f 5742 5622 5624
f 5740 5622 5742
f 5757 5639 5637
f 5755 5757 5637
f 5756 5636 5638
f 5754 5636 5756
f 5755 5637 5635
f 5753 5755 5635
f 5754 5634 5636
f 5752 5634 5754
f 5753 5635 5633
f 5751 5753 5633
f 5752 5632 5634
f 5750 5632 5752
f 5751 5633 5631
f 5749 5751 5631
f 5750 5630 5632
f 5748 5630 5750
f 5646 5765 5647
f 5764 5765 5646
f 5645 5764 5646
f 5763 5764 5645
f 5763 5645 5761
f 5761 5645 5643
f 5762 5642 5644
f 5760 5642 5762
f 5761 5643 5641
f 5759 5761 5641
f 5760 5640 5642
f 5758 5640 5760
f 5759 5641 5639
f 5757 5759 5639
f 5758 5638 5640
f 5756 5638 5758
f 5773 5655 5650
f 5768 5773 5650
f 5654 5772 5653
f 5653 5772 5771
f 5652 5653 5771
f 5770 5652 5771
f 5651 5652 5770
f 5769 5651 5770
f 5649 5651 5769
f 5767 5649 5769
f 5649 5767 5650
f 5650 5767 5768
f 5762 5644 5766
f 5766 5644 5648
f 5647 5766 5648
f 5765 5766 5647
f 5781 5663 5661
f 5779 5781 5661
f 5780 5660 5662
f 5778 5660 5780
f 5779 5661 5659
f 5777 5779 5659
f 5778 5658 5660
f 5776 5658 5778
f 5777 5659 5657
f 5775 5777 5657
f 5776 5656 5658
f 5774 5656 5776
f 5775 5657 5655
f 5773 5775 5655
f 5774 5654 5656
f 5772 5654 5774
f 5789 5671 5669
f 5787 5789 5669
f 5788 5668 5670
f 5786 5668 5788
f 5787 5669 5667
f 5785 5787 5667
f 5786 5666 5668
f 5784 5666 5786
f 5785 5667 5665
f 5783 5785 5665
f 5784 5664 5666
f 5782 5664 5784
f 5783 5665 5663
f 5781 5783 5663
f 5782 5662 5664
f 5780 5662 5782
f 5797 5679 5677
f 5795 5797 5677
f 5796 5676 5678
f 5794 5676 5796
f 5795 5677 5675
f 5793 5795 5675
f 5794 5674 5676
f 5792 5674 5794
f 5793 5675 5673
f 5791 5793 5673
f 5792 5672 5674
f 5790 5672 5792
f 5791 5673 5671
f 5789 5791 5671
f 5790 5670 5672
f 5788 5670 5790
f 5805 5687 5685
f 5803 5805 5685
f 5804 5684 5686
f 5802 5684 5804
f 5803 5685 5683
f 5801 5803 5683
f 5802 5682 5684
f 5800 5682 5802
f 5801 5683 5681
f 5799 5801 5681
f 5800 5680 5682
f 5798 5680 5800
f 5799 5681 5679
f 5797 5799 5679
f 5798 5678 5680
f 5796 5678 5798
f 5813 5695 5693
f 5811 5813 5693
f 5812 5692 5694
f 5810 5692 5812
f 5811 5693 5691
f 5809 5811 5691
f 5810 5690 5692
f 5808 5690 5810
f 5809 5691 5689
f 5807 5809 5689
f 5808 5688 5690
f 5806 5688 5808
f 5807 5689 5687
f 5805 5807 5687
f 5806 5686 5688
f 5804 5686 5806
f 5821 5703 5701
f 5819 5821 5701
f 5820 5700 5702
f 5818 5700 5820
f 5819 5701 5699
f 5817 5819 5699
f 5818 5698 5700
f 5816 5698 5818
f 5817 5699 5697
f 5815 5817 5697
f 5816 5696 5698
f 5814 5696 5816
f 5815 5697 5695
f 5813 5815 5695
f 5814 5694 5696
f 5812 5694 5814
f 5829 5711 5709
f 5827 5829 5709
f 5828 5708 5710
f 5826 5708 5828
f 5827 5709 5707
f 5825 5827 5707
f 5826 5706 5708
f 5824 5706 5826
f 5825 5707 5705
f 5823 5825 5705
f 5824 5704 5706
f 5822 5704 5824
f 5823 5705 5703
f 5821 5823 5703
f 5822 5702 5704
f 5820 5702 5822
f 5837 5719 5717
f 5835 5837 5717
f 5836 5716 5718
f 5834 5716 5836
f 5835 5717 5715
f 5833 5835 5715
f 5834 5714 5716
f 5832 5714 5834
f 5833 5715 5713
f 5831 5833 5713
f 5832 5712 5714
f 5830 5712 5832
f 5831 5713 5711
f 5829 5831 5711
f 5830 5710 5712
f 5828 5710 5830
f 5845 5727 5725
f 5843 5845 5725
f 5844 5724 5726
f 5842 5724 5844
f 5843 5725 5723
f 5841 5843 5723
f 5842 5722 5724
f 5840 5722 5842
f 5841 5723 5721
f 5839 5841 5721
f 5840 5720 5722
f 5838 5720 5840
f 5839 5721 5719
f 5837 5839 5719
f 5838 5718 5720
f 5836 5718 5838
f 5853 5735 5733
f 5851 5853 5733
f 5852 5732 5734
f 5850 5732 5852
f 5851 5733 5731
f 5849 5851 5731
f 5850 5730 5732
f 5848 5730 5850
f 5849 5731 5729
f 5847 5849 5729
f 5848 5728 5730
f 5846 5728 5848
f 5847 5729 5727
f 5845 5847 5727
f 5846 5726 5728
f 5844 5726 5846
f 5861 5743 5741
f 5859 5861 5741
f 5860 5740 5742
f 5858 5740 5860
f 5859 5741 5739
f 5857 5859 5739
f 5858 5738 5740
f 5856 5738 5858
f 5857 5739 5737
f 5855 5857 5737
f 5856 5736 5738
f 5854 5736 5856
f 5855 5737 5735
f 5853 5855 5735
f 5854 5734 5736
f 5852 5734 5854
f 5869 5751 5749
f 5867 5869 5749
f 5868 5748 5750
f 5866 5748 5868
f 5867 5749 5747
f 5865 5867 5747
f 5866 5746 5748
f 5864 5746 5866
f 5865 5747 5745
f 5863 5865 5745
f 5864 5744 5746
f 5862 5744 5864
f 5863 5745 5743
f 5861 5863 5743
f 5862 5742 5744
f 5860 5742 5862
f 5877 5759 5757
f 5875 5877 5757
f 5876 5756 5758
f 5874 5756 5876
f 5875 5757 5755
f 5873 5875 5755
f 5874 5754 5756
f 5872 5754 5874
f 5873 5755 5753
f 5871 5873 5753
f 5872 5752 5754
f 5870 5752 5872
f 5871 5753 5751
f 5869 5871 5751
f 5870 5750 5752
f 5868 5750 5870
f 5880 5762 5884
f 5884 5762 5766
f 5765 5884 5766
f 5883 5884 5765
f 5764 5883 5765
f 5882 5883 5764
f 5763 5882 5764
f 5881 5882 5763
f 5881 5763 5879
f 5879 5763 5761
f 5880 5760 5762
f 5878 5760 5880
f 5879 5761 5759
f 5877 5879 5759
f 5878 5758 5760
f 5876 5758 5878
f 5893 5775 5773
f 5891 5893 5773
f 5892 5772 5774
f 5890 5772 5892
f 5891 5773 5768
f 5886 5891 5768
f 5772 5890 5771
f 5771 5890 5889
f 5770 5771 5889
f 5888 5770 5889
f 5769 5770 5888
f 5887 5769 5888
f 5767 5769 5887
f 5885 5767 5887
f 5767 5885 5768
f 5768 5885 5886
f 5901 5783 5781
f 5899 5901 5781
f 5900 5780 5782
f 5898 5780 5900
f 5899 5781 5779
f 5897 5899 5779
f 5898 5778 5780
f 5896 5778 5898
f 5897 5779 5777
f 5895 5897 5777
f 5896 5776 5778
f 5894 5776 5896
f 5895 5777 5775
f 5893 5895 5775
f 5894 5774 5776
f 5892 5774 5894
f 5909 5791 5789
f 5907 5909 5789
f 5908 5788 5790
f 5906 5788 5908
f 5907 5789 5787
f 5905 5907 5787
f 5906 5786 5788
f 5904 5786 5906
f 5905 5787 5785
f 5903 5905 5785
f 5904 5784 5786
f 5902 5784 5904
f 5903 5785 5783
f 5901 5903 5783
f 5902 5782 5784
f 5900 5782 5902
f 5917 5799 5797
f 5915 5917 5797
f 5916 5796 5798
f 5914 5796 5916
f 5915 5797 5795
f 5913 5915 5795
f 5914 5794 5796
f 5912 5794 5914
f 5913 5795 5793
f 5911 5913 5793
f 5912 5792 5794
f 5910 5792 5912
f 5911 5793 5791
f 5909 5911 5791
f 5910 5790 5792
f 5908 5790 5910
f 5925 5807 5805
f 5923 5925 5805
f 5924 5804 5806
f 5922 5804 5924
f 5923 5805 5803
f 5921 5923 5803
f 5922 5802 5804
f 5920 5802 5922
f 5921 5803 5801
f 5919 5921 5801
f 5920 5800 5802
f 5918 5800 5920
f 5919 5801 5799
f 5917 5919 5799
f 5918 5798 5800
f 5916 5798 5918
f 5933 5815 5813
f 5931 5933 5813
f 5932 5812 5814
f 5930 5812 5932
f 5931 5813 5811
f 5929 5931 5811
f 5930 5810 5812
f 5928 5810 5930
f 5929 5811 5809
f 5927 5929 5809
f 5928 5808 5810
f 5926 5808 5928
f 5927 5809 5807
f 5925 5927 5807
f 5926 5806 5808
f 5924 5806 5926
f 5941 5823 5821
f 5939 5941 5821
f 5940 5820 5822
f 5938 5820 5940
f 5939 5821 5819
f 5937 5939 5819
f 5938 5818 5820
f 5936 5818 5938
f 5937 5819 5817
f 5935 5937 5817
f 5936 5816 5818
f 5934 5816 5936
f 5935 5817 5815
f 5933 5935 5815
f 5934 5814 5816
f 5932 5814 5934
f 5949 5831 5829
f 5947 5949 5829
f 5948 5828 5830
f 5946 5828 5948
f 5947 5829 5827
f 5945 5947 5827
f 5946 5826 5828
f 5944 5826 5946
f 5945 5827 5825
f 5943 5945 5825
f 5944 5824 5826
f 5942 5824 5944
f 5943 5825 5823
f 5941 5943 5823
f 5942 5822 5824
f 5940 5822 5942
f 5957 5839 5837
f 5955 5957 5837
f 5956 5836 5838
f 5954 5836 5956
f 5955 5837 5835
f 5953 5955 5835
f 5954 5834 5836
f 5952 5834 5954
f 5953 5835 5833
f 5951 5953 5833
f 5952 5832 5834
f 5950 5832 5952
f 5951 5833 5831
f 5949 5951 5831
f 5950 5830 5832
f 5948 5830 5950
f 5965 5847 5845
f 5963 5965 5845
f 5964 5844 5846
f 5962 5844 5964
f 5963 5845 5843
f 5961 5963 5843
f 5962 5842 5844
f 5960 5842 5962
f 5961 5843 5841
f 5959 5961 5841
f 5960 5840 5842
f 5958 5840 5960
f 5959 5841 5839
f 5957 5959 5839
f 5958 5838 5840
f 5956 5838 5958
f 5973 5855 5853
f 5971 5973 5853
f 5972 5852 5854
f 5970 5852 5972
f 5971 5853 5851
f 5969 5971 5851
f 5970 5850 5852
f 5968 5850 5970
f 5969 5851 5849
f 5967 5969 5849
f 5968 5848 5850
f 5966 5848 5968
f 5967 5849 5847
f 5965 5967 5847
f 5966 5846 5848
f 5964 5846 5966
f 5981 5863 5861
f 5979 5981 5861
f 5980 5860 5862
f 5978 5860 5980
f 5979 5861 5859
f 5977 5979 5859
f 5978 5858 5860
f 5976 5858 5978
f 5977 5859 5857
f 5975 5977 5857
f 5976 5856 5858
f 5974 5856 5976
f 5975 5857 5855
f 5973 5975 5855
f 5974 5854 5856
f 5972 5854 5974
f 5989 5871 5869
f 5987 5989 5869
f 5988 5868 5870
f 5986 5868 5988
f 5987 5869 5867
f 5985 5987 5867
f 5986 5866 5868
f 5984 5866 5986
f 5985 5867 5865
f 5983 5985 5865
f 5984 5864 5866
f 5982 5864 5984
f 5983 5865 5863
f 5981 5983 5863
f 5982 5862 5864
f 5980 5862 5982
f 5997 5879 5877
f 5995 5997 5877
f 5996 5876 5878
f 5994 5876 5996
f 5995 5877 5875
f 5993 5995 5875
f 5994 5874 5876
f 5992 5874 5994
f 5993 5875 5873
f 5991 5993 5873
f 5992 5872 5874
f 5990 5872 5992
f 5991 5873 5871
f 5989 5991 5871
f 5990 5870 5872
f 5988 5870 5990
f 5885 5887 6005
f 6003 5885 6005
f 5885 6003 5886
f 5886 6003 6004
f 5998 5880 6002
f 6002 5880 5884
f 5883 6002 5884
f 6001 6002 5883
f 5882 6001 5883
f 6000 6001 5882
f 5881 6000 5882
f 5999 6000 5881
f 5999 5881 5997
f 5997 5881 5879
f 5998 5878 5880
f 5996 5878 5998
f 6013 5895 5893
f 6011 6013 5893
f 6012 5892 5894
f 6010 5892 6012
f 6011 5893 5891
f 6009 6011 5891
f 6010 5890 5892
f 6008 5890 6010
f 6009 5891 5886
f 6004 6009 5886
f 5890 6008 5889
f 5889 6008 6007
f 5888 5889 6007
f 6006 5888 6007
f 5887 5888 6006
f 6005 5887 6006
f 6021 5903 5901
f 6019 6021 5901
f 6020 5900 5902
f 6018 5900 6020
f 6019 5901 5899
f 6017 6019 5899
f 6018 5898 5900
f 6016 5898 6018
f 6017 5899 5897
f 6015 6017 5897
f 6016 5896 5898
f 6014 5896 6016
f 6015 5897 5895
f 6013 6015 5895
f 6014 5894 5896
f 6012 5894 6014
f 6029 5911 5909
f 6027 6029 5909
f 6028 5908 5910
f 6026 5908 6028
f 6027 5909 5907
f 6025 6027 5907
f 6026 5906 5908
f 6024 5906 6026
f 6025 5907 5905
f 6023 6025 5905
f 6024 5904 5906
f 6022 5904 6024
f 6023 5905 5903
f 6021 6023 5903
f 6022 5902 5904
f 6020 5902 6022
f 6037 5919 5917
f 6035 6037 5917
f 6036 5916 5918
f 6034 5916 6036
f 6035 5917 5915
f 6033 6035 5915
f 6034 5914 5916
f 6032 5914 6034
f 6033 5915 5913
f 6031 6033 5913
f 6032 5912 5914
f 6030 5912 6032
f 6031 5913 5911
f 6029 6031 5911
f 6030 5910 5912
f 6028 5910 6030
f 6045 5927 5925
f 6043 6045 5925
f 6044 5924 5926
f 6042 5924 6044
f 6043 5925 5923
f 6041 6043 5923
f 6042 5922 5924
f 6040 5922 6042
f 6041 5923 5921
f 6039 6041 5921
f 6040 5920 5922
f 6038 5920 6040
f 6039 5921 5919
f 6037 6039 5919
f 6038 5918 5920
f 6036 5918 6038
f 6053 5935 5933
f 6051 6053 5933
f 6052 5932 5934
f 6050 5932 6052
f 6051 5933 5931
f 6049 6051 5931
f 6050 5930 5932
f 6048 5930 6050
f 6049 5931 5929
f 6047 6049 5929
f 6048 5928 5930
f 6046 5928 6048
f 6047 5929 5927
f 6045 6047 5927
f 6046 5926 5928
f 6044 5926 6046
f 6061 5943 5941
f 6059 6061 5941
f 6060 5940 5942
f 6058 5940 6060
f 6059 5941 5939
f 6057 6059 5939
f 6058 5938 5940
f 6056 5938 6058
f 6057 5939 5937
f 6055 6057 5937
f 6056 5936 5938
f 6054 5936 6056
f 6055 5937 5935
f 6053 6055 5935
f 6054 5934 5936
f 6052 5934 6054
f 6069 5951 5949
f 6067 6069 5949
f 6068 5948 5950
f 6066 5948 6068
f 6067 5949 5947
f 6065 6067 5947
f 6066 5946 5948
f 6064 5946 6066
f 6065 5947 5945
f 6063 6065 5945
f 6064 5944 5946
f 6062 5944 6064
f 6063 5945 5943
f 6061 6063 5943
f 6062 5942 5944
f 6060 5942 6062
f 6077 5959 5957
f 6075 6077 5957
f 6076 5956 5958
f 6074 5956 6076
f 6075 5957 5955
f 6073 6075 5955
f 6074 5954 5956
f 6072 5954 6074
f 6073 5955 5953
f 6071 6073 5953
f 6072 5952 5954
f 6070 5952 6072
f 6071 5953 5951
f 6069 6071 5951
f 6070 5950 5952
f 6068 5950 6070
f 6085 5967 5965
f 6083 6085 5965
f 6084 5964 5966
f 6082 5964 6084
f 6083 5965 5963
f 6081 6083 5963
f 6082 5962 5964
f 6080 5962 6082
f 6081 5963 5961
f 6079 6081 5961
f 6080 5960 5962
f 6078 5960 6080
f 6079 5961 5959
f 6077 6079 5959
f 6078 5958 5960
f 6076 5958 6078
f 6093 5975 5973
f 6091 6093 5973
f 6092 5972 5974
f 6090 5972 6092
f 6091 5973 5971
f 6089 6091 5971
f 6090 5970 5972
f 6088 5970 6090
f 6089 5971 5969
f 6087 6089 5969
f 6088 5968 5970
f 6086 5968 6088
f 6087 5969 5967
f 6085 6087 5967
f 6086 5966 5968
f 6084 5966 6086
f 6101 5983 5981
f 6099 6101 5981
f 6100 5980 5982
f 6098 5980 6100
f 6099 5981 5979
f 6097 6099 5979
f 6098 5978 5980
f 6096 5978 6098
f 6097 5979 5977
f 6095 6097 5977
f 6096 5976 5978
f 6094 5976 6096
f 6095 5977 5975
f 6093 6095 5975
f 6094 5974 5976
f 6092 5974 6094
f 6109 5991 5989
f 6107 6109 5989
f 6108 5988 5990
f 6106 5988 6108
f 6107 5989 5987
f 6105 6107 5987
f 6106 5986 5988
f 6104 5986 6106
f 6105 5987 5985
f 6103 6105 5985
f 6104 5984 5986
f 6102 5984 6104
f 6103 5985 5983
f 6101 6103 5983
f 6102 5982 5984
f 6100 5982 6102
f 6117 5999 6115
f 6115 5999 5997
f 6116 5996 5998
f 6114 5996 6116
f 6115 5997 5995
f 6113 6115 5995
f 6114 5994 5996
f 6112 5994 6114
f 6113 5995 5993
f 6111 6113 5993
f 6112 5992 5994
f 6110 5992 6112
f 6111 5993 5991
f 6109 6111 5991
f 6110 5990 5992
f 6108 5990 6110
f 6006 6007 6125
f 6124 6006 6125
f 6005 6006 6124
f 6123 6005 6124
f 6003 6005 6123
f 6121 6003 6123
f 6003 6121 6004
f 6004 6121 6122
f 6116 5998 6120
f 6120 5998 6002
f 6001 6120 6002
f 6119 6120 6001
f 6000 6119 6001
f 6118 6119 6000
f 5999 6118 6000
f 6117 6118 5999
f 6133 6015 6013
f 6131 6133 6013
f 6132 6012 6014
f 6130 6012 6132
f 6131 6013 6011
f 6129 6131 6011
f 6130 6010 6012
f 6128 6010 6130
f 6129 6011 6009
f 6127 6129 6009
f 6128 6008 6010
f 6126 6008 6128
f 6127 6009 6004
f 6122 6127 6004
f 6008 6126 6007
f 6007 6126 6125
f 6141 6023 6021
f 6139 6141 6021
f 6140 6020 6022
f 6138 6020 6140
f 6139 6021 6019
f 6137 6139 6019
f 6138 6018 6020
f 6136 6018 6138
f 6137 6019 6017
f 6135 6137 6017
f 6136 6016 6018
f 6134 6016 6136
f 6135 6017 6015
f 6133 6135 6015
f 6134 6014 6016
f 6132 6014 6134
f 6149 6031 6029
f 6147 6149 6029
f 6148 6028 6030
f 6146 6028 6148
f 6147 6029 6027
f 6145 6147 6027
f 6146 6026 6028
f 6144 6026 6146
f 6145 6027 6025
f 6143 6145 6025
f 6144 6024 6026
f 6142 6024 6144
f 6143 6025 6023
f 6141 6143 6023
f 6142 6022 6024
f 6140 6022 6142
f 6157 6039 6037
f 6155 6157 6037
f 6156 6036 6038
f 6154 6036 6156
f 6155 6037 6035
f 6153 6155 6035
f 6154 6034 6036
f 6152 6034 6154
f 6153 6035 6033
f 6151 6153 6033
f 6152 6032 6034
f 6150 6032 6152
f 6151 6033 6031
f 6149 6151 6031
f 6150 6030 6032
f 6148 6030 6150
f 6165 6047 6045
f 6163 6165 6045
f 6164 6044 6046
f 6162 6044 6164
f 6163 6045 6043
f 6161 6163 6043
f 6162 6042 6044
f 6160 6042 6162
f 6161 6043 6041
f 6159 6161 6041
f 6160 6040 6042
f 6158 6040 6160
f 6159 6041 6039
f 6157 6159 6039
f 6158 6038 6040
f 6156 6038 6158
f 6173 6055 6053
f 6171 6173 6053
f 6172 6052 6054
f 6170 6052 6172
f 6171 6053 6051
f 6169 6171 6051
f 6170 6050 6052
f 6168 6050 6170
f 6169 6051 6049
f 6167 6169 6049
f 6168 6048 6050
f 6166 6048 6168
f 6167 6049 6047
f 6165 6167 6047
f 6166 6046 6048
f 6164 6046 6166
f 6181 6063 6061
f 6179 6181 6061
f 6180 6060 6062
f 6178 6060 6180
f 6179 6061 6059
f 6177 6179 6059
f 6178 6058 6060
f 6176 6058 6178
f 6177 6059 6057
f 6175 6177 6057
f 6176 6056 6058
f 6174 6056 6176
f 6175 6057 6055
f 6173 6175 6055
f 6174 6054 6056
f 6172 6054 6174
f 6189 6071 6069
f 6187 6189 6069
f 6188 6068 6070
f 6186 6068 6188
f 6187 6069 6067
f 6185 6187 6067
f 6186 6066 6068
f 6184 6066 6186
f 6185 6067 6065
f 6183 6185 6065
f 6184 6064 6066
f 6182 6064 6184
f 6183 6065 6063
f 6181 6183 6063
f 6182 6062 6064
f 6180 6062 6182
f 6197 6079 6077
f 6195 6197 6077
f 6196 6076 6078
f 6194 6076 6196
f 6195 6077 6075
f 6193 6195 6075
f 6194 6074 6076
f 6192 6074 6194
f 6193 6075 6073
f 6191 6193 6073
f 6192 6072 6074
f 6190 6072 6192
f 6191 6073 6071
f 6189 6191 6071
f 6190 6070 6072
f 6188 6070 6190
f 6205 6087 6085
f 6203 6205 6085
f 6204 6084 6086
f 6202 6084 6204
f 6203 6085 6083
f 6201 6203 6083
f 6202 6082 6084
f 6200 6082 6202
f 6201 6083 6081
f 6199 6201 6081
f 6200 6080 6082
f 6198 6080 6200
f 6199 6081 6079
f 6197 6199 6079
f 6198 6078 6080
f 6196 6078 6198
f 6213 6095 6093
f 6211 6213 6093
f 6212 6092 6094
f 6210 6092 6212
f 6211 6093 6091
f 6209 6211 6091
f 6210 6090 6092
f 6208 6090 6210
f 6209 6091 6089
f 6207 6209 6089
f 6208 6088 6090
f 6206 6088 6208
f 6207 6089 6087
f 6205 6207 6087
f 6206 6086 6088
f 6204 6086 6206
f 6221 6103 6101
f 6219 6221 6101
f 6220 6100 6102
f 6218 6100 6220
f 6219 6101 6099
f 6217 6219 6099
f 6218 6098 6100
f 6216 6098 6218
f 6217 6099 6097
f 6215 6217 6097
f 6216 6096 6098
f 6214 6096 6216
f 6215 6097 6095
f 6213 6215 6095
f 6214 6094 6096
f 6212 6094 6214
f 6229 6111 6109
f 6227 6229 6109
f 6228 6108 6110
f 6226 6108 6228
f 6227 6109 6107
f 6225 6227 6107
f 6226 6106 6108
f 6224 6106 6226
f 6225 6107 6105
f 6223 6225 6105
f 6224 6104 6106
f 6222 6104 6224
f 6223 6105 6103
f 6221 6223 6103
f 6222 6102 6104
f 6220 6102 6222
f 6118 6237 6119
f 6236 6237 6118
f 6117 6236 6118
f 6235 6236 6117
f 6235 6117 6233
f 6233 6117 6115
f 6234 6114 6116
f 6232 6114 6234
f 6233 6115 6113
f 6231 6233 6113
f 6232 6112 6114
f 6230 6112 6232
f 6231 6113 6111
f 6229 6231 6111
f 6230 6110 6112
f 6228 6110 6230
f 6245 6127 6122
f 6240 6245 6122
f 6126 6244 6125
f 6125 6244 6243
f 6124 6125 6243
f 6242 6124 6243
f 6123 6124 6242
f 6241 6123 6242
f 6121 6123 6241
f 6239 6121 6241
f 6121 6239 6122
f 6122 6239 6240
f 6234 6116 6238
f 6238 6116 6120
f 6119 6238 6120
f 6237 6238 6119
f 6253 6135 6133
f 6251 6253 6133
f 6252 6132 6134
f 6250 6132 6252
f 6251 6133 6131
f 6249 6251 6131
f 6250 6130 6132
f 6248 6130 6250
f 6249 6131 6129
f 6247 6249 6129
f 6248 6128 6130
f 6246 6128 6248
f 6247 6129 6127
f 6245 6247 6127
f 6246 6126 6128
f 6244 6126 6246
f 6261 6143 6141
f 6259 6261 6141
f 6260 6140 6142
f 6258 6140 6260
f 6259 6141 6139
f 6257 6259 6139
f 6258 6138 6140
f 6256 6138 6258
f 6257 6139 6137
f 6255 6257 6137
f 6256 6136 6138
f 6254 6136 6256
f 6255 6137 6135
f 6253 6255 6135
f 6254 6134 6136
f 6252 6134 6254
f 6269 6151 6149
f 6267 6269 6149
f 6268 6148 6150
f 6266 6148 6268
f 6267 6149 6147
f 6265 6267 6147
f 6266 6146 6148
f 6264 6146 6266
f 6265 6147 6145
f 6263 6265 6145
f 6264 6144 6146
f 6262 6144 6264
f 6263 6145 6143
f 6261 6263 6143
f 6262 6142 6144
f 6260 6142 6262
f 6277 6159 6157
f 6275 6277 6157
f 6276 6156 6158
f 6274 6156 6276
f 6275 6157 6155
f 6273 6275 6155
f 6274 6154 6156
f 6272 6154 6274
f 6273 6155 6153
f 6271 6273 6153
f 6272 6152 6154
f 6270 6152 6272
f 6271 6153 6151
f 6269 6271 6151
f 6270 6150 6152
f 6268 6150 6270
f 6285 6167 6165
f 6283 6285 6165
f 6284 6164 6166
f 6282 6164 6284
f 6283 6165 6163
f 6281 6283 6163
f 6282 6162 6164
f 6280 6162 6282
f 6281 6163 6161
f 6279 6281 6161
f 6280 6160 6162
f 6278 6160 6280
f 6279 6161 6159
f 6277 6279 6159
f 6278 6158 6160
f 6276 6158 6278
f 6293 6175 6173
f 6291 6293 6173
f 6292 6172 6174
f 6290 6172 6292
f 6291 6173 6171
f 6289 6291 6171
f 6290 6170 6172
f 6288 6170 6290
f 6289 6171 6169
f 6287 6289 6169
f 6288 6168 6170
f 6286 6168 6288
f 6287 6169 6167
f 6285 6287 6167
f 6286 6166 6168
f 6284 6166 6286
f 6301 6183 6181
f 6299 6301 6181
f 6300 6180 6182
f 6298 6180 6300
f 6299 6181 6179
f 6297 6299 6179
f 6298 6178 6180
f 6296 6178 6298
f 6297 6179 6177
f 6295 6297 6177
f 6296 6176 6178
f 6294 6176 6296
f 6295 6177 6175
f 6293 6295 6175
f 6294 6174 6176
f 6292 6174 6294
f 6309 6191 6189
f 6307 6309 6189
f 6308 6188 6190
f 6306 6188 6308
f 6307 6189 6187
f 6305 6307 6187
f 6306 6186 6188
f 6304 6186 6306
f 6305 6187 6185
f 6303 6305 6185
f 6304 6184 6186
f 6302 6184 6304
f 6303 6185 6183
f 6301 6303 6183
f 6302 6182 6184
f 6300 6182 6302
f 6317 6199 6197
f 6315 6317 6197
f 6316 6196 6198
f 6314 6196 6316
f 6315 6197 6195
f 6313 6315 6195
f 6314 6194 6196
f 6312 6194 6314
f 6313 6195 6193
f 6311 6313 6193
f 6312 6192 6194
f 6310 6192 6312
f 6311 6193 6191
f 6309 6311 6191
f 6310 6190 6192
f 6308 6190 6310
f 6325 6207 6205
f 6323 6325 6205
f 6324 6204 6206
f 6322 6204 6324
f 6323 6205 6203
f 6321 6323 6203
f 6322 6202 6204
f 6320 6202 6322
f 6321 6203 6201
f 6319 6321 6201
f 6320 6200 6202
f 6318 6200 6320
f 6319 6201 6199
f 6317 6319 6199
f 6318 6198 6200
f 6316 6198 6318
f 6333 6215 6213
f 6331 6333 6213
f 6332 6212 6214
f 6330 6212 6332
f 6331 6213 6211
f 6329 6331 6211
f 6330 6210 6212
f 6328 6210 6330
f 6329 6211 6209
f 6327 6329 6209
f 6328 6208 6210
f 6326 6208 6328
f 6327 6209 6207
f 6325 6327 6207
f 6326 6206 6208
f 6324 6206 6326
f 6341 6223 6221
f 6339 6341 6221
f 6340 6220 6222
f 6338 6220 6340
f 6339 6221 6219
f 6337 6339 6219
f 6338 6218 6220
f 6336 6218 6338
f 6337 6219 6217
f 6335 6337 6217
f 6336 6216 6218
f 6334 6216 6336
f 6335 6217 6215
f 6333 6335 6215
f 6334 6214 6216
f 6332 6214 6334
f 6349 6231 6229
f 6347 6349 6229
f 6348 6228 6230
f 6346 6228 6348
f 6347 6229 6227
f 6345 6347 6227
f 6346 6226 6228
f 6344 6226 6346
f 6345 6227 6225
f 6343 6345 6225
f 6344 6224 6226
f 6342 6224 6344
f 6343 6225 6223
f 6341 6343 6223
f 6342 6222 6224
f 6340 6222 6342
f 6352 6234 6356
f 6356 6234 6238
f 6237 6356 6238
f 6355 6356 6237
f 6236 6355 6237
f 6354 6355 6236
f 6235 6354 6236
f 6353 6354 6235
f 6353 6235 6351
f 6351 6235 6233
f 6352 6232 6234
f 6350 6232 6352
f 6351 6233 6231
f 6349 6351 6231
f 6350 6230 6232
f 6348 6230 6350
f 6365 6247 6245
f 6363 6365 6245
f 6364 6244 6246
f 6362 6244 6364
f 6363 6245 6240
f 6358 6363 6240
f 6244 6362 6243
f 6243 6362 6361
f 6242 6243 6361
f 6360 6242 6361
f 6241 6242 6360
f 6359 6241 6360
f 6239 6241 6359
f 6357 6239 6359
f 6239 6357 6240
f 6240 6357 6358
f 6373 6255 6253
f 6371 6373 6253
f 6372 6252 6254
f 6370 6252 6372
f 6371 6253 6251
f 6369 6371 6251
f 6370 6250 6252
f 6368 6250 6370
f 6369 6251 6249
f 6367 6369 6249
f 6368 6248 6250
f 6366 6248 6368
f 6367 6249 6247
f 6365 6367 6247
f 6366 6246 6248
f 6364 6246 6366
f 6381 6263 6261
f 6379 6381 6261
f 6380 6260 6262
f 6378 6260 6380
f 6379 6261 6259
f 6377 6379 6259
f 6378 6258 6260
f 6376 6258 6378
f 6377 6259 6257
f 6375 6377 6257
f 6376 6256 6258
f 6374 6256 6376
f 6375 6257 6255
f 6373 6375 6255
f 6374 6254 6256
f 6372 6254 6374
f 6389 6271 6269
f 6387 6389 6269
f 6388 6268 6270
f 6386 6268 6388
f 6387 6269 6267
f 6385 6387 6267
f 6386 6266 6268
f 6384 6266 6386
f 6385 6267 6265
f 6383 6385 6265
f 6384 6264 6266
f 6382 6264 6384
f 6383 6265 6263
f 6381 6383 6263
f 6382 6262 6264
f 6380 6262 6382
f 6397 6279 6277
f 6395 6397 6277
f 6396 6276 6278
f 6394 6276 6396
f 6395 6277 6275
f 6393 6395 6275
f 6394 6274 6276
f 6392 6274 6394
f 6393 6275 6273
f 6391 6393 6273
f 6392 6272 6274
f 6390 6272 6392
f 6391 6273 6271
f 6389 6391 6271
f 6390 6270 6272
f 6388 6270 6390
f 6405 6287 6285
f 6403 6405 6285
f 6404 6284 6286
f 6402 6284 6404
f 6403 6285 6283
f 6401 6403 6283
f 6402 6282 6284
f 6400 6282 6402
f 6401 6283 6281
f 6399 6401 6281
f 6400 6280 6282
f 6398 6280 6400
f 6399 6281 6279
f 6397 6399 6279
f 6398 6278 6280
f 6396 6278 6398
f 6413 6295 6293
f 6411 6413 6293
f 6412 6292 6294
f 6410 6292 6412
f 6411 6293 6291
f 6409 6411 6291
f 6410 6290 6292
f 6408 6290 6410
f 6409 6291 6289
f 6407 6409 6289
f 6408 6288 6290
f 6406 6288 6408
f 6407 6289 6287
f 6405 6407 6287
f 6406 6286 6288
f 6404 6286 6406
f 6421 6303 6301
f 6419 6421 6301
f 6420 6300 6302
f 6418 6300 6420
f 6419 6301 6299
f 6417 6419 6299
f 6418 6298 6300
f 6416 6298 6418
f 6417 6299 6297
f 6415 6417 6297
f 6416 6296 6298
f 6414 6296 6416
f 6415 6297 6295
f 6413 6415 6295
f 6414 6294 6296
f 6412 6294 6414
f 6429 6311 6309
f 6427 6429 6309
f 6428 6308 6310
f 6426 6308 6428
f 6427 6309 6307
f 6425 6427 6307
f 6426 6306 6308
f 6424 6306 6426
f 6425 6307 6305
f 6423 6425 6305
f 6424 6304 6306
f 6422 6304 6424
f 6423 6305 6303
f 6421 6423 6303
f 6422 6302 6304
f 6420 6302 6422
f 6437 6319 6317
f 6435 6437 6317
f 6436 6316 6318
f 6434 6316 6436
f 6435 6317 6315
f 6433 6435 6315
f 6434 6314 6316
f 6432 6314 6434
f 6433 6315 6313
f 6431 6433 6313
f 6432 6312 6314
f 6430 6312 6432
f 6431 6313 6311
f 6429 6431 6311
f 6430 6310 6312
f 6428 6310 6430
f 6445 6327 6325
f 6443 6445 6325
f 6444 6324 6326
f 6442 6324 6444
f 6443 6325 6323
f 6441 6443 6323
f 6442 6322 6324
f 6440 6322 6442
f 6441 6323 6321
f 6439 6441 6321
f 6440 6320 6322
f 6438 6320 6440
f 6439 6321 6319
f 6437 6439 6319
f 6438 6318 6320
f 6436 6318 6438
f 6453 6335 6333
f 6451 6453 6333
f 6452 6332 6334
f 6450 6332 6452
f 6451 6333 6331
f 6449 6451 6331
f 6450 6330 6332
f 6448 6330 6450
f 6449 6331 6329
f 6447 6449 6329
f 6448 6328 6330
f 6446 6328 6448
f 6447 6329 6327
f 6445 6447 6327
f 6446 6326 6328
f 6444 6326 6446
f 6461 6343 6341
f 6459 6461 6341
f 6460 6340 6342
f 6458 6340 6460
f 6459 6341 6339
f 6457 6459 6339
f 6458 6338 6340
f 6456 6338 6458
f 6457 6339 6337
f 6455 6457 6337
f 6456 6336 6338
f 6454 6336 6456
f 6455 6337 6335
f 6453 6455 6335
f 6454 6334 6336
f 6452 6334 6454
f 6469 6351 6349
f 6467 6469 6349
f 6468 6348 6350
f 6466 6348 6468
f 6467 6349 6347
f 6465 6467 6347
f 6466 6346 6348
f 6464 6346 6466
f 6465 6347 6345
f 6463 6465 6345
f 6464 6344 6346
f 6462 6344 6464
f 6463 6345 6343
f 6461 6463 6343
f 6462 6342 6344
f 6460 6342 6462
f 6357 6359 6477
f 6475 6357 6477
f 6357 6475 6358
f 6358 6475 6476
f 6470 6352 6474
f 6474 6352 6356
f 6355 6474 6356
f 6473 6474 6355
f 6354 6473 6355
f 6472 6473 6354
f 6353 6472 6354
f 6471 6472 6353
f 6471 6353 6469
f 6469 6353 6351
f 6470 6350 6352
f 6468 6350 6470
f 6485 6367 6365
f 6483 6485 6365
f 6484 6364 6366
f 6482 6364 6484
f 6483 6365 6363
f 6481 6483 6363
f 6482 6362 6364
f 6480 6362 6482
f 6481 6363 6358
f 6476 6481 6358
f 6362 6480 6361
f 6361 6480 6479
f 6360 6361 6479
f 6478 6360 6479
f 6359 6360 6478
f 6477 6359 6478
f 6493 6375 6373
f 6491 6493 6373
f 6492 6372 6374
f 6490 6372 6492
f 6491 6373 6371
f 6489 6491 6371
f 6490 6370 6372
f 6488 6370 6490
f 6489 6371 6369
f 6487 6489 6369
f 6488 6368 6370
f 6486 6368 6488
f 6487 6369 6367
f 6485 6487 6367
f 6486 6366 6368
f 6484 6366 6486
f 6501 6383 6381
f 6499 6501 6381
f 6500 6380 6382
f 6498 6380 6500
f 6499 6381 6379
f 6497 6499 6379
f 6498 6378 6380
f 6496 6378 6498
f 6497 6379 6377
f 6495 6497 6377
f 6496 6376 6378
f 6494 6376 6496
f 6495 6377 6375
f 6493 6495 6375
f 6494 6374 6376
f 6492 6374 6494
f 6509 6391 6389
f 6507 6509 6389
f 6508 6388 6390
f 6506 6388 6508
f 6507 6389 6387
f 6505 6507 6387
f 6506 6386 6388
f 6504 6386 6506
f 6505 6387 6385
f 6503 6505 6385
f 6504 6384 6386
f 6502 6384 6504
f 6503 6385 6383
f 6501 6503 6383
f 6502 6382 6384
f 6500 6382 6502
f 6517 6399 6397
f 6515 6517 6397
f 6516 6396 6398
f 6514 6396 6516
f 6515 6397 6395
f 6513 6515 6395
f 6514 6394 6396
f 6512 6394 6514
f 6513 6395 6393
f 6511 6513 6393
f 6512 6392 6394
f 6510 6392 6512
f 6511 6393 6391
f 6509 6511 6391
f 6510 6390 6392
f 6508 6390 6510
f 6525 6407 6405
f 6523 6525 6405
f 6524 6404 6406
f 6522 6404 6524
f 6523 6405 6403
f 6521 6523 6403
f 6522 6402 6404
f 6520 6402 6522
f 6521 6403 6401
f 6519 6521 6401
f 6520 6400 6402
f 6518 6400 6520
f 6519 6401 6399
f 6517 6519 6399
f 6518 6398 6400
f 6516 6398 6518
f 6533 6415 6413
f 6531 6533 6413
f 6532 6412 6414
f 6530 6412 6532
f 6531 6413 6411
f 6529 6531 6411
f 6530 6410 6412
f 6528 6410 6530
f 6529 6411 6409
f 6527 6529 6409
f 6528 6408 6410
f 6526 6408 6528
f 6527 6409 6407
f 6525 6527 6407
f 6526 6406 6408
f 6524 6406 6526
f 6541 6423 6421
f 6539 6541 6421
f 6540 6420 6422
f 6538 6420 6540
f 6539 6421 6419
f 6537 6539 6419
f 6538 6418 6420
f 6536 6418 6538
f 6537 6419 6417
f 6535 6537 6417
f 6536 6416 6418
f 6534 6416 6536
f 6535 6417 6415
f 6533 6535 6415
f 6534 6414 6416
f 6532 6414 6534
f 6549 6431 6429
f 6547 6549 6429
f 6548 6428 6430
f 6546 6428 6548
f 6547 6429 6427
f 6545 6547 6427
f 6546 6426 6428
f 6544 6426 6546
f 6545 6427 6425
f 6543 6545 6425
f 6544 6424 6426
f 6542 6424 6544
f 6543 6425 6423
f 6541 6543 6423
f 6542 6422 6424
f 6540 6422 6542
f 6557 6439 6437
f 6555 6557 6437
f 6556 6436 6438
f 6554 6436 6556
f 6555 6437 6435
f 6553 6555 6435
f 6554 6434 6436
f 6552 6434 6554
f 6553 6435 6433
f 6551 6553 6433
f 6552 6432 6434
f 6550 6432 6552
f 6551 6433 6431
f 6549 6551 6431
f 6550 6430 6432
f 6548 6430 6550
f 6565 6447 6445
f 6563 6565 6445
f 6564 6444 6446
f 6562 6444 6564
f 6563 6445 6443
f 6561 6563 6443
f 6562 6442 6444
f 6560 6442 6562
f 6561 6443 6441
f 6559 6561 6441
f 6560 6440 6442
f 6558 6440 6560
f 6559 6441 6439
f 6557 6559 6439
f 6558 6438 6440
f 6556 6438 6558
f 6573 6455 6453
f 6571 6573 6453
f 6572 6452 6454
f 6570 6452 6572
f 6571 6453 6451
f 6569 6571 6451
f 6570 6450 6452
f 6568 6450 6570
f 6569 6451 6449
f 6567 6569 6449
f 6568 6448 6450
f 6566 6448 6568
f 6567 6449 6447
f 6565 6567 6447
f 6566 6446 6448
f 6564 6446 6566
f 6581 6463 6461
f 6579 6581 6461
f 6580 6460 6462
f 6578 6460 6580
f 6579 6461 6459
f 6577 6579 6459
f 6578 6458 6460
f 6576 6458 6578
f 6577 6459 6457
f 6575 6577 6457
f 6576 6456 6458
f 6574 6456 6576
f 6575 6457 6455
f 6573 6575 6455
f 6574 6454 6456
f 6572 6454 6574
f 6589 6471 6587
f 6587 6471 6469
f 6588 6468 6470
f 6586 6468 6588
f 6587 6469 6467
f 6585 6587 6467
f 6586 6466 6468
f 6584 6466 6586
f 6585 6467 6465
f 6583 6585 6465
f 6584 6464 6466
f 6582 6464 6584
f 6583 6465 6463
f 6581 6583 6463
f 6582 6462 6464
f 6580 6462 6582
f 6478 6479 6597
f 6596 6478 6597
f 6477 6478 6596
f 6595 6477 6596
f 6475 6477 6595
f 6593 6475 6595
f 6475 6593 6476
f 6476 6593 6594
f 6588 6470 6592
f 6592 6470 6474
f 6473 6592 6474
f 6591 6592 6473
f 6472 6591 6473
f 6590 6591 6472
f 6471 6590 6472
f 6589 6590 6471
f 6605 6487 6485
f 6603 6605 6485
f 6604 6484 6486
f 6602 6484 6604
f 6603 6485 6483
f 6601 6603 6483
f 6602 6482 6484
f 6600 6482 6602
f 6601 6483 6481
f 6599 6601 6481
f 6600 6480 6482
f 6598 6480 6600
f 6599 6481 6476
f 6594 6599 6476
f 6480 6598 6479
f 6479 6598 6597
f 6613 6495 6493
f 6611 6613 6493
f 6612 6492 6494
f 6610 6492 6612
f 6611 6493 6491
f 6609 6611 6491
f 6610 6490 6492
f 6608 6490 6610
f 6609 6491 6489
f 6607 6609 6489
f 6608 6488 6490
f 6606 6488 6608
f 6607 6489 6487
f 6605 6607 6487
f 6606 6486 6488
f 6604 6486 6606
f 6621 6503 6501
f 6619 6621 6501
f 6620 6500 6502
f 6618 6500 6620
f 6619 6501 6499
f 6617 6619 6499
f 6618 6498 6500
f 6616 6498 6618
f 6617 6499 6497
f 6615 6617 6497
f 6616 6496 6498
f 6614 6496 6616
f 6615 6497 6495
f 6613 6615 6495
f 6614 6494 6496
f 6612 6494 6614
f 6629 6511 6509
f 6627 6629 6509
f 6628 6508 6510
f 6626 6508 6628
f 6627 6509 6507
f 6625 6627 6507
f 6626 6506 6508
f 6624 6506 6626
f 6625 6507 6505
f 6623 6625 6505
f 6624 6504 6506
f 6622 6504 6624
f 6623 6505 6503
f 6621 6623 6503
f 6622 6502 6504
f 6620 6502 6622
f 6637 6519 6517
f 6635 6637 6517
f 6636 6516 6518
f 6634 6516 6636
f 6635 6517 6515
f 6633 6635 6515
f 6634 6514 6516
f 6632 6514 6634
f 6633 6515 6513
f 6631 6633 6513
f 6632 6512 6514
f 6630 6512 6632
f 6631 6513 6511
f 6629 6631 6511
f 6630 6510 6512
f 6628 6510 6630
f 6645 6527 6525
f 6643 6645 6525
f 6644 6524 6526
f 6642 6524 6644
f 6643 6525 6523
f 6641 6643 6523
f 6642 6522 6524
f 6640 6522 6642
f 6641 6523 6521
f 6639 6641 6521
f 6640 6520 6522
f 6638 6520 6640
f 6639 6521 6519
f 6637 6639 6519
f 6638 6518 6520
f 6636 6518 6638
f 6653 6535 6533
f 6651 6653 6533
f 6652 6532 6534
f 6650 6532 6652
f 6651 6533 6531
f 6649 6651 6531
f 6650 6530 6532
f 6648 6530 6650
f 6649 6531 6529
f 6647 6649 6529
f 6648 6528 6530
f 6646 6528 6648
f 6647 6529 6527
f 6645 6647 6527
f 6646 6526 6528
f 6644 6526 6646
f 6661 6543 6541
f 6659 6661 6541
f 6660 6540 6542
f 6658 6540 6660
f 6659 6541 6539
f 6657 6659 6539
f 6658 6538 6540
f 6656 6538 6658
f 6657 6539 6537
f 6655 6657 6537
f 6656 6536 6538
f 6654 6536 6656
f 6655 6537 6535
f 6653 6655 6535
f 6654 6534 6536
f 6652 6534 6654
f 6669 6551 6549
f 6667 6669 6549
f 6668 6548 6550
f 6666 6548 6668
f 6667 6549 6547
f 6665 6667 6547
f 6666 6546 6548
f 6664 6546 6666
f 6665 6547 6545
f 6663 6665 6545
f 6664 6544 6546
f 6662 6544 6664
f 6663 6545 6543
f 6661 6663 6543
f 6662 6542 6544
f 6660 6542 6662
f 6677 6559 6557
f 6675 6677 6557
f 6676 6556 6558
f 6674 6556 6676
f 6675 6557 6555
f 6673 6675 6555
f 6674 6554 6556
f 6672 6554 6674
f 6673 6555 6553
f 6671 6673 6553
f 6672 6552 6554
f 6670 6552 6672
f 6671 6553 6551
f 6669 6671 6551
f 6670 6550 6552
f 6668 6550 6670
f 6685 6567 6565
f 6683 6685 6565
f 6684 6564 6566
f 6682 6564 6684
f 6683 6565 6563
f 6681 6683 6563
f 6682 6562 6564
f 6680 6562 6682
f 6681 6563 6561
f 6679 6681 6561
f 6680 6560 6562
f 6678 6560 6680
f 6679 6561 6559
f 6677 6679 6559
f 6678 6558 6560
f 6676 6558 6678
f 6693 6575 6573
f 6691 6693 6573
f 6692 6572 6574
f 6690 6572 6692
f 6691 6573 6571
f 6689 6691 6571
f 6690 6570 6572
f 6688 6570 6690
f 6689 6571 6569
f 6687 6689 6569
f 6688 6568 6570
f 6686 6568 6688
f 6687 6569 6567
f 6685 6687 6567
f 6686 6566 6568
f 6684 6566 6686
f 6701 6583 6581
f 6699 6701 6581
f 6700 6580 6582
f 6698 6580 6700
f 6699 6581 6579
f 6697 6699 6579
f 6698 6578 6580
f 6696 6578 6698
f 6697 6579 6577
f 6695 6697 6577
f 6696 6576 6578
f 6694 6576 6696
f 6695 6577 6575
f 6693 6695 6575
f 6694 6574 6576
f 6692 6574 6694
f 6590 6709 6591
f 6708 6709 6590
f 6589 6708 6590
f 6707 6708 6589
f 6707 6589 6705
f 6705 6589 6587
f 6706 6586 6588
f 6704 6586 6706
f 6705 6587 6585
f 6703 6705 6585
f 6704 6584 6586
f 6702 6584 6704
f 6703 6585 6583
f 6701 6703 6583
f 6702 6582 6584
f 6700 6582 6702
f 6717 6599 6594
f 6712 6717 6594
f 6598 6716 6597
f 6597 6716 6715
f 6596 6597 6715
f 6714 6596 6715
f 6595 6596 6714
f 6713 6595 6714
f 6593 6595 6713
f 6711 6593 6713
f 6593 6711 6594
f 6594 6711 6712
f 6706 6588 6710
f 6710 6588 6592
f 6591 6710 6592
f 6709 6710 6591
f 6725 6607 6605
f 6723 6725 6605
f 6724 6604 6606
f 6722 6604 6724
f 6723 6605 6603
f 6721 6723 6603
f 6722 6602 6604
f 6720 6602 6722
f 6721 6603 6601
f 6719 6721 6601
f 6720 6600 6602
f 6718 6600 6720
f 6719 6601 6599
f 6717 6719 6599
f 6718 6598 6600
f 6716 6598 6718
f 6733 6615 6613
f 6731 6733 6613
f 6732 6612 6614
f 6730 6612 6732
f 6731 6613 6611
f 6729 6731 6611
f 6730 6610 6612
f 6728 6610 6730
f 6729 6611 6609
f 6727 6729 6609
f 6728 6608 6610
f 6726 6608 6728
f 6727 6609 6607
f 6725 6727 6607
f 6726 6606 6608
f 6724 6606 6726
f 6741 6623 6621
f 6739 6741 6621
f 6740 6620 6622
f 6738 6620 6740
f 6739 6621 6619
f 6737 6739 6619
f 6738 6618 6620
f 6736 6618 6738
f 6737 6619 6617
f 6735 6737 6617
f 6736 6616 6618
f 6734 6616 6736
f 6735 6617 6615
f 6733 6735 6615
f 6734 6614 6616
f 6732 6614 6734
f 6749 6631 6629
f 6747 6749 6629
f 6748 6628 6630
f 6746 6628 6748
f 6747 6629 6627
f 6745 6747 6627
f 6746 6626 6628
f 6744 6626 6746
f 6745 6627 6625
f 6743 6745 6625
f 6744 6624 6626
f 6742 6624 6744
f 6743 6625 6623
f 6741 6743 6623
f 6742 6622 6624
f 6740 6622 6742
f 6757 6639 6637
f 6755 6757 6637
f 6756 6636 6638
f 6754 6636 6756
f 6755 6637 6635
f 6753 6755 6635
f 6754 6634 6636
f 6752 6634 6754
f 6753 6635 6633
f 6751 6753 6633
f 6752 6632 6634
f 6750 6632 6752
f 6751 6633 6631
f 6749 6751 6631
f 6750 6630 6632
f 6748 6630 6750
f 6765 6647 6645
f 6763 6765 6645
f 6764 6644 6646
f 6762 6644 6764
f 6763 6645 6643
f 6761 6763 6643
f 6762 6642 6644
f 6760 6642 6762
f 6761 6643 6641
f 6759 6761 6641
f 6760 6640 6642
f 6758 6640 6760
f 6759 6641 6639
f 6757 6759 6639
f 6758 6638 6640
f 6756 6638 6758
f 6773 6655 6653
f 6771 6773 6653
f 6772 6652 6654
f 6770 6652 6772
f 6771 6653 6651
f 6769 6771 6651
f 6770 6650 6652
f 6768 6650 6770
f 6769 6651 6649
f 6767 6769 6649
f 6768 6648 6650
f 6766 6648 6768
f 6767 6649 6647
f 6765 6767 6647
f 6766 6646 6648
f 6764 6646 6766
f 6781 6663 6661
f 6779 6781 6661
f 6780 6660 6662
f 6778 6660 6780
f 6779 6661 6659
f 6777 6779 6659
f 6778 6658 6660
f 6776 6658 6778
f 6777 6659 6657
f 6775 6777 6657
f 6776 6656 6658
f 6774 6656 6776
f 6775 6657 6655
f 6773 6775 6655
f 6774 6654 6656
f 6772 6654 6774
f 6789 6671 6669
f 6787 6789 6669
f 6788 6668 6670
f 6786 6668 6788
f 6787 6669 6667
f 6785 6787 6667
f 6786 6666 6668
f 6784 6666 6786
f 6785 6667 6665
f 6783 6785 6665
f 6784 6664 6666
f 6782 6664 6784
f 6783 6665 6663
f 6781 6783 6663
f 6782 6662 6664
f 6780 6662 6782
f 6797 6679 6677
f 6795 6797 6677
f 6796 6676 6678
f 6794 6676 6796
f 6795 6677 6675
f 6793 6795 6675
f 6794 6674 6676
f 6792 6674 6794
f 6793 6675 6673
f 6791 6793 6673
f 6792 6672 6674
f 6790 6672 6792
f 6791 6673 6671
f 6789 6791 6671
f 6790 6670 6672
f 6788 6670 6790
f 6805 6687 6685
f 6803 6805 6685
f 6804 6684 6686
f 6802 6684 6804
f 6803 6685 6683
f 6801 6803 6683
f 6802 6682 6684
f 6800 6682 6802
f 6801 6683 6681
f 6799 6801 6681
f 6800 6680 6682
f 6798 6680 6800
f 6799 6681 6679
f 6797 6799 6679
f 6798 6678 6680
f 6796 6678 6798
f 6813 6695 6693
f 6811 6813 6693
f 6812 6692 6694
f 6810 6692 6812
f 6811 6693 6691
f 6809 6811 6691
f 6810 6690 6692
f 6808 6690 6810
f 6809 6691 6689
f 6807 6809 6689
f 6808 6688 6690
f 6806 6688 6808
f 6807 6689 6687
f 6805 6807 6687
f 6806 6686 6688
f 6804 6686 6806
f 6821 6703 6701
f 6819 6821 6701
f 6820 6700 6702
f 6818 6700 6820
f 6819 6701 6699
f 6817 6819 6699
f 6818 6698 6700
f 6816 6698 6818
f 6817 6699 6697
f 6815 6817 6697
f 6816 6696 6698
f 6814 6696 6816
f 6815 6697 6695
f 6813 6815 6695
f 6814 6694 6696
f 6812 6694 6814
f 6824 6706 6828
f 6828 6706 6710
f 6709 6828 6710
f 6827 6828 6709
f 6708 6827 6709
f 6826 6827 6708
f 6707 6826 6708
f 6825 6826 6707
f 6825 6707 6823
f 6823 6707 6705
f 6824 6704 6706
f 6822 6704 6824
f 6823 6705 6703
f 6821 6823 6703
f 6822 6702 6704
f 6820 6702 6822
f 6837 6719 6717
f 6835 6837 6717
f 6836 6716 6718
f 6834 6716 6836
f 6835 6717 6712
f 6830 6835 6712
f 6716 6834 6715
f 6715 6834 6833
f 6714 6715 6833
f 6832 6714 6833
f 6713 6714 6832
f 6831 6713 6832
f 6711 6713 6831
f 6829 6711 6831
f 6711 6829 6712
f 6712 6829 6830
f 6845 6727 6725
f 6843 6845 6725
f 6844 6724 6726
f 6842 6724 6844
f 6843 6725 6723
f 6841 6843 6723
f 6842 6722 6724
f 6840 6722 6842
f 6841 6723 6721
f 6839 6841 6721
f 6840 6720 6722
f 6838 6720 6840
f 6839 6721 6719
f 6837 6839 6719
f 6838 6718 6720
f 6836 6718 6838
f 6853 6735 6733
f 6851 6853 6733
f 6852 6732 6734
f 6850 6732 6852
f 6851 6733 6731
f 6849 6851 6731
f 6850 6730 6732
f 6848 6730 6850
f 6849 6731 6729
f 6847 6849 6729
f 6848 6728 6730
f 6846 6728 6848
f 6847 6729 6727
f 6845 6847 6727
f 6846 6726 6728
f 6844 6726 6846
f 6861 6743 6741
f 6859 6861 6741
f 6860 6740 6742
f 6858 6740 6860
f 6859 6741 6739
f 6857 6859 6739
f 6858 6738 6740
f 6856 6738 6858
f 6857 6739 6737
f 6855 6857 6737
f 6856 6736 6738
f 6854 6736 6856
f 6855 6737 6735
f 6853 6855 6735
f 6854 6734 6736
f 6852 6734 6854
f 6869 6751 6749
f 6867 6869 6749
f 6868 6748 6750
f 6866 6748 6868
f 6867 6749 6747
f 6865 6867 6747
f 6866 6746 6748
f 6864 6746 6866
f 6865 6747 6745
f 6863 6865 6745
f 6864 6744 6746
f 6862 6744 6864
f 6863 6745 6743
f 6861 6863 6743
f 6862 6742 6744
f 6860 6742 6862
f 6877 6759 6757
f 6875 6877 6757
f 6876 6756 6758
f 6874 6756 6876
f 6875 6757 6755
f 6873 6875 6755
f 6874 6754 6756
f 6872 6754 6874
f 6873 6755 6753
f 6871 6873 6753
f 6872 6752 6754
f 6870 6752 6872
f 6871 6753 6751
f 6869 6871 6751
f 6870 6750 6752
f 6868 6750 6870
f 6885 6767 6765
f 6883 6885 6765
f 6884 6764 6766
f 6882 6764 6884
f 6883 6765 6763
f 6881 6883 6763
f 6882 6762 6764
f 6880 6762 6882
f 6881 6763 6761
f 6879 6881 6761
f 6880 6760 6762
f 6878 6760 6880
f 6879 6761 6759
f 6877 6879 6759
f 6878 6758 6760
f 6876 6758 6878
f 6893 6775 6773
f 6891 6893 6773
f 6892 6772 6774
f 6890 6772 6892
f 6891 6773 6771
f 6889 6891 6771
f 6890 6770 6772
f 6888 6770 6890
f 6889 6771 6769
f 6887 6889 6769
f 6888 6768 6770
f 6886 6768 6888
f 6887 6769 6767
f 6885 6887 6767
f 6886 6766 6768
f 6884 6766 6886
f 6901 6783 6781
f 6899 6901 6781
f 6900 6780 6782
f 6898 6780 6900
f 6899 6781 6779
f 6897 6899 6779
f 6898 6778 6780
f 6896 6778 6898
f 6897 6779 6777
f 6895 6897 6777
f 6896 6776 6778
f 6894 6776 6896
f 6895 6777 6775
f 6893 6895 6775
f 6894 6774 6776
f 6892 6774 6894
f 6909 6791 6789
f 6907 6909 6789
f 6908 6788 6790
f 6906 6788 6908
f 6907 6789 6787
f 6905 6907 6787
f 6906 6786 6788
f 6904 6786 6906
f 6905 6787 6785
f 6903 6905 6785
f 6904 6784 6786
f 6902 6784 6904
f 6903 6785 6783
f 6901 6903 6783
f 6902 6782 6784
f 6900 6782 6902
f 6917 6799 6797
f 6915 6917 6797
f 6916 6796 6798
f 6914 6796 6916
f 6915 6797 6795
f 6913 6915 6795
f 6914 6794 6796
f 6912 6794 6914
f 6913 6795 6793
f 6911 6913 6793
f 6912 6792 6794
f 6910 6792 6912
f 6911 6793 6791
f 6909 6911 6791
f 6910 6790 6792
f 6908 6790 6910
f 6925 6807 6805
f 6923 6925 6805
f 6924 6804 6806
f 6922 6804 6924
f 6923 6805 6803
f 6921 6923 6803
f 6922 6802 6804
f 6920 6802 6922
f 6921 6803 6801
f 6919 6921 6801
f 6920 6800 6802
f 6918 6800 6920
f 6919 6801 6799
f 6917 6919 6799
f 6918 6798 6800
f 6916 6798 6918
f 6933 6815 6813
f 6931 6933 6813
f 6932 6812 6814
f 6930 6812 6932
f 6931 6813 6811
f 6929 6931 6811
f 6930 6810 6812
f 6928 6810 6930
f 6929 6811 6809
f 6927 6929 6809
f 6928 6808 6810
f 6926 6808 6928
f 6927 6809 6807
f 6925 6927 6807
f 6926 6806 6808
f 6924 6806 6926
f 6941 6823 6821
f 6939 6941 6821
f 6940 6820 6822
f 6938 6820 6940
f 6939 6821 6819
f 6937 6939 6819
f 6938 6818 6820
f 6936 6818 6938
f 6937 6819 6817
f 6935 6937 6817
f 6936 6816 6818
f 6934 6816 6936
f 6935 6817 6815
f 6933 6935 6815
f 6934 6814 6816
f 6932 6814 6934
f 6829 6831 6949
f 6947 6829 6949
f 6829 6947 6830
f 6830 6947 6948
f 6942 6824 6946
f 6946 6824 6828
f 6827 6946 6828
f 6945 6946 6827
f 6826 6945 6827
f 6944 6945 6826
f 6825 6944 6826
f 6943 6944 6825
f 6943 6825 6941
f 6941 6825 6823
f 6942 6822 6824
f 6940 6822 6942
f 6957 6839 6837
f 6955 6957 6837
f 6956 6836 6838
f 6954 6836 6956
f 6955 6837 6835
f 6953 6955 6835
f 6954 6834 6836
f 6952 6834 6954
f 6953 6835 6830
f 6948 6953 6830
f 6834 6952 6833
f 6833 6952 6951
f 6832 6833 6951
f 6950 6832 6951
f 6831 6832 6950
f 6949 6831 6950
f 6965 6847 6845
f 6963 6965 6845
f 6964 6844 6846
f 6962 6844 6964
f 6963 6845 6843
f 6961 6963 6843
f 6962 6842 6844
f 6960 6842 6962
f 6961 6843 6841
f 6959 6961 6841
f 6960 6840 6842
f 6958 6840 6960
f 6959 6841 6839
f 6957 6959 6839
f 6958 6838 6840
f 6956 6838 6958
f 6973 6855 6853
f 6971 6973 6853
f 6972 6852 6854
f 6970 6852 6972
f 6971 6853 6851
f 6969 6971 6851
f 6970 6850 6852
f 6968 6850 6970
f 6969 6851 6849
f 6967 6969 6849
f 6968 6848 6850
f 6966 6848 6968
f 6967 6849 6847
f 6965 6967 6847
f 6966 6846 6848
f 6964 6846 6966
f 6981 6863 6861
f 6979 6981 6861
f 6980 6860 6862
f 6978 6860 6980
f 6979 6861 6859
f 6977 6979 6859
f 6978 6858 6860
f 6976 6858 6978
f 6977 6859 6857
f 6975 6977 6857
f 6976 6856 6858
f 6974 6856 6976
f 6975 6857 6855
f 6973 6975 6855
f 6974 6854 6856
f 6972 6854 6974
f 6989 6871 6869
f 6987 6989 6869
f 6988 6868 6870
f 6986 6868 6988
f 6987 6869 6867
f 6985 6987 6867
f 6986 6866 6868
f 6984 6866 6986
f 6985 6867 6865
f 6983 6985 6865
f 6984 6864 6866
f 6982 6864 6984
f 6983 6865 6863
f 6981 6983 6863
f 6982 6862 6864
f 6980 6862 6982
f 6997 6879 6877
f 6995 6997 6877
f 6996 6876 6878
f 6994 6876 6996
f 6995 6877 6875
f 6993 6995 6875
f 6994 6874 6876
f 6992 6874 6994
f 6993 6875 6873
f 6991 6993 6873
f 6992 6872 6874
f 6990 6872 6992
f 6991 6873 6871
f 6989 6991 6871
f 6990 6870 6872
f 6988 6870 6990
f 7005 6887 6885
f 7003 7005 6885
f 7004 6884 6886
f 7002 6884 7004
f 7003 6885 6883
f 7001 7003 6883
f 7002 6882 6884
f 7000 6882 7002
f 7001 6883 6881
f 6999 7001 6881
f 7000 6880 6882
f 6998 6880 7000
f 6999 6881 6879
f 6997 6999 6879
f 6998 6878 6880
f 6996 6878 6998
f 7013 6895 6893
f 7011 7013 6893
f 7012 6892 6894
f 7010 6892 7012
f 7011 6893 6891
f 7009 7011 6891
f 7010 6890 6892
f 7008 6890 7010
f 7009 6891 6889
f 7007 7009 6889
f 7008 6888 6890
f 7006 6888 7008
f 7007 6889 6887
f 7005 7007 6887
f 7006 6886 6888
f 7004 6886 7006
f 7021 6903 6901
f 7019 7021 6901
f 7020 6900 6902
f 7018 6900 7020
f 7019 6901 6899
f 7017 7019 6899
f 7018 6898 6900
f 7016 6898 7018
f 7017 6899 6897
f 7015 7017 6897
f 7016 6896 6898
f 7014 6896 7016
f 7015 6897 6895
f 7013 7015 6895
f 7014 6894 6896
f 7012 6894 7014
f 7029 6911 6909
f 7027 7029 6909
f 7028 6908 6910
f 7026 6908 7028
f 7027 6909 6907
f 7025 7027 6907
f 7026 6906 6908
f 7024 6906 7026
f 7025 6907 6905
f 7023 7025 6905
f 7024 6904 6906
f 7022 6904 7024
f 7023 6905 6903
f 7021 7023 6903
f 7022 6902 6904
f 7020 6902 7022
f 7037 6919 6917
f 7035 7037 6917
f 7036 6916 6918
f 7034 6916 7036
f 7035 6917 6915
f 7033 7035 6915
f 7034 6914 6916
f 7032 6914 7034
f 7033 6915 6913
f 7031 7033 6913
f 7032 6912 6914
f 7030 6912 7032
f 7031 6913 6911
f 7029 7031 6911
f 7030 6910 6912
f 7028 6910 7030
f 7045 6927 6925
f 7043 7045 6925
f 7044 6924 6926
f 7042 6924 7044
f 7043 6925 6923
f 7041 7043 6923
f 7042 6922 6924
f 7040 6922 7042
f 7041 6923 6921
f 7039 7041 6921
f 7040 6920 6922
f 7038 6920 7040
f 7039 6921 6919
f 7037 7039 6919
f 7038 6918 6920
f 7036 6918 7038
f 7053 6935 6933
f 7051 7053 6933
f 7052 6932 6934
f 7050 6932 7052
f 7051 6933 6931
f 7049 7051 6931
f 7050 6930 6932
f 7048 6930 7050
f 7049 6931 6929
f 7047 7049 6929
f 7048 6928 6930
f 7046 6928 7048
f 7047 6929 6927
f 7045 7047 6927
f 7046 6926 6928
f 7044 6926 7046
f 7061 6943 7059
f 7059 6943 6941
f 7060 6940 6942
f 7058 6940 7060
f 7059 6941 6939
f 7057 7059 6939
f 7058 6938 6940
f 7056 6938 7058
f 7057 6939 6937
f 7055 7057 6937
f 7056 6936 6938
f 7054 6936 7056
f 7055 6937 6935
f 7053 7055 6935
f 7054 6934 6936
f 7052 6934 7054
f 6950 6951 7069
f 7068 6950 7069
f 6949 6950 7068
f 7067 6949 7068
f 6947 6949 7067
f 7065 6947 7067
f 6947 7065 6948
f 6948 7065 7066
f 7060 6942 7064
f 7064 6942 6946
f 6945 7064 6946
f 7063 7064 6945
f 6944 7063 6945
f 7062 7063 6944
f 6943 7062 6944
f 7061 7062 6943
f 7077 6959 6957
f 7075 7077 6957
f 7076 6956 6958
f 7074 6956 7076
f 7075 6957 6955
f 7073 7075 6955
f 7074 6954 6956
f 7072 6954 7074
f 7073 6955 6953
f 7071 7073 6953
f 7072 6952 6954
f 7070 6952 7072
f 7071 6953 6948
f 7066 7071 6948
f 6952 7070 6951
f 6951 7070 7069
f 7085 6967 6965
f 7083 7085 6965
f 7084 6964 6966
f 7082 6964 7084
f 7083 6965 6963
f 7081 7083 6963
f 7082 6962 6964
f 7080 6962 7082
f 7081 6963 6961
f 7079 7081 6961
f 7080 6960 6962
f 7078 6960 7080
f 7079 6961 6959
f 7077 7079 6959
f 7078 6958 6960
f 7076 6958 7078
f 7093 6975 6973
f 7091 7093 6973
f 7092 6972 6974
f 7090 6972 7092
f 7091 6973 6971
f 7089 7091 6971
f 7090 6970 6972
f 7088 6970 7090
f 7089 6971 6969
f 7087 7089 6969
f 7088 6968 6970
f 7086 6968 7088
f 7087 6969 6967
f 7085 7087 6967
f 7086 6966 6968
f 7084 6966 7086
f 7101 6983 6981
f 7099 7101 6981
f 7100 6980 6982
f 7098 6980 7100
f 7099 6981 6979
f 7097 7099 6979
f 7098 6978 6980
f 7096 6978 7098
f 7097 6979 6977
f 7095 7097 6977
f 7096 6976 6978
f 7094 6976 7096
f 7095 6977 6975
f 7093 7095 6975
f 7094 6974 6976
f 7092 6974 7094
f 7109 6991 6989
f 7107 7109 6989
f 7108 6988 6990
f 7106 6988 7108
f 7107 6989 6987
f 7105 7107 6987
f 7106 6986 6988
f 7104 6986 7106
f 7105 6987 6985
f 7103 7105 6985
f 7104 6984 6986
f 7102 6984 7104
f 7103 6985 6983
f 7101 7103 6983
f 7102 6982 6984
f 7100 6982 7102
f 7117 6999 6997
f 7115 7117 6997
f 7116 6996 6998
f 7114 6996 7116
f 7115 6997 6995
f 7113 7115 6995
f 7114 6994 6996
f 7112 6994 7114
f 7113 6995 6993
f 7111 7113 6993
f 7112 6992 6994
f 7110 6992 7112
f 7111 6993 6991
f 7109 7111 6991
f 7110 6990 6992
f 7108 6990 7110
f 7125 7007 7005
f 7123 7125 7005
f 7124 7004 7006
f 7122 7004 7124
f 7123 7005 7003
f 7121 7123 7003
f 7122 7002 7004
f 7120 7002 7122
f 7121 7003 7001
f 7119 7121 7001
f 7120 7000 7002
f 7118 7000 7120
f 7119 7001 6999
f 7117 7119 6999
f 7118 6998 7000
f 7116 6998 7118
f 7133 7015 7013
f 7131 7133 7013
f 7132 7012 7014
f 7130 7012 7132
f 7131 7013 7011
f 7129 7131 7011
f 7130 7010 7012
f 7128 7010 7130
f 7129 7011 7009
f 7127 7129 7009
f 7128 7008 7010
f 7126 7008 7128
f 7127 7009 7007
f 7125 7127 7007
f 7126 7006 7008
f 7124 7006 7126
f 7141 7023 7021
f 7139 7141 7021
f 7140 7020 7022
f 7138 7020 7140
f 7139 7021 7019
f 7137 7139 7019
f 7138 7018 7020
f 7136 7018 7138
f 7137 7019 7017
f 7135 7137 7017
f 7136 7016 7018
f 7134 7016 7136
f 7135 7017 7015
f 7133 7135 7015
f 7134 7014 7016
f 7132 7014 7134
f 7149 7031 7029
f 7147 7149 7029
f 7148 7028 7030
f 7146 7028 7148
f 7147 7029 7027
f 7145 7147 7027
f 7146 7026 7028
f 7144 7026 7146
f 7145 7027 7025
f 7143 7145 7025
f 7144 7024 7026
f 7142 7024 7144
f 7143 7025 7023
f 7141 7143 7023
f 7142 7022 7024
f 7140 7022 7142
f 7157 7039 7037
f 7155 7157 7037
f 7156 7036 7038
f 7154 7036 7156
f 7155 7037 7035
f 7153 7155 7035
f 7154 7034 7036
f 7152 7034 7154
f 7153 7035 7033
f 7151 7153 7033
f 7152 7032 7034
f 7150 7032 7152
f 7151 7033 7031
f 7149 7151 7031
f 7150 7030 7032
f 7148 7030 7150
f 7165 7047 7045
f 7163 7165 7045
f 7164 7044 7046
f 7162 7044 7164
f 7163 7045 7043
f 7161 7163 7043
f 7162 7042 7044
f 7160 7042 7162
f 7161 7043 7041
f 7159 7161 7041
f 7160 7040 7042
f 7158 7040 7160
f 7159 7041 7039
f 7157 7159 7039
f 7158 7038 7040
f 7156 7038 7158
f 7173 7055 7053
f 7171 7173 7053
f 7172 7052 7054
f 7170 7052 7172
f 7171 7053 7051
f 7169 7171 7051
f 7170 7050 7052
f 7168 7050 7170
f 7169 7051 7049
f 7167 7169 7049
f 7168 7048 7050
f 7166 7048 7168
f 7167 7049 7047
f 7165 7167 7047
f 7166 7046 7048
f 7164 7046 7166
f 7062 7181 7063
f 7180 7181 7062
f 7061 7180 7062
f 7179 7180 7061
f 7179 7061 7177
f 7177 7061 7059
f 7178 7058 7060
f 7176 7058 7178
f 7177 7059 7057
f 7175 7177 7057
f 7176 7056 7058
f 7174 7056 7176
f 7175 7057 7055
f 7173 7175 7055
f 7174 7054 7056
f 7172 7054 7174
f 7189 7071 7066
f 7184 7189 7066
f 7070 7188 7069
f 7069 7188 7187
f 7068 7069 7187
f 7186 7068 7187
f 7067 7068 7186
f 7185 7067 7186
f 7065 7067 7185
f 7183 7065 7185
f 7065 7183 7066
f 7066 7183 7184
f 7178 7060 7182
f 7182 7060 7064
f 7063 7182 7064
f 7181 7182 7063
f 7197 7079 7077
f 7195 7197 7077
f 7196 7076 7078
f 7194 7076 7196
f 7195 7077 7075
f 7193 7195 7075
f 7194 7074 7076
f 7192 7074 7194
f 7193 7075 7073
f 7191 7193 7073
f 7192 7072 7074
f 7190 7072 7192
f 7191 7073 7071
f 7189 7191 7071
f 7190 7070 7072
f 7188 7070 7190
f 7205 7087 7085
f 7203 7205 7085
f 7204 7084 7086
f 7202 7084 7204
f 7203 7085 7083
f 7201 7203 7083
f 7202 7082 7084
f 7200 7082 7202
f 7201 7083 7081
f 7199 7201 7081
f 7200 7080 7082
f 7198 7080 7200
f 7199 7081 7079
f 7197 7199 7079
f 7198 7078 7080
f 7196 7078 7198
f 7213 7095 7093
f 7211 7213 7093
f 7212 7092 7094
f 7210 7092 7212
f 7211 7093 7091
f 7209 7211 7091
f 7210 7090 7092
f 7208 7090 7210
f 7209 7091 7089
f 7207 7209 7089
f 7208 7088 7090
f 7206 7088 7208
f 7207 7089 7087
f 7205 7207 7087
f 7206 7086 7088
f 7204 7086 7206
f 7221 7103 7101
f 7219 7221 7101
f 7220 7100 7102
f 7218 7100 7220
f 7219 7101 7099
f 7217 7219 7099
f 7218 7098 7100
f 7216 7098 7218
f 7217 7099 7097
f 7215 7217 7097
f 7216 7096 7098
f 7214 7096 7216
f 7215 7097 7095
f 7213 7215 7095
f 7214 7094 7096
f 7212 7094 7214
f 7229 7111 7109
f 7227 7229 7109
f 7228 7108 7110
f 7226 7108 7228
f 7227 7109 7107
f 7225 7227 7107
f 7226 7106 7108
f 7224 7106 7226
f 7225 7107 7105
f 7223 7225 7105
f 7224 7104 7106
f 7222 7104 7224
f 7223 7105 7103
f 7221 7223 7103
f 7222 7102 7104
f 7220 7102 7222
f 7237 7119 7117
f 7235 7237 7117
f 7236 7116 7118
f 7234 7116 7236
f 7235 7117 7115
f 7233 7235 7115
f 7234 7114 7116
f 7232 7114 7234
f 7233 7115 7113
f 7231 7233 7113
f 7232 7112 7114
f 7230 7112 7232
f 7231 7113 7111
f 7229 7231 7111
f 7230 7110 7112
f 7228 7110 7230
f 7245 7127 7125
f 7243 7245 7125
f 7244 7124 7126
f 7242 7124 7244
f 7243 7125 7123
f 7241 7243 7123
f 7242 7122 7124
f 7240 7122 7242
f 7241 7123 7121
f 7239 7241 7121
f 7240 7120 7122
f 7238 7120 7240
f 7239 7121 7119
f 7237 7239 7119
f 7238 7118 7120
f 7236 7118 7238
f 7253 7135 7133
f 7251 7253 7133
f 7252 7132 7134
f 7250 7132 7252
f 7251 7133 7131
f 7249 7251 7131
f 7250 7130 7132
f 7248 7130 7250
f 7249 7131 7129
f 7247 7249 7129
f 7248 7128 7130
f 7246 7128 7248
f 7247 7129 7127
f 7245 7247 7127
f 7246 7126 7128
f 7244 7126 7246
f 7261 7143 7141
f 7259 7261 7141
f 7260 7140 7142
f 7258 7140 7260
f 7259 7141 7139
f 7257 7259 7139
f 7258 7138 7140
f 7256 7138 7258
f 7257 7139 7137
f 7255 7257 7137
f 7256 7136 7138
f 7254 7136 7256
f 7255 7137 7135
f 7253 7255 7135
f 7254 7134 7136
f 7252 7134 7254
f 7269 7151 7149
f 7267 7269 7149
f 7268 7148 7150
f 7266 7148 7268
f 7267 7149 7147
f 7265 7267 7147
f 7266 7146 7148
f 7264 7146 7266
f 7265 7147 7145
f 7263 7265 7145
f 7264 7144 7146
f 7262 7144 7264
f 7263 7145 7143
f 7261 7263 7143
f 7262 7142 7144
f 7260 7142 7262
f 7277 7159 7157
f 7275 7277 7157
f 7276 7156 7158
f 7274 7156 7276
f 7275 7157 7155
f 7273 7275 7155
f 7274 7154 7156
f 7272 7154 7274
f 7273 7155 7153
f 7271 7273 7153
f 7272 7152 7154
f 7270 7152 7272
f 7271 7153 7151
f 7269 7271 7151
f 7270 7150 7152
f 7268 7150 7270
f 7285 7167 7165
f 7283 7285 7165
f 7284 7164 7166
f 7282 7164 7284
f 7283 7165 7163
f 7281 7283 7163
f 7282 7162 7164
f 7280 7162 7282
f 7281 7163 7161
f 7279 7281 7161
f 7280 7160 7162
f 7278 7160 7280
f 7279 7161 7159
f 7277 7279 7159
f 7278 7158 7160
f 7276 7158 7278
f 7293 7175 7173
f 7291 7293 7173
f 7292 7172 7174
f 7290 7172 7292
f 7291 7173 7171
f 7289 7291 7171
f 7290 7170 7172
f 7288 7170 7290
f 7289 7171 7169
f 7287 7289 7169
f 7288 7168 7170
f 7286 7168 7288
f 7287 7169 7167
f 7285 7287 7167
f 7286 7166 7168
f 7284 7166 7286
f 7296 7178 7300
f 7300 7178 7182
f 7181 7300 7182
f 7299 7300 7181
f 7180 7299 7181
f 7298 7299 7180
f 7179 7298 7180
f 7297 7298 7179
f 7297 7179 7295
f 7295 7179 7177
f 7296 7176 7178
f 7294 7176 7296
f 7295 7177 7175
f 7293 7295 7175
f 7294 7174 7176
f 7292 7174 7294
f 7309 7191 7189
f 7307 7309 7189
f 7308 7188 7190
f 7306 7188 7308
f 7307 7189 7184
f 7302 7307 7184
f 7188 7306 7187
f 7187 7306 7305
f 7186 7187 7305
f 7304 7186 7305
f 7185 7186 7304
f 7303 7185 7304
f 7183 7185 7303
f 7301 7183 7303
f 7183 7301 7184
f 7184 7301 7302
f 7317 7199 7197
f 7315 7317 7197
f 7316 7196 7198
f 7314 7196 7316
f 7315 7197 7195
f 7313 7315 7195
f 7314 7194 7196
f 7312 7194 7314
f 7313 7195 7193
f 7311 7313 7193
f 7312 7192 7194
f 7310 7192 7312
f 7311 7193 7191
f 7309 7311 7191
f 7310 7190 7192
f 7308 7190 7310
f 7325 7207 7205
f 7323 7325 7205
f 7324 7204 7206
f 7322 7204 7324
f 7323 7205 7203
f 7321 7323 7203
f 7322 7202 7204
f 7320 7202 7322
f 7321 7203 7201
f 7319 7321 7201
f 7320 7200 7202
f 7318 7200 7320
f 7319 7201 7199
f 7317 7319 7199
f 7318 7198 7200
f 7316 7198 7318
f 7333 7215 7213
f 7331 7333 7213
f 7332 7212 7214
f 7330 7212 7332
f 7331 7213 7211
f 7329 7331 7211
f 7330 7210 7212
f 7328 7210 7330
f 7329 7211 7209
f 7327 7329 7209
f 7328 7208 7210
f 7326 7208 7328
f 7327 7209 7207
f 7325 7327 7207
f 7326 7206 7208
f 7324 7206 7326
f 7341 7223 7221
f 7339 7341 7221
f 7340 7220 7222
f 7338 7220 7340
f 7339 7221 7219
f 7337 7339 7219
f 7338 7218 7220
f 7336 7218 7338
f 7337 7219 7217
f 7335 7337 7217
f 7336 7216 7218
f 7334 7216 7336
f 7335 7217 7215
f 7333 7335 7215
f 7334 7214 7216
f 7332 7214 7334
f 7349 7231 7229
f 7347 7349 7229
f 7348 7228 7230
f 7346 7228 7348
f 7347 7229 7227
f 7345 7347 7227
f 7346 7226 7228
f 7344 7226 7346
f 7345 7227 7225
f 7343 7345 7225
f 7344 7224 7226
f 7342 7224 7344
f 7343 7225 7223
f 7341 7343 7223
f 7342 7222 7224
f 7340 7222 7342
f 7357 7239 7237
f 7355 7357 7237
f 7356 7236 7238
f 7354 7236 7356
f 7355 7237 7235
f 7353 7355 7235
f 7354 7234 7236
f 7352 7234 7354
f 7353 7235 7233
f 7351 7353 7233
f 7352 7232 7234
f 7350 7232 7352
f 7351 7233 7231
f 7349 7351 7231
f 7350 7230 7232
f 7348 7230 7350
f 7365 7247 7245
f 7363 7365 7245
f 7364 7244 7246
f 7362 7244 7364
f 7363 7245 7243
f 7361 7363 7243
f 7362 7242 7244
f 7360 7242 7362
f 7361 7243 7241
f 7359 7361 7241
f 7360 7240 7242
f 7358 7240 7360
f 7359 7241 7239
f 7357 7359 7239
f 7358 7238 7240
f 7356 7238 7358
f 7373 7255 7253
f 7371 7373 7253
f 7372 7252 7254
f 7370 7252 7372
f 7371 7253 7251
f 7369 7371 7251
f 7370 7250 7252
f 7368 7250 7370
f 7369 7251 7249
f 7367 7369 7249
f 7368 7248 7250
f 7366 7248 7368
f 7367 7249 7247
f 7365 7367 7247
f 7366 7246 7248
f 7364 7246 7366
f 7381 7263 7261
f 7379 7381 7261
f 7380 7260 7262
f 7378 7260 7380
f 7379 7261 7259
f 7377 7379 7259
f 7378 7258 7260
f 7376 7258 7378
f 7377 7259 7257
f 7375 7377 7257
f 7376 7256 7258
f 7374 7256 7376
f 7375 7257 7255
f 7373 7375 7255
f 7374 7254 7256
f 7372 7254 7374
f 7389 7271 7269
f 7387 7389 7269
f 7388 7268 7270
f 7386 7268 7388
f 7387 7269 7267
f 7385 7387 7267
f 7386 7266 7268
f 7384 7266 7386
f 7385 7267 7265
f 7383 7385 7265
f 7384 7264 7266
f 7382 7264 7384
f 7383 7265 7263
f 7381 7383 7263
f 7382 7262 7264
f 7380 7262 7382
f 7397 7279 7277
f 7395 7397 7277
f 7396 7276 7278
f 7394 7276 7396
f 7395 7277 7275
f 7393 7395 7275
f 7394 7274 7276
f 7392 7274 7394
f 7393 7275 7273
f 7391 7393 7273
f 7392 7272 7274
f 7390 7272 7392
f 7391 7273 7271
f 7389 7391 7271
f 7390 7270 7272
f 7388 7270 7390
f 7405 7287 7285
f 7403 7405 7285
f 7404 7284 7286
f 7402 7284 7404
f 7403 7285 7283
f 7401 7403 7283
f 7402 7282 7284
f 7400 7282 7402
f 7401 7283 7281
f 7399 7401 7281
f 7400 7280 7282
f 7398 7280 7400
f 7399 7281 7279
f 7397 7399 7279
f 7398 7278 7280
f 7396 7278 7398
f 7413 7295 7293
f 7411 7413 7293
f 7412 7292 7294
f 7410 7292 7412
f 7411 7293 7291
f 7409 7411 7291
f 7410 7290 7292
f 7408 7290 7410
f 7409 7291 7289
f 7407 7409 7289
f 7408 7288 7290
f 7406 7288 7408
f 7407 7289 7287
f 7405 7407 7287
f 7406 7286 7288
f 7404 7286 7406
f 7301 7303 7421
f 7419 7301 7421
f 7301 7419 7302
f 7302 7419 7420
f 7414 7296 7418
f 7418 7296 7300
f 7299 7418 7300
f 7417 7418 7299
f 7298 7417 7299
f 7416 7417 7298
f 7297 7416 7298
f 7415 7416 7297
f 7415 7297 7413
f 7413 7297 7295
f 7414 7294 7296
f 7412 7294 7414
f 7429 7311 7309
f 7427 7429 7309
f 7428 7308 7310
f 7426 7308 7428
f 7427 7309 7307
f 7425 7427 7307
f 7426 7306 7308
f 7424 7306 7426
f 7425 7307 7302
f 7420 7425 7302
f 7306 7424 7305
f 7305 7424 7423
f 7304 7305 7423
f 7422 7304 7423
f 7303 7304 7422
f 7421 7303 7422
f 7437 7319 7317
f 7435 7437 7317
f 7436 7316 7318
f 7434 7316 7436
f 7435 7317 7315
f 7433 7435 7315
f 7434 7314 7316
f 7432 7314 7434
f 7433 7315 7313
f 7431 7433 7313
f 7432 7312 7314
f 7430 7312 7432
f 7431 7313 7311
f 7429 7431 7311
f 7430 7310 7312
f 7428 7310 7430
f 7445 7327 7325
f 7443 7445 7325
f 7444 7324 7326
f 7442 7324 7444
f 7443 7325 7323
f 7441 7443 7323
f 7442 7322 7324
f 7440 7322 7442
f 7441 7323 7321
f 7439 7441 7321
f 7440 7320 7322
f 7438 7320 7440
f 7439 7321 7319
f 7437 7439 7319
f 7438 7318 7320
f 7436 7318 7438
f 7453 7335 7333
f 7451 7453 7333
f 7452 7332 7334
f 7450 7332 7452
f 7451 7333 7331
f 7449 7451 7331
f 7450 7330 7332
f 7448 7330 7450
f 7449 7331 7329
f 7447 7449 7329
f 7448 7328 7330
f 7446 7328 7448
f 7447 7329 7327
f 7445 7447 7327
f 7446 7326 7328
f 7444 7326 7446
f 7461 7343 7341
f 7459 7461 7341
f 7460 7340 7342
f 7458 7340 7460
f 7459 7341 7339
f 7457 7459 7339
f 7458 7338 7340
f 7456 7338 7458
f 7457 7339 7337
f 7455 7457 7337
f 7456 7336 7338
f 7454 7336 7456
f 7455 7337 7335
f 7453 7455 7335
f 7454 7334 7336
f 7452 7334 7454
f 7469 7351 7349
f 7467 7469 7349
f 7468 7348 7350
f 7466 7348 7468
f 7467 7349 7347
f 7465 7467 7347
f 7466 7346 7348
f 7464 7346 7466
f 7465 7347 7345
f 7463 7465 7345
f 7464 7344 7346
f 7462 7344 7464
f 7463 7345 7343
f 7461 7463 7343
f 7462 7342 7344
f 7460 7342 7462
f 7477 7359 7357
f 7475 7477 7357
f 7476 7356 7358
f 7474 7356 7476
f 7475 7357 7355
f 7473 7475 7355
f 7474 7354 7356
f 7472 7354 7474
f 7473 7355 7353
f 7471 7473 7353
f 7472 7352 7354
f 7470 7352 7472
f 7471 7353 7351
f 7469 7471 7351
f 7470 7350 7352
f 7468 7350 7470
f 7485 7367 7365
f 7483 7485 7365
f 7484 7364 7366
f 7482 7364 7484
f 7483 7365 7363
f 7481 7483 7363
f 7482 7362 7364
f 7480 7362 7482
f 7481 7363 7361
f 7479 7481 7361
f 7480 7360 7362
f 7478 7360 7480
f 7479 7361 7359
f 7477 7479 7359
f 7478 7358 7360
f 7476 7358 7478
f 7493 7375 7373
f 7491 7493 7373
f 7492 7372 7374
f 7490 7372 7492
f 7491 7373 7371
f 7489 7491 7371
f 7490 7370 7372
f 7488 7370 7490
f 7489 7371 7369
f 7487 7489 7369
f 7488 7368 7370
f 7486 7368 7488
f 7487 7369 7367
f 7485 7487 7367
f 7486 7366 7368
f 7484 7366 7486
f 7501 7383 7381
f 7499 7501 7381
f 7500 7380 7382
f 7498 7380 7500
f 7499 7381 7379
f 7497 7499 7379
f 7498 7378 7380
f 7496 7378 7498
f 7497 7379 7377
f 7495 7497 7377
f 7496 7376 7378
f 7494 7376 7496
f 7495 7377 7375
f 7493 7495 7375
f 7494 7374 7376
f 7492 7374 7494
f 7509 7391 7389
f 7507 7509 7389
f 7508 7388 7390
f 7506 7388 7508
f 7507 7389 7387
f 7505 7507 7387
f 7506 7386 7388
f 7504 7386 7506
f 7505 7387 7385
f 7503 7505 7385
f 7504 7384 7386
f 7502 7384 7504
f 7503 7385 7383
f 7501 7503 7383
f 7502 7382 7384
f 7500 7382 7502
f 7517 7399 7397
f 7515 7517 7397
f 7516 7396 7398
f 7514 7396 7516
f 7515 7397 7395
f 7513 7515 7395
f 7514 7394 7396
f 7512 7394 7514
f 7513 7395 7393
f 7511 7513 7393
f 7512 7392 7394
f 7510 7392 7512
f 7511 7393 7391
f 7509 7511 7391
f 7510 7390 7392
f 7508 7390 7510
f 7525 7407 7405
f 7523 7525 7405
f 7524 7404 7406
f 7522 7404 7524
f 7523 7405 7403
f 7521 7523 7403
f 7522 7402 7404
f 7520 7402 7522
f 7521 7403 7401
f 7519 7521 7401
f 7520 7400 7402
f 7518 7400 7520
f 7519 7401 7399
f 7517 7519 7399
f 7518 7398 7400
f 7516 7398 7518
f 7533 7415 7531
f 7531 7415 7413
f 7532 7412 7414
f 7530 7412 7532
f 7531 7413 7411
f 7529 7531 7411
f 7530 7410 7412
f 7528 7410 7530
f 7529 7411 7409
f 7527 7529 7409
f 7528 7408 7410
f 7526 7408 7528
f 7527 7409 7407
f 7525 7527 7407
f 7526 7406 7408
f 7524 7406 7526
f 7422 7423 7541
f 7540 7422 7541
f 7421 7422 7540
f 7539 7421 7540
f 7419 7421 7539
f 7537 7419 7539
f 7419 7537 7420
f 7420 7537 7538
f 7532 7414 7536
f 7536 7414 7418
f 7417 7536 7418
f 7535 7536 7417
f 7416 7535 7417
f 7534 7535 7416
f 7415 7534 7416
f 7533 7534 7415
f 7549 7431 7429
f 7547 7549 7429
f 7548 7428 7430
f 7546 7428 7548
f 7547 7429 7427
f 7545 7547 7427
f 7546 7426 7428
f 7544 7426 7546
f 7545 7427 7425
f 7543 7545 7425
f 7544 7424 7426
f 7542 7424 7544
f 7543 7425 7420
f 7538 7543 7420
f 7424 7542 7423
f 7423 7542 7541
f 7557 7439 7437
f 7555 7557 7437
f 7556 7436 7438
f 7554 7436 7556
f 7555 7437 7435
f 7553 7555 7435
f 7554 7434 7436
f 7552 7434 7554
f 7553 7435 7433
f 7551 7553 7433
f 7552 7432 7434
f 7550 7432 7552
f 7551 7433 7431
f 7549 7551 7431
f 7550 7430 7432
f 7548 7430 7550
f 7565 7447 7445
f 7563 7565 7445
f 7564 7444 7446
f 7562 7444 7564
f 7563 7445 7443
f 7561 7563 7443
f 7562 7442 7444
f 7560 7442 7562
f 7561 7443 7441
f 7559 7561 7441
f 7560 7440 7442
f 7558 7440 7560
f 7559 7441 7439
f 7557 7559 7439
f 7558 7438 7440
f 7556 7438 7558
f 7573 7455 7453
f 7571 7573 7453
f 7572 7452 7454
f 7570 7452 7572
f 7571 7453 7451
f 7569 7571 7451
f 7570 7450 7452
f 7568 7450 7570
f 7569 7451 7449
f 7567 7569 7449
f 7568 7448 7450
f 7566 7448 7568
f 7567 7449 7447
f 7565 7567 7447
f 7566 7446 7448
f 7564 7446 7566
f 7581 7463 7461
f 7579 7581 7461
f 7580 7460 7462
f 7578 7460 7580
f 7579 7461 7459
f 7577 7579 7459
f 7578 7458 7460
f 7576 7458 7578
f 7577 7459 7457
f 7575 7577 7457
f 7576 7456 7458
f 7574 7456 7576
f 7575 7457 7455
f 7573 7575 7455
f 7574 7454 7456
f 7572 7454 7574
f 7589 7471 7469
f 7587 7589 7469
f 7588 7468 7470
f 7586 7468 7588
f 7587 7469 7467
f 7585 7587 7467
f 7586 7466 7468
f 7584 7466 7586
f 7585 7467 7465
f 7583 7585 7465
f 7584 7464 7466
f 7582 7464 7584
f 7583 7465 7463
f 7581 7583 7463
f 7582 7462 7464
f 7580 7462 7582
f 7597 7479 7477
f 7595 7597 7477
f 7596 7476 7478
f 7594 7476 7596
f 7595 7477 7475
f 7593 7595 7475
f 7594 7474 7476
f 7592 7474 7594
f 7593 7475 7473
f 7591 7593 7473
f 7592 7472 7474
f 7590 7472 7592
f 7591 7473 7471
f 7589 7591 7471
f 7590 7470 7472
f 7588 7470 7590
f 7605 7487 7485
f 7603 7605 7485
f 7604 7484 7486
f 7602 7484 7604
f 7603 7485 7483
f 7601 7603 7483
f 7602 7482 7484
f 7600 7482 7602
f 7601 7483 7481
f 7599 7601 7481
f 7600 7480 7482
f 7598 7480 7600
f 7599 7481 7479
f 7597 7599 7479
f 7598 7478 7480
f 7596 7478 7598
f 7613 7495 7493
f 7611 7613 7493
f 7612 7492 7494
f 7610 7492 7612
f 7611 7493 7491
f 7609 7611 7491
f 7610 7490 7492
f 7608 7490 7610
f 7609 7491 7489
f 7607 7609 7489
f 7608 7488 7490
f 7606 7488 7608
f 7607 7489 7487
f 7605 7607 7487
f 7606 7486 7488
f 7604 7486 7606
f 7621 7503 7501
f 7619 7621 7501
f 7620 7500 7502
f 7618 7500 7620
f 7619 7501 7499
f 7617 7619 7499
f 7618 7498 7500
f 7616 7498 7618
f 7617 7499 7497
f 7615 7617 7497
f 7616 7496 7498
f 7614 7496 7616
f 7615 7497 7495
f 7613 7615 7495
f 7614 7494 7496
f 7612 7494 7614
f 7629 7511 7509
f 7627 7629 7509
f 7628 7508 7510
f 7626 7508 7628
f 7627 7509 7507
f 7625 7627 7507
f 7626 7506 7508
f 7624 7506 7626
f 7625 7507 7505
f 7623 7625 7505
f 7624 7504 7506
f 7622 7504 7624
f 7623 7505 7503
f 7621 7623 7503
f 7622 7502 7504
f 7620 7502 7622
f 7637 7519 7517
f 7635 7637 7517
f 7636 7516 7518
f 7634 7516 7636
f 7635 7517 7515
f 7633 7635 7515
f 7634 7514 7516
f 7632 7514 7634
f 7633 7515 7513
f 7631 7633 7513
f 7632 7512 7514
f 7630 7512 7632
f 7631 7513 7511
f 7629 7631 7511
f 7630 7510 7512
f 7628 7510 7630
f 7645 7527 7525
f 7643 7645 7525
f 7644 7524 7526
f 7642 7524 7644
f 7643 7525 7523
f 7641 7643 7523
f 7642 7522 7524
f 7640 7522 7642
f 7641 7523 7521
f 7639 7641 7521
f 7640 7520 7522
f 7638 7520 7640
f 7639 7521 7519
f 7637 7639 7519
f 7638 7518 7520
f 7636 7518 7638
f 7534 7653 7535
f 7652 7653 7534
f 7533 7652 7534
f 7651 7652 7533
f 7651 7533 7649
f 7649 7533 7531
f 7650 7530 7532
f 7648 7530 7650
f 7649 7531 7529
f 7647 7649 7529
f 7648 7528 7530
f 7646 7528 7648
f 7647 7529 7527
f 7645 7647 7527
f 7646 7526 7528
f 7644 7526 7646
f 7661 7543 7538
f 7656 7661 7538
f 7542 7660 7541
f 7541 7660 7659
f 7540 7541 7659
f 7658 7540 7659
f 7539 7540 7658
f 7657 7539 7658
f 7537 7539 7657
f 7655 7537 7657
f 7537 7655 7538
f 7538 7655 7656
f 7650 7532 7654
f 7654 7532 7536
f 7535 7654 7536
f 7653 7654 7535
f 7669 7551 7549
f 7667 7669 7549
f 7668 7548 7550
f 7666 7548 7668
f 7667 7549 7547
f 7665 7667 7547
f 7666 7546 7548
f 7664 7546 7666
f 7665 7547 7545
f 7663 7665 7545
f 7664 7544 7546
f 7662 7544 7664
f 7663 7545 7543
f 7661 7663 7543
f 7662 7542 7544
f 7660 7542 7662
f 7677 7559 7557
f 7675 7677 7557
f 7676 7556 7558
f 7674 7556 7676
f 7675 7557 7555
f 7673 7675 7555
f 7674 7554 7556
f 7672 7554 7674
f 7673 7555 7553
f 7671 7673 7553
f 7672 7552 7554
f 7670 7552 7672
f 7671 7553 7551
f 7669 7671 7551
f 7670 7550 7552
f 7668 7550 7670
f 7685 7567 7565
f 7683 7685 7565
f 7684 7564 7566
f 7682 7564 7684
f 7683 7565 7563
f 7681 7683 7563
f 7682 7562 7564
f 7680 7562 7682
f 7681 7563 7561
f 7679 7681 7561
f 7680 7560 7562
f 7678 7560 7680
f 7679 7561 7559
f 7677 7679 7559
f 7678 7558 7560
f 7676 7558 7678
f 7693 7575 7573
f 7691 7693 7573
f 7692 7572 7574
f 7690 7572 7692
f 7691 7573 7571
f 7689 7691 7571
f 7690 7570 7572
f 7688 7570 7690
f 7689 7571 7569
f 7687 7689 7569
f 7688 7568 7570
f 7686 7568 7688
f 7687 7569 7567
f 7685 7687 7567
f 7686 7566 7568
f 7684 7566 7686
f 7701 7583 7581
f 7699 7701 7581
f 7700 7580 7582
f 7698 7580 7700
f 7699 7581 7579
f 7697 7699 7579
f 7698 7578 7580
f 7696 7578 7698
f 7697 7579 7577
f 7695 7697 7577
f 7696 7576 7578
f 7694 7576 7696
f 7695 7577 7575
f 7693 7695 7575
f 7694 7574 7576
f 7692 7574 7694
f 7709 7591 7589
f 7707 7709 7589
f 7708 7588 7590
f 7706 7588 7708
f 7707 7589 7587
f 7705 7707 7587
f 7706 7586 7588
f 7704 7586 7706
f 7705 7587 7585
f 7703 7705 7585
f 7704 7584 7586
f 7702 7584 7704
f 7703 7585 7583
f 7701 7703 7583
f 7702 7582 7584
f 7700 7582 7702
f 7717 7599 7597
f 7715 7717 7597
f 7716 7596 7598
f 7714 7596 7716
f 7715 7597 7595
f 7713 7715 7595
f 7714 7594 7596
f 7712 7594 7714
f 7713 7595 7593
f 7711 7713 7593
f 7712 7592 7594
f 7710 7592 7712
f 7711 7593 7591
f 7709 7711 7591
f 7710 7590 7592
f 7708 7590 7710
f 7725 7607 7605
f 7723 7725 7605
f 7724 7604 7606
f 7722 7604 7724
f 7723 7605 7603
f 7721 7723 7603
f 7722 7602 7604
f 7720 7602 7722
f 7721 7603 7601
f 7719 7721 7601
f 7720 7600 7602
f 7718 7600 7720
f 7719 7601 7599
f 7717 7719 7599
f 7718 7598 7600
f 7716 7598 7718
f 7733 7615 7613
f 7731 7733 7613
f 7732 7612 7614
f 7730 7612 7732
f 7731 7613 7611
f 7729 7731 7611
f 7730 7610 7612
f 7728 7610 7730
f 7729 7611 7609
f 7727 7729 7609
f 7728 7608 7610
f 7726 7608 7728
f 7727 7609 7607
f 7725 7727 7607
f 7726 7606 7608
f 7724 7606 7726
f 7741 7623 7621
f 7739 7741 7621
f 7740 7620 7622
f 7738 7620 7740
f 7739 7621 7619
f 7737 7739 7619
f 7738 7618 7620
f 7736 7618 7738
f 7737 7619 7617
f 7735 7737 7617
f 7736 7616 7618
f 7734 7616 7736
f 7735 7617 7615
f 7733 7735 7615
f 7734 7614 7616
f 7732 7614 7734
f 7749 7631 7629
f 7747 7749 7629
f 7748 7628 7630
f 7746 7628 7748
f 7747 7629 7627
f 7745 7747 7627
f 7746 7626 7628
f 7744 7626 7746
f 7745 7627 7625
f 7743 7745 7625
f 7744 7624 7626
f 7742 7624 7744
f 7743 7625 7623
f 7741 7743 7623
f 7742 7622 7624
f 7740 7622 7742
f 7757 7639 7637
f 7755 7757 7637
f 7756 7636 7638
f 7754 7636 7756
f 7755 7637 7635
f 7753 7755 7635
f 7754 7634 7636
f 7752 7634 7754
f 7753 7635 7633
f 7751 7753 7633
f 7752 7632 7634
f 7750 7632 7752
f 7751 7633 7631
f 7749 7751 7631
f 7750 7630 7632
f 7748 7630 7750
f 7765 7647 7645
f 7763 7765 7645
f 7764 7644 7646
f 7762 7644 7764
f 7763 7645 7643
f 7761 7763 7643
f 7762 7642 7644
f 7760 7642 7762
f 7761 7643 7641
f 7759 7761 7641
f 7760 7640 7642
f 7758 7640 7760
f 7759 7641 7639
f 7757 7759 7639
f 7758 7638 7640
f 7756 7638 7758
f 7768 7650 7772
f 7772 7650 7654
f 7653 7772 7654
f 7771 7772 7653
f 7652 7771 7653
f 7770 7771 7652
f 7651 7770 7652
f 7769 7770 7651
f 7769 7651 7767
f 7767 7651 7649
f 7768 7648 7650
f 7766 7648 7768
f 7767 7649 7647
f 7765 7767 7647
f 7766 7646 7648
f 7764 7646 7766
f 7781 7663 7661
f 7779 7781 7661
f 7780 7660 7662
f 7778 7660 7780
f 7779 7661 7656
f 7774 7779 7656
f 7660 7778 7659
f 7659 7778 7777
f 7658 7659 7777
f 7776 7658 7777
f 7657 7658 7776
f 7775 7657 7776
f 7655 7657 7775
f 7773 7655 7775
f 7655 7773 7656
f 7656 7773 7774
f 7789 7671 7669
f 7787 7789 7669
f 7788 7668 7670
f 7786 7668 7788
f 7787 7669 7667
f 7785 7787 7667
f 7786 7666 7668
f 7784 7666 7786
f 7785 7667 7665
f 7783 7785 7665
f 7784 7664 7666
f 7782 7664 7784
f 7783 7665 7663
f 7781 7783 7663
f 7782 7662 7664
f 7780 7662 7782
f 7797 7679 7677
f 7795 7797 7677
f 7796 7676 7678
f 7794 7676 7796
f 7795 7677 7675
f 7793 7795 7675
f 7794 7674 7676
f 7792 7674 7794
f 7793 7675 7673
f 7791 7793 7673
f 7792 7672 7674
f 7790 7672 7792
f 7791 7673 7671
f 7789 7791 7671
f 7790 7670 7672
f 7788 7670 7790
f 7805 7687 7685
f 7803 7805 7685
f 7804 7684 7686
f 7802 7684 7804
f 7803 7685 7683
f 7801 7803 7683
f 7802 7682 7684
f 7800 7682 7802
f 7801 7683 7681
f 7799 7801 7681
f 7800 7680 7682
f 7798 7680 7800
f 7799 7681 7679
f 7797 7799 7679
f 7798 7678 7680
f 7796 7678 7798
f 7813 7695 7693
f 7811 7813 7693
f 7812 7692 7694
f 7810 7692 7812
f 7811 7693 7691
f 7809 7811 7691
f 7810 7690 7692
f 7808 7690 7810
f 7809 7691 7689
f 7807 7809 7689
f 7808 7688 7690
f 7806 7688 7808
f 7807 7689 7687
f 7805 7807 7687
f 7806 7686 7688
f 7804 7686 7806
f 7821 7703 7701
f 7819 7821 7701
f 7820 7700 7702
f 7818 7700 7820
f 7819 7701 7699
f 7817 7819 7699
f 7818 7698 7700
f 7816 7698 7818
f 7817 7699 7697
f 7815 7817 7697
f 7816 7696 7698
f 7814 7696 7816
f 7815 7697 7695
f 7813 7815 7695
f 7814 7694 7696
f 7812 7694 7814
f 7829 7711 7709
f 7827 7829 7709
f 7828 7708 7710
f 7826 7708 7828
f 7827 7709 7707
f 7825 7827 7707
f 7826 7706 7708
f 7824 7706 7826
f 7825 7707 7705
f 7823 7825 7705
f 7824 7704 7706
f 7822 7704 7824
f 7823 7705 7703
f 7821 7823 7703
f 7822 7702 7704
f 7820 7702 7822
f 7837 7719 7717
f 7835 7837 7717
f 7836 7716 7718
f 7834 7716 7836
f 7835 7717 7715
f 7833 7835 7715
f 7834 7714 7716
f 7832 7714 7834
f 7833 7715 7713
f 7831 7833 7713
f 7832 7712 7714
f 7830 7712 7832
f 7831 7713 7711
f 7829 7831 7711
f 7830 7710 7712
f 7828 7710 7830
f 7845 7727 7725
f 7843 7845 7725
f 7844 7724 7726
f 7842 7724 7844
f 7843 7725 7723
f 7841 7843 7723
f 7842 7722 7724
f 7840 7722 7842
f 7841 7723 7721
f 7839 7841 7721
f 7840 7720 7722
f 7838 7720 7840
f 7839 7721 7719
f 7837 7839 7719
f 7838 7718 7720
f 7836 7718 7838
f 7853 7735 7733
f 7851 7853 7733
f 7852 7732 7734
f 7850 7732 7852
f 7851 7733 7731
f 7849 7851 7731
f 7850 7730 7732
f 7848 7730 7850
f 7849 7731 7729
f 7847 7849 7729
f 7848 7728 7730
f 7846 7728 7848
f 7847 7729 7727
f 7845 7847 7727
f 7846 7726 7728
f 7844 7726 7846
f 7861 7743 7741
f 7859 7861 7741
f 7860 7740 7742
f 7858 7740 7860
f 7859 7741 7739
f 7857 7859 7739
f 7858 7738 7740
f 7856 7738 7858
f 7857 7739 7737
f 7855 7857 7737
f 7856 7736 7738
f 7854 7736 7856
f 7855 7737 7735
f 7853 7855 7735
f 7854 7734 7736
f 7852 7734 7854
f 7869 7751 7749
f 7867 7869 7749
f 7868 7748 7750
f 7866 7748 7868
f 7867 7749 7747
f 7865 7867 7747
f 7866 7746 7748
f 7864 7746 7866
f 7865 7747 7745
f 7863 7865 7745
f 7864 7744 7746
f 7862 7744 7864
f 7863 7745 7743
f 7861 7863 7743
f 7862 7742 7744
f 7860 7742 7862
f 7877 7759 7757
f 7875 7877 7757
f 7876 7756 7758
f 7874 7756 7876
f 7875 7757 7755
f 7873 7875 7755
f 7874 7754 7756
f 7872 7754 7874
f 7873 7755 7753
f 7871 7873 7753
f 7872 7752 7754
f 7870 7752 7872
f 7871 7753 7751
f 7869 7871 7751
f 7870 7750 7752
f 7868 7750 7870
f 7885 7767 7765
f 7883 7885 7765
f 7884 7764 7766
f 7882 7764 7884
f 7883 7765 7763
f 7881 7883 7763
f 7882 7762 7764
f 7880 7762 7882
f 7881 7763 7761
f 7879 7881 7761
f 7880 7760 7762
f 7878 7760 7880
f 7879 7761 7759
f 7877 7879 7759
f 7878 7758 7760
f 7876 7758 7878
f 7773 7775 7893
f 7891 7773 7893
f 7773 7891 7774
f 7774 7891 7892
f 7886 7768 7890
f 7890 7768 7772
f 7771 7890 7772
f 7889 7890 7771
f 7770 7889 7771
f 7888 7889 7770
f 7769 7888 7770
f 7887 7888 7769
f 7887 7769 7885
f 7885 7769 7767
f 7886 7766 7768
f 7884 7766 7886
f 7901 7783 7781
f 7899 7901 7781
f 7900 7780 7782
f 7898 7780 7900
f 7899 7781 7779
f 7897 7899 7779
f 7898 7778 7780
f 7896 7778 7898
f 7897 7779 7774
f 7892 7897 7774
f 7778 7896 7777
f 7777 7896 7895
f 7776 7777 7895
f 7894 7776 7895
f 7775 7776 7894
f 7893 7775 7894
f 7909 7791 7789
f 7907 7909 7789
f 7908 7788 7790
f 7906 7788 7908
f 7907 7789 7787
f 7905 7907 7787
f 7906 7786 7788
f 7904 7786 7906
f 7905 7787 7785
f 7903 7905 7785
f 7904 7784 7786
f 7902 7784 7904
f 7903 7785 7783
f 7901 7903 7783
f 7902 7782 7784
f 7900 7782 7902
f 7917 7799 7797
f 7915 7917 7797
f 7916 7796 7798
f 7914 7796 7916
f 7915 7797 7795
f 7913 7915 7795
f 7914 7794 7796
f 7912 7794 7914
f 7913 7795 7793
f 7911 7913 7793
f 7912 7792 7794
f 7910 7792 7912
f 7911 7793 7791
f 7909 7911 7791
f 7910 7790 7792
f 7908 7790 7910
f 7925 7807 7805
f 7923 7925 7805
f 7924 7804 7806
f 7922 7804 7924
f 7923 7805 7803
f 7921 7923 7803
f 7922 7802 7804
f 7920 7802 7922
f 7921 7803 7801
f 7919 7921 7801
f 7920 7800 7802
f 7918 7800 7920
f 7919 7801 7799
f 7917 7919 7799
f 7918 7798 7800
f 7916 7798 7918
f 7933 7815 7813
f 7931 7933 7813
f 7932 7812 7814
f 7930 7812 7932
f 7931 7813 7811
f 7929 7931 7811
f 7930 7810 7812
f 7928 7810 7930
f 7929 7811 7809
f 7927 7929 7809
f 7928 7808 7810
f 7926 7808 7928
f 7927 7809 7807
f 7925 7927 7807
f 7926 7806 7808
f 7924 7806 7926
f 7941 7823 7821
f 7939 7941 7821
f 7940 7820 7822
f 7938 7820 7940
f 7939 7821 7819
f 7937 7939 7819
f 7938 7818 7820
f 7936 7818 7938
f 7937 7819 7817
f 7935 7937 7817
f 7936 7816 7818
f 7934 7816 7936
f 7935 7817 7815
f 7933 7935 7815
f 7934 7814 7816
f 7932 7814 7934
f 7949 7831 7829
f 7947 7949 7829
f 7948 7828 7830
f 7946 7828 7948
f 7947 7829 7827
f 7945 7947 7827
f 7946 7826 7828
f 7944 7826 7946
f 7945 7827 7825
f 7943 7945 7825
f 7944 7824 7826
f 7942 7824 7944
f 7943 7825 7823
f 7941 7943 7823
f 7942 7822 7824
f 7940 7822 7942
f 7957 7839 7837
f 7955 7957 7837
f 7956 7836 7838
f 7954 7836 7956
f 7955 7837 7835
f 7953 7955 7835
f 7954 7834 7836
f 7952 7834 7954
f 7953 7835 7833
f 7951 7953 7833
f 7952 7832 7834
f 7950 7832 7952
f 7951 7833 7831
f 7949 7951 7831
f 7950 7830 7832
f 7948 7830 7950
f 7965 7847 7845
f 7963 7965 7845
f 7964 7844 7846
f 7962 7844 7964
f 7963 7845 7843
f 7961 7963 7843
f 7962 7842 7844
f 7960 7842 7962
f 7961 7843 7841
f 7959 7961 7841
f 7960 7840 7842
f 7958 7840 7960
f 7959 7841 7839
f 7957 7959 7839
f 7958 7838 7840
f 7956 7838 7958
f 7973 7855 7853
f 7971 7973 7853
f 7972 7852 7854
f 7970 7852 7972
f 7971 7853 7851
f 7969 7971 7851
f 7970 7850 7852
f 7968 7850 7970
f 7969 7851 7849
f 7967 7969 7849
f 7968 7848 7850
f 7966 7848 7968
f 7967 7849 7847
f 7965 7967 7847
f 7966 7846 7848
f 7964 7846 7966
f 7981 7863 7861
f 7979 7981 7861
f 7980 7860 7862
f 7978 7860 7980
f 7979 7861 7859
f 7977 7979 7859
f 7978 7858 7860
f 7976 7858 7978
f 7977 7859 7857
f 7975 7977 7857
f 7976 7856 7858
f 7974 7856 7976
f 7975 7857 7855
f 7973 7975 7855
f 7974 7854 7856
f 7972 7854 7974
f 7989 7871 7869
f 7987 7989 7869
f 7988 7868 7870
f 7986 7868 7988
f 7987 7869 7867
f 7985 7987 7867
f 7986 7866 7868
f 7984 7866 7986
f 7985 7867 7865
f 7983 7985 7865
f 7984 7864 7866
f 7982 7864 7984
f 7983 7865 7863
f 7981 7983 7863
f 7982 7862 7864
f 7980 7862 7982
f 7997 7879 7877
f 7995 7997 7877
f 7996 7876 7878
f 7994 7876 7996
f 7995 7877 7875
f 7993 7995 7875
f 7994 7874 7876
f 7992 7874 7994
f 7993 7875 7873
f 7991 7993 7873
f 7992 7872 7874
f 7990 7872 7992
f 7991 7873 7871
f 7989 7991 7871
f 7990 7870 7872
f 7988 7870 7990
f 8005 7887 8003
f 8003 7887 7885
f 8004 7884 7886
f 8002 7884 8004
f 8003 7885 7883
f 8001 8003 7883
f 8002 7882 7884
f 8000 7882 8002
f 8001 7883 7881
f 7999 8001 7881
f 8000 7880 7882
f 7998 7880 8000
f 7999 7881 7879
f 7997 7999 7879
f 7998 7878 7880
f 7996 7878 7998
f 7894 7895 8013
f 8012 7894 8013
f 7893 7894 8012
f 8011 7893 8012
f 7891 7893 8011
f 8009 7891 8011
f 7891 8009 7892
f 7892 8009 8010
f 8004 7886 8008
f 8008 7886 7890
f 7889 8008 7890
f 8007 8008 7889
f 7888 8007 7889
f 8006 8007 7888
f 7887 8006 7888
f 8005 8006 7887
f 8021 7903 7901
f 8019 8021 7901
f 8020 7900 7902
f 8018 7900 8020
f 8019 7901 7899
f 8017 8019 7899
f 8018 7898 7900
f 8016 7898 8018
f 8017 7899 7897
f 8015 8017 7897
f 8016 7896 7898
f 8014 7896 8016
f 8015 7897 7892
f 8010 8015 7892
f 7896 8014 7895
f 7895 8014 8013
f 8029 7911 7909
f 8027 8029 7909
f 8028 7908 7910
f 8026 7908 8028
f 8027 7909 7907
f 8025 8027 7907
f 8026 7906 7908
f 8024 7906 8026
f 8025 7907 7905
f 8023 8025 7905
f 8024 7904 7906
f 8022 7904 8024
f 8023 7905 7903
f 8021 8023 7903
f 8022 7902 7904
f 8020 7902 8022
f 8037 7919 7917
f 8035 8037 7917
f 8036 7916 7918
f 8034 7916 8036
f 8035 7917 7915
f 8033 8035 7915
f 8034 7914 7916
f 8032 7914 8034
f 8033 7915 7913
f 8031 8033 7913
f 8032 7912 7914
f 8030 7912 8032
f 8031 7913 7911
f 8029 8031 7911
f 8030 7910 7912
f 8028 7910 8030
f 8045 7927 7925
f 8043 8045 7925
f 8044 7924 7926
f 8042 7924 8044
f 8043 7925 7923
f 8041 8043 7923
f 8042 7922 7924
f 8040 7922 8042
f 8041 7923 7921
f 8039 8041 7921
f 8040 7920 7922
f 8038 7920 8040
f 8039 7921 7919
f 8037 8039 7919
f 8038 7918 7920
f 8036 7918 8038
f 8053 7935 7933
f 8051 8053 7933
f 8052 7932 7934
f 8050 7932 8052
f 8051 7933 7931
f 8049 8051 7931
f 8050 7930 7932
f 8048 7930 8050
f 8049 7931 7929
f 8047 8049 7929
f 8048 7928 7930
f 8046 7928 8048
f 8047 7929 7927
f 8045 8047 7927
f 8046 7926 7928
f 8044 7926 8046
f 8061 7943 7941
f 8059 8061 7941
f 8060 7940 7942
f 8058 7940 8060
f 8059 7941 7939
f 8057 8059 7939
f 8058 7938 7940
f 8056 7938 8058
f 8057 7939 7937
f 8055 8057 7937
f 8056 7936 7938
f 8054 7936 8056
f 8055 7937 7935
f 8053 8055 7935
f 8054 7934 7936
f 8052 7934 8054
f 8069 7951 7949
f 8067 8069 7949
f 8068 7948 7950
f 8066 7948 8068
f 8067 7949 7947
f 8065 8067 7947
f 8066 7946 7948
f 8064 7946 8066
f 8065 7947 7945
f 8063 8065 7945
f 8064 7944 7946
f 8062 7944 8064
f 8063 7945 7943
f 8061 8063 7943
f 8062 7942 7944
f 8060 7942 8062
f 8077 7959 7957
f 8075 8077 7957
f 8076 7956 7958
f 8074 7956 8076
f 8075 7957 7955
f 8073 8075 7955
f 8074 7954 7956
f 8072 7954 8074
f 8073 7955 7953
f 8071 8073 7953
f 8072 7952 7954
f 8070 7952 8072
f 8071 7953 7951
f 8069 8071 7951
f 8070 7950 7952
f 8068 7950 8070
f 8085 7967 7965
f 8083 8085 7965
f 8084 7964 7966
f 8082 7964 8084
f 8083 7965 7963
f 8081 8083 7963
f 8082 7962 7964
f 8080 7962 8082
f 8081 7963 7961
f 8079 8081 7961
f 8080 7960 7962
f 8078 7960 8080
f 8079 7961 7959
f 8077 8079 7959
f 8078 7958 7960
f 8076 7958 8078
f 8093 7975 7973
f 8091 8093 7973
f 8092 7972 7974
f 8090 7972 8092
f 8091 7973 7971
f 8089 8091 7971
f 8090 7970 7972
f 8088 7970 8090
f 8089 7971 7969
f 8087 8089 7969
f 8088 7968 7970
f 8086 7968 8088
f 8087 7969 7967
f 8085 8087 7967
f 8086 7966 7968
f 8084 7966 8086
f 8101 7983 7981
f 8099 8101 7981
f 8100 7980 7982
f 8098 7980 8100
f 8099 7981 7979
f 8097 8099 7979
f 8098 7978 7980
f 8096 7978 8098
f 8097 7979 7977
f 8095 8097 7977
f 8096 7976 7978
f 8094 7976 8096
f 8095 7977 7975
f 8093 8095 7975
f 8094 7974 7976
f 8092 7974 8094
f 8109 7991 7989
f 8107 8109 7989
f 8108 7988 7990
f 8106 7988 8108
f 8107 7989 7987
f 8105 8107 7987
f 8106 7986 7988
f 8104 7986 8106
f 8105 7987 7985
f 8103 8105 7985
f 8104 7984 7986
f 8102 7984 8104
f 8103 7985 7983
f 8101 8103 7983
f 8102 7982 7984
f 8100 7982 8102
f 8117 7999 7997
f 8115 8117 7997
f 8116 7996 7998
f 8114 7996 8116
f 8115 7997 7995
f 8113 8115 7995
f 8114 7994 7996
f 8112 7994 8114
f 8113 7995 7993
f 8111 8113 7993
f 8112 7992 7994
f 8110 7992 8112
f 8111 7993 7991
f 8109 8111 7991
f 8110 7990 7992
f 8108 7990 8110
f 8006 8125 8007
f 8124 8125 8006
f 8005 8124 8006
f 8123 8124 8005
f 8123 8005 8121
f 8121 8005 8003
f 8122 8002 8004
f 8120 8002 8122
f 8121 8003 8001
f 8119 8121 8001
f 8120 8000 8002
f 8118 8000 8120
f 8119 8001 7999
f 8117 8119 7999
f 8118 7998 8000
f 8116 7998 8118
f 8133 8015 8010
f 8128 8133 8010
f 8014 8132 8013
f 8013 8132 8131
f 8012 8013 8131
f 8130 8012 8131
f 8011 8012 8130
f 8129 8011 8130
f 8009 8011 8129
f 8127 8009 8129
f 8009 8127 8010
f 8010 8127 8128
f 8122 8004 8126
f 8126 8004 8008
f 8007 8126 8008
f 8125 8126 8007
f 8141 8023 8021
f 8139 8141 8021
f 8140 8020 8022
f 8138 8020 8140
f 8139 8021 8019
f 8137 8139 8019
f 8138 8018 8020
f 8136 8018 8138
f 8137 8019 8017
f 8135 8137 8017
f 8136 8016 8018
f 8134 8016 8136
f 8135 8017 8015
f 8133 8135 8015
f 8134 8014 8016
f 8132 8014 8134
f 8149 8031 8029
f 8147 8149 8029
f 8148 8028 8030
f 8146 8028 8148
f 8147 8029 8027
f 8145 8147 8027
f 8146 8026 8028
f 8144 8026 8146
f 8145 8027 8025
f 8143 8145 8025
f 8144 8024 8026
f 8142 8024 8144
f 8143 8025 8023
f 8141 8143 8023
f 8142 8022 8024
f 8140 8022 8142
f 8157 8039 8037
f 8155 8157 8037
f 8156 8036 8038
f 8154 8036 8156
f 8155 8037 8035
f 8153 8155 8035
f 8154 8034 8036
f 8152 8034 8154
f 8153 8035 8033
f 8151 8153 8033
f 8152 8032 8034
f 8150 8032 8152
f 8151 8033 8031
f 8149 8151 8031
f 8150 8030 8032
f 8148 8030 8150
f 8165 8047 8045
f 8163 8165 8045
f 8164 8044 8046
f 8162 8044 8164
f 8163 8045 8043
f 8161 8163 8043
f 8162 8042 8044
f 8160 8042 8162
f 8161 8043 8041
f 8159 8161 8041
f 8160 8040 8042
f 8158 8040 8160
f 8159 8041 8039
f 8157 8159 8039
f 8158 8038 8040
f 8156 8038 8158
f 8173 8055 8053
f 8171 8173 8053
f 8172 8052 8054
f 8170 8052 8172
f 8171 8053 8051
f 8169 8171 8051
f 8170 8050 8052
f 8168 8050 8170
f 8169 8051 8049
f 8167 8169 8049
f 8168 8048 8050
f 8166 8048 8168
f 8167 8049 8047
f 8165 8167 8047
f 8166 8046 8048
f 8164 8046 8166
f 8181 8063 8061
f 8179 8181 8061
f 8180 8060 8062
f 8178 8060 8180
f 8179 8061 8059
f 8177 8179 8059
f 8178 8058 8060
f 8176 8058 8178
f 8177 8059 8057
f 8175 8177 8057
f 8176 8056 8058
f 8174 8056 8176
f 8175 8057 8055
f 8173 8175 8055
f 8174 8054 8056
f 8172 8054 8174
f 8189 8071 8069
f 8187 8189 8069
f 8188 8068 8070
f 8186 8068 8188
f 8187 8069 8067
f 8185 8187 8067
f 8186 8066 8068
f 8184 8066 8186
f 8185 8067 8065
f 8183 8185 8065
f 8184 8064 8066
f 8182 8064 8184
f 8183 8065 8063
f 8181 8183 8063
f 8182 8062 8064
f 8180 8062 8182
f 8197 8079 8077
f 8195 8197 8077
f 8196 8076 8078
f 8194 8076 8196
f 8195 8077 8075
f 8193 8195 8075
f 8194 8074 8076
f 8192 8074 8194
f 8193 8075 8073
f 8191 8193 8073
f 8192 8072 8074
f 8190 8072 8192
f 8191 8073 8071
f 8189 8191 8071
f 8190 8070 8072
f 8188 8070 8190
f 8205 8087 8085
f 8203 8205 8085
f 8204 8084 8086
f 8202 8084 8204
f 8203 8085 8083
f 8201 8203 8083
f 8202 8082 8084
f 8200 8082 8202
f 8201 8083 8081
f 8199 8201 8081
f 8200 8080 8082
f 8198 8080 8200
f 8199 8081 8079
f 8197 8199 8079
f 8198 8078 8080
f 8196 8078 8198
f 8213 8095 8093
f 8211 8213 8093
f 8212 8092 8094
f 8210 8092 8212
f 8211 8093 8091
f 8209 8211 8091
f 8210 8090 8092
f 8208 8090 8210
f 8209 8091 8089
f 8207 8209 8089
f 8208 8088 8090
f 8206 8088 8208
f 8207 8089 8087
f 8205 8207 8087
f 8206 8086 8088
f 8204 8086 8206
f 8221 8103 8101
f 8219 8221 8101
f 8220 8100 8102
f 8218 8100 8220
f 8219 8101 8099
f 8217 8219 8099
f 8218 8098 8100
f 8216 8098 8218
f 8217 8099 8097
f 8215 8217 8097
f 8216 8096 8098
f 8214 8096 8216
f 8215 8097 8095
f 8213 8215 8095
f 8214 8094 8096
f 8212 8094 8214
f 8229 8111 8109
f 8227 8229 8109
f 8228 8108 8110
f 8226 8108 8228
f 8227 8109 8107
f 8225 8227 8107
f 8226 8106 8108
f 8224 8106 8226
f 8225 8107 8105
f 8223 8225 8105
f 8224 8104 8106
f 8222 8104 8224
f 8223 8105 8103
f 8221 8223 8103
f 8222 8102 8104
f 8220 8102 8222
f 8237 8119 8117
f 8235 8237 8117
f 8236 8116 8118
f 8234 8116 8236
f 8235 8117 8115
f 8233 8235 8115
f 8234 8114 8116
f 8232 8114 8234
f 8233 8115 8113
f 8231 8233 8113
f 8232 8112 8114
f 8230 8112 8232
f 8231 8113 8111
f 8229 8231 8111
f 8230 8110 8112
f 8228 8110 8230
f 8240 8122 8244
f 8244 8122 8126
f 8125 8244 8126
f 8243 8244 8125
f 8124 8243 8125
f 8242 8243 8124
f 8123 8242 8124
f 8241 8242 8123
f 8241 8123 8239
f 8239 8123 8121
f 8240 8120 8122
f 8238 8120 8240
f 8239 8121 8119
f 8237 8239 8119
f 8238 8118 8120
f 8236 8118 8238
f 8253 8135 8133
f 8251 8253 8133
f 8252 8132 8134
f 8250 8132 8252
f 8251 8133 8128
f 8246 8251 8128
f 8132 8250 8131
f 8131 8250 8249
f 8130 8131 8249
f 8248 8130 8249
f 8129 8130 8248
f 8247 8129 8248
f 8127 8129 8247
f 8245 8127 8247
f 8127 8245 8128
f 8128 8245 8246
f 8261 8143 8141
f 8259 8261 8141
f 8260 8140 8142
f 8258 8140 8260
f 8259 8141 8139
f 8257 8259 8139
f 8258 8138 8140
f 8256 8138 8258
f 8257 8139 8137
f 8255 8257 8137
f 8256 8136 8138
f 8254 8136 8256
f 8255 8137 8135
f 8253 8255 8135
f 8254 8134 8136
f 8252 8134 8254
f 8269 8151 8149
f 8267 8269 8149
f 8268 8148 8150
f 8266 8148 8268
f 8267 8149 8147
f 8265 8267 8147
f 8266 8146 8148
f 8264 8146 8266
f 8265 8147 8145
f 8263 8265 8145
f 8264 8144 8146
f 8262 8144 8264
f 8263 8145 8143
f 8261 8263 8143
f 8262 8142 8144
f 8260 8142 8262
f 8277 8159 8157
f 8275 8277 8157
f 8276 8156 8158
f 8274 8156 8276
f 8275 8157 8155
f 8273 8275 8155
f 8274 8154 8156
f 8272 8154 8274
f 8273 8155 8153
f 8271 8273 8153
f 8272 8152 8154
f 8270 8152 8272
f 8271 8153 8151
f 8269 8271 8151
f 8270 8150 8152
f 8268 8150 8270
f 8285 8167 8165
f 8283 8285 8165
f 8284 8164 8166
f 8282 8164 8284
f 8283 8165 8163
f 8281 8283 8163
f 8282 8162 8164
f 8280 8162 8282
f 8281 8163 8161
f 8279 8281 8161
f 8280 8160 8162
f 8278 8160 8280
f 8279 8161 8159
f 8277 8279 8159
f 8278 8158 8160
f 8276 8158 8278
f 8293 8175 8173
f 8291 8293 8173
f 8292 8172 8174
f 8290 8172 8292
f 8291 8173 8171
f 8289 8291 8171
f 8290 8170 8172
f 8288 8170 8290
f 8289 8171 8169
f 8287 8289 8169
f 8288 8168 8170
f 8286 8168 8288
f 8287 8169 8167
f 8285 8287 8167
f 8286 8166 8168
f 8284 8166 8286
f 8301 8183 8181
f 8299 8301 8181
f 8300 8180 8182
f 8298 8180 8300
f 8299 8181 8179
f 8297 8299 8179
f 8298 8178 8180
f 8296 8178 8298
f 8297 8179 8177
f 8295 8297 8177
f 8296 8176 8178
f 8294 8176 8296
f 8295 8177 8175
f 8293 8295 8175
f 8294 8174 8176
f 8292 8174 8294
f 8309 8191 8189
f 8307 8309 8189
f 8308 8188 8190
f 8306 8188 8308
f 8307 8189 8187
f 8305 8307 8187
f 8306 8186 8188
f 8304 8186 8306
f 8305 8187 8185
f 8303 8305 8185
f 8304 8184 8186
f 8302 8184 8304
f 8303 8185 8183
f 8301 8303 8183
f 8302 8182 8184
f 8300 8182 8302
f 8317 8199 8197
f 8315 8317 8197
f 8316 8196 8198
f 8314 8196 8316
f 8315 8197 8195
f 8313 8315 8195
f 8314 8194 8196
f 8312 8194 8314
f 8313 8195 8193
f 8311 8313 8193
f 8312 8192 8194
f 8310 8192 8312
f 8311 8193 8191
f 8309 8311 8191
f 8310 8190 8192
f 8308 8190 8310
f 8325 8207 8205
f 8323 8325 8205
f 8324 8204 8206
f 8322 8204 8324
f 8323 8205 8203
f 8321 8323 8203
f 8322 8202 8204
f 8320 8202 8322
f 8321 8203 8201
f 8319 8321 8201
f 8320 8200 8202
f 8318 8200 8320
f 8319 8201 8199
f 8317 8319 8199
f 8318 8198 8200
f 8316 8198 8318
f 8333 8215 8213
f 8331 8333 8213
f 8332 8212 8214
f 8330 8212 8332
f 8331 8213 8211
f 8329 8331 8211
f 8330 8210 8212
f 8328 8210 8330
f 8329 8211 8209
f 8327 8329 8209
f 8328 8208 8210
f 8326 8208 8328
f 8327 8209 8207
f 8325 8327 8207
f 8326 8206 8208
f 8324 8206 8326
f 8341 8223 8221
f 8339 8341 8221
f 8340 8220 8222
f 8338 8220 8340
f 8339 8221 8219
f 8337 8339 8219
f 8338 8218 8220
f 8336 8218 8338
f 8337 8219 8217
f 8335 8337 8217
f 8336 8216 8218
f 8334 8216 8336
f 8335 8217 8215
f 8333 8335 8215
f 8334 8214 8216
f 8332 8214 8334
f 8349 8231 8229
f 8347 8349 8229
f 8348 8228 8230
f 8346 8228 8348
f 8347 8229 8227
f 8345 8347 8227
f 8346 8226 8228
f 8344 8226 8346
f 8345 8227 8225
f 8343 8345 8225
f 8344 8224 8226
f 8342 8224 8344
f 8343 8225 8223
f 8341 8343 8223
f 8342 8222 8224
f 8340 8222 8342
f 8357 8239 8237
f 8355 8357 8237
f 8356 8236 8238
f 8354 8236 8356
f 8355 8237 8235
f 8353 8355 8235
f 8354 8234 8236
f 8352 8234 8354
f 8353 8235 8233
f 8351 8353 8233
f 8352 8232 8234
f 8350 8232 8352
f 8351 8233 8231
f 8349 8351 8231
f 8350 8230 8232
f 8348 8230 8350
f 8245 8247 8365
f 8363 8245 8365
f 8245 8363 8246
f 8246 8363 8364
f 8358 8240 8362
f 8362 8240 8244
f 8243 8362 8244
f 8361 8362 8243
f 8242 8361 8243
f 8360 8361 8242
f 8241 8360 8242
f 8359 8360 8241
f 8359 8241 8357
f 8357 8241 8239
f 8358 8238 8240
f 8356 8238 8358
f 8373 8255 8253
f 8371 8373 8253
f 8372 8252 8254
f 8370 8252 8372
f 8371 8253 8251
f 8369 8371 8251
f 8370 8250 8252
f 8368 8250 8370
f 8369 8251 8246
f 8364 8369 8246
f 8250 8368 8249
f 8249 8368 8367
f 8248 8249 8367
f 8366 8248 8367
f 8247 8248 8366
f 8365 8247 8366
f 8381 8263 8261
f 8379 8381 8261
f 8380 8260 8262
f 8378 8260 8380
f 8379 8261 8259
f 8377 8379 8259
f 8378 8258 8260
f 8376 8258 8378
f 8377 8259 8257
f 8375 8377 8257
f 8376 8256 8258
f 8374 8256 8376
f 8375 8257 8255
f 8373 8375 8255
f 8374 8254 8256
f 8372 8254 8374
f 8389 8271 8269
f 8387 8389 8269
f 8388 8268 8270
f 8386 8268 8388
f 8387 8269 8267
f 8385 8387 8267
f 8386 8266 8268
f 8384 8266 8386
f 8385 8267 8265
f 8383 8385 8265
f 8384 8264 8266
f 8382 8264 8384
f 8383 8265 8263
f 8381 8383 8263
f 8382 8262 8264
f 8380 8262 8382
f 8397 8279 8277
f 8395 8397 8277
f 8396 8276 8278
f 8394 8276 8396
f 8395 8277 8275
f 8393 8395 8275
f 8394 8274 8276
f 8392 8274 8394
f 8393 8275 8273
f 8391 8393 8273
f 8392 8272 8274
f 8390 8272 8392
f 8391 8273 8271
f 8389 8391 8271
f 8390 8270 8272
f 8388 8270 8390
f 8405 8287 8285
f 8403 8405 8285
f 8404 8284 8286
f 8402 8284 8404
f 8403 8285 8283
f 8401 8403 8283
f 8402 8282 8284
f 8400 8282 8402
f 8401 8283 8281
f 8399 8401 8281
f 8400 8280 8282
f 8398 8280 8400
f 8399 8281 8279
f 8397 8399 8279
f 8398 8278 8280
f 8396 8278 8398
f 8413 8295 8293
f 8411 8413 8293
f 8412 8292 8294
f 8410 8292 8412
f 8411 8293 8291
f 8409 8411 8291
f 8410 8290 8292
f 8408 8290 8410
f 8409 8291 8289
f 8407 8409 8289
f 8408 8288 8290
f 8406 8288 8408
f 8407 8289 8287
f 8405 8407 8287
f 8406 8286 8288
f 8404 8286 8406
f 8421 8303 8301
f 8419 8421 8301
f 8420 8300 8302
f 8418 8300 8420
f 8419 8301 8299
f 8417 8419 8299
f 8418 8298 8300
f 8416 8298 8418
f 8417 8299 8297
f 8415 8417 8297
f 8416 8296 8298
f 8414 8296 8416
f 8415 8297 8295
f 8413 8415 8295
f 8414 8294 8296
f 8412 8294 8414
f 8429 8311 8309
f 8427 8429 8309
f 8428 8308 8310
f 8426 8308 8428
f 8427 8309 8307
f 8425 8427 8307
f 8426 8306 8308
f 8424 8306 8426
f 8425 8307 8305
f 8423 8425 8305
f 8424 8304 8306
f 8422 8304 8424
f 8423 8305 8303
f 8421 8423 8303
f 8422 8302 8304
f 8420 8302 8422
f 8437 8319 8317
f 8435 8437 8317
f 8436 8316 8318
f 8434 8316 8436
f 8435 8317 8315
f 8433 8435 8315
f 8434 8314 8316
f 8432 8314 8434
f 8433 8315 8313
f 8431 8433 8313
f 8432 8312 8314
f 8430 8312 8432
f 8431 8313 8311
f 8429 8431 8311
f 8430 8310 8312
f 8428 8310 8430
f 8445 8327 8325
f 8443 8445 8325
f 8444 8324 8326
f 8442 8324 8444
f 8443 8325 8323
f 8441 8443 8323
f 8442 8322 8324
f 8440 8322 8442
f 8441 8323 8321
f 8439 8441 8321
f 8440 8320 8322
f 8438 8320 8440
f 8439 8321 8319
f 8437 8439 8319
f 8438 8318 8320
f 8436 8318 8438
f 8453 8335 8333
f 8451 8453 8333
f 8452 8332 8334
f 8450 8332 8452
f 8451 8333 8331
f 8449 8451 8331
f 8450 8330 8332
f 8448 8330 8450
f 8449 8331 8329
f 8447 8449 8329
f 8448 8328 8330
f 8446 8328 8448
f 8447 8329 8327
f 8445 8447 8327
f 8446 8326 8328
f 8444 8326 8446
f 8461 8343 8341
f 8459 8461 8341
f 8460 8340 8342
f 8458 8340 8460
f 8459 8341 8339
f 8457 8459 8339
f 8458 8338 8340
f 8456 8338 8458
f 8457 8339 8337
f 8455 8457 8337
f 8456 8336 8338
f 8454 8336 8456
f 8455 8337 8335
f 8453 8455 8335
f 8454 8334 8336
f 8452 8334 8454
f 8469 8351 8349
f 8467 8469 8349
f 8468 8348 8350
f 8466 8348 8468
f 8467 8349 8347
f 8465 8467 8347
f 8466 8346 8348
f 8464 8346 8466
f 8465 8347 8345
f 8463 8465 8345
f 8464 8344 8346
f 8462 8344 8464
f 8463 8345 8343
f 8461 8463 8343
f 8462 8342 8344
f 8460 8342 8462
f 8477 8359 8475
f 8475 8359 8357
f 8476 8356 8358
f 8474 8356 8476
f 8475 8357 8355
f 8473 8475 8355
f 8474 8354 8356
f 8472 8354 8474
f 8473 8355 8353
f 8471 8473 8353
f 8472 8352 8354
f 8470 8352 8472
f 8471 8353 8351
f 8469 8471 8351
f 8470 8350 8352
f 8468 8350 8470
f 8366 8367 8485
f 8484 8366 8485
f 8365 8366 8484
f 8483 8365 8484
f 8363 8365 8483
f 8481 8363 8483
f 8363 8481 8364
f 8364 8481 8482
f 8476 8358 8480
f 8480 8358 8362
f 8361 8480 8362
f 8479 8480 8361
f 8360 8479 8361
f 8478 8479 8360
f 8359 8478 8360
f 8477 8478 8359
f 8493 8375 8373
f 8491 8493 8373
f 8492 8372 8374
f 8490 8372 8492
f 8491 8373 8371
f 8489 8491 8371
f 8490 8370 8372
f 8488 8370 8490
f 8489 8371 8369
f 8487 8489 8369
f 8488 8368 8370
f 8486 8368 8488
f 8487 8369 8364
f 8482 8487 8364
f 8368 8486 8367
f 8367 8486 8485
f 8501 8383 8381
f 8499 8501 8381
f 8500 8380 8382
f 8498 8380 8500
f 8499 8381 8379
f 8497 8499 8379
f 8498 8378 8380
f 8496 8378 8498
f 8497 8379 8377
f 8495 8497 8377
f 8496 8376 8378
f 8494 8376 8496
f 8495 8377 8375
f 8493 8495 8375
f 8494 8374 8376
f 8492 8374 8494
f 8509 8391 8389
f 8507 8509 8389
f 8508 8388 8390
f 8506 8388 8508
f 8507 8389 8387
f 8505 8507 8387
f 8506 8386 8388
f 8504 8386 8506
f 8505 8387 8385
f 8503 8505 8385
f 8504 8384 8386
f 8502 8384 8504
f 8503 8385 8383
f 8501 8503 8383
f 8502 8382 8384
f 8500 8382 8502
f 8517 8399 8397
f 8515 8517 8397
f 8516 8396 8398
f 8514 8396 8516
f 8515 8397 8395
f 8513 8515 8395
f 8514 8394 8396
f 8512 8394 8514
f 8513 8395 8393
f 8511 8513 8393
f 8512 8392 8394
f 8510 8392 8512
f 8511 8393 8391
f 8509 8511 8391
f 8510 8390 8392
f 8508 8390 8510
f 8525 8407 8405
f 8523 8525 8405
f 8524 8404 8406
f 8522 8404 8524
f 8523 8405 8403
f 8521 8523 8403
f 8522 8402 8404
f 8520 8402 8522
f 8521 8403 8401
f 8519 8521 8401
f 8520 8400 8402
f 8518 8400 8520
f 8519 8401 8399
f 8517 8519 8399
f 8518 8398 8400
f 8516 8398 8518
f 8533 8415 8413
f 8531 8533 8413
f 8532 8412 8414
f 8530 8412 8532
f 8531 8413 8411
f 8529 8531 8411
f 8530 8410 8412
f 8528 8410 8530
f 8529 8411 8409
f 8527 8529 8409
f 8528 8408 8410
f 8526 8408 8528
f 8527 8409 8407
f 8525 8527 8407
f 8526 8406 8408
f 8524 8406 8526
f 8541 8423 8421
f 8539 8541 8421
f 8540 8420 8422
f 8538 8420 8540
f 8539 8421 8419
f 8537 8539 8419
f 8538 8418 8420
f 8536 8418 8538
f 8537 8419 8417
f 8535 8537 8417
f 8536 8416 8418
f 8534 8416 8536
f 8535 8417 8415
f 8533 8535 8415
f 8534 8414 8416
f 8532 8414 8534
f 8549 8431 8429
f 8547 8549 8429
f 8548 8428 8430
f 8546 8428 8548
f 8547 8429 8427
f 8545 8547 8427
f 8546 8426 8428
f 8544 8426 8546
f 8545 8427 8425
f 8543 8545 8425
f 8544 8424 8426
f 8542 8424 8544
f 8543 8425 8423
f 8541 8543 8423
f 8542 8422 8424
f 8540 8422 8542
f 8557 8439 8437
f 8555 8557 8437
f 8556 8436 8438
f 8554 8436 8556
f 8555 8437 8435
f 8553 8555 8435
f 8554 8434 8436
f 8552 8434 8554
f 8553 8435 8433
f 8551 8553 8433
f 8552 8432 8434
f 8550 8432 8552
f 8551 8433 8431
f 8549 8551 8431
f 8550 8430 8432
f 8548 8430 8550
f 8565 8447 8445
f 8563 8565 8445
f 8564 8444 8446
f 8562 8444 8564
f 8563 8445 8443
f 8561 8563 8443
f 8562 8442 8444
f 8560 8442 8562
f 8561 8443 8441
f 8559 8561 8441
f 8560 8440 8442
f 8558 8440 8560
f 8559 8441 8439
f 8557 8559 8439
f 8558 8438 8440
f 8556 8438 8558
f 8573 8455 8453
f 8571 8573 8453
f 8572 8452 8454
f 8570 8452 8572
f 8571 8453 8451
f 8569 8571 8451
f 8570 8450 8452
f 8568 8450 8570
f 8569 8451 8449
f 8567 8569 8449
f 8568 8448 8450
f 8566 8448 8568
f 8567 8449 8447
f 8565 8567 8447
f 8566 8446 8448
f 8564 8446 8566
f 8581 8463 8461
f 8579 8581 8461
f 8580 8460 8462
f 8578 8460 8580
f 8579 8461 8459
f 8577 8579 8459
f 8578 8458 8460
f 8576 8458 8578
f 8577 8459 8457
f 8575 8577 8457
f 8576 8456 8458
f 8574 8456 8576
f 8575 8457 8455
f 8573 8575 8455
f 8574 8454 8456
f 8572 8454 8574
f 8589 8471 8469
f 8587 8589 8469
f 8588 8468 8470
f 8586 8468 8588
f 8587 8469 8467
f 8585 8587 8467
f 8586 8466 8468
f 8584 8466 8586
f 8585 8467 8465
f 8583 8585 8465
f 8584 8464 8466
f 8582 8464 8584
f 8583 8465 8463
f 8581 8583 8463
f 8582 8462 8464
f 8580 8462 8582
f 8478 8597 8479
f 8596 8597 8478
f 8477 8596 8478
f 8595 8596 8477
f 8595 8477 8593
f 8593 8477 8475
f 8594 8474 8476
f 8592 8474 8594
f 8593 8475 8473
f 8591 8593 8473
f 8592 8472 8474
f 8590 8472 8592
f 8591 8473 8471
f 8589 8591 8471
f 8590 8470 8472
f 8588 8470 8590
f 8605 8487 8482
f 8600 8605 8482
f 8486 8604 8485
f 8485 8604 8603
f 8484 8485 8603
f 8602 8484 8603
f 8483 8484 8602
f 8601 8483 8602
f 8481 8483 8601
f 8599 8481 8601
f 8481 8599 8482
f 8482 8599 8600
f 8594 8476 8598
f 8598 8476 8480
f 8479 8598 8480
f 8597 8598 8479
f 8613 8495 8493
f 8611 8613 8493
f 8612 8492 8494
f 8610 8492 8612
f 8611 8493 8491
f 8609 8611 8491
f 8610 8490 8492
f 8608 8490 8610
f 8609 8491 8489
f 8607 8609 8489
f 8608 8488 8490
f 8606 8488 8608
f 8607 8489 8487
f 8605 8607 8487
f 8606 8486 8488
f 8604 8486 8606
f 8621 8503 8501
f 8619 8621 8501
f 8620 8500 8502
f 8618 8500 8620
f 8619 8501 8499
f 8617 8619 8499
f 8618 8498 8500
f 8616 8498 8618
f 8617 8499 8497
f 8615 8617 8497
f 8616 8496 8498
f 8614 8496 8616
f 8615 8497 8495
f 8613 8615 8495
f 8614 8494 8496
f 8612 8494 8614
f 8629 8511 8509
f 8627 8629 8509
f 8628 8508 8510
f 8626 8508 8628
f 8627 8509 8507
f 8625 8627 8507
f 8626 8506 8508
f 8624 8506 8626
f 8625 8507 8505
f 8623 8625 8505
f 8624 8504 8506
f 8622 8504 8624
f 8623 8505 8503
f 8621 8623 8503
f 8622 8502 8504
f 8620 8502 8622
f 8637 8519 8517
f 8635 8637 8517
f 8636 8516 8518
f 8634 8516 8636
f 8635 8517 8515
f 8633 8635 8515
f 8634 8514 8516
f 8632 8514 8634
f 8633 8515 8513
f 8631 8633 8513
f 8632 8512 8514
f 8630 8512 8632
f 8631 8513 8511
f 8629 8631 8511
f 8630 8510 8512
f 8628 8510 8630
f 8645 8527 8525
f 8643 8645 8525
f 8644 8524 8526
f 8642 8524 8644
f 8643 8525 8523
f 8641 8643 8523
f 8642 8522 8524
f 8640 8522 8642
f 8641 8523 8521
f 8639 8641 8521
f 8640 8520 8522
f 8638 8520 8640
f 8639 8521 8519
f 8637 8639 8519
f 8638 8518 8520
f 8636 8518 8638
f 8653 8535 8533
f 8651 8653 8533
f 8652 8532 8534
f 8650 8532 8652
f 8651 8533 8531
f 8649 8651 8531
f 8650 8530 8532
f 8648 8530 8650
f 8649 8531 8529
f 8647 8649 8529
f 8648 8528 8530
f 8646 8528 8648
f 8647 8529 8527
f 8645 8647 8527
f 8646 8526 8528
f 8644 8526 8646
f 8661 8543 8541
f 8659 8661 8541
f 8660 8540 8542
f 8658 8540 8660
f 8659 8541 8539
f 8657 8659 8539
f 8658 8538 8540
f 8656 8538 8658
f 8657 8539 8537
f 8655 8657 8537
f 8656 8536 8538
f 8654 8536 8656
f 8655 8537 8535
f 8653 8655 8535
f 8654 8534 8536
f 8652 8534 8654
f 8669 8551 8549
f 8667 8669 8549
f 8668 8548 8550
f 8666 8548 8668
f 8667 8549 8547
f 8665 8667 8547
f 8666 8546 8548
f 8664 8546 8666
f 8665 8547 8545
f 8663 8665 8545
f 8664 8544 8546
f 8662 8544 8664
f 8663 8545 8543
f 8661 8663 8543
f 8662 8542 8544
f 8660 8542 8662
f 8677 8559 8557
f 8675 8677 8557
f 8676 8556 8558
f 8674 8556 8676
f 8675 8557 8555
f 8673 8675 8555
f 8674 8554 8556
f 8672 8554 8674
f 8673 8555 8553
f 8671 8673 8553
f 8672 8552 8554
f 8670 8552 8672
f 8671 8553 8551
f 8669 8671 8551
f 8670 8550 8552
f 8668 8550 8670
f 8685 8567 8565
f 8683 8685 8565
f 8684 8564 8566
f 8682 8564 8684
f 8683 8565 8563
f 8681 8683 8563
f 8682 8562 8564
f 8680 8562 8682
f 8681 8563 8561
f 8679 8681 8561
f 8680 8560 8562
f 8678 8560 8680
f 8679 8561 8559
f 8677 8679 8559
f 8678 8558 8560
f 8676 8558 8678
f 8693 8575 8573
f 8691 8693 8573
f 8692 8572 8574
f 8690 8572 8692
f 8691 8573 8571
f 8689 8691 8571
f 8690 8570 8572
f 8688 8570 8690
f 8689 8571 8569
f 8687 8689 8569
f 8688 8568 8570
f 8686 8568 8688
f 8687 8569 8567
f 8685 8687 8567
f 8686 8566 8568
f 8684 8566 8686
f 8701 8583 8581
f 8699 8701 8581
f 8700 8580 8582
f 8698 8580 8700
f 8699 8581 8579
f 8697 8699 8579
f 8698 8578 8580
f 8696 8578 8698
f 8697 8579 8577
f 8695 8697 8577
f 8696 8576 8578
f 8694 8576 8696
f 8695 8577 8575
f 8693 8695 8575
f 8694 8574 8576
f 8692 8574 8694
f 8709 8591 8589
f 8707 8709 8589
f 8708 8588 8590
f 8706 8588 8708
f 8707 8589 8587
f 8705 8707 8587
f 8706 8586 8588
f 8704 8586 8706
f 8705 8587 8585
f 8703 8705 8585
f 8704 8584 8586
f 8702 8584 8704
f 8703 8585 8583
f 8701 8703 8583
f 8702 8582 8584
f 8700 8582 8702
f 8712 8594 8716
f 8716 8594 8598
f 8597 8716 8598
f 8715 8716 8597
f 8596 8715 8597
f 8714 8715 8596
f 8595 8714 8596
f 8713 8714 8595
f 8713 8595 8711
f 8711 8595 8593
f 8712 8592 8594
f 8710 8592 8712
f 8711 8593 8591
f 8709 8711 8591
f 8710 8590 8592
f 8708 8590 8710
f 8725 8607 8605
f 8723 8725 8605
f 8724 8604 8606
f 8722 8604 8724
f 8723 8605 8600
f 8718 8723 8600
f 8604 8722 8603
f 8603 8722 8721
f 8602 8603 8721
f 8720 8602 8721
f 8601 8602 8720
f 8719 8601 8720
f 8599 8601 8719
f 8717 8599 8719
f 8599 8717 8600
f 8600 8717 8718
f 8733 8615 8613
f 8731 8733 8613
f 8732 8612 8614
f 8730 8612 8732
f 8731 8613 8611
f 8729 8731 8611
f 8730 8610 8612
f 8728 8610 8730
f 8729 8611 8609
f 8727 8729 8609
f 8728 8608 8610
f 8726 8608 8728
f 8727 8609 8607
f 8725 8727 8607
f 8726 8606 8608
f 8724 8606 8726
f 8741 8623 8621
f 8739 8741 8621
f 8740 8620 8622
f 8738 8620 8740
f 8739 8621 8619
f 8737 8739 8619
f 8738 8618 8620
f 8736 8618 8738
f 8737 8619 8617
f 8735 8737 8617
f 8736 8616 8618
f 8734 8616 8736
f 8735 8617 8615
f 8733 8735 8615
f 8734 8614 8616
f 8732 8614 8734
f 8749 8631 8629
f 8747 8749 8629
f 8748 8628 8630
f 8746 8628 8748
f 8747 8629 8627
f 8745 8747 8627
f 8746 8626 8628
f 8744 8626 8746
f 8745 8627 8625
f 8743 8745 8625
f 8744 8624 8626
f 8742 8624 8744
f 8743 8625 8623
f 8741 8743 8623
f 8742 8622 8624
f 8740 8622 8742
f 8757 8639 8637
f 8755 8757 8637
f 8756 8636 8638
f 8754 8636 8756
f 8755 8637 8635
f 8753 8755 8635
f 8754 8634 8636
f 8752 8634 8754
f 8753 8635 8633
f 8751 8753 8633
f 8752 8632 8634
f 8750 8632 8752
f 8751 8633 8631
f 8749 8751 8631
f 8750 8630 8632
f 8748 8630 8750
f 8765 8647 8645
f 8763 8765 8645
f 8764 8644 8646
f 8762 8644 8764
f 8763 8645 8643
f 8761 8763 8643
f 8762 8642 8644
f 8760 8642 8762
f 8761 8643 8641
f 8759 8761 8641
f 8760 8640 8642
f 8758 8640 8760
f 8759 8641 8639
f 8757 8759 8639
f 8758 8638 8640
f 8756 8638 8758
f 8773 8655 8653
f 8771 8773 8653
f 8772 8652 8654
f 8770 8652 8772
f 8771 8653 8651
f 8769 8771 8651
f 8770 8650 8652
f 8768 8650 8770
f 8769 8651 8649
f 8767 8769 8649
f 8768 8648 8650
f 8766 8648 8768
f 8767 8649 8647
f 8765 8767 8647
f 8766 8646 8648
f 8764 8646 8766
f 8781 8663 8661
f 8779 8781 8661
f 8780 8660 8662
f 8778 8660 8780
f 8779 8661 8659
f 8777 8779 8659
f 8778 8658 8660
f 8776 8658 8778
f 8777 8659 8657
f 8775 8777 8657
f 8776 8656 8658
f 8774 8656 8776
f 8775 8657 8655
f 8773 8775 8655
f 8774 8654 8656
f 8772 8654 8774
f 8789 8671 8669
f 8787 8789 8669
f 8788 8668 8670
f 8786 8668 8788
f 8787 8669 8667
f 8785 8787 8667
f 8786 8666 8668
f 8784 8666 8786
f 8785 8667 8665
f 8783 8785 8665
f 8784 8664 8666
f 8782 8664 8784
f 8783 8665 8663
f 8781 8783 8663
f 8782 8662 8664
f 8780 8662 8782
f 8797 8679 8677
f 8795 8797 8677
f 8796 8676 8678
f 8794 8676 8796
f 8795 8677 8675
f 8793 8795 8675
f 8794 8674 8676
f 8792 8674 8794
f 8793 8675 8673
f 8791 8793 8673
f 8792 8672 8674
f 8790 8672 8792
f 8791 8673 8671
f 8789 8791 8671
f 8790 8670 8672
f 8788 8670 8790
f 8805 8687 8685
f 8803 8805 8685
f 8804 8684 8686
f 8802 8684 8804
f 8803 8685 8683
f 8801 8803 8683
f 8802 8682 8684
f 8800 8682 8802
f 8801 8683 8681
f 8799 8801 8681
f 8800 8680 8682
f 8798 8680 8800
f 8799 8681 8679
f 8797 8799 8679
f 8798 8678 8680
f 8796 8678 8798
f 8813 8695 8693
f 8811 8813 8693
f 8812 8692 8694
f 8810 8692 8812
f 8811 8693 8691
f 8809 8811 8691
f 8810 8690 8692
f 8808 8690 8810
f 8809 8691 8689
f 8807 8809 8689
f 8808 8688 8690
f 8806 8688 8808
f 8807 8689 8687
f 8805 8807 8687
f 8806 8686 8688
f 8804 8686 8806
f 8821 8703 8701
f 8819 8821 8701
f 8820 8700 8702
f 8818 8700 8820
f 8819 8701 8699
f 8817 8819 8699
f 8818 8698 8700
f 8816 8698 8818
f 8817 8699 8697
f 8815 8817 8697
f 8816 8696 8698
f 8814 8696 8816
f 8815 8697 8695
f 8813 8815 8695
f 8814 8694 8696
f 8812 8694 8814
f 8829 8711 8709
f 8827 8829 8709
f 8828 8708 8710
f 8826 8708 8828
f 8827 8709 8707
f 8825 8827 8707
f 8826 8706 8708
f 8824 8706 8826
f 8825 8707 8705
f 8823 8825 8705
f 8824 8704 8706
f 8822 8704 8824
f 8823 8705 8703
f 8821 8823 8703
f 8822 8702 8704
f 8820 8702 8822
f 8717 8719 8837
f 8835 8717 8837
f 8717 8835 8718
f 8718 8835 8836
f 8830 8712 8834
f 8834 8712 8716
f 8715 8834 8716
f 8833 8834 8715
f 8714 8833 8715
f 8832 8833 8714
f 8713 8832 8714
f 8831 8832 8713
f 8831 8713 8829
f 8829 8713 8711
f 8830 8710 8712
f 8828 8710 8830
f 8845 8727 8725
f 8843 8845 8725
f 8844 8724 8726
f 8842 8724 8844
f 8843 8725 8723
f 8841 8843 8723
f 8842 8722 8724
f 8840 8722 8842
f 8841 8723 8718
f 8836 8841 8718
f 8722 8840 8721
f 8721 8840 8839
f 8720 8721 8839
f 8838 8720 8839
f 8719 8720 8838
f 8837 8719 8838
f 8853 8735 8733
f 8851 8853 8733
f 8852 8732 8734
f 8850 8732 8852
f 8851 8733 8731
f 8849 8851 8731
f 8850 8730 8732
f 8848 8730 8850
f 8849 8731 8729
f 8847 8849 8729
f 8848 8728 8730
f 8846 8728 8848
f 8847 8729 8727
f 8845 8847 8727
f 8846 8726 8728
f 8844 8726 8846
f 8861 8743 8741
f 8859 8861 8741
f 8860 8740 8742
f 8858 8740 8860
f 8859 8741 8739
f 8857 8859 8739
f 8858 8738 8740
f 8856 8738 8858
f 8857 8739 8737
f 8855 8857 8737
f 8856 8736 8738
f 8854 8736 8856
f 8855 8737 8735
f 8853 8855 8735
f 8854 8734 8736
f 8852 8734 8854
f 8869 8751 8749
f 8867 8869 8749
f 8868 8748 8750
f 8866 8748 8868
f 8867 8749 8747
f 8865 8867 8747
f 8866 8746 8748
f 8864 8746 8866
f 8865 8747 8745
f 8863 8865 8745
f 8864 8744 8746
f 8862 8744 8864
f 8863 8745 8743
f 8861 8863 8743
f 8862 8742 8744
f 8860 8742 8862
f 8877 8759 8757
f 8875 8877 8757
f 8876 8756 8758
f 8874 8756 8876
f 8875 8757 8755
f 8873 8875 8755
f 8874 8754 8756
f 8872 8754 8874
f 8873 8755 8753
f 8871 8873 8753
f 8872 8752 8754
f 8870 8752 8872
f 8871 8753 8751
f 8869 8871 8751
f 8870 8750 8752
f 8868 8750 8870
f 8885 8767 8765
f 8883 8885 8765
f 8884 8764 8766
f 8882 8764 8884
f 8883 8765 8763
f 8881 8883 8763
f 8882 8762 8764
f 8880 8762 8882
f 8881 8763 8761
f 8879 8881 8761
f 8880 8760 8762
f 8878 8760 8880
f 8879 8761 8759
f 8877 8879 8759
f 8878 8758 8760
f 8876 8758 8878
f 8893 8775 8773
f 8891 8893 8773
f 8892 8772 8774
f 8890 8772 8892
f 8891 8773 8771
f 8889 8891 8771
f 8890 8770 8772
f 8888 8770 8890
f 8889 8771 8769
f 8887 8889 8769
f 8888 8768 8770
f 8886 8768 8888
f 8887 8769 8767
f 8885 8887 8767
f 8886 8766 8768
f 8884 8766 8886
f 8901 8783 8781
f 8899 8901 8781
f 8900 8780 8782
f 8898 8780 8900
f 8899 8781 8779
f 8897 8899 8779
f 8898 8778 8780
f 8896 8778 8898
f 8897 8779 8777
f 8895 8897 8777
f 8896 8776 8778
f 8894 8776 8896
f 8895 8777 8775
f 8893 8895 8775
f 8894 8774 8776
f 8892 8774 8894
f 8909 8791 8789
f 8907 8909 8789
f 8908 8788 8790
f 8906 8788 8908
f 8907 8789 8787
f 8905 8907 8787
f 8906 8786 8788
f 8904 8786 8906
f 8905 8787 8785
f 8903 8905 8785
f 8904 8784 8786
f 8902 8784 8904
f 8903 8785 8783
f 8901 8903 8783
f 8902 8782 8784
f 8900 8782 8902
f 8917 8799 8797
f 8915 8917 8797
f 8916 8796 8798
f 8914 8796 8916
f 8915 8797 8795
f 8913 8915 8795
f 8914 8794 8796
f 8912 8794 8914
f 8913 8795 8793
f 8911 8913 8793
f 8912 8792 8794
f 8910 8792 8912
f 8911 8793 8791
f 8909 8911 8791
f 8910 8790 8792
f 8908 8790 8910
f 8925 8807 8805
f 8923 8925 8805
f 8924 8804 8806
f 8922 8804 8924
f 8923 8805 8803
f 8921 8923 8803
f 8922 8802 8804
f 8920 8802 8922
f 8921 8803 8801
f 8919 8921 8801
f 8920 8800 8802
f 8918 8800 8920
f 8919 8801 8799
f 8917 8919 8799
f 8918 8798 8800
f 8916 8798 8918
f 8933 8815 8813
f 8931 8933 8813
f 8932 8812 8814
f 8930 8812 8932
f 8931 8813 8811
f 8929 8931 8811
f 8930 8810 8812
f 8928 8810 8930
f 8929 8811 8809
f 8927 8929 8809
f 8928 8808 8810
f 8926 8808 8928
f 8927 8809 8807
f 8925 8927 8807
f 8926 8806 8808
f 8924 8806 8926
f 8941 8823 8821
f 8939 8941 8821
f 8940 8820 8822
f 8938 8820 8940
f 8939 8821 8819
f 8937 8939 8819
f 8938 8818 8820
f 8936 8818 8938
f 8937 8819 8817
f 8935 8937 8817
f 8936 8816 8818
f 8934 8816 8936
f 8935 8817 8815
f 8933 8935 8815
f 8934 8814 8816
f 8932 8814 8934
f 8949 8831 8947
f 8947 8831 8829
f 8948 8828 8830
f 8946 8828 8948
f 8947 8829 8827
f 8945 8947 8827
f 8946 8826 8828
f 8944 8826 8946
f 8945 8827 8825
f 8943 8945 8825
f 8944 8824 8826
f 8942 8824 8944
f 8943 8825 8823
f 8941 8943 8823
f 8942 8822 8824
f 8940 8822 8942
f 8838 8839 8957
f 8956 8838 8957
f 8837 8838 8956
f 8955 8837 8956
f 8835 8837 8955
f 8953 8835 8955
f 8835 8953 8836
f 8836 8953 8954
f 8948 8830 8952
f 8952 8830 8834
f 8833 8952 8834
f 8951 8952 8833
f 8832 8951 8833
f 8950 8951 8832
f 8831 8950 8832
f 8949 8950 8831
f 8965 8847 8845
f 8963 8965 8845
f 8964 8844 8846
f 8962 8844 8964
f 8963 8845 8843
f 8961 8963 8843
f 8962 8842 8844
f 8960 8842 8962
f 8961 8843 8841
f 8959 8961 8841
f 8960 8840 8842
f 8958 8840 8960
f 8959 8841 8836
f 8954 8959 8836
f 8840 8958 8839
f 8839 8958 8957
f 8973 8855 8853
f 8971 8973 8853
f 8972 8852 8854
f 8970 8852 8972
f 8971 8853 8851
f 8969 8971 8851
f 8970 8850 8852
f 8968 8850 8970
f 8969 8851 8849
f 8967 8969 8849
f 8968 8848 8850
f 8966 8848 8968
f 8967 8849 8847
f 8965 8967 8847
f 8966 8846 8848
f 8964 8846 8966
f 8981 8863 8861
f 8979 8981 8861
f 8980 8860 8862
f 8978 8860 8980
f 8979 8861 8859
f 8977 8979 8859
f 8978 8858 8860
f 8976 8858 8978
f 8977 8859 8857
f 8975 8977 8857
f 8976 8856 8858
f 8974 8856 8976
f 8975 8857 8855
f 8973 8975 8855
f 8974 8854 8856
f 8972 8854 8974
f 8989 8871 8869
f 8987 8989 8869
f 8988 8868 8870
f 8986 8868 8988
f 8987 8869 8867
f 8985 8987 8867
f 8986 8866 8868
f 8984 8866 8986
f 8985 8867 8865
f 8983 8985 8865
f 8984 8864 8866
f 8982 8864 8984
f 8983 8865 8863
f 8981 8983 8863
f 8982 8862 8864
f 8980 8862 8982
f 8997 8879 8877
f 8995 8997 8877
f 8996 8876 8878
f 8994 8876 8996
f 8995 8877 8875
f 8993 8995 8875
f 8994 8874 8876
f 8992 8874 8994
f 8993 8875 8873
f 8991 8993 8873
f 8992 8872 8874
f 8990 8872 8992
f 8991 8873 8871
f 8989 8991 8871
f 8990 8870 8872
f 8988 8870 8990
f 9005 8887 8885
f 9003 9005 8885
f 9004 8884 8886
f 9002 8884 9004
f 9003 8885 8883
f 9001 9003 8883
f 9002 8882 8884
f 9000 8882 9002
f 9001 8883 8881
f 8999 9001 8881
f 9000 8880 8882
f 8998 8880 9000
f 8999 8881 8879
f 8997 8999 8879
f 8998 8878 8880
f 8996 8878 8998
f 9013 8895 8893
f 9011 9013 8893
f 9012 8892 8894
f 9010 8892 9012
f 9011 8893 8891
f 9009 9011 8891
f 9010 8890 8892
f 9008 8890 9010
f 9009 8891 8889
f 9007 9009 8889
f 9008 8888 8890
f 9006 8888 9008
f 9007 8889 8887
f 9005 9007 8887
f 9006 8886 8888
f 9004 8886 9006
f 9021 8903 8901
f 9019 9021 8901
f 9020 8900 8902
f 9018 8900 9020
f 9019 8901 8899
f 9017 9019 8899
f 9018 8898 8900
f 9016 8898 9018
f 9017 8899 8897
f 9015 9017 8897
f 9016 8896 8898
f 9014 8896 9016
f 9015 8897 8895
f 9013 9015 8895
f 9014 8894 8896
f 9012 8894 9014
f 9029 8911 8909
f 9027 9029 8909
f 9028 8908 8910
f 9026 8908 9028
f 9027 8909 8907
f 9025 9027 8907
f 9026 8906 8908
f 9024 8906 9026
f 9025 8907 8905
f 9023 9025 8905
f 9024 8904 8906
f 9022 8904 9024
f 9023 8905 8903
f 9021 9023 8903
f 9022 8902 8904
f 9020 8902 9022
f 9037 8919 8917
f 9035 9037 8917
f 9036 8916 8918
f 9034 8916 9036
f 9035 8917 8915
f 9033 9035 8915
f 9034 8914 8916
f 9032 8914 9034
f 9033 8915 8913
f 9031 9033 8913
f 9032 8912 8914
f 9030 8912 9032
f 9031 8913 8911
f 9029 9031 8911
f 9030 8910 8912
f 9028 8910 9030
f 9045 8927 8925
f 9043 9045 8925
f 9044 8924 8926
f 9042 8924 9044
f 9043 8925 8923
f 9041 9043 8923
f 9042 8922 8924
f 9040 8922 9042
f 9041 8923 8921
f 9039 9041 8921
f 9040 8920 8922
f 9038 8920 9040
f 9039 8921 8919
f 9037 9039 8919
f 9038 8918 8920
f 9036 8918 9038
f 9053 8935 8933
f 9051 9053 8933
f 9052 8932 8934
f 9050 8932 9052
f 9051 8933 8931
f 9049 9051 8931
f 9050 8930 8932
f 9048 8930 9050
f 9049 8931 8929
f 9047 9049 8929
f 9048 8928 8930
f 9046 8928 9048
f 9047 8929 8927
f 9045 9047 8927
f 9046 8926 8928
f 9044 8926 9046
f 9061 8943 8941
f 9059 9061 8941
f 9060 8940 8942
f 9058 8940 9060
f 9059 8941 8939
f 9057 9059 8939
f 9058 8938 8940
f 9056 8938 9058
f 9057 8939 8937
f 9055 9057 8937
f 9056 8936 8938
f 9054 8936 9056
f 9055 8937 8935
f 9053 9055 8935
f 9054 8934 8936
f 9052 8934 9054
f 8950 9069 8951
f 9068 9069 8950
f 8949 9068 8950
f 9067 9068 8949
f 9067 8949 9065
f 9065 8949 8947
f 9066 8946 8948
f 9064 8946 9066
f 9065 8947 8945
f 9063 9065 8945
f 9064 8944 8946
f 9062 8944 9064
f 9063 8945 8943
f 9061 9063 8943
f 9062 8942 8944
f 9060 8942 9062
f 9072 9076 9075
f 9071 9072 9075
f 8959 8954 9075
f 9075 8954 9071
f 8957 8958 9074
f 9074 9073 8957
f 8957 9073 8956
f 9073 9072 8956
f 8956 9072 8955
f 9072 9071 8955
f 8955 9071 8953
f 8953 9071 8954
f 9066 8948 9070
f 9070 8948 8952
f 8951 9070 8952
f 9069 9070 8951
f 8960 8962 9078
f 9078 8962 9082
f 9078 9082 9081
f 9077 9078 9081
f 9077 9081 9080
f 9076 9077 9080
f 9076 9080 9079
f 9075 9076 9079
f 8961 8959 9079
f 9079 8959 9075
f 8958 8960 9074
f 9074 8960 9078
f 9074 9078 9077
f 9073 9074 9077
f 9073 9077 9076
f 9072 9073 9076
f 9085 9089 9088
f 9084 9085 9088
f 9084 9088 9087
f 9083 9084 9087
f 8965 8963 9087
f 9087 8963 9083
f 8962 8964 9082
f 9082 8964 9086
f 9082 9086 9085
f 9081 9082 9085
f 9081 9085 9084
f 9080 9081 9084
f 9080 9084 9083
f 9079 9080 9083
f 8963 8961 9083
f 9083 8961 9079
f 8969 8967 9095
f 9095 8967 9091
f 8966 8968 9090
f 9090 8968 9094
f 9090 9094 9093
f 9089 9090 9093
f 9089 9093 9092
f 9088 9089 9092
f 9088 9092 9091
f 9087 9088 9091
f 8967 8965 9091
f 9091 8965 9087
f 8964 8966 9086
f 9086 8966 9090
f 9086 9090 9089
f 9085 9086 9089
f 9098 9102 9101
f 9097 9098 9101
f 9097 9101 9100
f 9096 9097 9100
f 9096 9100 9099
f 9095 9096 9099
f 8971 8969 9099
f 9099 8969 9095
f 8968 8970 9094
f 9094 8970 9098
f 9094 9098 9097
f 9093 9094 9097
f 9093 9097 9096
f 9092 9093 9096
f 9092 9096 9095
f 9091 9092 9095
f 9104 9108 9107
f 9103 9104 9107
f 8975 8973 9107
f 9107 8973 9103
f 8972 8974 9102
f 9102 8974 9106
f 9102 9106 9105
f 9101 9102 9105
f 9101 9105 9104
f 9100 9101 9104
f 9100 9104 9103
f 9099 9100 9103
f 8973 8971 9103
f 9103 8971 9099
f 8970 8972 9098
f 9098 8972 9102
f 8976 8978 9110
f 9110 8978 9114
f 9110 9114 9113
f 9109 9110 9113
f 9109 9113 9112
f 9108 9109 9112
f 9108 9112 9111
f 9107 9108 9111
f 8977 8975 9111
f 9111 8975 9107
f 8974 8976 9106
f 9106 8976 9110
f 9106 9110 9109
f 9105 9106 9109
f 9105 9109 9108
f 9104 9105 9108
f 9117 9121 9120
f 9116 9117 9120
f 9116 9120 9119
f 9115 9116 9119
f 8981 8979 9119
f 9119 8979 9115
f 8978 8980 9114
f 9114 8980 9118
f 9114 9118 9117
f 9113 9114 9117
f 9113 9117 9116
f 9112 9113 9116
f 9112 9116 9115
f 9111 9112 9115
f 8979 8977 9115
f 9115 8977 9111
f 8985 8983 9127
f 9127 8983 9123
f 8982 8984 9122
f 9122 8984 9126
f 9122 9126 9125
f 9121 9122 9125
f 9121 9125 9124
f 9120 9121 9124
f 9120 9124 9123
f 9119 9120 9123
f 8983 8981 9123
f 9123 8981 9119
f 8980 8982 9118
f 9118 8982 9122
f 9118 9122 9121
f 9117 9118 9121
f 9130 9134 9133
f 9129 9130 9133
f 9129 9133 9132
f 9128 9129 9132
f 9128 9132 9131
f 9127 9128 9131
f 8987 8985 9131
f 9131 8985 9127
f 8984 8986 9126
f 9126 8986 9130
f 9126 9130 9129
f 9125 9126 9129
f 9125 9129 9128
f 9124 9125 9128
f 9124 9128 9127
f 9123 9124 9127
f 9136 9140 9139
f 9135 9136 9139
f 8991 8989 9139
f 9139 8989 9135
f 8988 8990 9134
f 9134 8990 9138
f 9134 9138 9137
f 9133 9134 9137
f 9133 9137 9136
f 9132 9133 9136
f 9132 9136 9135
f 9131 9132 9135
f 8989 8987 9135
f 9135 8987 9131
f 8986 8988 9130
f 9130 8988 9134
f 8992 8994 9142
f 9142 8994 9146
f 9142 9146 9145
f 9141 9142 9145
f 9141 9145 9144
f 9140 9141 9144
f 9140 9144 9143
f 9139 9140 9143
f 8993 8991 9143
f 9143 8991 9139
f 8990 8992 9138
f 9138 8992 9142
f 9138 9142 9141
f 9137 9138 9141
f 9137 9141 9140
f 9136 9137 9140
f 9149 9153 9152
f 9148 9149 9152
f 9148 9152 9151
f 9147 9148 9151
f 8997 8995 9151
f 9151 8995 9147
f 8994 8996 9146
f 9146 8996 9150
f 9146 9150 9149
f 9145 9146 9149
f 9145 9149 9148
f 9144 9145 9148
f 9144 9148 9147
f 9143 9144 9147
f 8995 8993 9147
f 9147 8993 9143
f 9001 8999 9159
f 9159 8999 9155
f 8998 9000 9154
f 9154 9000 9158
f 9154 9158 9157
f 9153 9154 9157
f 9153 9157 9156
f 9152 9153 9156
f 9152 9156 9155
f 9151 9152 9155
f 8999 8997 9155
f 9155 8997 9151
f 8996 8998 9150
f 9150 8998 9154
f 9150 9154 9153
f 9149 9150 9153
f 9162 9166 9165
f 9161 9162 9165
f 9161 9165 9164
f 9160 9161 9164
f 9160 9164 9163
f 9159 9160 9163
f 9003 9001 9163
f 9163 9001 9159
f 9000 9002 9158
f 9158 9002 9162
f 9158 9162 9161
f 9157 9158 9161
f 9157 9161 9160
f 9156 9157 9160
f 9156 9160 9159
f 9155 9156 9159
f 9168 9172 9171
f 9167 9168 9171
f 9007 9005 9171
f 9171 9005 9167
f 9004 9006 9166
f 9166 9006 9170
f 9166 9170 9169
f 9165 9166 9169
f 9165 9169 9168
f 9164 9165 9168
f 9164 9168 9167
f 9163 9164 9167
f 9005 9003 9167
f 9167 9003 9163
f 9002 9004 9162
f 9162 9004 9166
f 9008 9010 9174
f 9174 9010 9178
f 9174 9178 9177
f 9173 9174 9177
f 9173 9177 9176
f 9172 9173 9176
f 9172 9176 9175
f 9171 9172 9175
f 9009 9007 9175
f 9175 9007 9171
f 9006 9008 9170
f 9170 9008 9174
f 9170 9174 9173
f 9169 9170 9173
f 9169 9173 9172
f 9168 9169 9172
f 9181 9185 9184
f 9180 9181 9184
f 9180 9184 9183
f 9179 9180 9183
f 9013 9011 9183
f 9183 9011 9179
f 9010 9012 9178
f 9178 9012 9182
f 9178 9182 9181
f 9177 9178 9181
f 9177 9181 9180
f 9176 9177 9180
f 9176 9180 9179
f 9175 9176 9179
f 9011 9009 9179
f 9179 9009 9175
f 9017 9015 9191
f 9191 9015 9187
f 9014 9016 9186
f 9186 9016 9190
f 9186 9190 9189
f 9185 9186 9189
f 9185 9189 9188
f 9184 9185 9188
f 9184 9188 9187
f 9183 9184 9187
f 9015 9013 9187
f 9187 9013 9183
f 9012 9014 9182
f 9182 9014 9186
f 9182 9186 9185
f 9181 9182 9185
f 9194 9198 9197
f 9193 9194 9197
f 9193 9197 9196
f 9192 9193 9196
f 9192 9196 9195
f 9191 9192 9195
f 9019 9017 9195
f 9195 9017 9191
f 9016 9018 9190
f 9190 9018 9194
f 9190 9194 9193
f 9189 9190 9193
f 9189 9193 9192
f 9188 9189 9192
f 9188 9192 9191
f 9187 9188 9191
f 9200 9204 9203
f 9199 9200 9203
f 9023 9021 9203
f 9203 9021 9199
f 9020 9022 9198
f 9198 9022 9202
f 9198 9202 9201
f 9197 9198 9201
f 9197 9201 9200
f 9196 9197 9200
f 9196 9200 9199
f 9195 9196 9199
f 9021 9019 9199
f 9199 9019 9195
f 9018 9020 9194
f 9194 9020 9198
f 9024 9026 9206
f 9206 9026 9210
f 9206 9210 9209
f 9205 9206 9209
f 9205 9209 9208
f 9204 9205 9208
f 9204 9208 9207
f 9203 9204 9207
f 9025 9023 9207
f 9207 9023 9203
f 9022 9024 9202
f 9202 9024 9206
f 9202 9206 9205
f 9201 9202 9205
f 9201 9205 9204
f 9200 9201 9204
f 9213 9217 9216
f 9212 9213 9216
f 9212 9216 9215
f 9211 9212 9215
f 9029 9027 9215
f 9215 9027 9211
f 9026 9028 9210
f 9210 9028 9214
f 9210 9214 9213
f 9209 9210 9213
f 9209 9213 9212
f 9208 9209 9212
f 9208 9212 9211
f 9207 9208 9211
f 9027 9025 9211
f 9211 9025 9207
f 9033 9031 9223
f 9223 9031 9219
f 9030 9032 9218
f 9218 9032 9222
f 9218 9222 9221
f 9217 9218 9221
f 9217 9221 9220
f 9216 9217 9220
f 9216 9220 9219
f 9215 9216 9219
f 9031 9029 9219
f 9219 9029 9215
f 9028 9030 9214
f 9214 9030 9218
f 9214 9218 9217
f 9213 9214 9217
f 9226 9230 9229
f 9225 9226 9229
f 9225 9229 9228
f 9224 9225 9228
f 9224 9228 9227
f 9223 9224 9227
f 9035 9033 9227
f 9227 9033 9223
f 9032 9034 9222
f 9222 9034 9226
f 9222 9226 9225
f 9221 9222 9225
f 9221 9225 9224
f 9220 9221 9224
f 9220 9224 9223
f 9219 9220 9223
f 9232 9236 9235
f 9231 9232 9235
f 9039 9037 9235
f 9235 9037 9231
f 9036 9038 9230
f 9230 9038 9234
f 9230 9234 9233
f 9229 9230 9233
f 9229 9233 9232
f 9228 9229 9232
f 9228 9232 9231
f 9227 9228 9231
f 9037 9035 9231
f 9231 9035 9227
f 9034 9036 9226
f 9226 9036 9230
f 9040 9042 9238
f 9238 9042 9242
f 9238 9242 9241
f 9237 9238 9241
f 9237 9241 9240
f 9236 9237 9240
f 9236 9240 9239
f 9235 9236 9239
f 9041 9039 9239
f 9239 9039 9235
f 9038 9040 9234
f 9234 9040 9238
f 9234 9238 9237
f 9233 9234 9237
f 9233 9237 9236
f 9232 9233 9236
f 9245 9249 9248
f 9244 9245 9248
f 9244 9248 9247
f 9243 9244 9247
f 9045 9043 9247
f 9247 9043 9243
f 9042 9044 9242
f 9242 9044 9246
f 9242 9246 9245
f 9241 9242 9245
f 9241 9245 9244
f 9240 9241 9244
f 9240 9244 9243
f 9239 9240 9243
f 9043 9041 9243
f 9243 9041 9239
f 9049 9047 9255
f 9255 9047 9251
f 9046 9048 9250
f 9250 9048 9254
f 9250 9254 9253
f 9249 9250 9253
f 9249 9253 9252
f 9248 9249 9252
f 9248 9252 9251
f 9247 9248 9251
f 9047 9045 9251
f 9251 9045 9247
f 9044 9046 9246
f 9246 9046 9250
f 9246 9250 9249
f 9245 9246 9249
f 9258 9262 9261
f 9257 9258 9261
f 9257 9261 9260
f 9256 9257 9260
f 9256 9260 9259
f 9255 9256 9259
f 9051 9049 9259
f 9259 9049 9255
f 9048 9050 9254
f 9254 9050 9258
f 9254 9258 9257
f 9253 9254 9257
f 9253 9257 9256
f 9252 9253 9256
f 9252 9256 9255
f 9251 9252 9255
f 9264 9268 9267
f 9263 9264 9267
f 9055 9053 9267
f 9267 9053 9263
f 9052 9054 9262
f 9262 9054 9266
f 9262 9266 9265
f 9261 9262 9265
f 9261 9265 9264
f 9260 9261 9264
f 9260 9264 9263
f 9259 9260 9263
f 9053 9051 9263
f 9263 9051 9259
f 9050 9052 9258
f 9258 9052 9262
f 9056 9058 9270
f 9270 9058 9274
f 9270 9274 9273
f 9269 9270 9273
f 9269 9273 9272
f 9268 9269 9272
f 9268 9272 9271
f 9267 9268 9271
f 9057 9055 9271
f 9271 9055 9267
f 9054 9056 9266
f 9266 9056 9270
f 9266 9270 9269
f 9265 9266 9269
f 9265 9269 9268
f 9264 9265 9268
f 9277 9281 9280
f 9276 9277 9280
f 9276 9280 9279
f 9275 9276 9279
f 9061 9059 9279
f 9279 9059 9275
f 9058 9060 9274
f 9274 9060 9278
f 9274 9278 9277
f 9273 9274 9277
f 9273 9277 9276
f 9272 9273 9276
f 9272 9276 9275
f 9271 9272 9275
f 9059 9057 9275
f 9275 9057 9271
f 9065 9063 9287
f 9287 9063 9283
f 9062 9064 9282
f 9282 9064 9286
f 9282 9286 9285
f 9281 9282 9285
f 9281 9285 9284
f 9280 9281 9284
f 9280 9284 9283
f 9279 9280 9283
f 9063 9061 9283
f 9283 9061 9279
f 9060 9062 9278
f 9278 9062 9282
f 9278 9282 9281
f 9277 9278 9281
f 19 23 25
f 17 23 19
f 23 17 24
f 24 17 18
f 15 21 16
f 16 21 22
f 15 20 21
f 14 20 15
f 14 19 20
f 13 19 14
f 13 17 19
f 11 17 13
f 17 11 18
f 18 11 12
f 8 15 10
f 10 15 16

