# https://github.com/mikedh/trimesh
mtllib material.mtl
usemtl material_0
v -0.01522541 -0.00886222 0.06798502
v -0.01495185 0.00651399 0.07014340
v -0.01497113 0.00659066 -0.06677523
v 0.01555434 0.00597082 0.07013875
v 0.01527969 -0.00940537 0.06798037
v 0.01553458 0.00604750 -0.06677988
v -0.01495522 0.00630723 0.07100588
v -0.01502769 0.00220761 0.07364654
v -0.01497661 0.00628936 -0.06793990
v -0.01499117 0.00547800 -0.06910231
v -0.01501062 0.00438925 -0.06990331
v -0.01503841 0.00284501 -0.07028759
v -0.01505805 0.00174130 -0.07017124
v -0.01512852 -0.00222636 -0.06907092
v -0.01520698 -0.00663839 -0.06762678
v -0.01524374 -0.00877530 -0.06470704
v -0.01522609 -0.00773532 -0.06679271
v -0.01523708 -0.00835729 -0.06590807
v -0.01521742 -0.00846105 0.06922711
v -0.01520395 -0.00767990 0.07030194
v -0.01518275 -0.00653620 0.07106484
v -0.01500822 0.00330486 0.07357731
v -0.01498945 0.00436227 0.07323796
v -0.01497300 0.00529546 0.07256329
v -0.01496236 0.00589904 0.07184672
v -0.01509665 -0.00171985 0.07261647
v 0.01526850 -0.00890045 -0.06591272
v 0.01527938 -0.00827847 -0.06679737
v 0.01529908 -0.00718155 -0.06763144
v 0.01537730 -0.00276952 -0.06907558
v 0.01526064 -0.00931843 -0.06471169
v 0.01544778 0.00119813 -0.07017589
v 0.01546741 0.00230185 -0.07029225
v 0.01551429 0.00493485 -0.06910696
v 0.01549472 0.00384609 -0.06990797
v 0.01552898 0.00574621 -0.06794456
v 0.01555061 0.00576406 0.07100123
v 0.01549748 0.00276170 0.07357267
v 0.01554347 0.00535588 0.07184207
v 0.01553283 0.00475230 0.07255864
v 0.01551626 0.00381911 0.07323330
v 0.01547789 0.00166446 0.07364189
v 0.01532080 -0.00707932 0.07106019
v 0.01530104 -0.00822305 0.07029729
v 0.01528636 -0.00900418 0.06922246
v 0.01540668 -0.00226297 0.07261182
v -0.00012598 -0.04126673 -0.05318677
v 0.00008589 -0.03944191 -0.05398545
v -0.00108514 -0.04055860 -0.05398594
v 0.00173587 -0.03880533 -0.05318554
v -0.00210412 -0.04133517 -0.05318641
v -0.00373483 -0.03775972 -0.05313628
v -0.00448887 -0.04140024 -0.05307847
v -0.00432781 -0.03751821 -0.08654149
v 0.00145126 -0.03671081 -0.08708818
v -0.00516254 -0.03993546 -0.08663616
v 0.00191807 -0.03701933 -0.05306358
v -0.00111873 -0.03623408 -0.05306492
v -0.00044501 -0.03786425 -0.04906096
v 0.00264964 -0.04281472 -0.05314137
v 0.00073038 -0.04136045 -0.05318695
v -0.00046800 -0.04438559 -0.05307447
v 0.00353897 -0.04033543 -0.05309359
v -0.00040446 -0.03563130 -0.08664030
v 0.00350199 -0.04321786 -0.05032374
v -0.00017134 -0.04523488 -0.05038782
v 0.00216600 -0.03694842 -0.05043450
v -0.00330721 -0.04455322 -0.04387448
v -0.00020326 -0.04530521 -0.04388538
v -0.00247044 -0.04381970 -0.08710525
v -0.00204807 -0.04435466 -0.05043747
v 0.00202004 -0.03517713 -0.05038245
v -0.00221336 -0.03561553 -0.05039289
v -0.00176936 -0.03606677 -0.04619878
v 0.00069226 -0.03546320 -0.04688742
v 0.00168235 -0.03499978 -0.04572253
v -0.00480191 -0.04412257 -0.05038085
v -0.00551814 -0.04030244 -0.05035866
v -0.00341803 -0.03626288 -0.05039698
v -0.00337965 -0.03567077 -0.07416926
v -0.00066392 -0.03472888 -0.08204886
v -0.00465488 -0.03626027 -0.08001113
v 0.00213679 -0.04518548 -0.05032980
v 0.00391198 -0.03722328 -0.07417795
v 0.00517811 -0.03985178 -0.07969435
v 0.00418106 -0.03706660 -0.08024681
v 0.00405969 -0.04060915 -0.08663768
v 0.00489655 -0.04206729 -0.05038123
v -0.00150301 -0.03465117 -0.04575602
v -0.00225913 -0.03557709 -0.04386818
v -0.00320863 -0.03511013 -0.04383260
v 0.00252402 -0.03545024 -0.04545880
v 0.00332416 -0.03705260 -0.04385124
v -0.00465354 -0.04431019 -0.04512704
v -0.00555499 -0.03959656 -0.04387823
v -0.00621326 -0.04081432 -0.04581165
v -0.00495692 -0.04395031 -0.04576080
v 0.00478736 -0.04243073 -0.04572678
v 0.00292131 -0.04487178 -0.04573128
v 0.00485026 -0.04040156 -0.07416397
v 0.00487744 -0.04158805 -0.04557223
v 0.00448549 -0.04084997 -0.04387891
v 0.00175444 -0.04474409 -0.04529438
v -0.00627636 -0.04010482 -0.04538398
v 0.00189315 -0.04553387 -0.04383947
v 0.00433464 -0.03718557 -0.04383495
v 0.00463188 -0.03847016 -0.06093752
v 0.00343946 -0.03666320 -0.06173398
v 0.00517417 -0.03940817 -0.04383646
v -0.00215820 -0.04585591 -0.04383917
v -0.00624095 -0.03922941 -0.04383459
v -0.00531215 -0.03702381 -0.04383352
v 0.00217349 -0.03544468 -0.08204176
v 0.00415195 -0.04270929 -0.08394000
v -0.00565832 -0.04229414 -0.06093042
v -0.00421721 -0.03622065 -0.06093404
v -0.00194172 -0.03499049 -0.06093854
v 0.00086894 -0.03498190 -0.06093089
v -0.00415629 -0.04442551 -0.06093850
v 0.00189031 -0.03546102 -0.07416122
v -0.00175716 -0.04554373 -0.06173623
v -0.00544578 -0.04187980 -0.06363218
v -0.00490326 -0.03774135 -0.06443745
v 0.00459696 -0.04191442 -0.06174550
v 0.00200424 -0.04516299 -0.06092989
v 0.00176971 -0.04488583 -0.06364162
v -0.00268678 -0.04496332 -0.06363739
v -0.00229091 -0.03545126 -0.06363276
v -0.00534161 -0.04078532 -0.06715023
v -0.00444529 -0.04321854 -0.06633823
v 0.00138475 -0.03559458 -0.06443822
v 0.00061372 -0.03561730 -0.06715126
v -0.00250364 -0.03583471 -0.06713986
v -0.00150255 -0.04504767 -0.06633585
v 0.00402869 -0.04314018 -0.07416003
v -0.00412117 -0.03714854 -0.06902033
v -0.00512566 -0.03898600 -0.06984702
v 0.00381444 -0.03837583 -0.06984717
v -0.00135152 -0.03554587 -0.06983044
v -0.00434472 -0.04317494 -0.06903769
v -0.00496461 -0.03718091 -0.07415202
v -0.00594990 -0.04037269 -0.07415991
v -0.00524205 -0.04295469 -0.07416379
v -0.00614353 -0.03919951 -0.08078542
v 0.00461078 -0.04037677 -0.06363145
v 0.00421414 -0.03936904 -0.06715561
v 0.00235326 -0.04411007 -0.06714820
v 0.00406620 -0.04146967 -0.06902462
v -0.00194348 -0.04484478 -0.06902801
v 0.00107021 -0.04474340 -0.06985125
v 0.00205275 -0.04502676 -0.07419486
v -0.00015843 -0.04567005 -0.07416011
v 0.00086095 -0.04473291 -0.08653325
v -0.00332196 -0.04508135 -0.08206152
v -0.00533870 -0.04306772 -0.08215555
v 0.00250891 -0.04499075 -0.08157951
v 0.00055419 -0.04587793 -0.08062461
v 0.00209713 -0.00385537 -0.09471721
v 0.00084002 -0.00755570 -0.10030085
v 0.00030093 -0.00140856 -0.09517675
v -0.00086881 -0.04234787 -0.07934317
v 0.00140671 -0.04085517 -0.07934262
v -0.00079493 -0.03819818 -0.07934075
v -0.00011130 -0.03827108 -0.08643498
v -0.00147698 -0.03697795 -0.09735043
v 0.00147338 -0.03907725 -0.09186601
v -0.00074102 -0.04160344 -0.09012672
v 0.00111320 -0.03148497 -0.10048833
v 0.00087329 -0.03503322 -0.09467463
v 0.00020666 -0.03434559 -0.09962787
v -0.00196971 -0.03326173 -0.09956963
v 0.00098431 -0.02659148 -0.09873024
v 0.00101629 -0.02674972 -0.10181562
v -0.00165604 -0.02666834 -0.10180011
v -0.00142899 -0.03565764 -0.09355035
v -0.00234689 -0.02763386 -0.10033020
v 0.00199646 -0.00918787 -0.09936240
v 0.00094017 -0.01145360 -0.09802926
v -0.00143417 -0.02653209 -0.09861437
v -0.00203742 -0.01103006 -0.09969559
v -0.00185826 -0.00420292 -0.09455288
v 0.00019765 -0.01378449 -0.10227312
v -0.00207467 -0.04156014 -0.08674597
v 0.01404414 -0.01939049 -0.02756537
v -0.00486273 -0.01905292 -0.02957590
v 0.01250343 -0.01936118 -0.03088401
v 0.00453908 -0.01925681 0.03291660
v -0.01282742 -0.01894819 0.03422480
v -0.01436772 -0.01891879 0.03090612
v -0.00197396 -0.02263206 0.01639018
v 0.00140824 -0.02169711 0.01741398
v -0.00767420 -0.02151994 0.01557905
v -0.01306906 -0.02243003 0.00906682
v -0.01556375 -0.02137881 -0.00198355
v -0.01158614 -0.02244632 -0.00780946
v -0.01473491 -0.02239754 0.00458552
v -0.01008894 -0.02146374 -0.01062414
v -0.00234108 -0.02260835 -0.01299990
v -0.00017536 -0.02017278 0.03230464
v 0.01262306 -0.02288733 0.00906288
v 0.01219559 -0.02186997 0.01143698
v -0.00938829 -0.02000768 0.03085037
v -0.02643148 -0.01969633 0.01739159
v -0.02125072 -0.01879321 0.02510007
v -0.02906832 -0.01864760 0.01423929
v -0.03143605 -0.01860050 0.00559802
v 0.01453207 -0.02291643 0.00085330
v -0.03075825 -0.01960939 0.00057426
v -0.03127758 -0.01859806 -0.00336013
v -0.02860598 -0.01864058 -0.01191199
v -0.02523904 -0.01969824 -0.01589018
v 0.01270467 -0.02037853 -0.00745247
v 0.01486002 -0.02041936 -0.00325496
v 0.01046128 -0.02182795 -0.00996909
v -0.02363629 -0.01872466 -0.01936717
v -0.01419042 -0.01888767 -0.02773919
v -0.01257230 -0.01991751 -0.02626487
v 0.00902899 -0.02030158 -0.02751078
v -0.01488854 -0.01235814 0.03010117
v -0.01501623 -0.00979028 0.02952594
v -0.01671768 -0.01208662 0.02749040
v -0.01489050 -0.01233566 -0.02675583
v -0.02394651 -0.01321843 -0.01889878
v -0.01737983 -0.01227204 -0.02356397
v -0.02658908 -0.01217405 -0.01355000
v -0.02875951 -0.01313689 -0.01136890
v 0.01556001 -0.02045002 0.02784304
v 0.01619582 -0.01946092 0.02865199
v -0.03059095 -0.01211695 0.00119967
v -0.03126608 -0.01309711 -0.00279034
v -0.02983754 -0.01212705 0.00456832
v -0.03031549 -0.01312195 0.01052537
v 0.02846324 -0.02067085 0.01243415
v 0.02667013 -0.01964230 0.01821185
v -0.02760940 -0.01217258 0.01496190
v -0.02661639 -0.01319265 0.01866072
v 0.03023917 -0.01970110 0.00999389
v -0.02078330 -0.01330059 0.02543058
v 0.03135296 -0.01971583 0.00110384
v 0.02970823 -0.02068300 -0.00488622
v 0.02992079 -0.01968516 -0.00774067
v -0.01503281 -0.00984530 -0.02616030
v 0.01602658 -0.01223121 -0.02476255
v 0.01756332 -0.01293310 -0.02329684
v 0.01478719 -0.01287108 -0.02676546
v 0.02605851 -0.01961167 -0.01582504
v 0.01501724 -0.01029254 -0.02617461
v 0.02132954 -0.02052498 -0.02009599
v 0.01479930 -0.01289756 0.03010422
v 0.02193160 -0.01405972 0.02432930
v 0.01729767 -0.01292191 0.02691635
v 0.02649670 -0.01313694 0.01689828
v 0.02587297 -0.01412770 0.01958618
v 0.02985698 -0.01419390 0.01158617
v 0.03049830 -0.01320522 0.00214862
v -0.02080977 -0.01329656 0.01929937
v -0.02035088 -0.01973283 0.01752127
v -0.01666979 -0.01336861 0.01647047
v 0.03143612 -0.01421676 0.00278930
v -0.01756638 -0.01979296 0.01625992
v -0.01603175 -0.01988256 0.02210046
v -0.02023493 -0.01973157 0.02131773
v -0.01744673 -0.01335812 0.02237705
v 0.02974551 -0.01318458 -0.00122003
v 0.03048333 -0.01419464 -0.00609695
v 0.02751726 -0.01313860 -0.01161351
v 0.02707554 -0.01412928 -0.01435858
v 0.02148665 -0.01402584 -0.02133144
v 0.01503025 -0.01041309 0.02951160
v -0.01503849 -0.01339846 0.01792303
v 0.01211620 -0.02037930 0.01163355
v 0.00127412 -0.02018963 0.01743022
v -0.01457374 -0.01990722 0.01971031
v 0.01492842 -0.02042622 0.00646064
v -0.01274280 -0.01891131 -0.03155268
v 0.01386628 -0.01942160 0.03107994
v 0.01241928 -0.01939818 0.03489338
v 0.00679666 -0.02027039 -0.01253692
v 0.00332256 -0.02171329 -0.01373890
v -0.00163345 -0.02011944 -0.01409074
v 0.01933179 -0.01650129 0.00174243
v 0.02141652 -0.01304038 0.00593562
v 0.02356136 -0.01657974 0.00704612
v 0.01939405 -0.01300184 0.00159787
v 0.02362208 -0.01307402 -0.00370705
v 0.02393985 -0.01658016 -0.00383658
v 0.02690841 -0.01313873 0.00683463
v 0.02658446 -0.01663356 0.00700635
v -0.03068533 -0.01561099 0.00214787
v -0.02917164 -0.01563995 0.00552686
v -0.00715596 -0.02003852 0.01587647
v -0.02782892 -0.01216385 0.00644680
v -0.02387504 -0.01573518 0.00706157
v -0.01466788 -0.01990025 0.00790162
v -0.02700103 -0.01217280 -0.00348632
v -0.02976041 -0.01562540 -0.00143728
v -0.02829216 -0.01565388 0.00262093
v -0.02450470 -0.01572272 0.00497049
v -0.02839392 -0.01965265 0.00250850
v -0.02469207 -0.01971614 -0.00163993
v -0.02593510 -0.01569349 -0.00152259
v -0.02707594 -0.01967408 -0.00102975
v -0.02469113 -0.01971993 0.00498698
v -0.01591677 -0.01987338 0.00022011
v -0.01324403 -0.01991662 -0.00723599
v 0.02754096 -0.02064707 -0.00018213
v 0.02418136 -0.01658576 -0.00153719
v 0.02228746 -0.02055329 -0.00048171
v 0.02174359 -0.02054558 0.00283314
v 0.02458539 -0.01659674 0.00497974
v 0.02614775 -0.02062508 0.00467153
v 0.02954373 -0.01668492 0.00478151
v 0.03046855 -0.01669933 0.00119630
v 0.02182882 -0.01654506 0.00045000
v 0.02895492 -0.01667042 -0.00218257
v 0.02822164 -0.01665976 0.00197192
v 0.02760354 -0.01664753 -0.00017411
v -0.02233692 -0.01976095 0.00344932
v -0.02186029 -0.01576522 -0.00283547
v -0.02179673 -0.01227113 0.00618840
v -0.01972654 -0.01230440 0.00012303
v -0.01978834 -0.01580565 0.00322924
v -0.02098092 -0.01228082 -0.00211460
v -0.02188346 -0.01576700 0.00096629
v -0.01303571 -0.02568811 -0.03333144
v -0.01267685 -0.01455947 -0.03415282
v -0.01281261 -0.01315809 -0.03332413
v -0.01303586 -0.02568752 -0.03433166
v -0.00835882 -0.02585545 -0.02931890
v -0.01409499 -0.02561958 -0.02720014
v 0.01202547 -0.01938901 0.03126875
v 0.01376492 -0.02717410 0.03041243
v 0.01067785 -0.02717291 0.03174074
v -0.00545696 -0.02699471 0.03325865
v -0.00454706 -0.01909507 0.03338593
v -0.00029992 -0.02718049 0.03366484
v 0.00430014 -0.01925275 0.03337678
v 0.00486019 -0.02717841 0.03325707
v -0.00438608 -0.03395275 -0.04340665
v -0.00373438 -0.03455703 -0.04339547
v -0.00433589 -0.02848566 -0.04340440
v -0.01234095 -0.01895505 0.03127247
v -0.01572513 -0.01098915 0.02955552
v -0.01516877 -0.01059335 0.02939350
v 0.00827962 -0.01932314 0.03256227
v 0.01569062 -0.01154852 0.02955073
v 0.01663420 -0.02716448 0.02884067
v 0.01251211 -0.01497380 -0.03417142
v -0.00228220 -0.02606919 -0.03028918
v -0.00859479 -0.01902266 0.03256484
v -0.01127106 -0.02678211 0.03174409
v -0.00146906 -0.03151510 -0.09725779
v -0.00039353 -0.03131589 -0.09708323
v -0.00185994 -0.03453266 -0.09531680
v -0.00232204 -0.03437648 -0.09655409
v -0.01435674 -0.02667339 0.03041674
v -0.01722433 -0.02656162 0.02884584
v -0.00030032 -0.02607124 -0.09836889
v 0.00170112 -0.02614012 -0.03028979
v 0.00778167 -0.02614284 -0.02932137
v -0.00230362 -0.02739041 -0.09989975
v 0.01246028 -0.02614148 -0.03433556
v -0.01048752 0.04580058 0.06725065
v -0.01061932 0.03840173 0.06724634
v -0.01060013 0.03847885 -0.06410732
v -0.00924592 0.04587775 -0.06510412
v -0.00937766 0.03847888 -0.06510843
v 0.00085397 0.03847543 -0.06529604
v 0.01155798 0.04542376 0.06845036
v 0.01235773 0.03799260 0.06724283
v 0.01142621 0.03802490 0.06844604
v -0.00955511 0.04579968 0.06845360
v 0.00100478 0.04579571 0.06870820
v 0.00087298 0.03839685 0.06870388
v 0.00021250 -0.03453388 -0.09489068
v 0.01248953 0.04539147 0.06724714
v 0.01243303 0.04546994 -0.06410650
v 0.01230132 0.03807108 -0.06411082
v 0.01121088 0.04551351 -0.06510724
v 0.00098574 0.04587429 -0.06529175
v 0.01107920 0.03811464 -0.06511156
v -0.00145535 -0.02643393 -0.09865253
v -0.00204293 -0.01275874 -0.09977872
v -0.00230820 -0.01510931 -0.10127935
v -0.00219723 -0.00759399 -0.09919277
v -0.00236176 -0.02703345 -0.10107914
v -0.00265134 -0.03275009 -0.09956584
v -0.00968682 0.03840082 0.06844927
v -0.00194793 -0.00523335 -0.09726270
v -0.00190753 -0.00423754 -0.09463773
v -0.01046836 0.04587771 -0.06410301
v -0.00302824 -0.00283078 -0.09504534
v 0.00015591 -0.00046746 -0.09552667
v 0.00015235 -0.00066869 -0.09536442
v -0.01531276 -0.01022215 0.02321344
v -0.01527181 -0.00978029 -0.02644372
v -0.01524429 -0.00877529 -0.06470706
v -0.01590495 -0.01873722 -0.02618656
v -0.01590587 -0.01873306 -0.03327498
v -0.01547443 -0.01306434 -0.03327744
v -0.01522601 -0.00886220 0.06798502
v -0.01504863 -0.02470778 -0.02671291
v -0.01506147 -0.02465292 -0.03329514
v -0.01315811 0.04587471 -0.08557574
v 0.00098160 0.04586552 -0.09056750
v -0.01125304 0.04587066 -0.09007473
v -0.01295041 0.04575058 0.09264101
v 0.00100802 0.04576099 0.09395117
v -0.01031807 0.04574997 0.09383958
v -0.01397303 0.04565622 -0.08696609
v 0.00184793 -0.02863427 -0.03177144
v -0.00614188 -0.02842906 -0.03134716
v -0.01412048 -0.02814043 -0.02886082
v 0.00005354 -0.00622875 -0.09433829
v 0.00005669 -0.00605373 -0.09412766
v -0.00137155 -0.00541098 -0.09434327
v -0.01434142 -0.02806288 -0.07196946
v -0.00433969 -0.02845814 -0.07133346
v -0.00507341 -0.02850516 0.03484987
v -0.00032632 -0.02867286 0.03518169
v -0.00032031 -0.02867272 0.07439738
v 0.00208819 -0.00530521 -0.09726331
v 0.00208416 -0.00430861 -0.09463834
v 0.00325414 -0.00294264 -0.09504630
v -0.02509713 -0.02779271 0.03859773
v -0.02296345 -0.02787455 0.07396321
v -0.01742871 -0.02805213 0.03422330
v -0.01563188 -0.02809490 0.03143221
v -0.00159097 -0.02613893 -0.03035626
v -0.00030898 -0.02714260 -0.03033354
v 0.00276274 -0.03463540 -0.09649829
v 0.00142492 -0.03444319 -0.09655467
v 0.00316949 -0.03439530 -0.09713842
v 0.00181103 -0.03282954 -0.09956656
v 0.00042189 0.01448784 -0.09766436
v -0.01355724 0.00811158 -0.09660450
v -0.01365830 0.01582934 -0.09751704
v 0.00028962 0.00705602 -0.09674453
v 0.00074649 0.03272313 -0.09884653
v -0.00840956 0.03707866 -0.09868318
v 0.00082713 0.03725594 -0.09886549
v 0.00057928 0.02333032 -0.09843522
v -0.01332865 0.02980511 -0.09850486
v -0.01390143 0.00183982 -0.09563191
v -0.00389360 -0.00368311 -0.09486350
v -0.01399385 -0.00545136 -0.09429418
v 0.00294946 -0.02929013 -0.10089672
v 0.00172468 -0.02710620 -0.10107977
v 0.00288590 -0.02688157 -0.10129181
v -0.00399054 -0.00865236 -0.09386146
v 0.00209567 -0.01518771 -0.10128006
v -0.00905114 0.03830583 -0.09815776
v -0.01039199 0.04065822 -0.09611747
v -0.00653418 0.04038744 -0.09689527
v -0.01525443 0.03550118 -0.09710429
v -0.01589990 0.04179780 -0.09125114
v -0.01385006 0.04458872 -0.09142313
v 0.00341279 -0.01475471 -0.10118417
v 0.00351046 -0.01087599 -0.10045760
v 0.00225277 -0.00767322 -0.09919345
v 0.00332043 -0.00542630 -0.09763055
v -0.01664825 0.03249172 -0.09587746
v 0.00284619 -0.03467419 -0.04339647
v 0.00397761 -0.00856924 -0.09895091
v -0.01689440 0.04090481 -0.08722553
v -0.01600983 0.04357818 -0.08864494
v -0.01757303 0.02896313 -0.09129360
v -0.01728648 0.03041652 -0.09361948
v -0.01794268 0.00822223 -0.08818351
v -0.01695735 0.01075549 -0.09425487
v 0.00408861 -0.00382523 -0.09486472
v -0.01683525 0.03774900 -0.09197547
v -0.01763756 -0.00498343 -0.08880117
v -0.01711357 -0.00587933 -0.09157732
v -0.01826717 -0.01023323 -0.08287051
v -0.01713899 -0.01151686 -0.09008073
v -0.01638220 0.04340703 -0.08441485
v -0.01214963 0.03783283 -0.09775243
v 0.00362493 -0.02656236 -0.10071249
v 0.00354154 -0.03275953 -0.09888923
v -0.01712955 -0.01883448 -0.08678262
v 0.00356072 -0.03372300 -0.09696296
v -0.01836737 -0.01582347 -0.07748021
v 0.00351884 -0.03409350 -0.04340785
v -0.01041569 0.04489319 -0.09235721
v -0.01713742 -0.02128584 -0.08477604
v -0.01301809 0.04306380 -0.09324408
v -0.01735740 -0.02479218 -0.07650654
v -0.01841601 -0.01860475 -0.07191970
v 0.01452173 -0.02517965 -0.03329965
v 0.01557625 -0.01929361 -0.03327978
v 0.01246042 -0.02614206 -0.03333533
v 0.01268355 -0.01361206 -0.03332802
v 0.01534707 -0.01361313 -0.03328215
v -0.01743643 -0.02532852 -0.07197487
v 0.01773429 -0.00969948 0.03086081
v 0.01771454 -0.00970325 -0.06418288
v 0.01744794 -0.00945118 -0.06427151
v 0.01756991 -0.00954593 0.06765969
v 0.01779980 -0.00746796 0.07126506
v 0.01755256 -0.00914202 0.06918682
v 0.01755239 -0.00739938 0.07100639
v 0.01747244 -0.00708975 -0.06774203
v 0.01793961 0.00157405 -0.07070248
v 0.01756052 0.00130567 -0.07027116
v 0.01773746 -0.00859414 -0.06701638
v 0.01769041 0.00118499 0.07363924
v 0.01798173 0.00398234 -0.07025094
v 0.01549416 0.00384610 -0.06990797
v 0.01801498 0.00637423 -0.06675215
v -0.01746142 0.03469268 -0.09018274
v 0.00088999 0.04077093 -0.09690293
v -0.00278224 0.04257447 -0.09520190
v 0.00094807 0.04400919 -0.09374932
v 0.00084843 0.03844951 -0.09852759
v -0.00493656 0.03815936 -0.09853707
v 0.01801929 0.00626256 0.07026062
v 0.01781435 0.00604295 0.06976178
v 0.01768972 0.00608031 -0.06671935
v 0.01527917 -0.00940536 0.06798037
v 0.01526011 -0.00931844 -0.06471171
v 0.00097443 0.04547049 -0.09184977
v 0.01532025 -0.00707931 0.07106019
v -0.01493653 0.04423621 -0.09057263
v -0.01740612 0.03822329 -0.08231734
v -0.01640593 0.04302310 -0.07970088
v 0.01547731 0.00166447 0.07364190
v 0.01797108 0.00384622 0.07355000
v 0.01554288 0.00535589 0.07184207
v 0.01551576 0.00381913 0.07323331
v -0.01414329 0.03643579 -0.09761593
v -0.01756840 0.00568124 0.07777905
v -0.01777945 0.00871435 0.08103558
v -0.01764090 0.02418342 0.08275905
v 0.01555369 0.00597084 0.07013875
v -0.01802834 0.03682873 0.09116641
v -0.01854300 0.03343407 0.09397355
v -0.01820022 0.00878870 0.08281929
v -0.01867606 0.01739230 0.08819483
v -0.01740594 0.00689331 0.07026604
v -0.01741775 0.01312974 -0.07460295
v -0.01743933 0.00700549 -0.06674677
v -0.01749240 0.00461397 -0.07024553
v -0.01740588 0.03806371 0.08398820
v -0.01744277 0.00447679 0.07355542
v -0.01725705 0.00180723 0.07364457
v 0.01553410 0.00604751 -0.06677991
v -0.01767516 -0.00683632 0.07127047
v 0.01552847 0.00574621 -0.06794459
v 0.01546682 0.00230184 -0.07029228
v 0.01529852 -0.00718156 -0.06763145
v 0.01527884 -0.00827847 -0.06679739
v -0.02008934 0.00289708 0.08440665
v -0.01919964 0.02933459 0.09457929
v -0.02172093 0.01122737 0.09211795
v -0.02314718 0.00043082 0.08959705
v -0.01998549 -0.00774614 0.07809564
v -0.02415102 -0.00713902 0.08739278
v -0.01851972 -0.00755544 0.07446367
v 0.00780282 -0.02714188 -0.02930574
v 0.01345851 -0.02863149 -0.02886503
v -0.01841229 -0.01881940 -0.02461317
v -0.01752763 -0.02509573 -0.02528472
v -0.01752025 -0.00892114 0.06766505
v -0.01841936 -0.00908681 0.07270376
v 0.01254170 -0.02714381 -0.02765602
v 0.01457174 -0.02838238 -0.02806265
v -0.02148677 -0.01032280 0.07921027
v -0.02492792 -0.01207612 0.08460848
v -0.02574301 -0.01619244 0.08019502
v -0.02216389 -0.01254228 0.07784794
v -0.01969852 -0.01237887 0.06914224
v -0.02191142 -0.01419642 0.07359926
v -0.01841682 -0.01071334 0.06889687
v 0.01623097 -0.02714064 -0.02573280
v -0.01752549 0.00625246 -0.07607581
v 0.01568381 -0.02772264 -0.02672543
v 0.01498902 -0.02864010 0.03142754
v -0.02657229 -0.01871140 0.07317444
v -0.02633928 -0.01836539 0.07564870
v -0.02213452 -0.01483705 0.07124131
v 0.00442362 -0.02867426 0.03484840
v -0.01771079 -0.00907249 -0.06417748
v -0.01873704 -0.01112443 0.03423787
v -0.01802214 -0.00999737 0.03328249
v -0.01863430 -0.01155336 0.03151946
v 0.01616639 -0.01211210 -0.02592212
v 0.01780817 -0.01266081 -0.02488382
v 0.01697160 -0.01255040 -0.02042712
v 0.01548615 -0.01123695 -0.02631692
v 0.01530379 -0.01076729 0.02320877
v 0.01526348 -0.01032398 -0.02644838
v 0.01726599 -0.01264495 0.02859024
v 0.00084104 -0.02647482 -0.09865285
v -0.00009830 -0.01472193 -0.09835723
v 0.00093781 -0.01471401 -0.09858998
v 0.00191446 -0.01282919 -0.09977932
v 0.00165416 -0.02746088 -0.09990036
v -0.00005572 -0.01233419 -0.09792987
v -0.00000676 -0.00959373 -0.09687226
v 0.00121149 -0.00787100 -0.09624337
v -0.01933529 -0.01410636 0.03099390
v -0.02152017 -0.01532204 0.03325257
v -0.01810118 -0.01205027 0.02808884
v -0.01902544 -0.01766831 0.03023664
v -0.01839273 -0.01889962 0.02796989
v 0.00068490 -0.00598262 -0.09417915
v -0.02550816 -0.01872009 0.03465859
v -0.02222623 -0.01486291 0.03479432
v 0.01565778 0.00608203 -0.09593982
v 0.01675232 0.00105076 -0.09413219
v 0.01635749 -0.00727955 -0.09279127
v -0.01942102 -0.01180764 0.04891564
v 0.01543210 -0.00678357 -0.09363300
v 0.00661949 0.03795359 -0.09853883
v 0.01005163 0.03674997 -0.09868602
v 0.01335886 0.03649908 -0.09835122
v 0.01470869 0.02930589 -0.09850913
v 0.01073676 0.03795352 -0.09816077
v 0.01381654 0.03737051 -0.09775639
v 0.01575940 0.03590336 -0.09762046
v 0.01601695 0.03216977 -0.09821999
v -0.02041811 -0.01267573 0.03745283
v 0.01683660 0.03492981 -0.09710918
v -0.02876779 -0.01867036 0.04104894
v -0.02842925 -0.01867641 0.03834337
v 0.01780772 0.02878241 -0.09662497
v 0.01765817 0.01013914 -0.09426016
v 0.01812278 0.03187260 -0.09588277
v 0.01454102 0.01532724 -0.09752133
v 0.01507867 0.02162394 -0.09801119
v 0.01571740 0.01463634 -0.09709305
v -0.02281266 -0.01505940 0.06125638
v 0.01416553 0.00761798 -0.09660872
v -0.02587879 -0.01735675 0.05798753
v -0.01769507 -0.00796325 -0.06701097
v -0.01753625 0.00220569 -0.07069706
v 0.01722307 -0.00649070 -0.09158256
v 0.01428662 0.00133793 -0.09563621
v -0.01789928 -0.01205187 0.02548248
v -0.01770134 -0.00906854 0.03086622
v -0.01789757 -0.01202506 -0.02487834
v 0.01411989 -0.00595194 -0.09429847
v -0.02791023 -0.01869409 0.03701256
v 0.01643801 0.02821667 -0.09792485
v 0.01684692 0.01599605 -0.09647068
v 0.01570187 -0.02682753 -0.07842264
v 0.01482118 -0.02759495 -0.07781149
v 0.01457449 -0.02632958 -0.08234567
v -0.02011784 -0.01595803 0.03167182
v 0.01670046 -0.02188834 -0.08478120
v 0.01605443 -0.02440263 -0.08344302
v 0.01329866 -0.02799456 -0.07810553
v 0.01359798 -0.02725702 -0.08081257
v 0.01589604 -0.02172725 -0.08692044
v 0.01472415 -0.02435427 -0.08547395
v 0.01331430 -0.02582133 -0.08408905
v 0.01356907 -0.02451617 -0.08591848
v 0.01677937 -0.01943823 -0.08678780
v 0.01360220 -0.02207594 -0.08831775
v 0.01543674 -0.01965524 -0.08902323
v 0.01594499 -0.01630067 -0.09029315
v 0.01355378 -0.02022858 -0.08962981
v -0.02282142 -0.01459291 0.04119288
v -0.02170421 -0.01883292 0.03303835
v -0.02304991 -0.01812118 0.03357993
v 0.01704824 -0.01212557 -0.09008595
v 0.01588174 -0.01256307 -0.09178006
v 0.01397139 -0.01258430 -0.09274873
v 0.01344063 -0.01784438 -0.09089309
v 0.01685951 -0.02593917 -0.07198010
v 0.01634063 -0.02693567 -0.07208355
v 0.01679810 -0.02540033 -0.07651176
v 0.01545853 -0.02783934 -0.07147485
v 0.01366883 -0.02856159 -0.07197373
v -0.02882452 -0.02402229 0.04238763
v 0.01697298 -0.02571002 -0.02528998
v -0.02836396 -0.02432511 0.03790876
v -0.01994246 -0.02420911 0.03176078
v 0.01233663 0.04448806 -0.09236071
v 0.01340164 0.04511568 -0.09113356
v 0.01575836 0.04406154 -0.09142765
v -0.02190770 -0.02459603 0.03312816
v 0.01683188 0.04367058 -0.09057748
v 0.01719443 0.04426108 -0.08718156
v 0.01788160 0.04297474 -0.08865011
v 0.01654340 0.04467791 -0.08845253
v -0.02706047 -0.02442892 0.03576387
v 0.01592058 0.04512398 -0.08697065
v -0.01785420 -0.02483451 0.02839943
v -0.02485622 -0.02408702 0.03427490
v 0.01320906 0.04543510 -0.09007847
v -0.02119571 0.01195587 0.09516827
v -0.02068283 0.01121155 0.09775073
v -0.02291746 -0.00648833 0.09449603
v 0.01824893 0.04279041 -0.08442014
v -0.02443131 -0.01641350 0.09003837
v 0.01511436 0.04537131 -0.08558005
v 0.01635969 0.04486631 -0.02314739
v 0.01689691 0.04445634 0.08317412
v 0.01727333 0.04416642 -0.03160476
v -0.02531525 -0.02163028 0.08515678
v 0.01826036 0.04240586 -0.07970617
v 0.01776580 0.04350594 0.04898547
v -0.01639079 0.04340115 0.09007753
v -0.01640542 0.04283748 0.08299856
v -0.00925228 0.04494379 0.09578310
v 0.00097692 0.04398789 0.09705386
v 0.00100227 0.04543183 0.09511422
v 0.01571115 0.04514609 0.09031750
v 0.01824779 0.04244551 0.04501672
v 0.01795315 0.04320449 0.08349463
v 0.01830291 0.04221951 0.08299326
v 0.01495668 0.04525368 0.09263675
v -0.01542873 0.04389298 0.09368009
v -0.01471412 0.04252093 0.09606033
v -0.01305742 0.04532885 0.09420209
v -0.01183393 0.04080965 0.09900364
v -0.01166080 0.04496408 0.09540143
v -0.00861102 0.04056941 0.09984493
v -0.00561270 0.04112982 0.09969892
v 0.00095123 0.04253524 0.09862553
v -0.01747867 0.03889325 0.09324715
v -0.01506906 0.03588501 0.10093714
v -0.01614233 0.03536346 0.10022144
v 0.00091388 0.04041828 0.10048454
v -0.00609845 0.03859603 0.10160586
v -0.00995990 0.03708272 0.10195338
v -0.02660441 -0.02444658 0.07385720
v -0.01351199 0.03665204 0.10135186
v 0.01831045 0.04278329 0.09007224
v 0.01738112 0.04418387 0.08969322
v 0.01232644 0.04534680 0.09383613
v 0.01123312 0.04457904 0.09577997
v 0.01736764 0.04330904 0.09367507
v 0.01688054 0.04440860 0.09221046
v 0.01804430 0.04284165 0.09219644
v -0.01787870 0.03498923 0.09668083
v -0.01729146 0.03295708 0.10004589
v 0.01504902 0.04482840 0.09419777
v -0.01937097 0.02705446 0.09658794
v -0.01900668 0.02602638 0.09888993
v -0.01612205 0.04344999 0.09220166
v 0.01364082 0.04451358 0.09539757
v -0.01636362 0.04027632 0.09576647
v 0.00087965 0.03848707 0.10185187
v 0.02145619 0.01046125 0.09774430
v 0.02095810 0.00969778 0.09864598
v 0.02305827 -0.00730695 0.09448901
v 0.02082412 0.00185975 0.09826674
v 0.01876608 0.00466614 0.09948008
v 0.02113156 -0.00887221 0.09654742
v 0.00085746 0.03724075 0.10227314
v 0.00785722 0.03834754 0.10160374
v 0.01166222 0.03669772 0.10195008
v 0.01519671 0.03614087 0.10134748
v 0.01721160 0.03355439 0.10128482
v 0.01672537 0.03531890 0.10093229
v 0.01419503 0.03478317 0.10202461
v 0.01884176 0.03231372 0.10004039
v 0.01777917 0.03475950 0.10021626
v 0.01648008 0.03243509 0.10181940
v 0.01787166 0.03029469 0.10136579
v -0.02290532 -0.02765039 0.07697897
v -0.00031363 -0.02832687 0.07800229
v -0.00021475 -0.02287798 0.08981436
v -0.00017818 -0.02083392 0.09170132
v -0.02114927 -0.02199183 0.08980606
v -0.00026559 -0.02569663 0.08591902
v -0.02169446 -0.02479320 0.08608885
v -0.02215605 -0.02598644 0.08364864
v -0.00008921 -0.01586339 0.09480705
v -0.02075172 -0.01716661 0.09352551
v -0.00012811 -0.01804150 0.09364672
v -0.02127248 -0.02066265 0.09104245
v -0.02043073 -0.01468818 0.09479865
v -0.02107210 -0.01902849 0.09231795
v -0.02185663 -0.02330609 0.08823186
v -0.00024336 -0.02446498 0.08785800
v -0.00028627 -0.02683483 0.08357323
v -0.02252023 -0.02702073 0.08053053
v -0.00004332 -0.01329892 0.09589385
v -0.00030205 -0.02770301 0.08091036
v 0.00000149 -0.01078569 0.09673256
v 0.00006337 -0.00732115 0.09760815
v -0.01969347 -0.00914433 0.09674848
v -0.02022148 -0.01227867 0.09574566
v -0.01255904 0.03525952 0.10202868
v -0.01730154 0.01277244 0.10049310
v 0.00040973 0.01210412 0.10081259
v -0.01633980 0.01980134 0.10123004
v 0.00021546 0.00120663 0.09921990
v -0.01820011 0.00532433 0.09948570
v 0.00061880 0.02383671 0.10186113
v -0.01543803 0.02781795 0.10177573
v -0.01902255 -0.00185240 0.09825917
v 0.00076371 0.03196899 0.10222167
v -0.01635405 0.04306161 0.04502200
v -0.01410185 -0.02402347 -0.08591425
v -0.00424145 -0.02280368 -0.08770332
v -0.00428530 -0.02528807 -0.08478152
v -0.01389299 -0.02533690 -0.08408489
v -0.01408135 -0.01208482 -0.09274445
v -0.00408804 -0.01414226 -0.09240566
v -0.01373749 -0.01736048 -0.09088894
v 0.01914356 0.02721138 0.10060164
v -0.01422678 -0.02676159 -0.08080832
v -0.00432502 -0.02756445 -0.07947112
v -0.01395309 -0.02750935 -0.07810137
v 0.01832057 0.02180195 0.10114117
v -0.00430720 -0.02653914 -0.08247925
v -0.01404893 -0.02158360 -0.08831353
v 0.01680703 0.02724382 0.10177083
v -0.00420742 -0.02087755 -0.08922802
v -0.00433625 -0.02822441 -0.07568178
v 0.01968386 0.01729384 0.10015652
v 0.02030899 0.02532637 0.09888393
v -0.01393498 -0.01973913 -0.08962561
v -0.00415715 -0.01804327 -0.09087265
v 0.01742270 0.01920018 0.10122488
v -0.00395287 -0.00842805 -0.09894970
v -0.00424146 -0.02642229 -0.10071129
v -0.00443109 -0.03358071 -0.09696174
v 0.01945370 0.00965184 0.09984415
v -0.00437809 -0.03261853 -0.09888802
v -0.01733891 -0.01202880 0.02859552
v 0.01813350 0.01214152 0.10048769
v 0.01933190 -0.00253531 0.09825332
v 0.02308637 -0.01320784 0.09381636
v -0.01683707 -0.02655185 -0.02572776
v -0.01623773 -0.01153513 -0.02591717
v -0.00841545 -0.02685311 -0.02930327
v -0.01315081 -0.02668635 -0.02765210
v -0.01552674 -0.01068476 -0.02631219
v 0.02576389 -0.02639803 0.07381284
v 0.02609730 -0.02538495 0.07384916
v 0.02478604 -0.02621285 0.08031298
v -0.01834727 -0.02724328 0.03231357
v -0.02160159 -0.02615945 0.03366084
v -0.02000881 -0.02585819 0.03240349
v 0.02491290 -0.02252460 0.08514914
v 0.02474941 -0.02435113 0.08383317
v 0.02118202 -0.02555662 0.08608231
v 0.02160008 -0.02676553 0.08364197
v 0.02139760 -0.02407625 0.08822527
v 0.02434110 -0.02195026 0.08745697
v 0.02228745 -0.02845507 0.07697207
v 0.02343388 -0.02656095 0.08266200
v 0.02192628 -0.02781212 0.08052375
v 0.02073805 -0.02273764 0.08979966
v 0.02090873 -0.02141370 0.09103603
v 0.02327389 -0.02411906 0.08696499
v 0.02310566 -0.02103921 0.09013728
v 0.02233665 -0.02868112 0.07395630
v 0.02374224 -0.02834668 0.07405238
v 0.02302599 -0.01847581 0.09189364
v -0.02805325 -0.02589832 0.03883621
v -0.02708405 -0.02582522 0.03651283
v 0.02445145 -0.02793857 0.07417172
v 0.02421658 -0.01727968 0.09003096
v -0.02788799 -0.02645226 0.04126283
v -0.02866578 -0.02511530 0.04129543
v 0.02051351 -0.01790135 0.09351922
v 0.02214970 -0.01213811 0.09511442
v 0.02519970 -0.02725774 0.07407892
v 0.02028137 -0.01541306 0.09479243
v 0.02015832 -0.01299765 0.09573953
v -0.02687063 -0.02728730 0.04151981
v -0.02508166 -0.02641421 0.03539366
v -0.02543447 -0.02718902 0.03666790
v 0.02076716 -0.01977345 0.09231158
v 0.01974261 -0.00984650 0.09674248
v 0.02446131 -0.02867511 0.03859017
v 0.02625244 -0.02823317 0.04151170
v 0.02729887 -0.02743488 0.04125441
v 0.02812380 -0.02612646 0.04128678
v 0.02832159 -0.02503980 0.04237891
v 0.02102450 -0.02691842 0.03365435
v 0.02481918 -0.02808381 0.03666023
v 0.01678712 -0.02866135 0.03421808
v 0.01944301 -0.02656063 0.03239747
v 0.01943515 -0.02491024 0.03175477
v 0.02138588 -0.02536688 0.03312156
v 0.02449385 -0.02729692 0.03538609
v 0.02435097 -0.02496317 0.03426739
v 0.02654243 -0.02538333 0.03575570
v 0.02651620 -0.02677959 0.03650465
v 0.01773342 -0.02788570 0.03230807
v 0.01732502 -0.02546088 0.02839406
v 0.02784930 -0.02532600 0.03790018
v 0.02748289 -0.02688716 0.03882772
v 0.01557723 -0.01929776 -0.02619136
v 0.01352328 -0.02611133 -0.02720435
v 0.01450895 -0.02523406 -0.02671742
v -0.02630723 -0.02547090 0.07382079
v -0.02577383 -0.02635014 0.07408670
v 0.01808095 -0.01946917 -0.02461873
v -0.02505026 -0.02705717 0.07417929
v -0.02435595 -0.02749028 0.07405972
v -0.02532130 -0.02532067 0.08032063
v -0.02218114 -0.01134879 0.09512118
v -0.02035724 0.00259301 0.09827300
v -0.02315557 -0.01238449 0.09382342
v 0.01782429 -0.01268794 0.02547703
v -0.02104682 -0.00812123 0.09655384
v 0.01802689 -0.01269354 0.02808334
v -0.02373367 -0.02328208 0.08697218
v -0.02345491 -0.02021018 0.09014438
v -0.02472282 -0.02107667 0.08746444
v 0.01807429 -0.01954892 0.02796433
v -0.02398188 -0.02571670 0.08266922
v 0.00375795 -0.02294611 -0.08770454
v 0.00371401 -0.02543050 -0.08478274
v 0.00369215 -0.02668157 -0.08248047
v 0.00367441 -0.02770687 -0.07947234
v 0.00366312 -0.02836685 -0.07568300
v 0.00400889 -0.00879478 -0.09386268
v 0.00391136 -0.01428471 -0.09240688
v -0.02328347 -0.01765127 0.09190072
v 0.00379198 -0.02101997 -0.08922923
v 0.00384211 -0.01818569 -0.09087387
v 0.00365962 -0.02860056 -0.07133468
v 0.00366348 -0.02862809 -0.04340562
v -0.02521747 -0.02346146 0.08384077
v 0.02845501 -0.01968923 0.04104021
v 0.02626937 -0.01965226 0.07316638
v 0.01908828 0.03757350 -0.08232290
v 0.01913304 0.03741311 0.08398263
v -0.02021187 0.01043083 0.09865225
v -0.01866762 0.01797670 0.10016236
v -0.01870984 0.01033135 0.09984998
v -0.01714432 0.02243341 0.10114658
v -0.01492632 0.03299431 0.10182419
v -0.01639335 0.03090480 0.10137102
v 0.02249251 0.01044013 0.09211120
v 0.02070895 0.02634082 0.09658182
v 0.02199460 0.01118685 0.09516168
v 0.02061811 0.02862564 0.09457324
v 0.01817371 0.03966138 0.09576120
v 0.01660539 0.04196328 0.09605554
v 0.01971336 0.03615673 0.09116066
v 0.02010755 0.03274589 0.09396765
v 0.01950007 0.03432369 0.09667513
v -0.01777444 0.02786870 0.10060728
v 0.01923826 0.03823950 0.09324156
v -0.01561769 0.03413893 0.10128984
v 0.02604949 -0.01929819 0.07564069
v 0.02553231 -0.01710541 0.08018722
v 0.01366701 0.04035560 0.09899974
v 0.01043784 0.04023024 0.09984205
v 0.00746139 0.04089705 0.09969693
v 0.02426570 -0.00800110 0.08738540
v 0.02486556 -0.01296272 0.08460090
v -0.01492069 0.04502286 0.08317898
v -0.01541224 0.04476776 0.08969823
v -0.01370882 0.04566994 0.09032197
v -0.01490295 0.04497453 0.09221531
v -0.01602067 0.04380938 0.08349981
v 0.02353282 -0.00040033 0.08958992
v 0.01875106 -0.01834093 0.03023087
v 0.02138774 -0.01960018 0.03303177
v 0.02275809 -0.01893680 0.03357295
v 0.02519373 -0.01962284 0.03465085
v 0.02759590 -0.01968239 0.03700409
v 0.02811571 -0.01968320 0.03833475
v 0.01990433 -0.01667063 0.03166573
v 0.01846405 -0.00974352 0.07269812
v 0.01840240 -0.01136891 0.06889126
v 0.02265752 -0.01540267 0.04118594
v 0.02561975 -0.01827370 0.05797967
v 0.02177213 -0.01497422 0.07359260
v 0.02208456 -0.01333012 0.07784118
v 0.02148745 -0.01108797 0.07920371
v 0.02007860 -0.00845948 0.07808954
v 0.02197174 -0.01562238 0.07123458
v 0.02032287 -0.01340113 0.03744661
v 0.02263828 -0.01586866 0.06124945
v 0.01861920 -0.00821672 0.07445801
v -0.01583323 0.04410417 0.04899059
v 0.01807125 0.00561865 -0.07608124
v 0.01822357 -0.01088295 -0.08287608
v 0.01855455 0.00757240 -0.08818908
v 0.01936079 -0.01249815 0.04890973
v 0.01962406 -0.01307902 0.06913624
v -0.01440162 0.04541401 -0.02314270
v -0.01527682 0.04483924 -0.08717661
v 0.01802250 -0.01063915 0.03327701
v -0.01534217 0.04474714 -0.03159978
v 0.02205121 -0.01565128 0.03478756
v 0.02132890 -0.01608498 0.03324605
v 0.01918794 -0.01479228 0.03098802
v 0.01869706 -0.01179095 0.03423216
v 0.01857855 -0.01221594 0.03151378
v 0.01807764 -0.01925453 -0.07192528
v 0.01812641 -0.01647325 -0.07748578
v 0.01892272 0.02831332 -0.09129919
v 0.01901555 0.03404321 -0.09018830
v -0.01461178 0.04523262 -0.08844778
v -0.01145740 0.04555829 -0.09112976
v 0.01820883 0.01249541 -0.07460839
v 0.01888450 0.00812840 0.08281364
v 0.02056296 0.00217325 0.08440045
v 0.01966778 0.01670958 0.08818900
v 0.01814074 0.00504542 0.07777361
v 0.01846080 0.00806908 0.08103006
v -0.01695351 -0.02634286 -0.07207847
v 0.01887335 0.02353327 0.08275346
v -0.01631133 -0.02715296 -0.02672054
v -0.01610401 -0.02727735 -0.07147004
v -0.01522378 -0.02785186 -0.02805810
v -0.01546021 -0.02705579 -0.07780687
v -0.01631326 -0.02625751 -0.07841776
v -0.01533470 -0.00623576 -0.09362830
v -0.01598926 -0.01199560 -0.09177519
v -0.01627696 -0.00669849 -0.09278628
v 0.01770756 0.04119940 -0.09125628
v 0.01487199 0.04256721 -0.09324831
v 0.00829588 0.04012338 -0.09689754
v 0.01216113 0.04025668 -0.09612091
v 0.01867085 0.04027157 -0.08723096
v -0.01517004 -0.02579997 -0.08234113
v 0.00462476 0.04244260 -0.09520303
v 0.01868735 0.02977601 -0.09362497
v -0.01525030 -0.02382056 -0.08546938
v -0.01658092 -0.02382154 -0.08343805
v 0.01849791 0.03711990 -0.09198086
v -0.01618519 -0.01572859 -0.09028825
v -0.01579615 -0.01909913 -0.08901844
v 0.01777948 -0.00561404 -0.08880658
v -0.01632833 -0.02115348 -0.08691552
v -0.01510296 0.00662975 -0.09593513
v -0.01637534 0.00164061 -0.09412714
v -0.01593861 0.01657981 -0.09646568
v -0.01485837 0.01518075 -0.09708836
v -0.01644375 0.02939227 -0.09661975
v -0.01509548 0.02877814 -0.09792004
v -0.01172347 0.03694568 -0.09834739
v -0.01453393 0.03271376 -0.09821536
v 0.00015530 -0.00050783 -0.09539329
v 0.00015252 -0.00066101 -0.09535827
v 0.00067434 -0.03155328 -0.09725814
v -0.01716667 0.00192399 -0.07026587
v -0.01503895 0.00284501 -0.07028762
v 0.00100774 -0.02618519 -0.03035665
v -0.00366589 -0.03452094 -0.09649730
v -0.00406394 -0.03426649 -0.09713732
v -0.00366340 -0.02917240 -0.10089571
v -0.00351441 -0.02676762 -0.10129081
v -0.00113351 -0.01467713 -0.09858967
v -0.00116252 -0.00782873 -0.09624301
v -0.00360916 -0.01462969 -0.10118310
v -0.00356847 -0.01074995 -0.10045652
v -0.00318358 -0.00531051 -0.09762955
v -0.01705624 -0.01194452 -0.02042192
v -0.01743542 -0.00883007 -0.06426618
v -0.01742540 -0.00677659 0.07101171
v -0.01748825 -0.00851811 0.06919217
v -0.01737669 -0.00646926 -0.06773672
v -0.01501116 0.00438925 -0.06990331
v -0.01720903 0.00666655 0.06976712
v -0.01712479 0.00670019 -0.06671403
v -0.01518335 -0.00653619 0.07106484
v -0.01502828 0.00220763 0.07364653
v -0.01496295 0.00589905 0.07184672
v -0.01499007 0.00436229 0.07323796
v -0.01495241 0.00651401 0.07014339
v -0.01497158 0.00659066 -0.06677525
v -0.01497709 0.00628937 -0.06793993
v -0.01520764 -0.00663838 -0.06762680
v -0.01522663 -0.00773532 -0.06679273
vt 0.46723790 0.34821429
vt 0.46723790 0.34821429
vt 0.46723790 0.34821429
vt 0.46723790 0.34821429
vt 0.46723790 0.34821429
vt 0.46723790 0.34821429
vt 0.46723790 0.34821429
vt 0.46723790 0.34821429
vt 0.46723790 0.34821429
vt 0.46723790 0.34821429
vt 0.46723790 0.34821429
vt 0.46723790 0.34821429
vt 0.46723790 0.34821429
vt 0.46723790 0.34821429
vt 0.46723790 0.34821429
vt 0.46723790 0.34821429
vt 0.46723790 0.34821429
vt 0.46723790 0.34821429
vt 0.46723790 0.34821429
vt 0.46723790 0.34821429
vt 0.46723790 0.34821429
vt 0.46723790 0.34821429
vt 0.46723790 0.34821429
vt 0.46723790 0.34821429
vt 0.46723790 0.34821429
vt 0.46723790 0.34821429
vt 0.46723790 0.34821429
vt 0.46723790 0.34821429
vt 0.46723790 0.34821429
vt 0.46723790 0.34821429
vt 0.46723790 0.34821429
vt 0.46723790 0.34821429
vt 0.46723790 0.34821429
vt 0.46723790 0.34821429
vt 0.46723790 0.34821429
vt 0.46723790 0.34821429
vt 0.46723790 0.34821429
vt 0.46723790 0.34821429
vt 0.46723790 0.34821429
vt 0.46723790 0.34821429
vt 0.46723790 0.34821429
vt 0.46723790 0.34821429
vt 0.46723790 0.34821429
vt 0.46723790 0.34821429
vt 0.46723790 0.34821429
vt 0.46723790 0.34821429
vt 0.27368952 0.34821429
vt 0.27368952 0.34821429
vt 0.27368952 0.34821429
vt 0.27368952 0.34821429
vt 0.27368952 0.34821429
vt 0.27368952 0.34821429
vt 0.27368952 0.34821429
vt 0.27368952 0.34821429
vt 0.27368952 0.34821429
vt 0.27368952 0.34821429
vt 0.27368952 0.34821429
vt 0.27368952 0.34821429
vt 0.27368952 0.34821429
vt 0.27368952 0.34821429
vt 0.27368952 0.34821429
vt 0.27368952 0.34821429
vt 0.27368952 0.34821429
vt 0.27368952 0.34821429
vt 0.27368952 0.34821429
vt 0.27368952 0.34821429
vt 0.27368952 0.34821429
vt 0.27368952 0.34821429
vt 0.27368952 0.34821429
vt 0.27368952 0.34821429
vt 0.27368952 0.34821429
vt 0.27368952 0.34821429
vt 0.27368952 0.34821429
vt 0.27368952 0.34821429
vt 0.27368952 0.34821429
vt 0.27368952 0.34821429
vt 0.27368952 0.34821429
vt 0.27368952 0.34821429
vt 0.27368952 0.34821429
vt 0.27368952 0.34821429
vt 0.27368952 0.34821429
vt 0.27368952 0.34821429
vt 0.27368952 0.34821429
vt 0.27368952 0.34821429
vt 0.27368952 0.34821429
vt 0.27368952 0.34821429
vt 0.27368952 0.34821429
vt 0.27368952 0.34821429
vt 0.27368952 0.34821429
vt 0.27368952 0.34821429
vt 0.27368952 0.34821429
vt 0.27368952 0.34821429
vt 0.27368952 0.34821429
vt 0.27368952 0.34821429
vt 0.27368952 0.34821429
vt 0.27368952 0.34821429
vt 0.27368952 0.34821429
vt 0.27368952 0.34821429
vt 0.27368952 0.34821429
vt 0.27368952 0.34821429
vt 0.27368952 0.34821429
vt 0.27368952 0.34821429
vt 0.27368952 0.34821429
vt 0.27368952 0.34821429
vt 0.27368952 0.34821429
vt 0.27368952 0.34821429
vt 0.27368952 0.34821429
vt 0.27368952 0.34821429
vt 0.27368952 0.34821429
vt 0.27368952 0.34821429
vt 0.27368952 0.34821429
vt 0.27368952 0.34821429
vt 0.27368952 0.34821429
vt 0.27368952 0.34821429
vt 0.27368952 0.34821429
vt 0.27368952 0.34821429
vt 0.27368952 0.34821429
vt 0.27368952 0.34821429
vt 0.27368952 0.34821429
vt 0.27368952 0.34821429
vt 0.27368952 0.34821429
vt 0.27368952 0.34821429
vt 0.27368952 0.34821429
vt 0.27368952 0.34821429
vt 0.27368952 0.34821429
vt 0.27368952 0.34821429
vt 0.27368952 0.34821429
vt 0.27368952 0.34821429
vt 0.27368952 0.34821429
vt 0.27368952 0.34821429
vt 0.27368952 0.34821429
vt 0.27368952 0.34821429
vt 0.27368952 0.34821429
vt 0.27368952 0.34821429
vt 0.27368952 0.34821429
vt 0.27368952 0.34821429
vt 0.27368952 0.34821429
vt 0.27368952 0.34821429
vt 0.27368952 0.34821429
vt 0.27368952 0.34821429
vt 0.27368952 0.34821429
vt 0.27368952 0.34821429
vt 0.27368952 0.34821429
vt 0.27368952 0.34821429
vt 0.27368952 0.34821429
vt 0.27368952 0.34821429
vt 0.27368952 0.34821429
vt 0.27368952 0.34821429
vt 0.27368952 0.34821429
vt 0.27368952 0.34821429
vt 0.27368952 0.34821429
vt 0.27368952 0.34821429
vt 0.27368952 0.34821429
vt 0.27368952 0.34821429
vt 0.27368952 0.34821429
vt 0.27368952 0.34821429
vt 0.27368952 0.34821429
vt 0.27368952 0.34821429
vt 0.27368952 0.34821429
vt 0.27368952 0.34821429
vt 0.27368952 0.34821429
vt 0.27368952 0.34821429
vt 0.27368952 0.34821429
vt 0.27368952 0.34821429
vt 0.27368952 0.34821429
vt 0.27368952 0.34821429
vt 0.27368952 0.34821429
vt 0.27368952 0.34821429
vt 0.27368952 0.34821429
vt 0.27368952 0.34821429
vt 0.27368952 0.34821429
vt 0.27368952 0.34821429
vt 0.27368952 0.34821429
vt 0.27368952 0.34821429
vt 0.27368952 0.34821429
vt 0.27368952 0.34821429
vt 0.27368952 0.34821429
vt 0.27368952 0.34821429
vt 0.27368952 0.34821429
vt 0.27368952 0.34821429
vt 0.27368952 0.34821429
vt 0.27368952 0.34821429
vt 0.27368952 0.34821429
vt 0.46723790 0.34821429
vt 0.46723790 0.34821429
vt 0.46723790 0.34821429
vt 0.46723790 0.34821429
vt 0.46723790 0.34821429
vt 0.46723790 0.34821429
vt 0.46723790 0.34821429
vt 0.46723790 0.34821429
vt 0.46723790 0.34821429
vt 0.46723790 0.34821429
vt 0.46723790 0.34821429
vt 0.46723790 0.34821429
vt 0.46723790 0.34821429
vt 0.46723790 0.34821429
vt 0.46723790 0.34821429
vt 0.46723790 0.34821429
vt 0.46723790 0.34821429
vt 0.46723790 0.34821429
vt 0.46723790 0.34821429
vt 0.46723790 0.34821429
vt 0.46723790 0.34821429
vt 0.46723790 0.34821429
vt 0.46723790 0.34821429
vt 0.46723790 0.34821429
vt 0.46723790 0.34821429
vt 0.46723790 0.34821429
vt 0.46723790 0.34821429
vt 0.46723790 0.34821429
vt 0.46723790 0.34821429
vt 0.46723790 0.34821429
vt 0.46723790 0.34821429
vt 0.46723790 0.34821429
vt 0.46723790 0.34821429
vt 0.46723790 0.34821429
vt 0.46723790 0.34821429
vt 0.46723790 0.34821429
vt 0.46723790 0.34821429
vt 0.46723790 0.34821429
vt 0.46723790 0.34821429
vt 0.46723790 0.34821429
vt 0.46723790 0.34821429
vt 0.46723790 0.34821429
vt 0.46723790 0.34821429
vt 0.46723790 0.34821429
vt 0.46723790 0.34821429
vt 0.46723790 0.34821429
vt 0.46723790 0.34821429
vt 0.46723790 0.34821429
vt 0.46723790 0.34821429
vt 0.46723790 0.34821429
vt 0.46723790 0.34821429
vt 0.46723790 0.34821429
vt 0.46723790 0.34821429
vt 0.46723790 0.34821429
vt 0.46723790 0.34821429
vt 0.46723790 0.34821429
vt 0.46723790 0.34821429
vt 0.46723790 0.34821429
vt 0.46723790 0.34821429
vt 0.46723790 0.34821429
vt 0.46723790 0.34821429
vt 0.46723790 0.34821429
vt 0.46723790 0.34821429
vt 0.46723790 0.34821429
vt 0.46723790 0.34821429
vt 0.46723790 0.34821429
vt 0.46723790 0.34821429
vt 0.46723790 0.34821429
vt 0.46723790 0.34821429
vt 0.46723790 0.34821429
vt 0.46723790 0.34821429
vt 0.46723790 0.34821429
vt 0.46723790 0.34821429
vt 0.46723790 0.34821429
vt 0.46723790 0.34821429
vt 0.46723790 0.34821429
vt 0.46723790 0.34821429
vt 0.46723790 0.34821429
vt 0.46723790 0.34821429
vt 0.46723790 0.34821429
vt 0.46723790 0.34821429
vt 0.46723790 0.34821429
vt 0.46723790 0.34821429
vt 0.46723790 0.34821429
vt 0.46723790 0.34821429
vt 0.46723790 0.34821429
vt 0.46723790 0.34821429
vt 0.46723790 0.34821429
vt 0.46723790 0.34821429
vt 0.46723790 0.34821429
vt 0.46723790 0.34821429
vt 0.46723790 0.34821429
vt 0.46723790 0.34821429
vt 0.46723790 0.34821429
vt 0.46723790 0.34821429
vt 0.46723790 0.34821429
vt 0.46723790 0.34821429
vt 0.46723790 0.34821429
vt 0.46723790 0.34821429
vt 0.46723790 0.34821429
vt 0.46723790 0.34821429
vt 0.46723790 0.34821429
vt 0.46723790 0.34821429
vt 0.46723790 0.34821429
vt 0.46723790 0.34821429
vt 0.46723790 0.34821429
vt 0.46723790 0.34821429
vt 0.46723790 0.34821429
vt 0.46723790 0.34821429
vt 0.46723790 0.34821429
vt 0.46723790 0.34821429
vt 0.46723790 0.34821429
vt 0.46723790 0.34821429
vt 0.46723790 0.34821429
vt 0.46723790 0.34821429
vt 0.46723790 0.34821429
vt 0.46723790 0.34821429
vt 0.46723790 0.34821429
vt 0.46723790 0.34821429
vt 0.46723790 0.34821429
vt 0.46723790 0.34821429
vt 0.46723790 0.34821429
vt 0.46723790 0.34821429
vt 0.46723790 0.34821429
vt 0.46723790 0.34821429
vt 0.46723790 0.34821429
vt 0.46723790 0.34821429
vt 0.46723790 0.34821429
vt 0.46723790 0.34821429
vt 0.46723790 0.34821429
vt 0.46723790 0.34821429
vt 0.46723790 0.34821429
vt 0.46723790 0.34821429
vt 0.46723790 0.34821429
vt 0.46723790 0.34821429
vt 0.46723790 0.34821429
vt 0.46723790 0.34821429
vt 0.46723790 0.34821429
vt 0.46723790 0.34821429
vt 0.46723790 0.34821429
vt 0.46723790 0.34821429
vt 0.08014113 0.34821429
vt 0.08014113 0.34821429
vt 0.08014113 0.34821429
vt 0.08014113 0.34821429
vt 0.08014113 0.34821429
vt 0.08014113 0.34821429
vt 0.08014113 0.34821429
vt 0.08014113 0.34821429
vt 0.08014113 0.34821429
vt 0.08014113 0.34821429
vt 0.08014113 0.34821429
vt 0.08014113 0.34821429
vt 0.08014113 0.34821429
vt 0.08014113 0.34821429
vt 0.08014113 0.34821429
vt 0.08014113 0.34821429
vt 0.08014113 0.34821429
vt 0.08014113 0.34821429
vt 0.08014113 0.34821429
vt 0.08014113 0.34821429
vt 0.08014113 0.34821429
vt 0.08014113 0.34821429
vt 0.08014113 0.34821429
vt 0.08014113 0.34821429
vt 0.08014113 0.34821429
vt 0.08014113 0.34821429
vt 0.08014113 0.34821429
vt 0.08014113 0.34821429
vt 0.08014113 0.34821429
vt 0.08014113 0.34821429
vt 0.08014113 0.34821429
vt 0.08014113 0.34821429
vt 0.08014113 0.34821429
vt 0.08014113 0.34821429
vt 0.08014113 0.34821429
vt 0.08014113 0.34821429
vt 0.08014113 0.34821429
vt 0.08014113 0.34821429
vt 0.08014113 0.34821429
vt 0.08014113 0.34821429
vt 0.08014113 0.34821429
vt 0.08014113 0.34821429
vt 0.08014113 0.34821429
vt 0.08014113 0.34821429
vt 0.08014113 0.34821429
vt 0.08014113 0.34821429
vt 0.08014113 0.34821429
vt 0.08014113 0.34821429
vt 0.08014113 0.34821429
vt 0.08014113 0.34821429
vt 0.08014113 0.34821429
vt 0.08014113 0.34821429
vt 0.08014113 0.34821429
vt 0.08014113 0.34821429
vt 0.08014113 0.34821429
vt 0.08014113 0.34821429
vt 0.08014113 0.34821429
vt 0.08014113 0.34821429
vt 0.08014113 0.34821429
vt 0.08014113 0.34821429
vt 0.08014113 0.34821429
vt 0.08014113 0.34821429
vt 0.08014113 0.34821429
vt 0.08014113 0.34821429
vt 0.08014113 0.34821429
vt 0.08014113 0.34821429
vt 0.08014113 0.34821429
vt 0.08014113 0.34821429
vt 0.08014113 0.34821429
vt 0.08014113 0.34821429
vt 0.08014113 0.34821429
vt 0.08014113 0.34821429
vt 0.08014113 0.34821429
vt 0.08014113 0.34821429
vt 0.08014113 0.34821429
vt 0.08014113 0.34821429
vt 0.08014113 0.34821429
vt 0.08014113 0.34821429
vt 0.08014113 0.34821429
vt 0.08014113 0.34821429
vt 0.08014113 0.34821429
vt 0.08014113 0.34821429
vt 0.08014113 0.34821429
vt 0.08014113 0.34821429
vt 0.08014113 0.34821429
vt 0.08014113 0.34821429
vt 0.08014113 0.34821429
vt 0.08014113 0.34821429
vt 0.08014113 0.34821429
vt 0.08014113 0.34821429
vt 0.08014113 0.34821429
vt 0.08014113 0.34821429
vt 0.08014113 0.34821429
vt 0.08014113 0.34821429
vt 0.08014113 0.34821429
vt 0.08014113 0.34821429
vt 0.08014113 0.34821429
vt 0.08014113 0.34821429
vt 0.08014113 0.34821429
vt 0.08014113 0.34821429
vt 0.08014113 0.34821429
vt 0.08014113 0.34821429
vt 0.08014113 0.34821429
vt 0.08014113 0.34821429
vt 0.08014113 0.34821429
vt 0.08014113 0.34821429
vt 0.08014113 0.34821429
vt 0.08014113 0.34821429
vt 0.08014113 0.34821429
vt 0.08014113 0.34821429
vt 0.08014113 0.34821429
vt 0.08014113 0.34821429
vt 0.08014113 0.34821429
vt 0.08014113 0.34821429
vt 0.08014113 0.34821429
vt 0.08014113 0.34821429
vt 0.08014113 0.34821429
vt 0.08014113 0.34821429
vt 0.08014113 0.34821429
vt 0.08014113 0.34821429
vt 0.08014113 0.34821429
vt 0.08014113 0.34821429
vt 0.08014113 0.34821429
vt 0.08014113 0.34821429
vt 0.08014113 0.34821429
vt 0.08014113 0.34821429
vt 0.08014113 0.34821429
vt 0.08014113 0.34821429
vt 0.08014113 0.34821429
vt 0.08014113 0.34821429
vt 0.08014113 0.34821429
vt 0.08014113 0.34821429
vt 0.08014113 0.34821429
vt 0.08014113 0.34821429
vt 0.08014113 0.34821429
vt 0.08014113 0.34821429
vt 0.08014113 0.34821429
vt 0.08014113 0.34821429
vt 0.08014113 0.34821429
vt 0.08014113 0.34821429
vt 0.08014113 0.34821429
vt 0.08014113 0.34821429
vt 0.08014113 0.34821429
vt 0.08014113 0.34821429
vt 0.08014113 0.34821429
vt 0.08014113 0.34821429
vt 0.08014113 0.34821429
vt 0.08014113 0.34821429
vt 0.08014113 0.34821429
vt 0.08014113 0.34821429
vt 0.08014113 0.34821429
vt 0.08014113 0.34821429
vt 0.08014113 0.34821429
vt 0.08014113 0.34821429
vt 0.08014113 0.34821429
vt 0.08014113 0.34821429
vt 0.08014113 0.34821429
vt 0.08014113 0.34821429
vt 0.08014113 0.34821429
vt 0.08014113 0.34821429
vt 0.08014113 0.34821429
vt 0.08014113 0.34821429
vt 0.08014113 0.34821429
vt 0.08014113 0.34821429
vt 0.08014113 0.34821429
vt 0.08014113 0.34821429
vt 0.08014113 0.34821429
vt 0.08014113 0.34821429
vt 0.08014113 0.34821429
vt 0.08014113 0.34821429
vt 0.08014113 0.34821429
vt 0.08014113 0.34821429
vt 0.08014113 0.34821429
vt 0.08014113 0.34821429
vt 0.08014113 0.34821429
vt 0.08014113 0.34821429
vt 0.08014113 0.34821429
vt 0.08014113 0.34821429
vt 0.08014113 0.34821429
vt 0.08014113 0.34821429
vt 0.08014113 0.34821429
vt 0.08014113 0.34821429
vt 0.08014113 0.34821429
vt 0.08014113 0.34821429
vt 0.08014113 0.34821429
vt 0.08014113 0.34821429
vt 0.08014113 0.34821429
vt 0.08014113 0.34821429
vt 0.08014113 0.34821429
vt 0.08014113 0.34821429
vt 0.08014113 0.34821429
vt 0.08014113 0.34821429
vt 0.08014113 0.34821429
vt 0.08014113 0.34821429
vt 0.08014113 0.34821429
vt 0.08014113 0.34821429
vt 0.08014113 0.34821429
vt 0.08014113 0.34821429
vt 0.08014113 0.34821429
vt 0.08014113 0.34821429
vt 0.08014113 0.34821429
vt 0.08014113 0.34821429
vt 0.08014113 0.34821429
vt 0.08014113 0.34821429
vt 0.08014113 0.34821429
vt 0.08014113 0.34821429
vt 0.08014113 0.34821429
vt 0.08014113 0.34821429
vt 0.08014113 0.34821429
vt 0.08014113 0.34821429
vt 0.08014113 0.34821429
vt 0.08014113 0.34821429
vt 0.08014113 0.34821429
vt 0.08014113 0.34821429
vt 0.08014113 0.34821429
vt 0.08014113 0.34821429
vt 0.08014113 0.34821429
vt 0.08014113 0.34821429
vt 0.08014113 0.34821429
vt 0.08014113 0.34821429
vt 0.08014113 0.34821429
vt 0.08014113 0.34821429
vt 0.08014113 0.34821429
vt 0.08014113 0.34821429
vt 0.08014113 0.34821429
vt 0.08014113 0.34821429
vt 0.08014113 0.34821429
vt 0.08014113 0.34821429
vt 0.08014113 0.34821429
vt 0.08014113 0.34821429
vt 0.08014113 0.34821429
vt 0.08014113 0.34821429
vt 0.08014113 0.34821429
vt 0.08014113 0.34821429
vt 0.08014113 0.34821429
vt 0.08014113 0.34821429
vt 0.08014113 0.34821429
vt 0.08014113 0.34821429
vt 0.08014113 0.34821429
vt 0.08014113 0.34821429
vt 0.08014113 0.34821429
vt 0.08014113 0.34821429
vt 0.08014113 0.34821429
vt 0.08014113 0.34821429
vt 0.08014113 0.34821429
vt 0.08014113 0.34821429
vt 0.08014113 0.34821429
vt 0.08014113 0.34821429
vt 0.08014113 0.34821429
vt 0.08014113 0.34821429
vt 0.08014113 0.34821429
vt 0.08014113 0.34821429
vt 0.08014113 0.34821429
vt 0.08014113 0.34821429
vt 0.08014113 0.34821429
vt 0.08014113 0.34821429
vt 0.08014113 0.34821429
vt 0.08014113 0.34821429
vt 0.08014113 0.34821429
vt 0.08014113 0.34821429
vt 0.08014113 0.34821429
vt 0.08014113 0.34821429
vt 0.08014113 0.34821429
vt 0.08014113 0.34821429
vt 0.08014113 0.34821429
vt 0.08014113 0.34821429
vt 0.08014113 0.34821429
vt 0.08014113 0.34821429
vt 0.08014113 0.34821429
vt 0.08014113 0.34821429
vt 0.08014113 0.34821429
vt 0.08014113 0.34821429
vt 0.08014113 0.34821429
vt 0.08014113 0.34821429
vt 0.08014113 0.34821429
vt 0.08014113 0.34821429
vt 0.08014113 0.34821429
vt 0.08014113 0.34821429
vt 0.08014113 0.34821429
vt 0.08014113 0.34821429
vt 0.08014113 0.34821429
vt 0.08014113 0.34821429
vt 0.08014113 0.34821429
vt 0.08014113 0.34821429
vt 0.08014113 0.34821429
vt 0.08014113 0.34821429
vt 0.08014113 0.34821429
vt 0.08014113 0.34821429
vt 0.08014113 0.34821429
vt 0.08014113 0.34821429
vt 0.08014113 0.34821429
vt 0.08014113 0.34821429
vt 0.08014113 0.34821429
vt 0.08014113 0.34821429
vt 0.08014113 0.34821429
vt 0.08014113 0.34821429
vt 0.08014113 0.34821429
vt 0.08014113 0.34821429
vt 0.08014113 0.34821429
vt 0.08014113 0.34821429
vt 0.08014113 0.34821429
vt 0.08014113 0.34821429
vt 0.08014113 0.34821429
vt 0.08014113 0.34821429
vt 0.08014113 0.34821429
vt 0.08014113 0.34821429
vt 0.08014113 0.34821429
vt 0.08014113 0.34821429
vt 0.08014113 0.34821429
vt 0.08014113 0.34821429
vt 0.08014113 0.34821429
vt 0.08014113 0.34821429
vt 0.08014113 0.34821429
vt 0.08014113 0.34821429
vt 0.08014113 0.34821429
vt 0.08014113 0.34821429
vt 0.08014113 0.34821429
vt 0.08014113 0.34821429
vt 0.08014113 0.34821429
vt 0.08014113 0.34821429
vt 0.08014113 0.34821429
vt 0.08014113 0.34821429
vt 0.08014113 0.34821429
vt 0.08014113 0.34821429
vt 0.08014113 0.34821429
vt 0.08014113 0.34821429
vt 0.08014113 0.34821429
vt 0.08014113 0.34821429
vt 0.08014113 0.34821429
vt 0.08014113 0.34821429
vt 0.08014113 0.34821429
vt 0.08014113 0.34821429
vt 0.08014113 0.34821429
vt 0.08014113 0.34821429
vt 0.08014113 0.34821429
vt 0.08014113 0.34821429
vt 0.08014113 0.34821429
vt 0.08014113 0.34821429
vt 0.08014113 0.34821429
vt 0.08014113 0.34821429
vt 0.08014113 0.34821429
vt 0.08014113 0.34821429
vt 0.08014113 0.34821429
vt 0.08014113 0.34821429
vt 0.08014113 0.34821429
vt 0.08014113 0.34821429
vt 0.08014113 0.34821429
vt 0.08014113 0.34821429
vt 0.08014113 0.34821429
vt 0.08014113 0.34821429
vt 0.08014113 0.34821429
vt 0.08014113 0.34821429
vt 0.08014113 0.34821429
vt 0.08014113 0.34821429
vt 0.08014113 0.34821429
vt 0.08014113 0.34821429
vt 0.08014113 0.34821429
vt 0.08014113 0.34821429
vt 0.08014113 0.34821429
vt 0.08014113 0.34821429
vt 0.08014113 0.34821429
vt 0.08014113 0.34821429
vt 0.08014113 0.34821429
vt 0.08014113 0.34821429
vt 0.08014113 0.34821429
vt 0.08014113 0.34821429
vt 0.08014113 0.34821429
vt 0.08014113 0.34821429
vt 0.08014113 0.34821429
vt 0.08014113 0.34821429
vt 0.08014113 0.34821429
vt 0.08014113 0.34821429
vt 0.08014113 0.34821429
vt 0.08014113 0.34821429
vt 0.08014113 0.34821429
vt 0.08014113 0.34821429
vt 0.08014113 0.34821429
vt 0.08014113 0.34821429
vt 0.08014113 0.34821429
vt 0.08014113 0.34821429
vt 0.08014113 0.34821429
vt 0.08014113 0.34821429
vt 0.08014113 0.34821429
vt 0.08014113 0.34821429
vt 0.08014113 0.34821429
vt 0.08014113 0.34821429
vt 0.08014113 0.34821429
vt 0.08014113 0.34821429
vt 0.08014113 0.34821429
vt 0.08014113 0.34821429
vt 0.08014113 0.34821429
vt 0.08014113 0.34821429
vt 0.08014113 0.34821429
vt 0.08014113 0.34821429
vt 0.08014113 0.34821429
vt 0.08014113 0.34821429
vt 0.08014113 0.34821429
vt 0.08014113 0.34821429
vt 0.08014113 0.34821429
vt 0.08014113 0.34821429
vt 0.08014113 0.34821429
vt 0.08014113 0.34821429
vt 0.08014113 0.34821429
vt 0.08014113 0.34821429
vt 0.08014113 0.34821429
vt 0.08014113 0.34821429
vt 0.08014113 0.34821429
vt 0.08014113 0.34821429
vt 0.08014113 0.34821429
vt 0.08014113 0.34821429
vt 0.08014113 0.34821429
vt 0.08014113 0.34821429
vt 0.08014113 0.34821429
vt 0.08014113 0.34821429
vt 0.08014113 0.34821429
vt 0.08014113 0.34821429
vt 0.08014113 0.34821429
vt 0.08014113 0.34821429
vt 0.08014113 0.34821429
vt 0.08014113 0.34821429
vt 0.08014113 0.34821429
vt 0.08014113 0.34821429
vt 0.08014113 0.34821429
vt 0.08014113 0.34821429
vt 0.08014113 0.34821429
vt 0.08014113 0.34821429
vt 0.08014113 0.34821429
vt 0.08014113 0.34821429
vt 0.08014113 0.34821429
vt 0.08014113 0.34821429
vt 0.08014113 0.34821429
vt 0.08014113 0.34821429
vt 0.08014113 0.34821429
vt 0.08014113 0.34821429
vt 0.08014113 0.34821429
vt 0.08014113 0.34821429
vt 0.08014113 0.34821429
vt 0.08014113 0.34821429
vt 0.08014113 0.34821429
vt 0.08014113 0.34821429
vt 0.08014113 0.34821429
vt 0.08014113 0.34821429
vt 0.08014113 0.34821429
vt 0.08014113 0.34821429
vt 0.08014113 0.34821429
vt 0.08014113 0.34821429
vt 0.08014113 0.34821429
vt 0.08014113 0.34821429
vt 0.08014113 0.34821429
vt 0.08014113 0.34821429
vt 0.08014113 0.34821429
vt 0.08014113 0.34821429
vt 0.08014113 0.34821429
vt 0.08014113 0.34821429
vt 0.08014113 0.34821429
vt 0.08014113 0.34821429
vt 0.08014113 0.34821429
vt 0.08014113 0.34821429
vt 0.08014113 0.34821429
vt 0.08014113 0.34821429
vt 0.08014113 0.34821429
vt 0.08014113 0.34821429
vt 0.08014113 0.34821429
vt 0.08014113 0.34821429
vt 0.08014113 0.34821429
vt 0.08014113 0.34821429
vt 0.08014113 0.34821429
vt 0.08014113 0.34821429
vt 0.08014113 0.34821429
vt 0.08014113 0.34821429
vt 0.08014113 0.34821429
vt 0.08014113 0.34821429
vt 0.08014113 0.34821429
vt 0.08014113 0.34821429
vt 0.08014113 0.34821429
vt 0.08014113 0.34821429
vt 0.08014113 0.34821429
vt 0.08014113 0.34821429
vt 0.08014113 0.34821429
vt 0.08014113 0.34821429
vt 0.08014113 0.34821429
vt 0.08014113 0.34821429
vt 0.08014113 0.34821429
vt 0.08014113 0.34821429
vt 0.08014113 0.34821429
vt 0.08014113 0.34821429
vt 0.08014113 0.34821429
vt 0.08014113 0.34821429
vt 0.08014113 0.34821429
vt 0.08014113 0.34821429
vt 0.08014113 0.34821429
vt 0.08014113 0.34821429
vt 0.08014113 0.34821429
vt 0.08014113 0.34821429
vt 0.08014113 0.34821429
vt 0.08014113 0.34821429
vt 0.08014113 0.34821429
vt 0.08014113 0.34821429
vt 0.08014113 0.34821429
vt 0.08014113 0.34821429
vt 0.08014113 0.34821429
vt 0.08014113 0.34821429
vt 0.08014113 0.34821429
vt 0.08014113 0.34821429
vt 0.08014113 0.34821429
vt 0.08014113 0.34821429
vt 0.08014113 0.34821429
vt 0.08014113 0.34821429
vt 0.08014113 0.34821429
vt 0.08014113 0.34821429
vt 0.08014113 0.34821429
vt 0.08014113 0.34821429
vt 0.08014113 0.34821429
vt 0.08014113 0.34821429
vt 0.08014113 0.34821429
vt 0.08014113 0.34821429
vt 0.08014113 0.34821429
vt 0.08014113 0.34821429
vt 0.08014113 0.34821429
vt 0.08014113 0.34821429
vt 0.08014113 0.34821429
vt 0.08014113 0.34821429
vt 0.08014113 0.34821429
vt 0.08014113 0.34821429
vt 0.08014113 0.34821429
vt 0.08014113 0.34821429
vt 0.08014113 0.34821429
vt 0.08014113 0.34821429
vt 0.08014113 0.34821429
vt 0.08014113 0.34821429
vt 0.08014113 0.34821429
vt 0.08014113 0.34821429
vt 0.08014113 0.34821429
vt 0.08014113 0.34821429
vt 0.08014113 0.34821429
vt 0.08014113 0.34821429
vt 0.08014113 0.34821429
vt 0.08014113 0.34821429
vt 0.08014113 0.34821429
vt 0.08014113 0.34821429
vt 0.08014113 0.34821429
vt 0.08014113 0.34821429
vt 0.08014113 0.34821429
vt 0.08014113 0.34821429
vt 0.08014113 0.34821429
vt 0.08014113 0.34821429
vt 0.08014113 0.34821429
vt 0.08014113 0.34821429
vt 0.08014113 0.34821429
vt 0.08014113 0.34821429
vt 0.08014113 0.34821429
vt 0.08014113 0.34821429
vt 0.08014113 0.34821429
vt 0.08014113 0.34821429
vt 0.08014113 0.34821429
vt 0.08014113 0.34821429
vt 0.08014113 0.34821429
vt 0.08014113 0.34821429
vt 0.08014113 0.34821429
vt 0.08014113 0.34821429
vt 0.08014113 0.34821429
vt 0.08014113 0.34821429
vt 0.08014113 0.34821429
vt 0.08014113 0.34821429
vt 0.08014113 0.34821429
vt 0.08014113 0.34821429
vt 0.08014113 0.34821429
vt 0.08014113 0.34821429
vt 0.08014113 0.34821429
vt 0.08014113 0.34821429
vt 0.08014113 0.34821429
vt 0.08014113 0.34821429
vt 0.08014113 0.34821429
vt 0.08014113 0.34821429
vt 0.08014113 0.34821429
vt 0.08014113 0.34821429
vt 0.08014113 0.34821429
vt 0.08014113 0.34821429
vt 0.08014113 0.34821429
vt 0.08014113 0.34821429
vt 0.08014113 0.34821429
vt 0.08014113 0.34821429
vt 0.08014113 0.34821429
vt 0.08014113 0.34821429
vt 0.08014113 0.34821429
vt 0.08014113 0.34821429
vt 0.08014113 0.34821429
vt 0.08014113 0.34821429
vt 0.08014113 0.34821429
vt 0.08014113 0.34821429
vt 0.08014113 0.34821429
vt 0.08014113 0.34821429
vt 0.08014113 0.34821429
vt 0.08014113 0.34821429
vt 0.08014113 0.34821429
vt 0.08014113 0.34821429
vt 0.08014113 0.34821429
vt 0.08014113 0.34821429
vt 0.08014113 0.34821429
vt 0.08014113 0.34821429
vt 0.08014113 0.34821429
vt 0.08014113 0.34821429
vt 0.08014113 0.34821429
vt 0.08014113 0.34821429
vt 0.08014113 0.34821429
vt 0.08014113 0.34821429
vt 0.08014113 0.34821429
vt 0.08014113 0.34821429
vt 0.08014113 0.34821429
vt 0.08014113 0.34821429
vt 0.08014113 0.34821429
vt 0.08014113 0.34821429
vt 0.08014113 0.34821429
vt 0.08014113 0.34821429
vt 0.08014113 0.34821429
vt 0.08014113 0.34821429
vt 0.08014113 0.34821429
vt 0.08014113 0.34821429
vt 0.08014113 0.34821429
vt 0.08014113 0.34821429
vt 0.08014113 0.34821429
vt 0.08014113 0.34821429
vt 0.08014113 0.34821429
vt 0.08014113 0.34821429
vt 0.08014113 0.34821429
vt 0.08014113 0.34821429
vt 0.08014113 0.34821429
vt 0.08014113 0.34821429
vt 0.08014113 0.34821429
vt 0.08014113 0.34821429
vt 0.08014113 0.34821429
vt 0.08014113 0.34821429
vt 0.08014113 0.34821429
vt 0.08014113 0.34821429
vt 0.08014113 0.34821429
vt 0.08014113 0.34821429
vt 0.08014113 0.34821429
vt 0.08014113 0.34821429
vt 0.08014113 0.34821429
vt 0.08014113 0.34821429
vt 0.08014113 0.34821429
vt 0.08014113 0.34821429
vt 0.08014113 0.34821429
vt 0.08014113 0.34821429
vt 0.08014113 0.34821429
vt 0.08014113 0.34821429
vt 0.08014113 0.34821429
vt 0.08014113 0.34821429
vt 0.08014113 0.34821429
vt 0.08014113 0.34821429
vt 0.08014113 0.34821429
vt 0.08014113 0.34821429
vt 0.08014113 0.34821429
vt 0.08014113 0.34821429
vt 0.08014113 0.34821429
vt 0.08014113 0.34821429
vt 0.08014113 0.34821429
vt 0.08014113 0.34821429
vt 0.08014113 0.34821429
vt 0.08014113 0.34821429
vt 0.08014113 0.34821429
vt 0.08014113 0.34821429
vt 0.08014113 0.34821429
vt 0.08014113 0.34821429
vt 0.08014113 0.34821429
vt 0.08014113 0.34821429
vt 0.08014113 0.34821429
vt 0.08014113 0.34821429
vt 0.08014113 0.34821429
vt 0.08014113 0.34821429
vt 0.08014113 0.34821429
vt 0.08014113 0.34821429
vt 0.08014113 0.34821429
vt 0.08014113 0.34821429
vt 0.08014113 0.34821429
vt 0.08014113 0.34821429
vt 0.08014113 0.34821429
vt 0.08014113 0.34821429
vt 0.08014113 0.34821429
vt 0.08014113 0.34821429
vt 0.08014113 0.34821429
vt 0.08014113 0.34821429
vt 0.08014113 0.34821429
vt 0.08014113 0.34821429
vt 0.08014113 0.34821429
vt 0.08014113 0.34821429
vt 0.08014113 0.34821429
vt 0.08014113 0.34821429
vt 0.08014113 0.34821429
vt 0.08014113 0.34821429
vt 0.08014113 0.34821429
vt 0.08014113 0.34821429
vt 0.08014113 0.34821429
vt 0.08014113 0.34821429
vt 0.08014113 0.34821429
vt 0.08014113 0.34821429
vt 0.08014113 0.34821429
vt 0.08014113 0.34821429
vt 0.08014113 0.34821429
vt 0.08014113 0.34821429
vt 0.08014113 0.34821429
vt 0.08014113 0.34821429
vt 0.08014113 0.34821429
vt 0.08014113 0.34821429
vt 0.08014113 0.34821429
vt 0.08014113 0.34821429
vt 0.08014113 0.34821429
vt 0.08014113 0.34821429
vt 0.08014113 0.34821429
vt 0.08014113 0.34821429
vt 0.08014113 0.34821429
vt 0.08014113 0.34821429
vt 0.08014113 0.34821429
vt 0.08014113 0.34821429
vt 0.08014113 0.34821429
vt 0.08014113 0.34821429
vt 0.08014113 0.34821429
vt 0.08014113 0.34821429
vt 0.08014113 0.34821429
vt 0.08014113 0.34821429
vt 0.08014113 0.34821429
vt 0.08014113 0.34821429
vt 0.08014113 0.34821429
vt 0.08014113 0.34821429
vt 0.08014113 0.34821429
vt 0.08014113 0.34821429
vt 0.08014113 0.34821429
vt 0.08014113 0.34821429
vt 0.08014113 0.34821429
vt 0.08014113 0.34821429
vt 0.08014113 0.34821429
vt 0.08014113 0.34821429
vt 0.08014113 0.34821429
vt 0.08014113 0.34821429
vt 0.08014113 0.34821429
vt 0.08014113 0.34821429
vt 0.08014113 0.34821429
vt 0.08014113 0.34821429
vt 0.08014113 0.34821429
vt 0.08014113 0.34821429
vt 0.08014113 0.34821429
vt 0.08014113 0.34821429
vt 0.08014113 0.34821429
vt 0.08014113 0.34821429
vt 0.08014113 0.34821429
vt 0.08014113 0.34821429
f 1/1 2/2 3/3
f 4/4 5/5 6/6
f 7/7 2/2 8/8
f 3/3 9/9 10/10
f 10/10 11/11 12/12
f 12/12 13/13 10/10
f 14/14 15/15 16/16
f 17/17 18/18 15/15
f 16/16 1/1 3/3
f 19/19 20/20 21/21
f 21/21 1/1 19/19
f 8/8 22/22 7/7
f 23/23 24/24 22/22
f 25/25 7/7 24/24
f 3/3 10/10 13/13
f 13/13 14/14 3/3
f 18/18 16/16 15/15
f 21/21 26/26 1/1
f 22/22 24/24 7/7
f 2/2 1/1 26/26
f 14/14 16/16 3/3
f 26/26 8/8 2/2
f 27/27 28/28 29/29
f 29/29 30/30 31/31
f 32/32 33/33 34/34
f 35/35 34/34 33/33
f 36/36 6/6 34/34
f 4/4 37/37 38/38
f 39/39 40/40 37/37
f 41/41 38/38 40/40
f 42/42 4/4 38/38
f 43/43 44/44 45/45
f 45/45 5/5 43/43
f 31/31 27/27 29/29
f 30/30 32/32 6/6
f 34/34 6/6 32/32
f 37/37 40/40 38/38
f 42/42 46/46 4/4
f 43/43 5/5 46/46
f 31/31 30/30 6/6
f 6/6 5/5 31/31
f 46/46 5/5 4/4
f 47/47 48/48 49/49
f 48/48 47/47 50/50
f 47/47 49/49 51/51
f 49/49 48/48 52/52
f 49/49 53/53 51/51
f 54/54 55/55 56/56
f 57/57 58/58 59/59
f 47/47 60/60 61/61
f 58/58 48/48 59/59
f 48/48 57/57 59/59
f 48/48 58/58 52/52
f 62/62 60/60 51/51
f 53/53 49/49 52/52
f 50/50 63/63 57/57
f 61/61 63/63 50/50
f 60/60 63/63 61/61
f 50/50 57/57 48/48
f 61/61 50/50 47/47
f 64/64 55/55 54/54
f 62/62 51/51 53/53
f 60/60 47/47 51/51
f 65/65 60/60 66/66
f 63/63 60/60 65/65
f 67/67 63/63 65/65
f 57/57 63/63 67/67
f 60/60 62/62 66/66
f 68/68 69/69 62/62
f 56/56 55/55 70/70
f 71/71 68/68 62/62
f 67/67 72/72 73/73
f 74/74 75/75 76/76
f 77/77 71/71 78/78
f 78/78 73/73 79/79
f 78/78 52/52 73/73
f 80/80 81/81 82/82
f 53/53 52/52 78/78
f 73/73 57/57 67/67
f 58/58 57/57 73/73
f 62/62 53/53 78/78
f 71/71 62/62 78/78
f 52/52 58/58 73/73
f 83/83 65/65 66/66
f 84/84 85/85 86/86
f 86/86 85/85 87/87
f 54/54 82/82 64/64
f 65/65 88/88 67/67
f 76/76 89/89 74/74
f 75/75 73/73 72/72
f 90/90 91/91 79/79
f 73/73 90/90 79/79
f 69/69 66/66 62/62
f 89/89 92/92 93/93
f 89/89 93/93 90/90
f 75/75 74/74 73/73
f 76/76 75/75 72/72
f 94/94 95/95 68/68
f 95/95 79/79 91/91
f 78/78 79/79 95/95
f 71/71 77/77 68/68
f 96/96 97/97 77/77
f 82/82 81/81 64/64
f 78/78 96/96 77/77
f 65/65 98/98 88/88
f 99/99 98/98 65/65
f 84/84 100/100 85/85
f 83/83 99/99 65/65
f 101/101 69/69 102/102
f 83/83 66/66 69/69
f 103/103 83/83 69/69
f 102/102 88/88 101/101
f 67/67 88/88 102/102
f 93/93 67/67 102/102
f 101/101 103/103 69/69
f 67/67 92/92 72/72
f 67/67 93/93 92/92
f 89/89 90/90 73/73
f 73/73 74/74 89/89
f 95/95 104/104 78/78
f 95/95 94/94 104/104
f 94/94 68/68 77/77
f 104/104 96/96 78/78
f 103/103 105/105 83/83
f 106/106 107/107 108/108
f 105/105 102/102 69/69
f 105/105 109/109 102/102
f 110/110 68/68 111/111
f 68/68 95/95 111/111
f 102/102 109/109 93/93
f 109/109 106/106 93/93
f 95/95 112/112 111/111
f 95/95 91/91 112/112
f 93/93 106/106 91/91
f 81/81 113/113 64/64
f 93/93 91/91 90/90
f 105/105 69/69 110/110
f 110/110 69/69 68/68
f 85/85 114/114 87/87
f 101/101 105/105 103/103
f 96/96 104/104 115/115
f 111/111 112/112 104/104
f 112/112 91/91 116/116
f 100/100 114/114 85/85
f 91/91 117/117 116/116
f 91/91 89/89 117/117
f 97/97 96/96 115/115
f 94/94 110/110 111/111
f 104/104 94/94 111/111
f 89/89 76/76 118/118
f 92/92 89/89 106/106
f 110/110 94/94 77/77
f 110/110 77/77 119/119
f 80/80 120/120 81/81
f 89/89 118/118 117/117
f 91/91 106/106 89/89
f 76/76 72/72 118/118
f 97/97 119/119 77/77
f 97/97 115/115 119/119
f 115/115 112/112 116/116
f 104/104 112/112 115/115
f 119/119 115/115 121/121
f 118/118 108/108 117/117
f 122/122 115/115 123/123
f 124/124 125/125 126/126
f 113/113 55/55 64/64
f 121/121 115/115 122/122
f 116/116 123/123 115/115
f 121/121 122/122 127/127
f 116/116 128/128 123/123
f 122/122 129/129 130/130
f 131/131 132/132 128/128
f 128/128 132/132 133/133
f 122/122 130/130 127/127
f 127/127 130/130 134/134
f 128/128 133/133 123/123
f 81/81 120/120 113/113
f 123/123 133/133 129/129
f 123/123 129/129 122/122
f 100/100 135/135 114/114
f 129/129 136/136 137/137
f 138/138 139/139 132/132
f 129/129 137/137 140/140
f 132/132 139/139 133/133
f 129/129 140/140 130/130
f 133/133 139/139 136/136
f 133/133 136/136 129/129
f 141/141 137/137 136/136
f 141/141 142/142 137/137
f 120/120 80/80 139/139
f 142/142 140/140 137/137
f 80/80 141/141 139/139
f 142/142 143/143 140/140
f 141/141 136/136 139/139
f 86/86 113/113 120/120
f 141/141 54/54 144/144
f 82/82 54/54 141/141
f 109/109 107/107 106/106
f 109/109 101/101 88/88
f 109/109 88/88 107/107
f 109/109 105/105 101/101
f 99/99 125/125 88/88
f 99/99 83/83 125/125
f 83/83 105/105 125/125
f 105/105 110/110 125/125
f 110/110 121/121 125/125
f 98/98 99/99 88/88
f 106/106 72/72 92/92
f 110/110 119/119 121/121
f 107/107 88/88 124/124
f 72/72 106/106 108/108
f 118/118 72/72 108/108
f 124/124 88/88 125/125
f 107/107 124/124 108/108
f 124/124 145/145 108/108
f 116/116 117/117 128/128
f 131/131 108/108 145/145
f 128/128 108/108 131/131
f 108/108 128/128 117/117
f 124/124 126/126 145/145
f 121/121 127/127 126/126
f 121/121 126/126 125/125
f 127/127 134/134 126/126
f 145/145 146/146 131/131
f 126/126 134/134 147/147
f 131/131 146/146 132/132
f 126/126 147/147 146/146
f 126/126 146/146 145/145
f 146/146 148/148 138/138
f 134/134 149/149 150/150
f 113/113 86/86 55/55
f 134/134 150/150 147/147
f 146/146 138/138 132/132
f 147/147 150/150 148/148
f 147/147 148/148 146/146
f 140/140 149/149 130/130
f 130/130 149/149 134/134
f 151/151 148/148 150/150
f 151/151 100/100 148/148
f 84/84 86/86 120/120
f 143/143 149/149 140/140
f 143/143 152/152 149/149
f 141/141 80/80 82/82
f 152/152 150/150 149/149
f 100/100 138/138 148/148
f 100/100 84/84 138/138
f 84/84 120/120 138/138
f 120/120 139/139 138/138
f 152/152 151/151 150/150
f 135/135 100/100 151/151
f 87/87 70/70 55/55
f 153/153 70/70 87/87
f 154/154 143/143 155/155
f 135/135 151/151 156/156
f 154/154 155/155 70/70
f 143/143 154/154 152/152
f 87/87 156/156 153/153
f 135/135 156/156 114/114
f 142/142 141/141 144/144
f 114/114 156/156 87/87
f 144/144 54/54 56/56
f 153/153 154/154 70/70
f 152/152 154/154 157/157
f 157/157 154/154 153/153
f 151/151 152/152 157/157
f 55/55 86/86 87/87
f 155/155 144/144 56/56
f 143/143 142/142 144/144
f 151/151 157/157 156/156
f 143/143 144/144 155/155
f 156/156 157/157 153/153
f 70/70 155/155 56/56
f 158/158 159/159 160/160
f 161/161 162/162 163/163
f 164/164 163/163 162/162
f 164/164 165/165 163/163
f 165/165 161/161 163/163
f 166/166 164/164 162/162
f 161/161 167/167 162/162
f 166/166 168/168 169/169
f 170/170 171/171 168/168
f 169/169 168/168 172/172
f 167/167 166/166 162/162
f 171/171 173/173 168/168
f 167/167 170/170 166/166
f 174/174 173/173 171/171
f 165/165 170/170 167/167
f 166/166 175/175 164/164
f 175/175 176/176 171/171
f 166/166 169/169 175/175
f 166/166 170/170 168/168
f 177/177 178/178 172/172
f 178/178 179/179 172/172
f 178/178 180/180 179/179
f 180/180 176/176 179/179
f 177/177 172/172 168/168
f 160/160 180/180 181/181
f 160/160 159/159 180/180
f 159/159 182/182 180/180
f 160/160 181/181 158/158
f 176/176 174/174 171/171
f 181/181 180/180 178/178
f 182/182 173/173 174/174
f 182/182 177/177 173/173
f 177/177 168/168 173/173
f 175/175 171/171 165/165
f 180/180 174/174 176/176
f 180/180 182/182 174/174
f 165/165 183/183 161/161
f 183/183 165/165 167/167
f 158/158 177/177 159/159
f 158/158 178/178 177/177
f 159/159 177/177 182/182
f 181/181 178/178 158/158
f 164/164 175/175 165/165
f 169/169 176/176 175/175
f 179/179 169/169 172/172
f 169/169 179/179 176/176
f 165/165 171/171 170/170
f 183/183 167/167 161/161
f 184/184 185/185 186/186
f 187/187 188/188 189/189
f 190/190 191/191 192/192
f 190/190 192/192 193/193
f 194/194 195/195 196/196
f 194/194 197/197 195/195
f 195/195 197/197 198/198
f 187/187 189/189 199/199
f 191/191 190/190 200/200
f 200/200 201/201 191/191
f 189/189 202/202 199/199
f 189/189 203/203 202/202
f 189/189 204/204 203/203
f 204/204 205/205 203/203
f 205/205 206/206 203/203
f 207/207 201/201 200/200
f 206/206 208/208 203/203
f 206/206 209/209 208/208
f 209/209 210/210 208/208
f 210/210 211/211 208/208
f 207/207 212/212 213/213
f 214/214 212/212 207/207
f 210/210 215/215 211/211
f 215/215 216/216 211/211
f 216/216 217/217 211/211
f 216/216 185/185 217/217
f 185/185 218/218 217/217
f 219/219 220/220 221/221
f 222/222 223/223 224/224
f 223/223 225/225 224/224
f 223/223 226/226 225/225
f 187/187 199/199 227/227
f 228/228 187/187 227/227
f 226/226 229/229 225/225
f 226/226 230/230 229/229
f 230/230 231/231 229/229
f 230/230 232/232 231/231
f 228/228 227/227 233/233
f 234/234 228/228 233/233
f 232/232 235/235 231/231
f 232/232 236/236 235/235
f 237/237 234/234 233/233
f 236/236 238/238 235/235
f 238/238 221/221 235/235
f 239/239 237/237 233/233
f 238/238 219/219 221/221
f 239/239 233/233 240/240
f 241/241 239/239 240/240
f 222/222 224/224 242/242
f 243/243 244/244 245/245
f 246/246 241/241 240/240
f 245/245 247/247 243/243
f 246/246 240/240 248/248
f 249/249 250/250 251/251
f 184/184 246/246 248/248
f 250/250 252/252 251/251
f 250/250 253/253 252/252
f 184/184 248/248 218/218
f 253/253 254/254 252/252
f 254/254 255/255 252/252
f 185/185 184/184 218/218
f 256/256 257/257 258/258
f 254/254 259/259 255/255
f 257/257 260/260 258/258
f 261/261 262/262 263/263
f 263/263 262/262 256/256
f 259/259 264/264 255/255
f 259/259 265/265 264/264
f 265/265 266/266 264/264
f 265/265 267/267 266/266
f 267/267 268/268 266/266
f 262/262 257/257 256/256
f 268/268 244/244 266/266
f 268/268 245/245 244/244
f 249/249 251/251 269/269
f 270/270 256/256 258/258
f 271/271 272/272 191/191
f 271/271 191/191 201/201
f 270/270 263/263 256/256
f 273/273 261/261 263/263
f 270/270 273/273 263/263
f 274/274 271/271 201/201
f 274/274 201/201 207/207
f 260/260 273/273 270/270
f 258/258 260/260 270/270
f 274/274 207/207 213/213
f 189/189 188/188 219/219
f 275/275 216/216 222/222
f 184/184 186/186 245/245
f 276/276 228/228 249/249
f 277/277 276/276 249/249
f 278/278 212/212 214/214
f 221/221 220/220 224/224
f 278/278 214/214 279/279
f 280/280 278/278 279/279
f 224/224 220/220 242/242
f 251/251 244/244 243/243
f 251/251 243/243 269/269
f 243/243 247/247 269/269
f 214/214 207/207 279/279
f 207/207 195/195 198/198
f 207/207 190/190 195/195
f 281/281 282/282 283/283
f 284/284 282/282 281/281
f 285/285 284/284 286/286
f 286/286 284/284 281/281
f 207/207 198/198 279/279
f 207/207 200/200 190/190
f 282/282 287/287 283/283
f 195/195 190/190 196/196
f 196/196 190/190 193/193
f 283/283 287/287 288/288
f 229/229 231/231 289/289
f 289/289 231/231 290/290
f 272/272 192/192 191/191
f 272/272 291/291 192/192
f 291/291 193/193 192/192
f 231/231 292/292 290/290
f 290/290 292/292 293/293
f 291/291 294/294 193/193
f 295/295 229/229 296/296
f 296/296 229/229 289/289
f 294/294 196/196 193/193
f 297/297 298/298 299/299
f 300/300 301/301 302/302
f 299/299 298/298 303/303
f 294/294 304/304 196/196
f 304/304 194/194 196/196
f 304/304 305/305 194/194
f 301/301 297/297 302/302
f 302/302 297/297 299/299
f 305/305 197/197 194/194
f 305/305 280/280 197/197
f 306/306 307/307 308/308
f 280/280 198/198 197/197
f 309/309 310/310 311/311
f 280/280 279/279 198/198
f 312/312 255/255 313/313
f 307/307 314/314 308/308
f 308/308 314/314 309/309
f 287/287 255/255 312/312
f 315/315 285/285 286/286
f 314/314 310/310 309/309
f 189/189 219/219 238/238
f 204/204 189/189 238/238
f 264/264 285/285 315/315
f 288/288 287/287 312/312
f 204/204 238/238 236/236
f 205/205 204/204 236/236
f 313/313 264/264 315/315
f 255/255 264/264 313/313
f 205/205 236/236 232/232
f 206/206 205/205 232/232
f 312/312 313/313 316/316
f 288/288 316/316 310/310
f 206/206 232/232 230/230
f 209/209 206/206 230/230
f 288/288 310/310 283/283
f 313/313 317/317 316/316
f 313/313 315/315 317/317
f 210/210 209/209 230/230
f 210/210 230/230 226/226
f 310/310 281/281 283/283
f 310/310 314/314 281/281
f 215/215 210/210 226/226
f 215/215 226/226 223/223
f 317/317 315/315 286/286
f 317/317 286/286 307/307
f 216/216 215/215 223/223
f 216/216 223/223 222/222
f 314/314 307/307 281/281
f 260/260 291/291 273/273
f 300/300 304/304 318/318
f 307/307 286/286 281/281
f 208/208 299/299 203/203
f 309/309 233/233 274/274
f 312/312 316/316 288/288
f 271/271 227/227 272/272
f 319/319 295/295 296/296
f 274/274 233/233 271/271
f 320/320 321/321 322/322
f 323/323 295/295 319/319
f 293/293 320/320 322/322
f 321/321 323/323 319/319
f 322/322 321/321 319/319
f 218/218 280/280 217/217
f 271/271 233/233 227/227
f 261/261 203/203 262/262
f 292/292 320/320 293/293
f 248/248 240/240 212/212
f 304/304 294/294 318/318
f 293/293 324/324 298/298
f 299/299 303/303 203/203
f 322/322 319/319 324/324
f 293/293 298/298 290/290
f 261/261 202/202 203/203
f 298/298 297/297 290/290
f 272/272 199/199 202/202
f 324/324 319/319 301/301
f 297/297 289/289 290/290
f 212/212 240/240 213/213
f 218/218 278/278 280/280
f 301/301 319/319 296/296
f 297/297 296/296 289/289
f 318/318 294/294 303/303
f 297/297 301/301 296/296
f 322/322 324/324 293/293
f 185/185 216/216 275/275
f 248/248 278/278 218/218
f 211/211 280/280 305/305
f 273/273 202/202 261/261
f 228/228 277/277 187/187
f 240/240 233/233 306/306
f 217/217 280/280 211/211
f 291/291 202/202 273/273
f 260/260 257/257 203/203
f 303/303 260/260 203/203
f 208/208 300/300 302/302
f 187/187 277/277 188/188
f 294/294 260/260 303/303
f 211/211 305/305 208/208
f 306/306 233/233 311/311
f 228/228 276/276 277/277
f 302/302 299/299 208/208
f 285/285 266/266 244/244
f 208/208 305/305 300/300
f 285/285 244/244 284/284
f 284/284 244/244 251/251
f 248/248 212/212 278/278
f 264/264 266/266 285/285
f 272/272 202/202 291/291
f 255/255 287/287 252/252
f 213/213 308/308 274/274
f 252/252 287/287 282/282
f 282/282 284/284 251/251
f 240/240 308/308 213/213
f 252/252 282/282 251/251
f 272/272 227/227 199/199
f 228/228 250/250 249/249
f 308/308 309/309 274/274
f 257/257 262/262 203/203
f 228/228 234/234 250/250
f 294/294 291/291 260/260
f 234/234 253/253 250/250
f 234/234 237/237 253/253
f 237/237 254/254 253/253
f 237/237 239/239 254/254
f 239/239 259/259 254/254
f 240/240 306/306 308/308
f 239/239 241/241 259/259
f 241/241 265/265 259/259
f 311/311 233/233 309/309
f 305/305 304/304 300/300
f 241/241 246/246 265/265
f 246/246 267/267 265/265
f 246/246 268/268 267/267
f 310/310 316/316 311/311
f 246/246 184/184 268/268
f 317/317 307/307 306/306
f 184/184 245/245 268/268
f 311/311 316/316 306/306
f 221/221 320/320 235/235
f 316/316 317/317 306/306
f 235/235 320/320 292/292
f 324/324 301/301 300/300
f 303/303 298/298 318/318
f 298/298 324/324 318/318
f 235/235 292/292 231/231
f 221/221 321/321 320/320
f 221/221 224/224 321/321
f 321/321 224/224 323/323
f 318/318 324/324 300/300
f 323/323 224/224 225/225
f 323/323 225/225 295/295
f 186/186 185/185 275/275
f 295/295 225/225 229/229
f 325/325 326/326 327/327
f 325/325 328/328 326/326
f 329/329 325/325 330/330
f 331/331 332/332 333/333
f 334/334 335/335 336/336
f 329/329 328/328 325/325
f 336/336 337/337 338/338
f 339/339 340/340 341/341
f 342/342 343/343 344/344
f 345/345 333/333 338/338
f 337/337 345/345 338/338
f 346/346 347/347 332/332
f 328/328 329/329 326/326
f 348/348 326/326 349/349
f 350/350 334/334 351/351
f 345/345 331/331 333/333
f 352/352 353/353 354/354
f 331/331 346/346 332/332
f 352/352 354/354 355/355
f 342/342 350/350 351/351
f 342/342 356/356 357/357
f 353/353 352/352 358/358
f 350/350 335/335 334/334
f 342/342 351/351 356/356
f 326/326 329/329 349/349
f 359/359 348/348 349/349
f 360/360 348/348 359/359
f 361/361 352/352 355/355
f 362/362 348/348 360/360
f 363/363 364/364 365/365
f 366/366 367/367 368/368
f 369/369 370/370 371/371
f 372/372 373/373 374/374
f 375/375 354/354 353/353
f 376/376 377/377 378/378
f 379/379 380/380 368/368
f 366/366 365/365 367/367
f 369/369 371/371 374/374
f 363/363 372/372 364/364
f 364/364 374/374 370/370
f 368/368 365/365 378/378
f 378/378 381/381 368/368
f 374/374 371/371 370/370
f 368/368 367/367 365/365
f 382/382 358/358 352/352
f 370/370 378/378 365/365
f 382/382 352/352 361/361
f 383/383 384/384 385/385
f 361/361 386/386 384/384
f 361/361 384/384 383/383
f 387/387 386/386 361/361
f 388/388 374/374 364/364
f 383/383 385/385 389/389
f 355/355 387/387 361/361
f 383/383 389/389 390/390
f 377/377 379/379 378/378
f 363/363 365/365 391/391
f 391/391 365/365 366/366
f 392/392 393/393 394/394
f 395/395 396/396 397/397
f 398/398 399/399 400/400
f 398/398 400/400 396/396
f 343/343 395/395 401/401
f 366/366 368/368 380/380
f 401/401 395/395 397/397
f 372/372 388/388 364/364
f 399/399 402/402 403/403
f 399/399 398/398 402/402
f 376/376 370/370 369/369
f 372/372 374/374 388/388
f 402/402 330/330 403/403
f 403/403 330/330 325/325
f 380/380 404/404 366/366
f 366/366 404/404 391/391
f 376/376 378/378 370/370
f 379/379 368/368 381/381
f 405/405 404/404 380/380
f 405/405 406/406 404/404
f 373/373 407/407 408/408
f 408/408 407/407 409/409
f 373/373 372/372 407/407
f 379/379 381/381 378/378
f 406/406 410/410 404/404
f 372/372 363/363 407/407
f 404/404 407/407 391/391
f 391/391 407/407 363/363
f 341/341 411/411 412/412
f 369/369 374/374 373/373
f 341/341 412/412 413/413
f 370/370 365/365 364/364
f 414/414 415/415 416/416
f 417/417 418/418 341/341
f 417/417 341/341 413/413
f 419/419 420/420 421/421
f 422/422 423/423 424/424
f 425/425 421/421 426/426
f 425/425 419/419 421/421
f 427/427 428/428 419/419
f 359/359 429/429 430/430
f 427/427 419/419 425/425
f 431/431 432/432 433/433
f 433/433 432/432 434/434
f 435/435 436/436 437/437
f 438/438 436/436 435/435
f 439/439 440/440 441/441
f 442/442 443/443 439/439
f 442/442 437/437 443/443
f 393/393 444/444 438/438
f 445/445 446/446 392/392
f 438/438 444/444 436/436
f 393/393 392/392 444/444
f 447/447 434/434 448/448
f 447/447 448/448 449/449
f 450/450 446/446 445/445
f 435/435 437/437 442/442
f 448/448 451/451 449/449
f 439/439 443/443 440/440
f 392/392 446/446 444/444
f 452/452 453/453 454/454
f 455/455 456/456 457/457
f 451/451 458/458 449/449
f 458/458 451/451 459/459
f 451/451 460/460 459/459
f 460/460 422/422 461/461
f 461/461 422/422 424/424
f 462/462 456/456 455/455
f 463/463 340/340 375/375
f 431/431 375/375 432/432
f 431/431 463/463 375/375
f 464/464 460/460 461/461
f 456/456 465/465 466/466
f 467/467 468/468 469/469
f 470/470 469/469 468/468
f 458/458 459/459 464/464
f 464/464 461/461 471/471
f 472/472 465/465 456/456
f 470/470 473/473 469/469
f 474/474 473/473 470/470
f 461/461 424/424 471/471
f 469/469 473/473 475/475
f 459/459 460/460 464/464
f 474/474 476/476 473/473
f 466/466 465/465 477/477
f 452/452 478/478 453/453
f 464/464 479/479 458/458
f 473/473 476/476 475/475
f 458/458 479/479 449/449
f 447/447 480/480 434/434
f 462/462 472/472 456/456
f 447/447 449/449 479/479
f 481/481 475/475 476/476
f 480/480 447/447 479/479
f 480/480 482/482 433/433
f 433/433 434/434 480/480
f 475/475 481/481 483/483
f 482/482 484/484 433/433
f 433/433 484/484 463/463
f 453/453 457/457 485/485
f 481/481 486/486 483/483
f 453/453 478/478 487/487
f 453/453 487/487 457/457
f 433/433 463/463 431/431
f 483/483 488/488 489/489
f 486/486 488/488 483/483
f 490/490 491/491 492/492
f 492/492 491/491 493/493
f 491/491 494/494 493/493
f 488/488 495/495 489/489
f 496/496 497/497 498/498
f 496/496 498/498 499/499
f 500/500 501/501 502/502
f 462/462 468/468 472/472
f 499/499 501/501 500/500
f 503/503 504/504 505/505
f 503/503 506/506 504/504
f 507/507 500/500 502/502
f 505/505 504/504 508/508
f 509/509 508/508 510/510
f 472/472 511/511 465/465
f 512/512 513/513 514/514
f 515/515 516/516 512/512
f 517/517 518/518 510/510
f 510/510 518/518 519/519
f 520/520 499/499 521/521
f 521/521 499/499 498/498
f 516/516 454/454 512/512
f 514/514 485/485 522/522
f 468/468 511/511 472/472
f 512/512 454/454 513/513
f 513/513 485/485 514/514
f 501/501 523/523 502/502
f 520/520 523/523 501/501
f 470/470 468/468 462/462
f 524/524 456/456 466/466
f 468/468 467/467 511/511
f 499/499 520/520 501/501
f 513/513 454/454 485/485
f 511/511 525/525 465/465
f 477/477 525/525 526/526
f 452/452 454/454 516/516
f 465/465 525/525 477/477
f 502/502 527/527 507/507
f 523/523 527/527 502/502
f 454/454 453/453 485/485
f 528/528 529/529 517/517
f 530/530 529/529 528/528
f 507/507 530/530 528/528
f 478/478 531/531 487/487
f 531/531 457/457 487/487
f 531/531 455/455 457/457
f 457/457 456/456 524/524
f 527/527 530/530 507/507
f 532/532 533/533 534/534
f 529/529 535/535 518/518
f 533/533 536/536 534/534
f 533/533 537/537 536/536
f 538/538 539/539 537/537
f 540/540 541/541 542/542
f 542/542 541/541 543/543
f 517/517 529/529 518/518
f 534/534 544/544 540/540
f 532/532 545/545 546/546
f 544/544 534/534 536/536
f 519/519 535/535 547/547
f 548/548 532/532 546/546
f 518/518 535/535 519/519
f 510/510 549/549 509/509
f 519/519 549/549 510/510
f 548/548 533/533 532/532
f 547/547 549/549 519/519
f 509/509 550/550 508/508
f 505/505 551/551 503/503
f 550/550 551/551 505/505
f 498/498 497/497 521/521
f 497/497 552/552 521/521
f 553/553 539/539 538/538
f 554/554 539/539 555/555
f 532/532 534/534 540/540
f 506/506 552/552 497/497
f 556/556 553/553 557/557
f 556/556 557/557 558/558
f 533/533 538/538 537/537
f 506/506 551/551 552/552
f 503/503 551/551 506/506
f 555/555 553/553 556/556
f 541/541 540/540 525/525
f 554/554 537/537 539/539
f 511/511 541/541 525/525
f 538/538 559/559 553/553
f 559/559 557/557 553/553
f 533/533 548/548 538/538
f 411/411 560/560 430/430
f 525/525 540/540 544/544
f 532/532 540/540 545/545
f 411/411 561/561 560/560
f 553/553 555/555 539/539
f 548/548 559/559 538/538
f 562/562 489/489 563/563
f 489/489 495/495 563/563
f 564/564 565/565 548/548
f 561/561 566/566 560/560
f 561/561 567/567 566/566
f 568/568 569/569 557/557
f 570/570 569/569 571/571
f 572/572 573/573 574/574
f 567/567 575/575 566/566
f 573/573 565/565 574/574
f 541/541 576/576 543/543
f 567/567 577/577 575/575
f 578/578 333/333 332/332
f 565/565 573/573 571/571
f 576/576 541/541 511/511
f 571/571 568/568 565/565
f 579/579 580/580 581/581
f 582/582 420/420 338/338
f 347/347 578/578 332/332
f 571/571 569/569 568/568
f 583/583 483/483 489/489
f 578/578 338/338 333/333
f 578/578 582/582 338/338
f 420/420 336/336 338/338
f 584/584 585/585 586/586
f 587/587 588/588 589/589
f 590/590 591/591 592/592
f 589/589 593/593 587/587
f 589/589 588/588 593/593
f 590/590 587/587 346/346
f 591/591 590/590 346/346
f 587/587 593/593 346/346
f 594/594 358/358 595/595
f 596/596 594/594 595/595
f 597/597 594/594 596/596
f 598/598 594/594 597/597
f 599/599 600/600 601/601
f 586/586 602/602 603/603
f 596/596 601/601 597/597
f 596/596 599/599 601/601
f 584/584 586/586 603/603
f 597/597 601/601 423/423
f 602/602 604/604 605/605
f 605/605 604/604 606/606
f 601/601 607/607 423/423
f 601/601 600/600 607/607
f 595/595 599/599 596/596
f 508/508 550/550 505/505
f 608/608 609/609 603/603
f 610/610 611/611 612/612
f 584/584 613/613 585/585
f 612/612 614/614 610/610
f 441/441 515/515 615/615
f 616/616 441/441 615/615
f 616/616 617/617 618/618
f 619/619 620/620 617/617
f 621/621 622/622 618/618
f 584/584 623/623 613/613
f 617/617 620/620 621/621
f 621/621 624/624 622/622
f 625/625 609/609 626/626
f 622/622 624/624 627/627
f 585/585 613/613 574/574
f 467/467 576/576 511/511
f 628/628 627/627 629/629
f 630/630 631/631 632/632
f 572/572 581/581 573/573
f 633/633 579/579 581/581
f 630/630 632/632 634/634
f 565/565 557/557 559/559
f 579/579 635/635 625/625
f 576/576 636/636 637/637
f 583/583 636/636 576/576
f 611/611 638/638 612/612
f 573/573 580/580 570/570
f 469/469 576/576 467/467
f 632/632 639/639 634/634
f 640/640 641/641 642/642
f 639/639 614/614 643/643
f 611/611 628/628 638/638
f 609/609 584/584 603/603
f 475/475 483/483 583/583
f 609/609 608/608 644/644
f 621/621 618/618 617/617
f 569/569 558/558 557/557
f 562/562 642/642 583/583
f 618/618 622/622 645/645
f 622/622 627/627 645/645
f 562/562 583/583 489/489
f 583/583 642/642 641/641
f 616/616 615/615 619/619
f 616/616 619/619 617/617
f 604/604 586/586 641/641
f 641/641 586/586 585/585
f 645/645 631/631 618/618
f 632/632 631/631 645/645
f 627/627 624/624 629/629
f 627/627 646/646 645/645
f 604/604 602/602 586/586
f 632/632 645/645 646/646
f 646/646 627/627 628/628
f 610/610 632/632 646/646
f 610/610 639/639 632/632
f 640/640 604/604 641/641
f 646/646 628/628 611/611
f 610/610 646/646 611/611
f 610/610 614/614 639/639
f 647/647 648/648 649/649
f 605/605 650/650 602/602
f 651/651 647/647 652/652
f 653/653 654/654 648/648
f 647/647 649/649 652/652
f 652/652 655/655 651/651
f 652/652 656/656 655/655
f 657/657 658/658 656/656
f 651/651 655/655 659/659
f 584/584 609/609 623/623
f 656/656 658/658 660/660
f 659/659 655/655 661/661
f 655/655 656/656 660/660
f 655/655 660/660 661/661
f 543/543 576/576 637/637
f 659/659 661/661 662/662
f 602/602 650/650 603/603
f 609/609 625/625 623/623
f 661/661 663/663 662/662
f 663/663 661/661 660/660
f 664/664 623/623 625/625
f 665/665 666/666 650/650
f 659/659 662/662 667/667
f 667/667 662/662 668/668
f 666/666 603/603 650/650
f 662/662 669/669 668/668
f 585/585 564/564 641/641
f 662/662 663/663 669/669
f 608/608 603/603 666/666
f 644/644 626/626 609/609
f 581/581 613/613 633/633
f 633/633 613/613 623/623
f 564/564 585/585 574/574
f 613/613 581/581 572/572
f 663/663 670/670 669/669
f 635/635 633/633 664/664
f 649/649 648/648 654/654
f 613/613 572/572 574/574
f 656/656 652/652 649/649
f 469/469 475/475 576/576
f 576/576 475/475 583/583
f 649/649 657/657 656/656
f 657/657 649/649 654/654
f 667/667 668/668 638/638
f 668/668 612/612 638/638
f 612/612 668/668 614/614
f 668/668 669/669 614/614
f 669/669 643/643 614/614
f 671/671 672/672 673/673
f 672/672 674/674 647/647
f 672/672 647/647 673/673
f 565/565 559/559 548/548
f 674/674 648/648 647/647
f 674/674 675/675 648/648
f 635/635 579/579 633/633
f 623/623 664/664 633/633
f 573/573 581/581 580/580
f 673/673 647/647 651/651
f 568/568 557/557 565/565
f 648/648 675/675 653/653
f 573/573 570/570 571/571
f 561/561 675/675 567/567
f 625/625 635/635 664/664
f 567/567 675/675 674/674
f 567/567 674/674 577/577
f 577/577 672/672 575/575
f 564/564 574/574 565/565
f 626/626 676/676 625/625
f 577/577 674/674 672/672
f 575/575 671/671 677/677
f 676/676 626/626 678/678
f 650/650 605/605 679/679
f 665/665 650/650 679/679
f 575/575 672/672 671/671
f 680/680 681/681 682/682
f 683/683 665/665 679/679
f 644/644 678/678 626/626
f 684/684 685/685 686/686
f 684/684 687/687 685/685
f 682/682 681/681 687/687
f 644/644 688/688 678/678
f 608/608 688/688 644/644
f 681/681 689/689 687/687
f 522/522 405/405 681/681
f 679/679 605/605 690/690
f 608/608 691/691 688/688
f 666/666 691/691 608/608
f 405/405 692/692 681/681
f 681/681 680/680 522/522
f 666/666 665/665 691/691
f 691/691 665/665 683/683
f 690/690 605/605 606/606
f 682/682 687/687 684/684
f 556/556 693/693 555/555
f 694/694 693/693 695/695
f 556/556 558/558 693/693
f 689/689 681/681 692/692
f 693/693 558/558 695/695
f 685/685 696/696 686/686
f 685/685 687/687 689/689
f 569/569 697/697 558/558
f 689/689 698/698 699/699
f 570/570 697/697 569/569
f 695/695 558/558 697/697
f 700/700 701/701 699/699
f 702/702 697/697 570/570
f 703/703 696/696 704/704
f 536/536 705/705 706/706
f 696/696 701/701 704/704
f 707/707 708/708 709/709
f 700/700 699/699 710/710
f 711/711 712/712 713/713
f 699/699 698/698 710/710
f 701/701 685/685 699/699
f 710/710 698/698 714/714
f 715/715 716/716 717/717
f 716/716 718/718 717/717
f 719/719 720/720 707/707
f 704/704 701/701 700/700
f 718/718 719/719 717/717
f 704/704 700/700 712/712
f 701/701 696/696 685/685
f 721/721 722/722 707/707
f 721/721 707/707 720/720
f 720/720 719/719 718/718
f 699/699 685/685 689/689
f 705/705 536/536 723/723
f 716/716 724/724 718/718
f 724/724 716/716 725/725
f 722/722 721/721 726/726
f 726/726 721/721 727/727
f 718/718 728/728 720/720
f 721/721 720/720 727/727
f 727/727 720/720 728/728
f 711/711 704/704 712/712
f 579/579 729/729 580/580
f 724/724 730/730 718/718
f 704/704 711/711 703/703
f 731/731 712/712 732/732
f 729/729 702/702 580/580
f 728/728 718/718 730/730
f 580/580 702/702 570/570
f 712/712 731/731 713/713
f 733/733 408/408 709/709
f 709/709 734/734 733/733
f 707/707 722/722 708/708
f 735/735 732/732 736/736
f 732/732 710/710 736/736
f 732/732 735/735 737/737
f 725/725 738/738 739/739
f 714/714 740/740 736/736
f 741/741 537/537 554/554
f 738/738 741/741 739/739
f 739/739 741/741 742/742
f 731/731 732/732 737/737
f 740/740 735/735 736/736
f 732/732 712/712 700/700
f 714/714 736/736 710/710
f 700/700 710/710 732/732
f 733/733 740/740 714/714
f 705/705 723/723 743/743
f 743/743 723/723 738/738
f 733/733 744/744 740/740
f 725/725 716/716 745/745
f 743/743 738/738 745/745
f 738/738 723/723 537/537
f 734/734 744/744 733/733
f 746/746 726/726 727/727
f 536/536 537/537 723/723
f 747/747 748/748 749/749
f 738/738 725/725 745/745
f 750/750 751/751 752/752
f 537/537 741/741 738/738
f 746/746 753/753 754/754
f 754/754 753/753 755/755
f 706/706 544/544 536/536
f 745/745 715/715 743/743
f 756/756 757/757 758/758
f 745/745 716/716 715/715
f 756/756 759/759 757/757
f 757/757 760/760 761/761
f 757/757 759/759 762/762
f 757/757 763/763 760/760
f 555/555 741/741 554/554
f 741/741 693/693 742/742
f 742/742 693/693 694/694
f 555/555 693/693 741/741
f 764/764 421/421 765/765
f 766/766 767/767 768/768
f 421/421 764/764 426/426
f 769/769 770/770 771/771
f 772/772 773/773 774/774
f 768/768 767/767 775/775
f 772/772 776/776 773/773
f 777/777 774/774 773/773
f 767/767 777/777 775/775
f 778/778 779/779 766/766
f 780/780 771/771 781/781
f 766/766 768/768 778/778
f 782/782 776/776 772/772
f 777/777 767/767 774/774
f 779/779 778/778 770/770
f 783/783 780/780 781/781
f 780/780 769/769 771/771
f 770/770 769/769 779/779
f 784/784 785/785 786/786
f 776/776 782/782 787/787
f 782/782 784/784 787/787
f 787/787 784/784 786/786
f 781/781 765/765 783/783
f 764/764 765/765 781/781
f 788/788 753/753 728/728
f 789/789 790/790 791/791
f 792/792 790/790 793/793
f 793/793 790/790 789/789
f 791/791 794/794 795/795
f 796/796 785/785 792/792
f 790/790 794/794 791/791
f 796/796 786/786 785/785
f 795/795 797/797 788/788
f 788/788 797/797 753/753
f 795/795 794/794 797/797
f 796/796 792/792 793/793
f 798/798 544/544 706/706
f 526/526 525/525 798/798
f 525/525 544/544 798/798
f 579/579 625/625 729/729
f 625/625 676/676 729/729
f 762/762 763/763 757/757
f 799/799 800/800 801/801
f 799/799 801/801 802/802
f 803/803 804/804 805/805
f 803/803 450/450 804/804
f 763/763 806/806 760/760
f 807/807 808/808 809/809
f 763/763 810/810 806/806
f 446/446 450/450 803/803
f 807/807 811/811 808/808
f 812/812 800/800 799/799
f 763/763 813/813 810/810
f 812/812 814/814 800/800
f 417/417 815/815 418/418
f 816/816 747/747 817/817
f 818/818 814/814 812/812
f 802/802 811/811 807/807
f 818/818 819/819 814/814
f 802/802 801/801 811/811
f 805/805 819/819 818/818
f 809/809 815/815 417/417
f 809/809 808/808 815/815
f 810/810 813/813 820/820
f 805/805 804/804 819/819
f 418/418 339/339 341/341
f 821/821 819/819 804/804
f 822/822 819/819 821/821
f 823/823 339/339 418/418
f 823/823 418/418 815/815
f 822/822 814/814 819/819
f 747/747 816/816 748/748
f 822/822 800/800 814/814
f 821/821 450/450 445/445
f 821/821 804/804 450/450
f 823/823 815/815 808/808
f 823/823 808/808 811/811
f 823/823 811/811 801/801
f 823/823 801/801 800/800
f 816/816 810/810 824/824
f 823/823 800/800 822/822
f 825/825 823/823 822/822
f 750/750 816/816 824/824
f 606/606 604/604 690/690
f 604/604 826/826 690/690
f 827/827 751/751 824/824
f 690/690 826/826 357/357
f 752/752 751/751 828/828
f 749/749 748/748 829/829
f 826/826 343/343 357/357
f 758/758 757/757 761/761
f 343/343 342/342 357/357
f 640/640 826/826 604/604
f 642/642 826/826 640/640
f 748/748 750/750 829/829
f 402/402 398/398 830/830
f 398/398 831/831 830/830
f 817/817 760/760 806/806
f 830/830 642/642 563/563
f 349/349 832/832 430/430
f 831/831 642/642 830/830
f 756/756 755/755 759/759
f 349/349 329/329 832/832
f 817/817 806/806 816/816
f 806/806 810/810 816/816
f 563/563 642/642 562/562
f 810/810 820/820 827/827
f 762/762 759/759 813/813
f 329/329 330/330 832/832
f 330/330 833/833 832/832
f 762/762 813/813 763/763
f 827/827 824/824 810/810
f 402/402 830/830 330/330
f 330/330 830/830 833/833
f 750/750 824/824 751/751
f 396/396 831/831 398/398
f 834/834 831/831 396/396
f 748/748 816/816 750/750
f 835/835 836/836 837/837
f 838/838 839/839 840/840
f 838/838 427/427 839/839
f 837/837 836/836 841/841
f 357/357 840/840 679/679
f 837/837 841/841 842/842
f 838/838 840/840 357/357
f 843/843 844/844 845/845
f 842/842 841/841 846/846
f 847/847 848/848 849/849
f 848/848 844/844 849/849
f 850/850 845/845 851/851
f 844/844 852/852 845/845
f 845/845 853/853 851/851
f 854/854 855/855 847/847
f 851/851 853/853 856/856
f 857/857 676/676 678/678
f 688/688 858/858 678/678
f 853/853 846/846 856/856
f 855/855 848/848 847/847
f 855/855 859/859 848/848
f 846/846 841/841 860/860
f 848/848 852/852 844/844
f 857/857 861/861 862/862
f 863/863 856/856 864/864
f 846/846 860/860 856/856
f 859/859 865/865 837/837
f 866/866 863/863 867/867
f 837/837 848/848 859/859
f 857/857 868/868 861/861
f 856/856 860/860 829/829
f 863/863 864/864 867/867
f 842/842 852/852 837/837
f 857/857 858/858 425/425
f 867/867 864/864 752/752
f 869/869 691/691 839/839
f 846/846 852/852 842/842
f 852/852 853/853 845/845
f 860/860 749/749 829/829
f 870/870 425/425 858/858
f 871/871 851/851 863/863
f 868/868 857/857 425/425
f 839/839 691/691 683/683
f 856/856 863/863 851/851
f 867/867 752/752 872/872
f 864/864 856/856 829/829
f 848/848 837/837 852/852
f 862/862 676/676 857/857
f 872/872 752/752 828/828
f 852/852 846/846 853/853
f 752/752 864/864 750/750
f 858/858 857/857 678/678
f 425/425 870/870 427/427
f 864/864 829/829 750/750
f 865/865 835/835 837/837
f 854/854 873/873 874/874
f 854/854 874/874 855/855
f 855/855 874/874 859/859
f 427/427 838/838 428/428
f 357/357 679/679 690/690
f 859/859 875/875 865/865
f 859/859 874/874 875/875
f 428/428 838/838 357/357
f 865/865 875/875 835/835
f 835/835 875/875 876/876
f 858/858 688/688 869/869
f 835/835 876/876 836/836
f 836/836 876/876 877/877
f 878/878 879/879 880/880
f 881/881 882/882 883/883
f 879/879 878/878 884/884
f 869/869 870/870 858/858
f 884/884 885/885 886/886
f 883/883 878/878 881/881
f 884/884 887/887 879/879
f 887/887 884/884 886/886
f 683/683 840/840 839/839
f 869/869 688/688 691/691
f 578/578 347/347 888/888
f 347/347 889/889 882/882
f 880/880 578/578 888/888
f 873/873 880/880 879/879
f 887/887 890/890 891/891
f 876/876 891/891 877/877
f 878/878 883/883 885/885
f 874/874 873/873 891/891
f 879/879 887/887 873/873
f 884/884 878/878 885/885
f 891/891 873/873 887/887
f 891/891 875/875 874/874
f 891/891 876/876 875/875
f 886/886 890/890 887/887
f 891/891 890/890 877/877
f 888/888 347/347 881/881
f 347/347 882/882 881/881
f 888/888 878/878 880/880
f 870/870 869/869 839/839
f 840/840 683/683 679/679
f 839/839 427/427 870/870
f 888/888 881/881 878/878
f 590/590 592/592 587/587
f 592/592 892/892 587/587
f 893/893 566/566 575/575
f 894/894 893/893 575/575
f 893/893 560/560 566/566
f 360/360 560/560 893/893
f 729/729 676/676 862/862
f 895/895 729/729 862/862
f 895/895 862/862 861/861
f 896/896 895/895 861/861
f 677/677 897/897 588/588
f 898/898 861/861 868/868
f 898/898 896/896 861/861
f 899/899 898/898 868/868
f 359/359 560/560 360/360
f 426/426 899/899 868/868
f 426/426 868/868 425/425
f 587/587 575/575 588/588
f 359/359 430/430 560/560
f 575/575 677/677 588/588
f 892/892 575/575 587/587
f 894/894 575/575 892/892
f 896/896 900/900 895/895
f 901/901 902/902 903/903
f 588/588 904/904 593/593
f 905/905 902/902 901/901
f 904/904 906/906 593/593
f 907/907 908/908 909/909
f 593/593 347/347 346/346
f 889/889 347/347 593/593
f 906/906 889/889 593/593
f 786/786 796/796 905/905
f 910/910 889/889 906/906
f 480/480 479/479 482/482
f 911/911 907/907 900/900
f 482/482 479/479 912/912
f 482/482 912/912 913/913
f 482/482 913/913 914/914
f 482/482 914/914 915/915
f 482/482 915/915 916/916
f 464/464 917/917 918/918
f 901/901 903/903 919/919
f 464/464 471/471 917/917
f 479/479 920/920 912/912
f 479/479 921/921 920/920
f 482/482 916/916 922/922
f 482/482 922/922 484/484
f 479/479 464/464 921/921
f 787/787 786/786 905/905
f 464/464 918/918 921/921
f 919/919 775/775 773/773
f 922/922 923/923 484/484
f 777/777 773/773 775/775
f 697/697 903/903 695/695
f 670/670 921/921 918/918
f 653/653 916/916 915/915
f 653/653 675/675 916/916
f 670/670 663/663 921/921
f 657/657 914/914 913/913
f 907/907 778/778 908/908
f 909/909 924/924 907/907
f 787/787 905/905 901/901
f 663/663 920/920 921/921
f 657/657 654/654 914/914
f 924/924 900/900 907/907
f 773/773 787/787 901/901
f 919/919 903/903 697/697
f 900/900 898/898 911/911
f 776/776 787/787 773/773
f 663/663 660/660 920/920
f 675/675 922/922 916/916
f 660/660 912/912 920/920
f 898/898 900/900 896/896
f 660/660 658/658 912/912
f 654/654 915/915 914/914
f 909/909 919/919 697/697
f 643/643 669/669 917/917
f 773/773 901/901 919/919
f 654/654 653/653 915/915
f 669/669 918/918 917/917
f 669/669 670/670 918/918
f 658/658 657/657 913/913
f 911/911 771/771 907/907
f 909/909 697/697 702/702
f 658/658 913/913 912/912
f 925/925 836/836 877/877
f 899/899 911/911 898/898
f 899/899 764/764 911/911
f 908/908 919/919 909/909
f 926/926 836/836 925/925
f 927/927 711/711 928/928
f 703/703 711/711 927/927
f 775/775 919/919 908/908
f 711/711 713/713 928/928
f 828/828 751/751 792/792
f 813/813 797/797 794/794
f 759/759 753/753 797/797
f 813/813 759/759 797/797
f 828/828 785/785 872/872
f 790/790 820/820 794/794
f 828/828 792/792 785/785
f 820/820 813/813 794/794
f 751/751 827/827 790/790
f 426/426 764/764 899/899
f 792/792 751/751 790/790
f 827/827 820/820 790/790
f 778/778 775/775 908/908
f 759/759 755/755 753/753
f 847/847 849/849 765/765
f 849/849 783/783 765/765
f 867/867 872/872 784/784
f 771/771 778/778 907/907
f 768/768 775/775 778/778
f 782/782 867/867 784/784
f 911/911 781/781 771/771
f 866/866 867/867 782/782
f 764/764 781/781 911/911
f 784/784 872/872 785/785
f 843/843 779/779 769/769
f 924/924 909/909 702/702
f 780/780 844/844 769/769
f 783/783 849/849 780/780
f 779/779 843/843 845/845
f 871/871 774/774 767/767
f 782/782 772/772 866/866
f 766/766 845/845 850/850
f 770/770 778/778 771/771
f 900/900 924/924 702/702
f 780/780 849/849 844/844
f 845/845 766/766 779/779
f 900/900 702/702 729/729
f 767/767 851/851 871/871
f 871/871 863/863 774/774
f 772/772 863/863 866/866
f 895/895 900/900 729/729
f 850/850 851/851 767/767
f 772/772 774/774 863/863
f 769/769 844/844 843/843
f 421/421 854/854 847/847
f 929/929 902/902 930/930
f 766/766 850/850 767/767
f 902/902 793/793 931/931
f 847/847 765/765 421/421
f 789/789 932/932 931/931
f 933/933 934/934 795/795
f 935/935 936/936 937/937
f 817/817 747/747 937/937
f 933/933 795/795 788/788
f 936/936 817/817 937/937
f 932/932 789/789 791/791
f 935/935 938/938 936/936
f 939/939 735/735 940/940
f 939/939 737/737 735/735
f 713/713 941/941 928/928
f 942/942 943/943 936/936
f 944/944 930/930 932/932
f 943/943 939/939 761/761
f 941/941 945/945 942/942
f 742/742 930/930 944/944
f 746/746 754/754 726/726
f 943/943 942/942 945/945
f 730/730 788/788 728/728
f 737/737 939/939 943/943
f 761/761 939/939 940/940
f 737/737 943/943 945/945
f 731/731 737/737 945/945
f 742/742 944/944 739/739
f 760/760 817/817 936/936
f 943/943 760/760 936/936
f 936/936 938/938 942/942
f 929/929 903/903 902/902
f 761/761 760/760 943/943
f 734/734 708/708 722/722
f 724/724 725/725 946/946
f 947/947 948/948 841/841
f 695/695 903/903 929/929
f 905/905 796/796 793/793
f 755/755 756/756 949/949
f 836/836 947/947 841/841
f 789/789 931/931 793/793
f 902/902 931/931 930/930
f 758/758 949/949 756/756
f 930/930 931/931 932/932
f 694/694 929/929 930/930
f 932/932 791/791 795/795
f 930/930 742/742 694/694
f 934/934 932/932 795/795
f 934/934 944/944 932/932
f 926/926 947/947 836/836
f 934/934 739/739 944/944
f 754/754 755/755 950/950
f 933/933 946/946 934/934
f 951/951 754/754 950/950
f 949/949 950/950 755/755
f 946/946 739/739 934/934
f 726/726 754/754 951/951
f 946/946 933/933 788/788
f 946/946 725/725 739/739
f 722/722 726/726 951/951
f 758/758 761/761 940/940
f 940/940 949/949 758/758
f 731/731 945/945 941/941
f 730/730 946/946 788/788
f 950/950 949/949 744/744
f 730/730 724/724 946/946
f 951/951 950/950 734/734
f 951/951 734/734 722/722
f 727/727 728/728 753/753
f 949/949 740/740 744/744
f 746/746 727/727 753/753
f 744/744 734/734 950/950
f 940/940 740/740 949/949
f 902/902 905/905 793/793
f 694/694 695/695 929/929
f 735/735 740/740 940/940
f 734/734 709/709 708/708
f 941/941 713/713 731/731
f 841/841 948/948 860/860
f 707/707 409/409 719/719
f 409/409 717/717 719/719
f 749/749 860/860 952/952
f 409/409 407/407 717/717
f 948/948 953/953 860/860
f 954/954 955/955 956/956
f 407/407 956/956 957/957
f 953/953 952/952 860/860
f 937/937 749/749 952/952
f 955/955 954/954 958/958
f 959/959 937/937 952/952
f 747/747 749/749 937/937
f 959/959 935/935 937/937
f 889/889 910/910 960/960
f 885/885 883/883 961/961
f 717/717 957/957 715/715
f 962/962 885/885 961/961
f 962/962 963/963 885/885
f 963/963 886/886 885/885
f 705/705 743/743 955/955
f 882/882 889/889 960/960
f 407/407 957/957 717/717
f 963/963 964/964 886/886
f 955/955 743/743 715/715
f 955/955 957/957 956/956
f 715/715 957/957 955/955
f 964/964 890/890 886/886
f 964/964 965/965 890/890
f 709/709 409/409 707/707
f 883/883 882/882 961/961
f 961/961 882/882 966/966
f 409/409 709/709 408/408
f 966/966 882/882 960/960
f 958/958 706/706 705/705
f 877/877 890/890 965/965
f 965/965 925/925 877/877
f 499/499 967/967 968/968
f 925/925 969/969 970/970
f 705/705 955/955 958/958
f 971/971 972/972 948/948
f 973/973 967/967 974/974
f 971/971 947/947 975/975
f 976/976 977/977 969/969
f 970/970 977/977 926/926
f 967/967 500/500 978/978
f 979/979 526/526 798/798
f 798/798 958/958 979/979
f 980/980 497/497 981/981
f 982/982 980/980 981/981
f 983/983 968/968 984/984
f 970/970 969/969 977/977
f 983/983 984/984 975/975
f 985/985 410/410 986/986
f 499/499 968/968 987/987
f 977/977 976/976 983/983
f 988/988 986/986 477/477
f 975/975 977/977 983/983
f 964/964 989/989 965/965
f 979/979 958/958 954/954
f 963/963 962/962 990/990
f 979/979 954/954 988/988
f 987/987 496/496 499/499
f 962/962 966/966 990/990
f 961/961 966/966 962/962
f 969/969 925/925 976/976
f 989/989 976/976 925/925
f 956/956 407/407 404/404
f 991/991 990/990 966/966
f 508/508 504/504 980/980
f 992/992 976/976 989/989
f 960/960 991/991 966/966
f 988/988 985/985 986/986
f 904/904 496/496 906/906
f 906/906 993/993 991/991
f 496/496 987/987 993/993
f 906/906 496/496 993/993
f 985/985 956/956 404/404
f 497/497 496/496 588/588
f 897/897 994/994 497/497
f 897/897 497/497 588/588
f 953/953 974/974 952/952
f 989/989 964/964 963/963
f 981/981 497/497 995/995
f 798/798 706/706 958/958
f 989/989 990/990 992/992
f 904/904 588/588 496/496
f 954/954 956/956 985/985
f 477/477 979/979 988/988
f 982/982 996/996 980/980
f 526/526 979/979 477/477
f 971/971 948/948 947/947
f 497/497 980/980 506/506
f 980/980 504/504 506/506
f 926/926 925/925 970/970
f 967/967 978/978 974/974
f 977/977 975/975 926/926
f 984/984 971/971 975/975
f 996/996 997/997 980/980
f 987/987 968/968 983/983
f 954/954 985/985 988/988
f 925/925 965/965 989/989
f 992/992 983/983 976/976
f 992/992 987/987 983/983
f 963/963 990/990 989/989
f 410/410 985/985 404/404
f 960/960 910/910 906/906
f 991/991 960/960 906/906
f 992/992 990/990 993/993
f 993/993 990/990 991/991
f 992/992 993/993 987/987
f 986/986 410/410 998/998
f 497/497 994/994 995/995
f 972/972 973/973 953/953
f 926/926 975/975 947/947
f 986/986 466/466 477/477
f 410/410 406/406 999/999
f 972/972 967/967 973/973
f 457/457 524/524 998/998
f 980/980 997/997 1000/1000
f 967/967 972/972 971/971
f 1000/1000 508/508 980/980
f 971/971 968/968 967/967
f 984/984 968/968 971/971
f 999/999 522/522 485/485
f 405/405 999/999 406/406
f 948/948 972/972 953/953
f 522/522 999/999 405/405
f 973/973 974/974 953/953
f 499/499 500/500 967/967
f 999/999 998/998 410/410
f 994/994 677/677 671/671
f 897/897 677/677 994/994
f 457/457 998/998 999/999
f 500/500 1001/1001 978/978
f 1002/1002 1003/1003 935/935
f 1004/1004 528/528 517/517
f 927/927 928/928 517/517
f 1005/1005 1001/1001 500/500
f 978/978 1002/1002 974/974
f 1001/1001 1002/1002 978/978
f 997/997 927/927 1000/1000
f 938/938 1003/1003 942/942
f 1000/1000 927/927 517/517
f 935/935 959/959 1002/1002
f 524/524 986/986 998/998
f 524/524 466/466 986/986
f 1005/1005 942/942 1001/1001
f 959/959 952/952 974/974
f 485/485 457/457 999/999
f 959/959 974/974 1002/1002
f 830/830 495/495 1006/1006
f 830/830 563/563 495/495
f 1004/1004 517/517 1007/1007
f 1008/1008 1006/1006 1009/1009
f 1008/1008 830/830 1006/1006
f 1010/1010 1008/1008 1009/1009
f 938/938 935/935 1003/1003
f 1010/1010 1009/1009 417/417
f 413/413 1010/1010 417/417
f 1002/1002 1001/1001 1003/1003
f 1011/1011 809/809 417/417
f 500/500 1004/1004 1005/1005
f 500/500 507/507 1004/1004
f 488/488 486/486 1012/1012
f 928/928 941/941 1007/1007
f 1004/1004 507/507 528/528
f 1007/1007 517/517 928/928
f 510/510 508/508 1000/1000
f 517/517 510/510 1000/1000
f 1009/1009 1011/1011 417/417
f 1001/1001 942/942 1003/1003
f 1009/1009 1012/1012 1011/1011
f 1006/1006 488/488 1012/1012
f 1006/1006 1012/1012 1009/1009
f 1005/1005 941/941 942/942
f 495/495 488/488 1006/1006
f 1005/1005 1007/1007 941/941
f 1004/1004 1007/1007 1005/1005
f 803/803 1013/1013 446/446
f 1014/1014 1013/1013 803/803
f 1015/1015 1013/1013 1014/1014
f 682/682 684/684 1016/1016
f 1014/1014 474/474 1015/1015
f 621/621 682/682 624/624
f 476/476 474/474 1014/1014
f 621/621 1017/1017 682/682
f 620/620 1017/1017 621/621
f 1018/1018 680/680 1019/1019
f 1020/1020 696/696 927/927
f 619/619 615/615 1018/1018
f 696/696 703/703 927/927
f 997/997 1020/1020 927/927
f 802/802 807/807 1021/1021
f 1022/1022 680/680 1018/1018
f 1023/1023 997/997 996/996
f 1021/1021 1024/1024 802/802
f 684/684 686/686 1016/1016
f 1024/1024 1021/1021 1025/1025
f 628/628 629/629 1023/1023
f 1022/1022 514/514 680/680
f 512/512 1022/1022 1018/1018
f 1023/1023 1026/1026 997/997
f 514/514 522/522 680/680
f 1021/1021 807/807 1011/1011
f 615/615 512/512 1018/1018
f 818/818 803/803 805/805
f 515/515 512/512 615/615
f 512/512 514/514 1022/1022
f 1027/1027 803/803 818/818
f 1027/1027 1014/1014 803/803
f 476/476 1014/1014 1027/1027
f 1026/1026 1020/1020 997/997
f 629/629 1026/1026 1023/1023
f 673/673 994/994 671/671
f 651/651 995/995 673/673
f 481/481 476/476 1027/1027
f 818/818 812/812 1028/1028
f 1028/1028 1027/1027 818/818
f 995/995 994/994 673/673
f 1019/1019 682/682 1017/1017
f 1019/1019 1017/1017 620/620
f 659/659 995/995 651/651
f 1019/1019 680/680 682/682
f 981/981 995/995 659/659
f 659/659 667/667 981/981
f 481/481 1027/1027 1028/1028
f 629/629 1016/1016 1026/1026
f 1029/1029 981/981 667/667
f 619/619 1019/1019 620/620
f 686/686 696/696 1020/1020
f 638/638 1029/1029 667/667
f 1030/1030 1028/1028 812/812
f 1030/1030 812/812 1024/1024
f 481/481 1028/1028 1030/1030
f 982/982 981/981 1029/1029
f 1024/1024 812/812 799/799
f 486/486 481/481 1030/1030
f 638/638 628/628 1029/1029
f 628/628 982/982 1029/1029
f 1026/1026 1016/1016 1020/1020
f 628/628 1023/1023 982/982
f 996/996 982/982 1023/1023
f 802/802 1024/1024 799/799
f 1016/1016 686/686 1020/1020
f 629/629 624/624 1016/1016
f 624/624 682/682 1016/1016
f 1025/1025 1030/1030 1024/1024
f 619/619 1018/1018 1019/1019
f 1025/1025 486/486 1030/1030
f 424/424 639/639 643/643
f 439/439 616/616 618/618
f 435/435 442/442 630/630
f 1012/1012 1025/1025 1021/1021
f 917/917 471/471 643/643
f 809/809 1011/1011 807/807
f 486/486 1025/1025 1012/1012
f 442/442 631/631 630/630
f 438/438 634/634 639/639
f 1012/1012 1021/1021 1011/1011
f 471/471 424/424 643/643
f 393/393 438/438 639/639
f 442/442 618/618 631/631
f 442/442 439/439 618/618
f 439/439 441/441 616/616
f 1031/1031 444/444 1013/1013
f 1031/1031 1032/1032 1033/1033
f 438/438 435/435 634/634
f 1033/1033 1032/1032 470/470
f 435/435 630/630 634/634
f 1031/1031 1034/1034 444/444
f 880/880 873/873 582/582
f 880/880 582/582 578/578
f 873/873 421/421 582/582
f 1031/1031 1033/1033 1034/1034
f 873/873 854/854 421/421
f 1033/1033 470/470 1035/1035
f 582/582 421/421 420/420
f 675/675 561/561 923/923
f 1034/1034 1033/1033 1036/1036
f 1035/1035 1036/1036 1033/1033
f 1035/1035 462/462 455/455
f 675/675 923/923 922/922
f 923/923 411/411 341/341
f 1034/1034 1036/1036 437/437
f 923/923 561/561 411/411
f 377/377 376/376 714/714
f 698/698 377/377 714/714
f 369/369 714/714 376/376
f 1036/1036 443/443 437/437
f 440/440 1037/1037 452/452
f 692/692 698/698 689/689
f 440/440 452/452 516/516
f 1038/1038 1036/1036 1035/1035
f 443/443 1036/1036 1038/1038
f 373/373 714/714 369/369
f 408/408 733/733 714/714
f 373/373 408/408 714/714
f 405/405 698/698 692/692
f 531/531 1037/1037 443/443
f 1032/1032 474/474 470/470
f 444/444 446/446 1013/1013
f 405/405 380/380 698/698
f 379/379 377/377 698/698
f 380/380 379/379 698/698
f 490/490 492/492 893/893
f 1034/1034 436/436 444/444
f 894/894 490/490 893/893
f 491/491 894/894 892/892
f 1032/1032 1015/1015 474/474
f 437/437 436/436 1034/1034
f 491/491 490/490 894/894
f 520/520 521/521 591/591
f 346/346 520/520 591/591
f 470/470 462/462 1035/1035
f 892/892 592/592 494/494
f 892/892 494/494 491/491
f 591/591 521/521 592/592
f 1039/1039 393/393 1040/1040
f 424/424 394/394 393/393
f 1038/1038 1035/1035 455/455
f 597/597 423/423 422/422
f 531/531 1038/1038 455/455
f 432/432 598/598 434/434
f 597/597 422/422 460/460
f 434/434 598/598 448/448
f 598/598 597/597 451/451
f 598/598 451/451 448/448
f 1037/1037 531/531 478/478
f 597/597 460/460 451/451
f 531/531 443/443 1038/1038
f 594/594 598/598 1041/1041
f 452/452 1037/1037 478/478
f 440/440 443/443 1037/1037
f 594/594 1041/1041 358/358
f 598/598 432/432 1041/1041
f 440/440 516/516 441/441
f 441/441 516/516 515/515
f 353/353 358/358 1041/1041
f 1015/1015 1031/1031 1013/1013
f 1031/1031 1015/1015 1032/1032
f 1041/1041 432/432 375/375
f 1041/1041 375/375 353/353
f 543/543 1042/1042 1043/1043
f 484/484 923/923 341/341
f 484/484 341/341 340/340
f 484/484 340/340 463/463
f 360/360 492/492 362/362
f 360/360 893/893 492/492
f 492/492 348/348 362/362
f 492/492 493/493 348/348
f 389/389 392/392 390/390
f 349/349 430/430 1044/1044
f 1045/1045 1046/1046 355/355
f 1046/1046 387/387 355/355
f 1047/1047 386/386 387/387
f 1047/1047 1048/1048 386/386
f 595/595 1049/1049 599/599
f 1050/1050 416/416 600/600
f 600/600 416/416 607/607
f 386/386 1048/1048 384/384
f 384/384 1048/1048 1051/1051
f 1051/1051 1052/1052 384/384
f 384/384 1052/1052 385/385
f 1050/1050 390/390 416/416
f 385/385 1053/1053 389/389
f 1053/1053 392/392 389/389
f 354/354 375/375 340/340
f 383/383 390/390 1050/1050
f 1045/1045 355/355 354/354
f 1045/1045 354/354 340/340
f 821/821 1053/1053 385/385
f 1051/1051 821/821 1052/1052
f 821/821 445/445 1053/1053
f 1053/1053 445/445 392/392
f 1052/1052 821/821 385/385
f 1049/1049 1050/1050 599/599
f 1049/1049 383/383 1050/1050
f 599/599 1050/1050 600/600
f 821/821 1051/1051 822/822
f 1051/1051 1048/1048 822/822
f 361/361 383/383 382/382
f 1047/1047 387/387 825/825
f 383/383 1049/1049 382/382
f 1047/1047 822/822 1048/1048
f 825/825 822/822 1047/1047
f 1049/1049 595/595 382/382
f 382/382 595/595 358/358
f 825/825 1046/1046 823/823
f 831/831 343/343 826/826
f 1046/1046 825/825 387/387
f 823/823 1046/1046 339/339
f 1046/1046 340/340 339/339
f 1046/1046 1045/1045 340/340
f 403/403 325/325 399/399
f 395/395 343/343 834/834
f 834/834 343/343 831/831
f 1054/1054 826/826 642/642
f 1054/1054 831/831 826/826
f 325/325 327/327 399/399
f 399/399 327/327 400/400
f 641/641 1055/1055 583/583
f 641/641 564/564 1055/1055
f 548/548 1056/1056 1057/1057
f 564/564 548/548 1057/1057
f 1058/1058 1042/1042 637/637
f 1058/1058 637/637 636/636
f 546/546 1056/1056 548/548
f 1042/1042 543/543 637/637
f 834/834 396/396 395/395
f 1059/1059 542/542 543/543
f 540/540 542/542 1060/1060
f 542/542 1061/1061 1060/1060
f 401/401 397/397 564/564
f 397/397 1055/1055 564/564
f 1057/1057 1056/1056 1062/1062
f 401/401 1057/1057 1062/1062
f 564/564 1057/1057 401/401
f 1056/1056 546/546 1063/1063
f 831/831 1054/1054 642/642
f 1062/1062 1056/1056 1063/1063
f 545/545 540/540 1064/1064
f 1065/1065 545/545 1064/1064
f 546/546 545/545 1065/1065
f 1063/1063 546/546 1065/1065
f 420/420 334/334 336/336
f 1064/1064 1060/1060 1066/1066
f 428/428 334/334 419/419
f 428/428 351/351 334/334
f 357/357 356/356 428/428
f 419/419 334/334 420/420
f 540/540 1060/1060 1064/1064
f 1061/1061 1067/1067 1066/1066
f 428/428 356/356 351/351
f 1060/1060 1061/1061 1066/1066
f 542/542 1059/1059 1068/1068
f 1010/1010 830/830 1008/1008
f 1010/1010 833/833 830/830
f 413/413 833/833 1010/1010
f 1061/1061 542/542 1068/1068
f 413/413 832/832 833/833
f 1067/1067 1061/1061 1068/1068
f 412/412 832/832 413/413
f 1059/1059 543/543 1043/1043
f 412/412 430/430 832/832
f 1042/1042 1058/1058 1069/1069
f 1043/1043 1042/1042 1069/1069
f 412/412 411/411 430/430
f 1058/1058 636/636 1069/1069
f 636/636 1070/1070 1069/1069
f 1055/1055 397/397 583/583
f 583/583 397/397 1070/1070
f 636/636 583/583 1070/1070

