# https://github.com/mikedh/trimesh
mtllib material.mtl
usemtl material_0
v -0.01693154 0.02564494 -0.03482856
v -0.02149015 0.02309190 -0.02169255
v -0.02538007 0.02041366 -0.01049947
v -0.03452968 -0.01290746 0.01484941
v -0.03547967 -0.01448432 0.01456709
v -0.03502701 -0.03484477 0.01264788
v -0.03396185 -0.03669633 0.01233783
v -0.03547973 -0.01448432 0.01456710
v -0.01078806 0.02841235 -0.05256018
v -0.00779781 0.02666257 -0.06130345
v -0.00948348 0.02721767 -0.05957554
v -0.01118244 0.02820956 -0.05455047
v -0.03037977 0.01513465 0.00382146
v -0.03080254 0.01527679 0.00345532
v -0.01408976 0.02806053 -0.04299013
v -0.03337475 0.00432029 0.01212117
v -0.03412409 0.00526082 0.01170261
v -0.03230320 0.01088899 0.00924915
v -0.01337957 0.02849047 -0.04828215
v -0.01608667 0.02765290 -0.04042415
v -0.02175955 0.02460239 -0.02389657
v -0.02726498 0.01991657 -0.00504662
v -0.02850187 0.01961339 -0.00435234
v -0.03048251 0.01742181 0.00140272
v -0.03165663 0.01406633 0.00748763
v -0.03310211 0.01273406 0.00881613
v -0.03292759 0.01032463 0.01104071
v -0.03389415 -0.00478670 0.01329821
v -0.03406082 -0.02751990 0.01295748
v -0.03482548 -0.01297530 0.01352943
v -0.03440286 0.00693811 0.01237599
v -0.03370774 0.00495481 0.01311053
v -0.03454809 0.00172069 0.01227260
v -0.03519922 -0.00622963 0.01430365
v -0.03375651 -0.03431423 0.01179519
v -0.03438209 -0.02929618 0.01261553
v 0.00048080 -0.00855107 -0.09014684
v 0.00170331 -0.01371854 -0.09034292
v 0.00057824 -0.01606413 -0.09058072
v 0.00002461 -0.00126392 -0.08850940
v 0.00104524 -0.00028011 -0.08794621
v -0.00027657 0.00870663 -0.08378300
v -0.00247523 0.01708777 -0.07709880
v -0.00208229 0.01189866 -0.08183478
v -0.00462386 0.02219779 -0.07067741
v -0.00513742 0.02105982 -0.07254679
v -0.00715352 0.02467897 -0.06645522
v -0.01372935 -0.05796060 -0.04715576
v -0.02503137 -0.05165081 -0.01412422
v -0.01771851 -0.05675425 -0.03852914
v -0.01086333 -0.05759341 -0.05545991
v -0.01325858 -0.05797062 -0.05154137
v -0.01040435 -0.05667027 -0.05989725
v -0.00654544 -0.05349121 -0.06784420
v -0.04397430 -0.00928496 -0.00293742
v -0.03948916 -0.00681035 0.00737287
v -0.04381435 -0.00250001 -0.00428146
v -0.03010977 0.01509343 -0.04723518
v -0.02234196 0.02266909 -0.04441035
v -0.02409042 0.01895967 -0.05285129
v -0.00215015 -0.04342123 -0.08023610
v -0.00563894 -0.04978062 -0.07379711
v -0.00321659 -0.04336255 -0.08047310
v 0.00073148 -0.02913870 -0.08808080
v -0.00003436 -0.03428491 -0.08604476
v -0.00015487 -0.02718126 -0.08890406
v -0.01704425 -0.00845375 -0.07991117
v -0.01100917 -0.01216078 -0.08485842
v -0.01492918 -0.01485432 -0.08206053
v 0.00034282 -0.02124804 -0.09015024
v -0.02436964 0.02229328 -0.03203932
v -0.04109491 -0.01413910 0.00453418
v -0.02374923 -0.05319095 -0.02089453
v -0.02945485 -0.04862362 -0.00410401
v -0.03099383 -0.04562663 0.00340063
v -0.03777990 0.00957592 0.00149703
v -0.03581019 0.01305968 -0.00610566
v -0.04265599 0.00528394 -0.01478175
v -0.03399601 -0.04117299 0.00931967
v -0.03248456 -0.04468894 0.00482133
v -0.03459714 -0.03699689 0.01202285
v -0.03461172 -0.03688145 0.01206847
v -0.03444950 -0.03811674 0.01154539
v -0.00104882 0.00688783 -0.08504019
v -0.00844686 0.00352543 -0.08299240
v -0.01405888 0.01985946 -0.06678664
v -0.00908863 0.01797814 -0.07316602
v -0.04167932 0.00697255 -0.02062124
v -0.03995188 0.00882117 -0.02954757
v -0.00238438 -0.04019376 -0.08285577
v -0.00754411 -0.05336497 -0.06825432
v -0.01517884 0.01469407 -0.07116801
v -0.01411716 0.01207792 -0.07422680
v -0.01481527 -0.05789940 -0.04705617
v -0.04408524 -0.01773639 -0.00298388
v -0.03759358 -0.03873244 -0.04132439
v -0.03209127 -0.03642248 -0.05289456
v -0.03373659 -0.03868208 -0.05326219
v -0.03773107 -0.03601060 -0.03390602
v -0.03189953 -0.03782481 -0.05803017
v -0.00606975 0.00977500 -0.08127601
v -0.02730943 0.01859135 -0.04357019
v -0.02768228 -0.03134627 -0.06453098
v -0.04397520 -0.02957923 -0.00638530
v -0.04240407 -0.02925473 -0.00863183
v -0.04348055 -0.03311611 -0.01194260
v -0.02554710 -0.00377968 -0.07143153
v -0.02736685 0.00229964 -0.06754694
v -0.01641504 0.00142983 -0.07802705
v -0.02813810 -0.03221137 -0.06681988
v -0.03761046 0.00512713 0.00799455
v -0.03710614 0.00903206 0.00543996
v -0.04411317 -0.02456997 -0.00377911
v -0.04261842 -0.02290338 -0.00519178
v -0.04265452 -0.03498577 -0.01820011
v -0.02285331 0.00605070 -0.07005720
v -0.02692639 -0.02915520 -0.06931975
v -0.01261372 0.02310111 -0.06368431
v -0.02473050 -0.02186527 -0.07046859
v -0.04204681 -0.03595613 -0.02195921
v -0.02493374 -0.02069422 -0.07306941
v -0.03952321 -0.03827301 -0.03385316
v -0.04244262 -0.00752149 -0.00494945
v -0.02449652 -0.01518601 -0.07376229
v -0.02406476 -0.01214441 -0.07145611
v -0.03780514 0.00980926 -0.03828181
v -0.03238865 0.00953323 -0.05517147
v -0.03762948 0.00693739 -0.03219244
v -0.03209772 0.00755692 -0.05124768
v -0.02976164 0.00628026 -0.05802604
v -0.02909497 0.00595133 -0.06357323
v -0.00768474 -0.00180667 -0.08524463
v -0.00734806 -0.00741149 -0.08663528
v -0.04370444 -0.00054405 -0.00522127
v -0.04335198 0.00296760 -0.00862865
v -0.04191235 0.00119535 -0.00965509
v -0.02699086 0.00160809 -0.06517308
v -0.02528889 -0.00360500 -0.06896578
v -0.02473965 -0.00881013 -0.07317203
v -0.03278660 -0.04439923 -0.03670711
v -0.02967799 -0.04832985 -0.02344593
v -0.02613184 -0.05053097 -0.03501032
v -0.02861693 0.01886165 -0.03193876
v -0.02379111 0.01029161 -0.06608853
v -0.02896160 -0.04595250 -0.04754540
v -0.01088611 -0.02108791 -0.08468165
v -0.00446282 -0.01598434 -0.08869811
v -0.02314490 -0.05183596 -0.04546699
v -0.00477668 -0.02437691 -0.08770129
v -0.01954379 -0.01474104 -0.07822091
v -0.01740957 -0.00445283 -0.07890988
v -0.03635814 -0.00323581 0.01228754
v -0.01245982 0.00243298 -0.08074696
v -0.02214404 -0.05148774 -0.05064736
v -0.01536671 -0.03841054 -0.07573074
v -0.00932680 -0.03826633 -0.08031544
v -0.01026089 -0.04373506 -0.07615704
v -0.02481659 -0.04775155 -0.05399263
v -0.01866905 -0.03464767 -0.07486495
v -0.01751235 -0.03073705 -0.07747249
v -0.01636821 0.02219309 -0.06039653
v -0.00913873 -0.04773177 -0.07353777
v -0.02081750 -0.04726463 -0.06204514
v -0.01742626 -0.05149522 -0.06034898
v -0.02704877 -0.04429420 -0.05640625
v -0.01595582 -0.05479607 -0.05562601
v -0.01824550 -0.05509457 -0.04904928
v -0.02722255 0.02078123 -0.01796534
v -0.01495672 -0.04921786 -0.06683392
v -0.04060416 -0.02382968 0.00516205
v -0.03737854 -0.02508722 0.01118276
v -0.01821133 0.01727451 -0.06538797
v -0.03649968 -0.01447106 0.01315185
v -0.03884631 -0.03085242 0.00755448
v -0.01235914 -0.02914333 -0.08203747
v -0.04004154 -0.03390489 0.00330727
v -0.01993424 -0.02200297 -0.07744104
v -0.01565058 -0.02446108 -0.08065906
v -0.01495113 0.02492714 -0.05689948
v -0.00795058 -0.03343828 -0.08342326
v -0.02529305 -0.03913464 -0.06534220
v -0.03971668 -0.03573930 0.00195510
v -0.01968888 -0.03927303 -0.07126448
v -0.03848538 -0.03570363 0.00596800
v -0.04039251 -0.03661495 -0.00441701
v -0.03679670 -0.04093191 0.00041226
v -0.00790498 -0.02705238 -0.08549053
v -0.03331712 0.01516570 -0.02601278
v -0.04033327 0.00541901 0.00002054
v -0.00404642 -0.03458315 -0.08499162
v -0.01684890 -0.04350392 -0.07077898
v -0.00503937 -0.03093085 -0.08589905
v -0.03505708 -0.04354845 -0.00551358
v -0.03297663 0.01594786 -0.01384933
v -0.03300260 -0.04568727 -0.01230614
v -0.02274431 0.01460382 -0.06292032
v -0.01581960 0.00631918 -0.07638466
v -0.03467365 -0.04371494 -0.02230413
v -0.01535301 0.02654798 -0.05130878
v -0.03317789 0.01569071 -0.00467729
v -0.01646770 0.02652252 -0.04795622
v -0.03388662 0.01344491 0.00527820
v -0.02228765 0.01801772 -0.05850950
v -0.03964401 0.00124301 0.00534871
v -0.00706096 -0.01120458 -0.08722138
v -0.03434667 -0.03469864 0.01359759
v -0.03392270 -0.02588546 0.01687935
v -0.03435937 -0.02335364 0.01549458
v -0.03492986 -0.01363360 0.01854074
v 0.02504422 0.06355162 0.02183239
v 0.02195393 0.06293646 0.01779535
v 0.01967076 0.06415465 0.01775843
v 0.02557475 0.06155289 0.01976429
v 0.01351572 0.06455148 0.01473712
v 0.01584833 0.06382339 0.01475888
v 0.00939723 0.06466782 0.01349243
v 0.00980302 0.06277309 0.01155779
v 0.02791951 0.06307336 0.02485210
v 0.02584531 0.00728113 0.00710624
v 0.02835521 0.02735676 0.01069383
v 0.02982806 0.02251867 0.01421550
v 0.02649221 0.01460063 0.00742938
v 0.02793624 0.03500969 -0.03504699
v 0.02401857 0.03512851 -0.03790324
v 0.02523224 0.03704850 -0.02970929
v 0.02450573 0.04449603 -0.00456345
v 0.02542791 0.04330679 -0.00310575
v 0.02650866 0.03819490 -0.01655334
v 0.02632293 0.01999262 0.00370441
v 0.02645444 0.01845384 -0.00026660
v 0.03583156 0.02714752 0.02364453
v 0.02918698 0.01439932 0.01327130
v 0.02223155 0.03922497 -0.02606749
v 0.02928735 0.02863511 0.01308609
v 0.02560181 0.03789929 -0.02499764
v 0.02709086 0.03333424 0.00042370
v 0.03452612 0.03643585 0.02309469
v 0.03209988 0.03203983 0.01883311
v 0.01809877 0.03983090 -0.02711412
v 0.02103085 0.03514296 -0.03921396
v 0.02815728 0.02589003 -0.00866283
v 0.02720429 0.02715948 -0.00396102
v 0.03254187 0.05411611 0.02469088
v 0.02897708 0.05131885 0.01809517
v 0.03147510 0.05815549 0.02494876
v 0.01998538 0.04370581 -0.01609980
v 0.02966689 0.03428553 0.01436234
v 0.02771963 0.05363195 0.01705852
v 0.02922312 0.06045486 0.02319770
v 0.02782245 0.03252289 0.00795293
v 0.02757225 0.03455349 -0.01071110
v 0.02930001 0.02962864 -0.01485377
v 0.02768224 0.03060703 -0.00791518
v 0.02556176 0.05574365 0.01516580
v 0.02789962 0.03923224 0.00898481
v 0.03130314 0.04090520 0.01905151
v 0.02715233 0.03690946 -0.01395979
v 0.03039148 0.03320828 -0.02403045
v 0.02925754 0.03412734 -0.02156190
v 0.02686819 0.03767211 -0.00245410
v 0.02975754 0.03471542 -0.03138665
v 0.03051261 0.03369098 -0.02775756
v 0.01709184 0.05531671 0.00486321
v 0.01548902 0.05099781 -0.00377766
v 0.01279297 0.05232703 -0.00250247
v -0.02853281 -0.03235589 -0.06293047
v -0.02787530 0.00370279 -0.06343625
v -0.02562591 -0.00224145 -0.06863339
v -0.02415678 -0.01191404 -0.07166917
v 0.02732222 0.03670326 -0.02439506
v 0.01795020 0.05802952 0.00978205
v 0.01365436 0.05971629 0.00966057
v 0.01105615 0.05765514 0.00562334
v 0.02837347 0.04804150 0.01511012
v 0.02671969 0.04594044 0.00795662
v 0.02660093 0.03835674 -0.01122126
v 0.03006088 0.00366121 0.01463682
v 0.03167015 -0.00993825 0.01646706
v 0.02801534 -0.01173863 0.01313902
v 0.03469420 -0.01012634 0.01965727
v 0.02418917 0.04165993 -0.01432376
v 0.02997755 0.01040091 0.01445036
v 0.03390311 0.00579310 0.01916186
v 0.02674365 0.04245482 0.00401293
v 0.02639210 0.04007100 -0.00408065
v -0.03067314 0.00737723 -0.05587499
v 0.02269785 0.04183244 -0.01746128
v 0.02293974 0.04623927 -0.00513891
v 0.01921082 0.04873331 -0.00550388
v 0.01518060 0.04612492 -0.01361124
v 0.02733811 0.03125621 0.00526820
v 0.02499297 0.05138047 0.00933373
v 0.02551327 0.04963624 0.00830527
v -0.03151616 -0.03574589 -0.05500670
v 0.02323427 0.05275278 0.00759834
v 0.02389716 0.05481366 0.01170055
v -0.03475364 0.00797332 -0.04328303
v -0.03363544 -0.03614574 -0.04869924
v 0.02128992 0.05371166 0.00611926
v 0.02025984 0.05701017 0.01017018
v 0.02871741 -0.01760291 0.01334622
v 0.02701797 0.03568884 -0.00170821
v 0.02723574 -0.00478381 0.01187203
v 0.02819300 0.00178180 0.01233554
v -0.03702402 -0.03586860 -0.03712515
v -0.03778371 0.00728044 -0.03209850
v -0.03943894 -0.03451354 -0.02730483
v 0.03524956 0.00808259 0.02102307
v -0.04024033 0.00510499 -0.02103281
v -0.04094998 -0.03281058 -0.01981234
v -0.04196792 -0.03096086 -0.01329416
v -0.04173466 0.00248706 -0.01190458
v -0.04230238 -0.00100401 -0.00712810
v 0.03359428 -0.02160374 0.01814805
v 0.02671690 0.00031552 0.01031597
v 0.03319455 -0.05641337 0.02578746
v 0.00570504 -0.05151591 0.02085336
v 0.03238814 -0.05117898 0.02688210
v 0.00592708 -0.05664518 0.01956509
v 0.00622795 -0.06087428 0.01797235
v 0.03369917 -0.06189774 0.02374952
v 0.00668018 -0.06550821 0.01567443
v 0.00561910 -0.04644077 0.02152496
v 0.00566407 -0.04120554 0.02161495
v 0.03223487 -0.04271721 0.02753895
v 0.03208578 -0.04691488 0.02737486
v 0.00670059 -0.06560897 0.01557706
v 0.03178164 -0.06591816 0.02115092
v -0.03594840 -0.04537049 0.02907391
v -0.03899354 -0.04172333 0.03817647
v -0.03794703 -0.03923487 0.03422029
v -0.03908074 -0.03806427 0.03768128
v -0.03883766 -0.03474142 0.03499867
v -0.02542072 -0.05444856 0.01191663
v -0.02954197 -0.05225346 0.01679232
v -0.02487642 -0.05257421 0.01014688
v -0.00785791 -0.06602375 0.00365984
v -0.01745626 -0.06590674 0.00648583
v -0.01156180 -0.06142223 0.00448508
v -0.02524266 -0.06044019 0.01196887
v -0.02884998 -0.06576962 0.01354320
v -0.03270969 -0.06572406 0.01726002
v -0.02886654 -0.04899232 0.01420893
v -0.04036855 -0.03319136 0.03993284
v -0.04146885 -0.02613929 0.03561673
v -0.03018978 -0.04411590 0.01312164
v -0.03164108 -0.04581795 0.01889151
v -0.03112724 -0.04220551 0.01496106
v -0.01970391 -0.05815542 0.00781699
v -0.02505271 -0.05685587 0.01201788
v -0.01865095 -0.05544319 0.00576961
v -0.03449440 -0.04928952 0.02529548
v -0.03724109 -0.04790212 0.03158897
v 0.01519835 0.03840046 -0.03166448
v 0.01649844 0.03440212 -0.04052243
v 0.01452593 0.03843115 -0.03140598
v 0.02132240 0.03406094 -0.03925075
v 0.01639125 0.03391931 -0.04006258
v -0.03164592 -0.05750982 0.01889324
v -0.02284327 -0.06584051 0.00922740
v 0.01701382 0.03522755 -0.04002471
v -0.01457423 -0.05763116 0.00461140
v -0.01736937 -0.06172088 0.00675995
v -0.01745045 -0.05905109 0.00658158
v -0.03312048 -0.03249818 0.01794248
v -0.03691848 -0.03161445 0.02737954
v -0.03510606 -0.02686344 0.02065969
v -0.03387443 -0.03643825 0.02185094
v -0.02789653 -0.05479207 0.01489888
v -0.03323312 -0.05517137 0.02163446
v -0.02770283 -0.04773219 0.00977775
v -0.00782236 -0.06138529 0.00366201
v -0.01989940 -0.05389754 0.00533477
v -0.02238596 -0.05183809 0.00530536
v -0.00754050 -0.05782947 0.00263296
v -0.04346439 -0.06560209 0.03854397
v -0.04301374 -0.06284484 0.03701693
v -0.04039476 -0.06563388 0.02890255
v -0.04124696 -0.06358571 0.03136307
v -0.04257190 -0.06028759 0.03693496
v 0.02324028 -0.06091130 0.00961198
v 0.02347574 -0.05849273 0.00869950
v 0.02713148 -0.05995514 0.01205017
v 0.02641524 -0.05725517 0.01006600
v -0.01455467 -0.05511387 0.00255550
v -0.03962735 -0.05834993 0.03039895
v 0.02391620 -0.05630792 0.00683862
v 0.02489680 -0.05446881 0.00252202
v 0.02605691 -0.05601886 0.00771046
v -0.04058844 -0.05361298 0.03755036
v -0.03880580 -0.05177100 0.03348262
v -0.03820119 -0.06565884 0.02467458
v -0.03693441 -0.06080737 0.02445791
v -0.03927376 -0.04684635 0.03811616
v 0.02839993 -0.06187102 0.01356454
v -0.03724664 -0.05219692 0.02957991
v -0.00725129 -0.05622561 0.00141244
v 0.02694029 -0.05445359 0.00303696
v -0.02599625 -0.04903108 0.00702697
v 0.02390104 -0.02902373 0.01148790
v 0.02358533 -0.03037346 0.00980718
v 0.02303403 -0.04507752 0.01254333
v -0.03479025 -0.01943284 0.01839742
v 0.02302679 -0.04723604 0.01141198
v -0.03242014 -0.03657497 0.01564743
v -0.03333326 -0.04122614 0.01037774
v -0.03027419 -0.04374764 0.01160557
v -0.03285836 -0.03872058 0.01288011
v 0.02382104 -0.05653594 0.01097090
v 0.02378862 -0.04391027 0.01476865
v 0.02473264 -0.04966535 0.01594238
v 0.02398938 0.01577258 -0.07532235
v 0.02547580 0.00350772 -0.08270857
v 0.02478976 0.01029144 -0.07923666
v 0.01074685 -0.05832464 -0.01979273
v 0.02577329 -0.00096979 -0.08430055
v 0.02457909 -0.05320806 0.01497600
v 0.00821981 -0.05324043 -0.00811936
v 0.00808719 -0.05415001 -0.00757221
v 0.00928299 -0.05503029 -0.01301090
v 0.02512278 0.00733654 -0.08090279
v 0.02460592 -0.05883873 0.01294045
v 0.01532458 -0.06293633 -0.04068245
v 0.02606767 -0.00964948 -0.08611231
v 0.01183512 -0.06040682 -0.02481387
v 0.01283087 -0.06171818 -0.02937525
v 0.02595262 -0.00494480 -0.08533076
v 0.01602329 0.03585467 -0.03829554
v 0.01240047 0.03062307 -0.02226147
v 0.00980797 -0.05598133 -0.01543188
v 0.01988821 0.02967566 -0.05606029
v 0.01369754 -0.06246370 -0.03332267
v 0.01358423 0.03233245 -0.02750092
v 0.02187962 -0.05193087 -0.06960734
v 0.02480133 -0.03579806 -0.08187147
v 0.02557166 -0.02745698 -0.08487590
v 0.02607448 -0.01438012 -0.08640878
v 0.01839655 -0.06054565 -0.05439278
v 0.01981734 -0.05791070 -0.06064823
v 0.02060582 -0.05596236 -0.06409235
v 0.01462355 0.03333336 -0.03212865
v 0.01638533 -0.06258446 -0.04544267
v 0.02587708 -0.02205355 -0.08594923
v 0.02601527 -0.01789255 -0.08633848
v 0.01568541 0.03384371 -0.03688575
v 0.01740175 -0.06179772 -0.04997963
v 0.02393606 -0.03898712 0.01463279
v 0.02620573 -0.06144818 0.01491061
v 0.02519764 -0.03200424 -0.08344443
v 0.02150825 0.02596719 -0.06356972
v 0.02072953 0.02798479 -0.05994676
v 0.02300089 0.02072022 -0.07059012
v 0.02389595 -0.04237876 -0.07815934
v 0.02313106 -0.04660316 -0.07494913
v 0.02225618 0.02362420 -0.06707175
v -0.02986150 0.05449586 0.06088500
v -0.02817718 0.05325048 0.06382482
v -0.03219903 0.05499379 0.05432623
v -0.03259982 0.05603056 0.05262490
v -0.03307526 0.05779656 0.04338986
v -0.03294956 0.05732161 0.04214911
v -0.03254636 0.05851550 0.03971734
v -0.03100828 0.05950775 0.03437820
v -0.02922625 0.05960612 0.03041811
v -0.02802666 0.06073526 0.02843029
v 0.02283865 -0.06089723 0.01215547
v 0.02462726 -0.06142846 0.01413532
v -0.02251804 0.06216123 0.02178253
v 0.02306023 -0.05775645 0.01066009
v -0.02122955 0.06172583 0.02053648
v -0.01323619 0.06361306 0.01560744
v -0.01438308 0.06278422 0.01605209
v -0.00589622 0.06428428 0.01322257
v -0.00537420 0.06362857 0.01300408
v -0.00138998 0.06453796 0.01259322
v 0.00450318 0.06400256 0.01252893
v 0.00882811 0.06466849 0.01328703
v 0.00878275 0.06403950 0.01345678
v -0.00664514 0.04591434 0.08197114
v -0.00667062 0.04688025 0.08213837
v -0.00665010 0.04605519 0.08199654
v -0.01631355 0.04774860 0.07872923
v -0.01651745 0.04704785 0.07847147
v 0.01393189 0.02541885 -0.01191254
v 0.01210948 0.01860840 -0.00408113
v 0.01130422 0.01449337 -0.00068253
v 0.02329295 -0.06091098 0.01153820
v 0.01610620 0.03052955 -0.02142611
v 0.01066791 0.01050538 0.00196174
v 0.00907885 -0.00622898 0.00818555
v 0.00958516 0.00111288 0.00631479
v 0.02434378 -0.05270420 0.00512203
v 0.01539106 0.02916426 -0.01827917
v 0.01011099 0.00625527 0.00423307
v 0.01192912 -0.05328660 -0.00729635
v 0.00861592 -0.01289248 0.00989832
v 0.00885718 -0.00622841 0.00918454
v 0.00786225 -0.01673670 0.01307996
v 0.01046510 -0.05326154 -0.00069776
v 0.00704175 -0.02215960 0.01647358
v 0.00663214 -0.02565120 0.01812404
v 0.00610733 -0.03160617 0.02015539
v 0.00997963 -0.05357476 0.00147126
v 0.00584547 -0.03598396 0.02109013
v 0.00927827 -0.05508593 0.00454780
v 0.00893361 -0.05646946 0.00602515
v 0.00865722 -0.05825721 0.00717085
v 0.00850049 -0.05997674 0.00778030
v 0.00838696 -0.06552546 0.00798125
v 0.01304436 0.02246771 -0.00807799
v 0.02781825 0.06248025 0.02471539
v 0.01836725 0.06366491 0.01695055
v 0.03783989 0.00126588 0.06954240
v 0.03870125 -0.00827574 0.06852547
v 0.04039822 0.00012777 0.06467075
v 0.03605611 -0.00963219 0.07271200
v 0.04311883 -0.00645404 0.03716668
v 0.04304183 -0.02058531 0.03659851
v 0.04185716 -0.02049885 0.03252551
v 0.03856840 0.00278046 0.02589777
v 0.04047483 0.00014367 0.02962349
v 0.03809474 -0.01526279 0.02450194
v 0.03726594 0.00222525 0.02365897
v 0.02570343 -0.05247995 -0.00096510
v 0.02456063 -0.04140557 0.00476848
v 0.04147919 -0.01101883 0.06263478
v 0.04156830 0.00021613 0.06173323
v 0.04072012 -0.02152851 0.02967564
v 0.02661720 -0.05451535 -0.00523401
v 0.02616317 -0.05102491 -0.00299201
v 0.02674156 -0.05348379 -0.00573679
v 0.04285391 -0.00927052 0.05829532
v 0.04246809 0.00064661 0.05885069
v 0.04380937 -0.01128666 0.05381421
v 0.04320740 0.00907238 0.05363065
v 0.04399146 0.00083826 0.04986678
v 0.04418547 -0.00958702 0.05032831
v 0.04422955 -0.02025018 0.04975614
v 0.04407645 -0.00049695 0.04521449
v 0.04407410 -0.00937612 0.04266970
v 0.04215191 -0.02161421 0.06051351
v 0.04342328 0.00523397 0.04053775
v 0.04332074 -0.02180015 0.05608066
v 0.04428523 -0.02084903 0.04597007
v 0.02902832 0.00054459 0.08022974
v 0.02485427 -0.00167947 0.08357085
v 0.02781291 -0.00910786 0.08145839
v 0.04210734 0.01336893 0.03597563
v 0.03200259 -0.00469521 0.07751330
v 0.03609972 0.00002583 0.07231110
v 0.03340244 0.00576760 0.07546076
v 0.04183755 0.00060424 0.03323933
v 0.03268559 -0.01188360 0.07688022
v 0.00510780 0.04258732 0.08515751
v -0.00110852 0.04275141 0.08521396
v -0.00060985 0.03836834 0.08655264
v 0.01121823 0.03935042 0.08503872
v 0.00737067 0.03679609 0.08633734
v 0.00914648 0.02831914 0.08750939
v 0.01279681 0.02742396 0.08687311
v 0.00235079 0.02586810 0.08863091
v 0.00255994 0.03669917 0.08686811
v -0.00106027 0.02965654 0.08821538
v -0.00430579 0.02642029 0.08846677
v 0.00764368 0.02244936 0.08845068
v 0.00574824 0.00886041 0.08981402
v 0.01010488 0.00789166 0.08922093
v 0.01122555 0.02168349 0.08792220
v -0.00417174 0.03178314 0.08767652
v 0.00047331 0.01760807 0.08960135
v 0.01465417 0.00766446 0.08812038
v 0.01235503 -0.00272990 0.08915377
v -0.00740940 0.03081306 0.08733983
v -0.00539263 0.01833529 0.08922604
v 0.00060395 0.00292950 0.09054589
v -0.00235645 0.00546034 0.09039252
v 0.00514875 -0.00323973 0.09044868
v -0.00623032 0.01081066 0.08970147
v -0.00790993 0.01777039 0.08886583
v 0.01164998 0.04883547 0.08138654
v 0.00512234 0.04492339 0.08433153
v 0.01033245 0.04436391 0.08371018
v 0.01256483 0.04552169 0.08269217
v 0.00652730 0.04821153 0.08264387
v 0.00410728 0.04759090 0.08310096
v -0.00643774 0.04447673 0.08372632
v -0.00701198 0.03796207 0.08594861
v 0.01475656 0.01508443 0.08761474
v -0.00564540 -0.00408073 0.09044252
v 0.02793871 0.02636827 -0.01057481
v -0.00849843 -0.00817976 0.09006266
v -0.00608619 0.04687941 0.08227783
v 0.01311993 0.05117416 0.07948991
v 0.02301123 -0.02206617 0.08467260
v 0.02535339 -0.02216283 0.08315296
v 0.02072358 -0.01264975 0.08609261
v 0.01795660 -0.00699692 0.08737123
v 0.01954173 -0.02327906 0.08644541
v 0.01482525 -0.01179049 0.08858310
v 0.01389786 -0.02119149 0.08886273
v -0.01521962 -0.05217066 0.08522303
v -0.02176487 -0.05456668 0.08274321
v -0.01823971 -0.05950467 0.08634919
v -0.02314889 -0.05943954 0.08371047
v -0.02630549 -0.05922883 0.08147990
v -0.02451469 -0.06298717 0.08359767
v -0.02828445 -0.05184927 0.07685979
v -0.03185483 -0.05751940 0.07575220
v -0.00976939 -0.06367966 0.08991101
v -0.01417755 -0.06094089 0.08830408
v -0.01677982 -0.06595498 0.08782133
v 0.02575180 0.01622345 0.00096342
v 0.02552689 0.01139563 0.00457389
v -0.01846410 -0.06179522 0.08677766
v -0.02785788 -0.06581528 0.08132942
v -0.00981085 -0.06604196 0.08996440
v -0.00963547 -0.06055752 0.08948272
v -0.02345165 -0.05190895 0.08077385
v -0.00913774 -0.05411564 0.08760057
v -0.02329301 -0.06587203 0.08452567
v -0.03277664 -0.06115183 0.07612500
v -0.03190084 -0.06576388 0.07762561
v -0.03476881 -0.05933650 0.07308076
v -0.03317055 -0.05240081 0.07161134
v -0.03531688 -0.06571972 0.07365314
v 0.02704466 0.05400102 0.06930874
v 0.01310569 0.05057942 0.07928377
v 0.02084454 0.05336973 0.07469358
v -0.01819344 -0.06519900 0.00993275
v -0.01072713 -0.06598992 0.00713121
v -0.00982754 -0.06530044 0.00657118
v -0.02434532 -0.06582533 0.01358375
v -0.02581962 -0.06510743 0.01471114
v -0.03100131 -0.06574631 0.01959301
v -0.03405224 -0.06501016 0.02348554
v -0.03770077 -0.06566885 0.02984977
v -0.03950826 -0.06494853 0.03453909
v -0.04127800 -0.06563116 0.04311619
v -0.04112199 -0.06493213 0.04188873
v -0.04046317 -0.06494707 0.05591575
v -0.04032106 -0.06564961 0.05656435
v -0.03798908 -0.06568176 0.06351723
v -0.03816248 -0.06497894 0.06309933
v -0.03381750 -0.06573666 0.07089158
v -0.03440335 -0.06502867 0.07002347
v -0.02872116 -0.06510199 0.07676212
v -0.02401567 -0.06586228 0.08062825
v -0.01641101 -0.06525772 0.08486558
v -0.01172155 -0.06601680 0.08654936
v -0.00918274 -0.06534792 0.08717410
v -0.00703868 -0.06607497 0.08760307
v -0.00787813 -0.05945876 0.00406402
v -0.00643557 -0.05339046 -0.00209704
v -0.00588353 -0.05374564 -0.00460906
v -0.00589399 -0.05304586 -0.00451816
v -0.00674376 -0.05465305 -0.00077897
v -0.00705421 -0.05467399 0.00061902
v -0.00754799 -0.05670656 0.00273045
v -0.00460809 -0.05376164 -0.01035098
v -0.00460461 -0.05306485 -0.01034459
v 0.02742706 0.02435475 -0.00759790
v 0.02640701 0.01996743 -0.00246343
v -0.03279620 -0.02032689 0.07603980
v -0.03080866 -0.02101146 0.07815560
v -0.02807977 -0.01098493 0.08049966
v -0.02336972 -0.00003985 0.08345725
v -0.02529429 -0.00443837 0.08239322
v -0.02171263 -0.01983012 0.08513793
v -0.01942124 -0.00955244 0.08617775
v -0.01866397 0.00541457 0.08590367
v -0.03041284 0.00166973 0.07789358
v -0.01613664 -0.00341771 0.08753672
v -0.02696371 -0.02083890 0.08157977
v -0.03351421 -0.00050212 0.07473743
v -0.03645406 -0.00372761 0.07089356
v -0.03816547 -0.00638493 0.06806777
v -0.03702416 -0.02075507 0.07034677
v -0.01774895 -0.02104723 0.08716658
v -0.01365634 -0.02103645 0.08876548
v -0.01384203 0.01131926 0.08767379
v -0.01136686 -0.00243915 0.08919559
v -0.02529770 0.00526715 0.08184099
v -0.03786482 0.00218798 0.06797686
v -0.02738996 0.00486926 0.08031460
v -0.00911185 -0.01014628 0.08994705
v -0.00873966 0.00900257 0.08934101
v -0.00925841 -0.02177602 0.08995619
v 0.02906704 0.02948105 -0.01629879
v -0.00810313 -0.06532053 0.00432482
v 0.03865541 -0.02357396 0.02592212
v 0.04042666 -0.02567093 0.03036502
v 0.04369307 -0.02565057 0.04460705
v 0.04387382 -0.02088773 0.04115003
v 0.04341882 -0.02575623 0.05253056
v 0.04307926 -0.02783774 0.05027129
v 0.04113787 -0.03438592 0.04897002
v 0.04258126 -0.02580050 0.05712570
v 0.03966328 -0.03505148 0.03661354
v 0.04205462 -0.02560885 0.03498499
v 0.04302325 -0.02565207 0.03921399
v 0.04164264 -0.03146265 0.04156731
v 0.03589650 -0.03421092 0.02681162
v 0.03690753 -0.02679536 0.02413930
v 0.03888720 -0.02784529 0.02832409
v 0.04101460 -0.03494065 0.04575174
v 0.03373082 -0.02594065 0.01906223
v 0.02968586 0.03133513 -0.02112970
v 0.03693023 -0.02136086 0.02275244
v 0.02973219 -0.03535541 0.01761400
v 0.02673208 -0.03351457 0.01304034
v 0.01805119 0.03935357 -0.02692739
v 0.03178020 -0.02543450 0.01640274
v 0.03130743 -0.02228364 0.01556196
v 0.02796743 -0.02431582 0.01243359
v 0.02676833 -0.02755333 0.01147389
v 0.00449208 0.04712018 0.08278492
v 0.03491625 0.06014851 0.03830506
v 0.03269698 0.06182714 0.03224434
v 0.00877824 0.06395692 0.01347234
v 0.03503531 0.06066467 0.03882740
v 0.03595873 0.05906176 0.04750539
v 0.03597925 0.05875173 0.04590910
v 0.03444153 0.05667647 0.05663027
v 0.03358409 0.05679050 0.05909269
v 0.03157141 0.05592830 0.06326297
v 0.02771731 0.05476070 0.06866137
v -0.01727759 -0.02604326 0.08665015
v -0.01523845 -0.02341145 0.08801814
v -0.02411494 -0.02545317 0.08301451
v -0.02796560 -0.02353789 0.08051340
v -0.02179978 -0.02318052 0.08491033
v -0.03217155 -0.02585308 0.07578633
v -0.03525541 -0.02552818 0.07201125
v -0.03050762 -0.03333015 0.07443193
v -0.02274478 -0.03464522 0.08084463
v -0.02667909 -0.02592343 0.08097898
v -0.03402583 -0.02369868 0.07422720
v -0.02720850 -0.03130267 0.07844902
v -0.00882879 -0.03243211 0.08742301
v -0.00913954 -0.02689262 0.08913370
v -0.01299426 -0.03354925 0.08597643
v -0.01761547 -0.03349376 0.08410045
v 0.03228589 -0.04454783 0.02314095
v 0.03484358 -0.04166706 0.02723217
v 0.03596466 -0.04785943 0.02906697
v 0.03515980 -0.03792739 0.02701147
v 0.02613299 -0.04016127 0.01357940
v 0.02599852 -0.04523378 0.01358030
v 0.02734412 -0.04952503 0.01534954
v 0.03349347 -0.05357327 0.02286704
v 0.03183899 -0.04923554 0.02182814
v 0.03392605 -0.06130138 0.01993381
v 0.03107134 -0.05470654 0.01901519
v 0.02916781 -0.05344703 -0.00514599
v 0.02719435 -0.05396175 0.00442923
v 0.02962507 -0.05398297 -0.00451383
v 0.03780761 -0.06067827 0.02603886
v 0.03608175 -0.06313867 0.02244078
v 0.03334626 -0.06653895 0.01860593
v 0.02661702 -0.04345848 0.00384428
v 0.03639859 -0.05251747 0.02825208
v 0.02658363 -0.02440127 0.01456339
v 0.02486718 -0.02433980 0.01282660
v 0.02490930 -0.02472114 0.01386944
v 0.02334473 -0.02532808 0.01112460
v 0.02511373 -0.02438068 0.01170921
v 0.02317323 -0.06640907 0.00975734
v 0.02343072 -0.06641339 0.01220718
v 0.02550791 -0.03668809 0.00767215
v 0.02463019 -0.06642921 0.01418993
v 0.00594937 0.03084488 -0.05548144
v 0.00210282 0.03120923 -0.05392047
v 0.00586283 0.03554651 -0.04045701
v 0.00618845 0.02948035 -0.05939732
v -0.00837252 0.02800524 -0.05932757
v -0.00522782 0.02986687 -0.05407475
v -0.03120650 0.01357429 0.01104187
v -0.03203211 0.01108213 0.01237739
v -0.03241523 0.01042808 0.01499520
v -0.00822707 0.02996472 -0.04938522
v -0.00359175 0.03191056 -0.04788375
v -0.00928516 0.03012870 -0.04551983
v -0.00799479 0.03232162 -0.04006903
v -0.02860403 0.01840237 0.00379884
v -0.02936172 0.01846545 0.00774474
v -0.00102066 0.03230625 -0.04880391
v -0.02322472 0.02374809 -0.01654582
v -0.02328821 0.02330450 -0.01207457
v -0.01638074 0.02774420 -0.03615643
v -0.00011574 0.02912455 -0.05986034
v 0.02566418 -0.03063162 0.01019938
v -0.01334692 0.02879596 -0.03802881
v -0.01592649 0.02772377 -0.03095907
v -0.02905465 0.01876773 0.00039949
v -0.03131231 0.01550551 0.00665248
v -0.02668579 0.02185717 0.00087887
v -0.02050207 0.02518006 -0.01915978
v -0.01918988 0.02715527 -0.01883783
v -0.01549206 0.02935907 -0.02725465
v -0.01254984 0.03100508 -0.03254467
v -0.01075875 0.03091188 -0.03773888
v -0.03430628 -0.01384368 0.01602677
v -0.03425651 -0.00080391 0.01473020
v -0.03476729 -0.01762421 0.01545536
v -0.03311964 0.00447069 0.01480843
v -0.03395217 -0.00650996 0.01660115
v -0.03343602 0.00373362 0.01681100
v -0.01281724 0.02918163 -0.04623374
v 0.03006052 0.03279344 -0.02672830
v -0.01062301 0.03430751 -0.02958832
v 0.02986748 0.03332230 -0.02992045
v -0.01046064 0.02902485 -0.05339647
v -0.03321421 0.01013842 0.01190241
v 0.02690242 0.03377379 -0.03590283
v 0.02504462 -0.02006681 0.01232403
v 0.02567752 -0.01516503 0.01271192
v 0.02326299 -0.01425279 0.01214560
v 0.03957639 0.04928993 0.04650553
v 0.03978288 0.04490097 0.05188214
v 0.04204113 0.03039679 0.04780721
v 0.03167543 0.05400444 0.06583301
v 0.02961424 0.04937459 0.07095817
v 0.03439292 0.05470552 0.06131585
v 0.04111374 0.03640950 0.05082759
v 0.04235100 0.01661445 0.05553623
v 0.04309867 0.01722771 0.04987874
v 0.02352601 -0.00641049 0.01139242
v 0.03792500 0.05568645 0.03991478
v 0.03787559 0.05698967 0.04494545
v 0.03973635 0.04628703 0.04034754
v 0.03514605 0.05267081 0.06162937
v 0.03460063 0.04869344 0.06463552
v 0.03743170 0.05719985 0.04906457
v 0.03900548 0.05231403 0.04722743
v 0.03499256 0.04221846 0.06645152
v 0.03607371 0.03414519 0.06708006
v 0.03786533 0.03790089 0.06224387
v 0.03704993 0.05041871 0.03215238
v 0.04004323 0.03908765 0.03658523
v 0.03933626 0.03950006 0.03410348
v 0.03719661 0.05308359 0.05644540
v 0.02552330 -0.03732462 0.01123485
v 0.04207280 0.00904676 0.05876971
v 0.03494749 0.04729440 0.02631276
v 0.03429537 0.05704793 0.02924147
v 0.04068199 0.03620438 0.05377103
v 0.02524074 0.04640261 0.07603960
v 0.02773049 0.04465898 0.07462782
v 0.03707052 0.04038555 0.02844775
v 0.04024334 0.02966922 0.03362777
v 0.04092833 0.03040264 0.03636511
v 0.04105043 0.01551631 0.03283121
v 0.03871659 0.02501979 0.06427316
v 0.03649489 0.02196489 0.06914958
v 0.03921122 0.01475883 0.06535032
v 0.03947295 0.00827397 0.06577695
v 0.03628179 0.05699931 0.05391111
v 0.03779263 0.05416768 0.03725788
v 0.03814974 0.05253258 0.05336747
v 0.02589840 0.03722318 0.07842043
v 0.02106451 0.04034150 0.08091254
v 0.02144179 0.03103840 0.08289286
v 0.02971132 0.03306429 0.07588281
v 0.02647564 0.03124377 0.07926267
v 0.02849399 0.02838844 0.07800245
v 0.02595984 -0.03756813 0.00792429
v 0.03293508 0.02899044 0.07299942
v 0.04357970 0.00899571 0.04331929
v 0.03197396 0.04388050 0.07030629
v 0.03274146 0.03955743 0.07066634
v 0.04318671 0.01767911 0.04661630
v 0.03689379 0.03179903 0.02618791
v 0.03544471 0.01026015 0.07243304
v 0.03227169 0.06096601 0.02861574
v 0.03414086 0.05919988 0.03058022
v 0.02748130 0.05279297 0.07100395
v 0.04221610 0.02364408 0.03987921
v 0.03606532 0.05713434 0.03368792
v 0.03617815 0.05948439 0.03811017
v 0.03674233 0.05866374 0.04667626
v 0.04071616 0.02915174 0.05738369
v 0.03940687 0.03984666 0.05705262
v 0.04011175 0.02258836 0.06148257
v 0.03353296 0.02006730 0.07377230
v 0.02454887 0.04889127 0.07549014
v 0.02245019 0.04611102 0.07806024
v 0.03018389 0.01505263 0.07816676
v 0.03946291 0.02317916 0.03001037
v 0.02849325 -0.01448415 0.01555947
v 0.02130998 0.05103760 0.07632609
v 0.03841911 0.01563783 0.02668363
v 0.02769320 0.02122048 0.07979133
v 0.04122473 0.03776100 0.04454095
v 0.03040948 -0.01537530 0.01675147
v 0.03536940 -0.02449498 0.02378048
v 0.03363154 -0.02049791 0.02117867
v 0.03216783 -0.03986900 0.02735917
v 0.03294647 -0.03330696 0.02645927
v 0.03291117 -0.01822437 0.01950705
v 0.03401518 -0.02795781 0.02500597
v 0.03408625 -0.02449704 0.02350478
v 0.02281535 -0.01425279 0.01415581
v 0.02306701 -0.01304768 0.01308930
v 0.02811364 0.00827112 0.08063108
v 0.03012555 -0.05099210 0.02366782
v 0.02925322 -0.04498921 0.02332355
v 0.02985376 -0.03956904 0.02399283
v 0.02467541 0.01003850 0.08320866
v 0.02316547 -0.00952897 0.01284234
v 0.02330787 -0.00640757 0.01237581
v 0.03064859 -0.03371500 0.02334613
v 0.02491741 -0.02037856 0.01281829
v 0.03309772 -0.02445197 0.02063542
v 0.03165481 -0.02008483 0.01813437
v 0.01775610 0.02633400 0.08540885
v 0.01465032 0.03909386 0.08411038
v 0.02166470 0.02549628 0.08365425
v 0.01813211 0.03767387 0.08312791
v 0.02252356 0.01938065 0.08387978
v 0.02220339 0.00053887 0.08519284
v 0.01900482 0.01762451 0.08585416
v 0.01730647 0.05009015 0.07874139
v 0.01756756 0.04370892 0.08155958
v 0.01742077 0.00228510 0.08738738
v -0.02346493 -0.03674571 -0.06588470
v -0.01693202 -0.03812776 -0.07139631
v -0.01828114 -0.04115587 -0.06770796
v 0.00020536 -0.02766816 -0.08650187
v -0.00058129 -0.03308834 -0.08441538
v -0.00844282 -0.02801775 -0.08206805
v -0.01303069 -0.01730700 -0.08090398
v -0.01583186 -0.02042883 -0.07864331
v -0.01917001 -0.01721924 -0.07618248
v -0.00895273 -0.03099969 -0.08081169
v -0.00623483 -0.03478485 -0.08084046
v -0.01293729 -0.03495322 -0.07646392
v -0.02415501 -0.03974923 -0.06228597
v -0.01880153 -0.02409099 -0.07570858
v -0.02676346 -0.02918182 -0.06654052
v -0.02462449 -0.03378135 -0.06662975
v -0.02955309 -0.03448487 -0.05994847
v -0.02177859 -0.03332772 -0.06984809
v -0.01422448 -0.02832155 -0.07821378
v -0.02034706 -0.03093474 -0.07232972
v -0.02227943 -0.02678758 -0.07196172
v -0.01060373 -0.02110502 -0.08217312
v -0.02504444 -0.02358903 -0.06991462
v -0.00482004 -0.02631620 -0.08449231
v -0.01359800 -0.03719402 -0.07473870
v -0.01555517 -0.01375064 -0.07912510
v 0.00069164 -0.02253715 -0.08772612
v -0.00974230 -0.01428517 -0.08307114
v -0.00216484 -0.01318479 -0.08700924
v -0.00421619 -0.01935118 -0.08590621
v -0.02061871 -0.01411103 -0.07492811
v -0.02400611 -0.01268943 -0.07157286
v -0.00947734 -0.04096428 -0.07526468
v -0.00577420 -0.04978955 -0.06994923
v -0.01007523 -0.04663455 -0.06993832
v -0.00354216 -0.04475642 -0.07624518
v -0.01355138 -0.04430471 -0.06927966
v -0.00156087 -0.03793215 -0.08174823
v 0.00103081 -0.01352536 -0.08838546
v -0.01457338 -0.04829196 -0.06356262
v -0.01634395 -0.05227235 -0.05301017
v -0.01415290 -0.05568318 -0.04584596
v -0.02004070 -0.05103262 -0.04673839
v -0.01427157 -0.05107944 -0.05939630
v -0.01157425 -0.05565770 -0.05333145
v -0.01800641 -0.04860511 -0.05833294
v -0.02049806 -0.04904903 -0.05244883
v -0.02522207 -0.04077119 -0.05949399
v -0.02146291 -0.05166568 -0.02448150
v -0.02048360 -0.05161074 -0.04005888
v -0.01607742 -0.05492307 -0.04023102
v -0.02838199 -0.04237366 -0.04952092
v -0.02885204 -0.04341646 -0.04429161
v -0.03071390 -0.03898137 -0.05130831
v -0.02169650 -0.04608326 -0.05680705
v -0.02622180 -0.04155669 -0.05655937
v -0.01800007 -0.04611259 -0.06242406
v -0.02447839 -0.04799852 -0.04230669
v -0.02665771 -0.04725309 -0.02999922
v -0.02384683 -0.04611406 -0.05203455
v -0.03753873 -0.03609774 -0.03463764
v -0.03320671 -0.04075057 -0.03439485
v -0.03174507 -0.03633052 -0.05389452
v -0.02787037 -0.04538792 -0.03866094
v -0.00842156 -0.05356852 -0.06240128
v -0.03602705 -0.03645922 -0.04026074
v 0.02622921 0.03414253 -0.03695407
v 0.03031951 -0.02444822 0.01837313
v 0.02452775 -0.03307548 0.01420729
v 0.02887511 -0.03305073 0.02005324
v 0.02835523 -0.03851339 0.02111293
v 0.03072797 -0.06180039 0.01987202
v 0.02762364 -0.05576323 0.01838270
v 0.01141628 0.05580057 0.00389622
v 0.01438377 0.04746533 -0.00994459
v 0.03815408 -0.02151567 0.06941855
v 0.02923875 -0.02337881 0.07998048
v 0.03940329 -0.02330131 0.06693248
v 0.03348528 -0.02207230 0.07586810
v 0.03606608 -0.02347257 0.07239708
v 0.02561893 -0.04643649 0.00957320
v -0.00797685 -0.03679033 0.08610879
v -0.00814892 -0.03475586 0.08699894
v -0.00867373 -0.02216442 0.09006909
v -0.00798168 0.01107731 0.08881175
v -0.00812283 -0.04578173 0.08626281
v -0.00810341 -0.04851445 0.08602170
v -0.00893451 -0.05882614 0.08919020
v -0.00882613 -0.05901119 0.08869057
v -0.00922296 -0.06604886 0.09010793
v -0.00861529 -0.02529178 0.08963074
v -0.00918271 -0.06534918 0.08717403
v -0.03448505 -0.04029975 -0.02378207
v -0.03911255 -0.03515173 -0.02817250
v -0.03098306 -0.04357189 -0.02652831
v -0.02778208 -0.04696633 -0.00597041
v -0.02884062 -0.04572779 -0.02067254
v -0.03207497 -0.04291640 -0.00548810
v -0.03596121 -0.03887877 -0.01224248
v -0.04067721 -0.03351048 -0.02065082
v -0.02881713 0.01771628 -0.00277615
v -0.02612080 0.01979155 -0.00837342
v -0.02626225 0.01974260 -0.00831606
v -0.02519874 0.02080375 -0.01289001
v -0.02626001 0.01976384 -0.00841528
v -0.03080441 0.01440634 0.00502618
v -0.03252149 0.01210652 0.00753493
v -0.03139085 0.01441808 0.00433074
v -0.03231567 0.01084573 0.00928491
v -0.03338010 0.00948904 0.00973618
v -0.03418186 0.00612241 0.01097288
v -0.03313852 0.00667617 0.01152125
v -0.03488644 -0.00033484 0.01220651
v 0.00649505 -0.06564166 0.08761397
v 0.01696021 -0.06576909 0.08438132
v 0.02446828 -0.06585947 0.07989795
v 0.03285823 -0.06595872 0.07144320
v 0.03931571 -0.06603159 0.05827068
v 0.04287632 -0.06167338 0.04040196
v 0.04304593 -0.06463324 0.03935160
v 0.04253783 -0.06167279 0.03845996
v 0.03739540 -0.06599436 0.03037979
v 0.03964151 -0.06602526 0.03694493
v 0.04086016 -0.06604613 0.04886142
v 0.04216638 -0.06238900 0.05776314
v 0.04064855 -0.06061276 0.06161452
v 0.04000109 -0.06239414 0.06418262
v 0.00155842 -0.06558108 0.08813494
v 0.00151918 -0.06618075 0.08814906
v 0.04225921 -0.06666810 0.05833426
v 0.04057833 -0.06664980 0.06339058
v 0.03744611 -0.06659109 0.02433376
v 0.01203184 -0.06630945 0.08629971
v 0.02038302 -0.06641043 0.08261228
v 0.03038901 -0.06652975 0.07448890
v 0.03559633 -0.06659028 0.06719081
v 0.04186067 -0.05940855 0.05634663
v 0.03914458 -0.06662990 0.05882727
v 0.04289288 -0.06075349 0.05223859
v 0.04040357 -0.05303924 0.05415935
v 0.04079583 -0.06664314 0.04421582
v 0.01480172 -0.06267919 0.08816170
v 0.02036289 -0.05892863 0.08479099
v 0.01221275 -0.06039374 0.08860768
v 0.03693544 -0.06658828 0.02935976
v 0.02772094 -0.06646851 0.01679941
v -0.04001706 -0.01385341 0.00239081
v -0.04021913 -0.01315194 0.00094207
v -0.04102094 -0.01468926 -0.00030474
v -0.03459695 -0.04020335 -0.00507566
v -0.03562921 -0.03804697 0.00126278
v -0.04215053 -0.03063416 -0.01098441
v -0.03614630 -0.03808801 -0.00246432
v -0.04177113 -0.03166242 -0.01394911
v -0.03292586 -0.03932216 0.00923160
v -0.03962909 -0.03194202 -0.00206437
v 0.02597583 -0.05984611 0.08141317
v 0.02470290 -0.05281632 0.07981498
v 0.01836705 -0.05416575 0.08416190
v -0.03142565 -0.04288746 0.00475143
v -0.03366035 -0.03521287 0.01151272
v -0.03583571 -0.03542120 0.00574835
v -0.03689013 -0.03278479 0.00521946
v 0.04274376 -0.05918515 0.04962900
v 0.01122918 -0.06630082 0.08949388
v 0.02185617 -0.06642948 0.08504535
v 0.02305118 -0.06277916 0.08412275
v -0.04253087 -0.02773829 -0.00712378
v -0.04075673 -0.02679462 -0.00150626
v -0.03502853 -0.00655101 0.01310977
v -0.03407729 -0.01044867 0.01362425
v -0.03580905 -0.01501348 0.01301581
v -0.03412399 -0.02439610 0.01325471
v -0.00540635 -0.05265772 -0.07077780
v 0.00271094 -0.05573764 -0.06695468
v -0.00352395 -0.05707499 -0.06339277
v 0.00445362 -0.05941571 -0.05942370
v 0.00210105 -0.06088460 -0.05477087
v -0.00142330 -0.05879117 -0.06008635
v 0.04331705 -0.06667857 0.05311185
v -0.00703169 -0.05499744 -0.06638700
v -0.00449678 -0.05864040 -0.05922334
v 0.00094794 -0.06188451 -0.04981076
v -0.00267618 -0.06078552 -0.05302312
v -0.00928485 -0.05744605 -0.05977365
v -0.00251207 -0.06172188 -0.04787837
v -0.00648593 -0.06071049 -0.04902972
v 0.00738416 -0.02793016 -0.08829518
v 0.00632376 -0.03579386 -0.08536047
v 0.00105938 -0.02879625 -0.08890571
v 0.00026232 -0.03463746 -0.08664343
v 0.00161690 -0.02397523 -0.09015951
v 0.01100650 -0.02351512 -0.08869980
v 0.01106517 -0.02070292 -0.08912262
v 0.00621062 -0.04091113 -0.08239056
v -0.00061481 -0.03901983 -0.08425494
v -0.01839228 -0.05597723 -0.02795156
v -0.01899118 -0.05630296 -0.03155062
v -0.00884859 -0.06027750 -0.03753228
v 0.04351152 -0.06240619 0.04709616
v 0.00190872 -0.01918496 -0.09085143
v -0.01279983 -0.05879733 -0.04961141
v 0.00176762 -0.06247920 -0.04457833
v -0.00511027 -0.06151314 -0.04344502
v 0.00051657 -0.06235353 -0.03920021
v -0.00345542 -0.06177543 -0.03859596
v -0.00058863 -0.06140442 -0.03284322
v -0.00214040 -0.06063043 -0.03024817
v -0.00636940 -0.05926724 -0.02824960
v 0.02813530 -0.05431012 0.07741363
v 0.01126915 -0.01393796 -0.08943634
v -0.01079937 -0.05984102 -0.04191954
v 0.02913042 -0.06226933 0.07943238
v -0.01539686 -0.05815023 -0.04217273
v 0.00946113 -0.04134141 -0.08162251
v 0.03106508 -0.06072457 0.07715325
v 0.00331338 -0.04532115 -0.07933579
v 0.00869092 -0.04482575 -0.07915734
v -0.00187513 -0.05876082 0.09001561
v -0.00276294 -0.05252400 0.08806689
v -0.00249767 -0.05893911 -0.02522152
v 0.00815115 -0.04824464 -0.07615454
v 0.02803852 -0.06650383 0.08069202
v -0.00440752 -0.05755907 -0.02262793
v 0.00689609 -0.05277516 -0.07115208
v 0.00271980 -0.05297747 -0.07112020
v 0.04296340 -0.06063544 0.04263912
v 0.03289100 -0.05150412 0.07105532
v -0.00228629 -0.04507241 -0.07972039
v -0.00328602 -0.06245910 0.09071623
v 0.04373587 -0.06668118 0.04780097
v 0.00204681 -0.04961522 -0.07522124
v 0.00204383 -0.01219143 -0.09096827
v 0.00536998 -0.05695251 -0.06477071
v 0.01053054 -0.03340092 -0.08577812
v 0.03406524 -0.05932048 0.07312275
v 0.00281571 -0.05347779 0.08825831
v 0.00854949 -0.00866097 0.09012328
v 0.01097770 -0.02119443 0.08970945
v 0.00577461 -0.02096591 0.09068277
v -0.00120249 -0.00655641 0.09085416
v 0.00273714 -0.02060196 0.09096826
v 0.00195584 -0.00833728 -0.09058142
v -0.01400829 -0.05234404 -0.00540925
v -0.01600713 -0.05503552 -0.02176465
v -0.01207675 -0.05440163 -0.01795714
v -0.02366940 -0.05332924 -0.01769931
v -0.00509479 -0.05583484 -0.01939130
v -0.01680874 -0.05253659 -0.00235068
v -0.02016835 -0.05169986 -0.00409753
v 0.00445686 -0.05873477 0.08976676
v -0.00405873 -0.05395196 -0.01274836
v -0.01075648 -0.05320080 -0.01187390
v -0.01607390 -0.05223696 -0.00776271
v -0.02173973 -0.05171195 -0.00863881
v -0.02684107 -0.05093734 -0.00854812
v -0.01483148 -0.05359406 -0.00012963
v -0.00065689 -0.06249095 0.09082051
v 0.03305019 -0.06289802 0.07550208
v 0.03177773 -0.06654812 0.07718710
v 0.02613550 -0.04942800 0.01342975
v 0.00212140 -0.06618943 0.09095939
v 0.04156194 -0.05884833 0.03709059
v 0.03807893 -0.05299587 0.03168860
v 0.03975017 -0.05301762 0.03682620
v 0.02585720 -0.05118389 0.01210005
v 0.04073548 -0.06071707 0.03255703
v -0.02004517 -0.05189363 0.00041762
v 0.00792221 -0.05264615 0.08736571
v 0.04304323 -0.06666828 0.03925381
v -0.02364470 -0.05041539 0.00372792
v -0.02641765 -0.04859947 0.00294063
v -0.02130380 -0.05133029 -0.00181824
v -0.03075553 -0.04669732 0.00299760
v 0.03545622 -0.06659137 0.07271065
v -0.03229060 -0.04406485 0.00726748
v -0.02899286 -0.04584901 0.00887727
v -0.02994184 -0.04602940 0.00528623
v 0.03599896 -0.06067760 0.07096507
v 0.03574074 -0.05496538 0.06823179
v 0.04122811 -0.06664264 0.03234738
v 0.02710849 -0.06645899 0.01252526
v 0.00458857 -0.06255469 0.09055615
v -0.02862836 -0.00168119 -0.05990757
v -0.02883222 -0.00236411 -0.06077977
v -0.02768363 -0.00625795 -0.06377269
v -0.02703721 -0.00710245 -0.06406394
v -0.03176697 0.00183244 -0.05087263
v -0.03335366 0.00161410 -0.04761582
v -0.03077561 0.00099409 -0.05534178
v -0.02696388 -0.01149449 -0.06559879
v -0.02640048 -0.01366292 -0.06571893
v 0.00043928 0.00692890 -0.08559263
v 0.00093306 0.00368085 -0.08717080
v -0.00081369 0.01285879 -0.08177627
v 0.03875514 -0.06059539 0.06610046
v 0.03735835 -0.05388721 0.06448872
v 0.00138444 -0.00005351 -0.08861832
v -0.03817022 -0.00430991 0.02560847
v -0.04117284 -0.00545023 0.03323216
v -0.03775587 0.01296492 0.02740960
v 0.00845994 -0.06257807 0.08994766
v -0.03863959 -0.01721600 0.02571991
v -0.03782960 -0.00999286 0.02421436
v -0.03792426 -0.02181921 0.02488909
v -0.04240075 -0.00516262 0.03794618
v -0.04197508 -0.01313895 0.03509056
v -0.04224935 -0.02060933 0.03574235
v -0.03997804 -0.01688942 0.02887203
v -0.04112963 0.00453443 0.03505019
v 0.03716349 -0.06479014 0.07010579
v 0.01156959 -0.05268141 0.08646528
v -0.03507137 -0.02791067 -0.04141722
v -0.03455295 -0.02982481 -0.04502472
v -0.03695884 -0.02133061 -0.03614489
v -0.03617569 -0.02348923 -0.03724074
v -0.03270594 -0.03079531 -0.04925950
v -0.03198911 -0.03062898 -0.05297391
v -0.03667853 -0.01861078 -0.03511685
v -0.03725679 -0.01478351 -0.03469672
v -0.03514185 -0.00211759 -0.04003335
v -0.03657057 -0.00610250 -0.03689137
v -0.03455762 0.00033401 -0.04375635
v -0.03672304 -0.01284625 -0.03467096
v -0.03328323 0.00129661 -0.04619420
v -0.03599113 -0.00561788 -0.03709975
v -0.02973123 -0.02881630 -0.05784196
v -0.02865891 -0.02544539 -0.06196323
v -0.03099011 -0.02984685 -0.05582893
v -0.02718210 -0.02181789 -0.06415789
v -0.02720372 -0.01914289 -0.06527257
v -0.04241208 -0.00598026 -0.00517090
v -0.04261849 -0.02284259 -0.00517565
v -0.04233377 -0.00335571 -0.00584226
v -0.01918683 0.02442442 -0.02832137
v -0.03913972 -0.01846605 0.00457877
v -0.03567513 -0.02026707 0.01280848
v -0.03502394 -0.02576463 0.01257115
v 0.03918314 -0.06661511 0.02748009
v 0.03829947 -0.06662414 0.06820630
v -0.03592447 0.00751385 -0.03865671
v -0.02899430 0.01284734 -0.04703477
v -0.03199327 0.00752228 -0.05155878
v -0.02795473 0.01496024 -0.04348733
v -0.02314303 0.01808777 -0.04884298
v -0.01927596 0.01778402 -0.05778578
v -0.02383157 0.01643726 -0.05160572
v 0.03952029 -0.05496556 0.05980062
v -0.01684139 0.02176368 -0.05340784
v -0.01571727 0.02057185 -0.05805039
v -0.00842339 0.02494230 -0.05955281
v -0.01045334 0.02629011 -0.05361050
v -0.01524223 0.02500097 -0.04723080
v -0.01294235 0.02681735 -0.04636599
v -0.02728393 0.01131449 -0.05513003
v -0.02900729 0.01129155 -0.05111276
v -0.03573183 -0.01048811 0.01284807
v -0.00636253 0.02590673 -0.06529470
v -0.00328922 0.01646896 -0.07475907
v -0.00211936 0.01734245 -0.07783525
v -0.00206931 0.01265887 -0.07843825
v -0.00629138 0.02253045 -0.06582578
v -0.00117717 0.00906694 -0.08115722
v -0.00362643 0.02116906 -0.07340162
v -0.00038547 0.00495405 -0.08360478
v -0.00467816 0.01972118 -0.07060973
v 0.00035635 -0.00043891 -0.08595186
v -0.00852461 0.01687968 0.08881395
v -0.00815383 0.02401060 0.08754339
v -0.00771011 0.03394555 0.08609986
v 0.00080399 -0.00583284 -0.08744793
v -0.01477112 0.02644268 -0.04107247
v -0.04015297 -0.02236744 0.02998421
v -0.03976769 -0.02639255 0.03087829
v -0.02468657 -0.00642157 -0.07018340
v -0.03971218 0.00528609 -0.02312455
v -0.03833611 0.00650630 -0.02928277
v -0.04212412 -0.00023725 -0.00783786
v -0.04188598 0.00131244 -0.00988222
v -0.02600824 -0.00104492 -0.06740610
v -0.04093179 0.00360131 -0.01657587
v -0.03761586 0.00693580 -0.03223041
v -0.02883308 0.00509479 -0.06053500
v -0.01615191 0.00287692 -0.07496208
v -0.00997667 0.00382948 -0.07892900
v -0.01320306 -0.00022652 -0.07840385
v -0.02066136 0.01237425 -0.06383001
v -0.01959210 0.01099208 -0.06646988
v -0.02662644 0.00980707 -0.05872279
v -0.04044267 -0.02697724 0.06104450
v -0.04251286 -0.02439700 0.05568999
v -0.04001178 -0.03320239 0.05590226
v -0.03801981 -0.03320437 0.06238162
v -0.00504223 0.00026825 -0.08318032
v -0.00893858 0.01017820 -0.07605859
v -0.01695281 0.00933477 -0.07044710
v -0.01104375 0.01341513 -0.07207603
v -0.04328711 -0.02304399 0.05205458
v -0.04247889 -0.02706465 0.05197023
v -0.04288765 -0.02545976 0.04212508
v -0.00916281 0.01616337 -0.07099810
v -0.03824444 -0.02290009 0.06803291
v -0.03944806 -0.02067393 0.06594507
v -0.04255167 -0.02059153 0.05712202
v -0.03817998 -0.02709309 0.06635120
v -0.01191297 0.02116156 -0.06211751
v -0.01204168 0.01606395 -0.06870703
v -0.01660148 0.01576366 -0.06452377
v -0.04035827 -0.02491757 0.06269398
v -0.03359076 -0.03329299 0.07053541
v -0.04276272 -0.02700077 0.04820503
v -0.04094814 -0.03312949 0.04917468
v -0.02242360 0.01435830 -0.05872806
v -0.01628276 -0.00388027 -0.07722897
v -0.01551639 -0.00990513 -0.07889099
v -0.01919234 -0.00483307 -0.07508793
v -0.01072357 -0.00519422 -0.08142618
v -0.04354944 -0.02271857 0.04464150
v -0.00524611 -0.01013369 -0.08532148
v -0.04160932 -0.02043646 0.06049417
v -0.00791543 -0.00262636 -0.08249302
v -0.04372572 -0.02053786 0.04670287
v -0.04056820 -0.03322873 0.05284042
v -0.02286886 0.00049317 -0.07006259
v -0.02105229 0.00533657 -0.06935367
v -0.04068484 -0.02057442 0.06307901
v -0.02484609 0.00534154 -0.06534979
v -0.03646745 -0.03328571 0.06574872
v -0.03460792 0.01110844 -0.02465642
v -0.03042332 0.01490811 -0.02953335
v -0.03678829 0.00903222 -0.01552058
v -0.01924836 0.02344927 -0.03879189
v -0.04327140 -0.02050501 0.04076054
v -0.03175275 0.01453067 -0.01655596
v -0.01992747 0.02222747 -0.04326395
v -0.03843686 0.00694184 -0.01322366
v -0.04095418 -0.03321891 0.04543925
v -0.03822119 0.00672638 -0.00618593
v -0.02725030 0.01803166 -0.02788068
v -0.03360086 0.01273195 -0.00935492
v -0.03495448 0.01092016 -0.00372768
v -0.03698196 0.00769096 -0.00131124
v -0.03718049 0.00254175 0.00548917
v -0.02358508 0.05179168 0.07104760
v -0.03783950 0.00532517 0.00060104
v -0.02131249 0.04930436 0.07411849
v -0.02467279 0.01960081 -0.03430468
v -0.01968965 0.04899700 0.07616204
v -0.02410905 0.04031324 0.07711262
v -0.03015424 0.04060336 0.07112051
v -0.02852225 0.03478426 0.07495133
v -0.02521539 0.03282102 0.07830758
v -0.03346875 0.01091002 -0.03595098
v -0.01281833 0.02900789 0.08609273
v -0.01662864 0.02059999 0.08560028
v -0.01737550 0.03190581 0.08350155
v -0.02093863 0.03513147 0.08072875
v -0.02425979 0.02182414 0.08090347
v -0.03919271 -0.00406958 0.00295335
v -0.00815312 0.02732465 0.08772418
v -0.02761826 0.04998311 0.06864047
v -0.02852645 0.05215323 0.06572001
v -0.03145576 0.04897095 0.06443458
v 0.01060480 0.00099423 -0.08678315
v 0.01161401 -0.00258357 -0.08771641
v -0.02555026 0.04360358 0.07460202
v 0.00306337 0.01733609 -0.07769445
v -0.01718940 0.03537618 0.08287805
v 0.00840650 0.01420845 -0.07981597
v 0.01024788 0.00387125 -0.08570069
v 0.00891164 0.01090554 -0.08211191
v 0.00120490 0.02598320 -0.06664842
v 0.00319817 0.02371018 -0.07029341
v -0.01208468 0.03880555 0.08429765
v 0.01128621 -0.00652579 -0.08868053
v -0.03361210 0.01201899 0.07361115
v 0.01132228 -0.01013090 -0.08919048
v 0.00216434 0.02041238 -0.07450795
v -0.00777655 0.03507257 0.08646163
v -0.03674091 0.01196809 0.06884946
v 0.00888184 0.02113850 -0.07305019
v 0.00968231 0.01793770 -0.07632742
v 0.00634005 0.02808594 -0.06264752
v 0.00881246 0.02600092 -0.06616656
v -0.01917126 0.04305725 0.07954002
v -0.01651263 0.04112071 0.08167510
v -0.03211474 0.01152947 0.07539921
v -0.00912501 -0.02118880 0.08938771
v -0.03448603 0.02311173 0.07063466
v -0.03772474 0.01891130 0.06549335
v -0.03389610 0.03051845 0.06960043
v -0.02389716 0.04634916 0.07469048
v -0.01132967 0.04466107 0.08236074
v -0.00716060 0.04326297 0.08414458
v -0.02765503 0.02032432 0.07857966
v -0.02967308 0.02497597 0.07605747
v -0.04120885 -0.06317582 0.06292810
v -0.04211267 -0.06562946 0.06074595
v -0.04019550 -0.06565561 0.06553593
v -0.03141431 0.02799817 0.07361072
v -0.04341627 -0.05912066 0.04923454
v -0.04128938 -0.05227944 0.04855119
v -0.04105892 -0.05172411 0.04394495
v -0.04233803 -0.05729223 0.03992493
v -0.04213965 -0.06239359 0.05999014
v -0.04381227 -0.06234315 0.04195305
v -0.03892364 -0.05897768 0.06619235
v -0.03550343 -0.05156733 0.06770845
v -0.04392910 -0.06218417 0.05071938
v -0.04308015 -0.05929518 0.05314448
v -0.04401832 -0.06176928 0.04807504
v -0.04364638 -0.06560761 0.05461301
v -0.03773741 -0.05176661 0.06344225
v -0.04428482 -0.06559588 0.04697509
v -0.03827858 -0.06568093 0.06922206
v -0.03648467 -0.06322542 0.07186291
v -0.04087200 -0.05928130 0.06185573
v -0.04148842 -0.05723426 0.05789178
v -0.04080753 -0.05229447 0.05348736
v -0.03959239 -0.05173239 0.05826482
v -0.03283937 0.03475044 0.06983046
v -0.03424871 0.04065839 0.06472117
v -0.00233842 -0.02096860 0.09095366
v 0.01589381 -0.03154027 0.08568758
v 0.01856422 -0.03180026 0.08440147
v 0.02327600 -0.02566720 0.08394390
v 0.03038741 -0.02564961 0.07843663
v 0.02750039 -0.02714126 0.08046720
v 0.00192298 -0.02287731 0.09089964
v -0.00417555 -0.02545877 0.09029546
v -0.00444391 -0.03246339 0.08818527
v -0.00073796 -0.02553592 0.09050543
v 0.00396954 -0.02744460 0.08987191
v -0.03043710 0.04448306 0.06879172
v 0.00822742 -0.02514561 0.08986901
v 0.01060208 -0.02823467 0.08852939
v 0.02911099 -0.03423005 0.07611143
v 0.00573064 -0.03546654 0.08737551
v 0.01175773 -0.03276677 0.08674441
v 0.01441007 -0.02541721 0.08819751
v 0.03171236 -0.03366974 0.07350598
v 0.03524085 -0.02585022 0.07285764
v 0.03803414 -0.02757962 0.06762022
v 0.03679962 -0.03563530 0.06480432
v 0.04118914 -0.02352066 0.06286661
v 0.04022276 -0.02739623 0.06312332
v 0.04002887 -0.03135312 0.05981594
v 0.02111732 -0.03712709 0.08158927
v 0.02631392 -0.03715996 0.07784129
v 0.03909825 -0.03803195 0.05737049
v 0.04025925 -0.03731956 0.05191626
v 0.03824476 -0.03802496 0.06019901
v 0.00545608 -0.05016571 0.08725867
v 0.00984152 -0.04314115 0.08578401
v 0.00552077 -0.04673756 0.08679638
v 0.03968148 -0.04918115 0.03972625
v -0.00468662 -0.04049349 0.08680919
v 0.00044418 -0.03757285 0.08739881
v 0.00487483 -0.04170594 0.08673614
v 0.00035885 -0.04473343 0.08705479
v 0.03551551 -0.05086462 0.06670838
v 0.03488075 -0.04598137 0.06671451
v 0.03082595 -0.04723181 0.07274508
v 0.03985492 -0.04496725 0.05054226
v 0.04001975 -0.04212014 0.04580149
v 0.04046828 -0.05029789 0.04578045
v 0.01140402 -0.04822999 0.08567360
v 0.01949680 -0.04410887 0.08194517
v 0.03882045 -0.04495908 0.05672648
v -0.00488008 -0.04383812 0.08671402
v 0.01702606 -0.03835912 0.08356869
v 0.03987699 -0.05031809 0.05404475
v 0.02511589 -0.04210031 0.07817909
v 0.03782649 -0.04495003 0.06008002
v 0.02380258 -0.04589332 0.07924551
v 0.02741116 -0.04289669 0.07616237
v 0.01363338 0.04782834 -0.00931264
v 0.01743189 0.04004095 -0.02686873
v 0.00956252 0.06111168 0.00977851
v 0.01071913 0.05610141 0.00428550
v 0.01029542 0.05828280 0.00631660
v 0.01413895 0.04727627 -0.01162177
v 0.01271695 0.05094519 -0.00500803
v 0.01146185 0.05454435 0.00084868
v 0.02841305 -0.04725357 0.07538957
v 0.00181730 0.06057987 0.00791656
v 0.00714051 0.05771505 0.00495993
v -0.00111615 0.05855842 0.00574542
v 0.02150667 -0.05002594 0.08134306
v 0.01227445 -0.03829992 0.08541462
v -0.02608643 0.05901260 0.02066814
v -0.02958155 0.05638144 0.02366739
v -0.03087983 0.05843343 0.02906217
v 0.03658269 -0.03677175 0.02930741
v 0.03350339 -0.03703116 0.06993376
v -0.00116552 0.06348990 0.01086317
v 0.00425221 0.06357298 0.01113295
v 0.03681141 -0.04202566 0.03125116
v -0.02763113 0.05699859 0.02093930
v 0.03336555 -0.04318630 0.06907517
v 0.03919512 -0.03802256 0.03702605
v 0.00936229 -0.03767805 0.08632126
v -0.01843559 0.03110381 -0.01596588
v 0.04016557 -0.03865312 0.04305042
v 0.03823033 -0.04729907 0.03478199
v -0.02905838 0.05338429 0.02097649
v -0.02643140 0.05529526 0.01814383
v 0.03892090 -0.04235462 0.03763355
v 0.03181631 -0.04013802 0.07155412
v -0.01835425 0.04182333 -0.00098928
v -0.02280856 0.03469923 0.00001199
v -0.02193139 0.03890393 0.00230508
v 0.01691252 -0.04827264 0.08358137
v 0.03706364 -0.05020880 0.06330481
v -0.01798321 0.03467086 -0.01185663
v -0.01114293 0.03790079 -0.02050400
v -0.00727255 0.04274558 -0.01540008
v -0.00779373 0.03649754 -0.02895716
v -0.03155589 0.05441294 0.02628771
v -0.01137511 0.04296141 -0.01013285
v -0.00600369 0.04701972 -0.00846676
v -0.01241487 0.06235012 0.01261341
v -0.01994644 0.05966525 0.01458183
v -0.01938370 0.06203121 0.01731684
v -0.02950415 0.04197923 0.01766244
v -0.03144443 0.05076853 0.02427282
v -0.02383870 0.02985848 -0.00204386
v -0.04333752 -0.01233996 0.05184228
v -0.04274567 0.00307021 0.05104902
v -0.04356092 -0.01130247 0.04834905
v -0.04354811 -0.01132145 0.04540709
v -0.00671870 0.06220503 0.01022833
v -0.03901945 0.00083563 0.06574898
v -0.04267779 0.00399983 0.04313171
v -0.04091881 -0.00622940 0.06175199
v -0.04308493 -0.00378776 0.04268477
v -0.04194037 -0.00767746 0.05856425
v -0.04264680 -0.00722540 0.05544086
v -0.03335701 0.04947384 0.02827532
v -0.01517691 0.05211004 0.00530398
v -0.01960853 0.05752630 0.01251405
v -0.01350746 0.06051206 0.01104033
v 0.00012098 0.03655443 -0.03607202
v 0.00426058 0.03823519 -0.03242295
v 0.00793210 0.04136965 -0.02471621
v 0.00163155 0.04114601 -0.02444884
v -0.02491973 0.02626643 -0.00186883
v -0.03117243 0.03677523 0.01899536
v -0.03658561 0.03679369 0.03180157
v -0.03466206 0.04912505 0.03207177
v -0.03194151 0.02781635 0.01735915
v -0.03754864 0.04079660 0.03768305
v -0.03087253 0.02362737 0.01337540
v -0.02921881 0.02798899 0.01090914
v -0.03939659 0.02996574 0.03864985
v -0.03710021 0.02873367 0.02993609
v -0.03936927 0.02488959 0.03566546
v -0.01316420 0.04433977 -0.00543522
v -0.01718440 0.04738545 0.00318309
v -0.01209156 0.04862078 -0.00077784
v -0.00641772 0.05808230 0.00615590
v -0.00452996 0.05383223 0.00090363
v -0.01142443 0.05527220 0.00556004
v -0.00120886 0.05151226 -0.00359929
v -0.00808086 0.05103613 -0.00089408
v -0.00898228 0.06106939 0.00966876
v -0.00895777 -0.05353503 0.08682165
v -0.00123345 0.04157300 -0.02236414
v -0.00853443 -0.04375897 0.08546150
v -0.00868392 -0.03264470 0.08675793
v -0.00867593 -0.03700794 0.08647750
v -0.00864190 -0.04144404 0.08607553
v -0.00084949 0.04547041 -0.01436030
v -0.01545880 0.04233400 -0.00507578
v -0.00890282 -0.05050711 0.08674338
v -0.02336840 0.05603375 0.01497870
v -0.00098335 0.04751379 -0.01046338
v -0.01487690 0.03893291 -0.01160541
v -0.02556698 0.04562631 0.01267117
v -0.04036944 -0.03609924 0.04487369
v -0.01968035 -0.04662771 0.08205143
v -0.02406777 -0.04408501 0.07900073
v -0.01649386 -0.05002921 0.08419029
v -0.03967470 -0.03619954 0.05470989
v -0.03992060 -0.04231916 0.04489862
v -0.03765341 -0.04635649 0.06109798
v -0.03892133 -0.04135289 0.05625499
v -0.03967310 -0.04636437 0.05354144
v -0.02986477 -0.03918411 0.07379668
v -0.03312900 -0.03617836 0.07021674
v -0.03565325 -0.04393465 0.06521887
v -0.04002542 -0.04387178 0.04784676
v -0.02521250 -0.04988271 0.07894600
v -0.02768900 -0.04150130 0.07589533
v -0.02644276 -0.03632304 0.07762621
v -0.02823645 -0.04571697 0.07552984
v -0.02547157 0.06111093 0.02351380
v -0.03173260 -0.04400937 0.07141995
v -0.04014822 -0.04615903 0.04520754
v -0.03568571 -0.03910799 0.06533616
v -0.03339927 -0.04979910 0.07027702
v -0.03353916 -0.04629133 0.06915708
v -0.03811911 -0.03615966 0.06048212
v -0.00664948 0.03610285 -0.03153685
v -0.01445905 -0.04166776 0.08432838
v -0.01727127 -0.03934405 0.08323876
v -0.02313049 0.04915702 0.01113977
v -0.02000215 0.04965436 0.00795959
v -0.02300498 -0.04156020 0.07975254
v -0.01989601 0.04343093 0.00310213
v -0.01493027 -0.04668473 0.08431827
v -0.01613232 0.04530060 -0.00023585
v -0.03658245 0.04174970 0.05822739
v -0.03917421 0.03424785 0.05293823
v -0.03860119 0.03064669 0.05858066
v -0.03643268 0.02912728 0.06527357
v -0.03314250 0.05177208 0.05896701
v -0.03351320 0.05356451 0.05592366
v -0.03792327 0.04386141 0.04720636
v -0.03585913 0.05316726 0.04342674
v -0.03896286 0.03718339 0.04319839
v -0.03670546 0.04727205 0.03938214
v -0.03863206 0.02576049 0.06087001
v -0.03342444 0.04726870 0.06220630
v -0.03990528 0.02249248 0.05786721
v -0.03924004 0.03642983 0.04768810
v -0.03501015 0.04635189 0.05931254
v -0.03984958 0.01436153 0.06111687
v -0.03551113 0.04976906 0.05462397
v -0.02296316 0.04268430 0.00716667
v -0.03433106 0.05556253 0.04917737
v -0.03965501 0.00778191 0.06320441
v -0.03203392 0.05837998 0.03309137
v -0.04119170 0.00933028 0.05789113
v -0.04018987 0.02728891 0.05303337
v -0.03615960 0.05067833 0.05027227
v -0.03989567 0.03092322 0.04309097
v -0.04207470 0.01320860 0.04963494
v -0.04163504 0.01827853 0.04626867
v -0.03481298 0.05597782 0.04269678
v -0.04078791 0.02184934 0.04081418
v -0.04203089 0.01200510 0.04291640
v -0.03717894 0.04695559 0.04919603
v -0.03418571 0.05680238 0.03923465
v -0.03682887 0.04455958 0.05489564
v -0.04122167 0.01307529 0.03822580
v -0.02614916 0.04008656 0.01082834
v -0.03529609 0.05396001 0.03960093
v -0.03355857 0.05535747 0.03316737
v -0.02708265 0.03484969 0.00966700
v 0.00943981 0.04338414 -0.02018038
v -0.03997842 0.01247013 0.03325763
v 0.00453662 0.04501603 -0.01664241
v -0.03368697 0.01917803 0.01917043
v -0.03586253 0.02503384 0.02559420
v 0.00625730 0.04719631 -0.01249872
v 0.00562102 0.05212105 -0.00371400
v 0.00154654 0.05600923 0.00242452
v -0.00133910 0.06054334 0.05959570
v -0.00033807 0.06056101 0.05894941
v -0.00166558 0.06117782 0.05880524
v 0.00988105 0.06200221 0.04996097
v 0.01271766 0.06231210 0.05079318
v 0.01024487 0.06263992 0.04978090
v -0.00229465 0.06058672 0.05859880
v 0.01288999 0.06314335 0.04975001
v -0.00134791 0.06074696 0.05546174
v -0.00126122 0.06122692 0.05599619
v 0.01033213 0.06284209 0.04909787
v -0.00051115 0.06126483 0.05586449
v 0.00020959 0.06071163 0.05603033
v 0.01317227 0.06265878 0.04886364
v 0.01335766 0.06300923 0.04941610
v 0.01373893 0.06256759 0.05016356
v -0.01106588 0.06295372 0.04410358
v -0.01023496 0.06338833 0.04425965
v -0.01026183 0.06295081 0.04368102
v -0.01052504 0.06257709 0.04562590
v -0.01048385 0.06328940 0.04511881
v -0.00769132 0.06306437 0.04509057
v -0.00796866 0.06223621 0.04612752
v -0.00719539 0.06248320 0.04450103
v 0.00461093 0.06502995 0.03590332
v 0.00326437 0.06514846 0.03592258
v 0.00383928 0.06436902 0.03848785
v 0.00482506 0.06468647 0.03588364
v 0.00367398 0.06493241 0.03491100
v 0.01054096 0.06234936 0.04823606
v 0.00287489 0.06468660 0.03552623
v 0.00248907 0.06420898 0.03823129
v 0.00958028 0.06212362 0.04892210
v 0.00416364 0.06383206 0.03859269
v 0.00249491 0.06374758 0.03862013
v 0.03511454 0.05997801 0.04452115
v 0.03451395 0.06073926 0.03935730
v 0.03454308 0.06077102 0.04022843
v 0.02009290 0.05283316 0.07500536
v 0.00878194 0.06413821 0.01347331
v -0.00462997 0.05190454 0.07322564
v 0.02713312 0.06341062 0.02517064
v 0.02690151 0.06324222 0.02455801
v 0.02470656 0.06386323 0.02284288
v 0.03514436 0.05919607 0.04861767
v 0.03526688 0.05979554 0.04448618
v 0.03553415 0.05971205 0.04076248
v 0.02126350 0.06341757 0.01871087
v 0.03426101 0.05797424 0.05468744
v 0.03499929 0.05839490 0.05157744
v 0.02427209 0.05338604 0.07198275
v 0.03337598 0.05713937 0.05793232
v 0.03249775 0.05700099 0.05974129
v 0.03163958 0.05634564 0.06186989
v 0.03186710 0.05544092 0.06266242
v 0.03045185 0.05614213 0.06376477
v 0.02672178 0.05510220 0.06873014
v 0.02468289 0.05460614 0.07084399
v 0.02658445 0.05482608 0.06904928
v 0.01933653 0.05375555 0.07482292
v 0.01493698 0.05262828 0.07755262
v 0.01942601 0.05348247 0.07490341
v 0.01210736 0.06399840 0.01419693
v 0.01135619 0.04981742 0.08035123
v -0.00261211 0.04622884 0.08271150
v 0.00785501 0.04813767 0.08195391
v 0.02115536 0.06411715 0.01948105
v 0.03291551 0.06159638 0.03419272
v -0.00765434 0.06347214 0.01344189
v 0.00878690 0.06359644 0.01341887
v -0.00016175 0.06388450 0.01237935
v -0.01584732 0.06257959 0.01673172
v -0.03051003 0.05906785 0.03298683
v 0.01420877 0.05204826 0.07815173
v -0.03270887 0.05772911 0.04019002
v 0.00455822 0.06400258 0.01254756
v 0.00751982 0.04940818 0.08163778
v 0.01012468 0.05028170 0.08058567
v 0.01192785 0.05132047 0.07946793
v -0.02884755 0.05341946 0.06279074
v -0.00467056 0.05176404 0.07340158
v -0.03246090 0.05520321 0.05318794
v -0.01796261 0.04745172 0.07764656
v -0.02129501 0.04929728 0.07422723
v -0.02569793 0.05246667 0.06751649
v -0.01006644 0.04614636 0.08110456
v -0.00484728 0.04727304 0.08206803
v 0.00175997 0.04767187 0.08270337
v 0.00220286 0.04799598 0.08260854
v 0.03046797 0.06263898 0.02975427
v 0.02927007 0.06275901 0.02755211
v 0.03212916 0.06209185 0.03280959
v -0.01346285 0.06307264 0.04049288
v -0.01337859 0.06294939 0.04052125
v -0.01051151 0.06389343 0.03617554
v -0.01044654 0.06376694 0.03622684
v -0.00701531 0.06446210 0.03342146
v -0.00458502 0.06457156 0.03235102
v 0.00590739 0.04850794 0.08232406
v 0.00425536 0.04826804 0.08256429
v -0.00262292 0.06487903 0.03166197
v -0.00007391 0.06489451 0.03133348
v 0.00765807 0.06497420 0.01394702
v 0.01197871 0.06485974 0.01502111
v 0.00895847 0.06476346 0.01398909
v 0.01381931 0.06460651 0.01547477
v 0.01778951 0.06455787 0.01756259
v 0.00542872 0.06504453 0.03178781
v 0.00474850 0.06489906 0.03168138
v -0.03202951 0.05622485 0.05244532
v -0.03153002 0.05618534 0.05408706
v -0.03230119 0.05695699 0.04974468
v -0.03259536 0.05721917 0.04713162
v -0.03243051 0.05779540 0.04557155
v -0.02862531 0.06046793 0.03065371
v -0.02751578 0.06105730 0.02910791
v -0.02449650 0.06180513 0.02477642
v -0.03188118 0.05871542 0.03952907
v -0.03224759 0.05832040 0.04276557
v -0.03142036 0.05919041 0.03809787
v -0.03004152 0.06002629 0.03401243
v -0.02397228 0.05296712 0.06919768
v -0.02734096 0.05433768 0.06407979
v -0.02412423 0.05276718 0.06914330
v -0.02271373 0.06231216 0.02303394
v -0.01647831 0.06345131 0.01826213
v -0.02042218 0.06263445 0.02078986
v -0.01486751 0.06350093 0.01710524
v -0.01247279 0.06396734 0.01619296
v -0.01102191 0.06390482 0.01532986
v -0.00613371 0.06453032 0.01412213
v -0.00088163 0.06463417 0.01317687
v -0.00839824 0.06436266 0.01471139
v -0.00293390 0.06470935 0.01353394
v 0.00224269 0.06492057 0.01333610
v -0.01701455 0.04859307 0.07773779
v -0.01875285 0.04913041 0.07640608
v -0.01487042 0.04803293 0.07891619
v -0.02020707 0.05027186 0.07467532
v -0.02280885 0.05214643 0.07105746
v -0.00132729 0.05950139 0.06289925
v -0.00218316 0.05938021 0.06262171
v -0.00652201 0.05959088 0.06101510
v -0.02911332 0.05477256 0.06102987
v -0.00792647 0.05978954 0.06024593
v -0.03060085 0.05565259 0.05716380
v -0.03062388 0.05529264 0.05756807
v -0.01113089 0.06012176 0.05722529
v -0.01051862 0.06011690 0.05807783
v 0.02688932 0.06390163 0.03309919
v 0.02937119 0.06314858 0.03214249
v 0.02462248 0.06444836 0.03051285
v -0.01324608 0.06071512 0.05419997
v 0.02843657 0.06334297 0.02923792
v 0.02778363 0.06358571 0.03539952
v 0.02944875 0.06307516 0.03599908
v -0.01326874 0.06063889 0.05390916
v 0.03048623 0.05770864 0.06051905
v 0.02946063 0.05870351 0.05907072
v 0.02824087 0.05698579 0.06423759
v 0.01343944 0.05445367 0.07572247
v 0.01764209 0.06528699 0.03370337
v 0.01536348 0.06520628 0.03527473
v 0.01973533 0.06450497 0.03957168
v -0.01456495 0.06132188 0.05050968
v 0.02330602 0.06444933 0.03704757
v 0.02631780 0.05763209 0.06438838
v 0.01257526 0.05294404 0.07767809
v -0.01481426 0.06167741 0.04773807
v 0.01923204 0.06525857 0.03249263
v 0.02461209 0.06438750 0.03477835
v 0.02108915 0.06507628 0.03081258
v 0.02322285 0.06464465 0.02812647
v 0.01061769 0.05314797 0.07763483
v 0.01323486 0.05933472 0.06675191
v 0.01750243 0.05904323 0.06623705
v 0.01587082 0.05983173 0.06445929
v 0.02279598 0.06458655 0.02533254
v 0.02488116 0.05595169 0.06867865
v 0.01543068 0.06131472 0.05505381
v 0.01594182 0.06141645 0.05379676
v 0.01300987 0.06060021 0.05809122
v 0.00795064 0.05182419 0.07920367
v 0.01128735 0.06038503 0.05978428
v 0.00714916 0.05976482 0.06196176
v 0.02342244 0.05690628 0.06788064
v 0.00750283 0.05990747 0.06194426
v 0.00266895 0.04996288 0.08079389
v 0.00188888 0.05955964 0.06313559
v 0.01689642 0.05828366 0.06838986
v 0.01457062 0.05771598 0.07035729
v 0.02022113 0.05749500 0.06853543
v 0.03205496 0.06207917 0.03768074
v 0.01475961 0.06060719 0.06162784
v 0.01294257 0.06063399 0.06138093
v 0.01046686 0.06026712 0.06313127
v -0.00111471 0.04955461 0.08071246
v -0.00401966 0.04943346 0.08033862
v 0.01293781 0.05982486 0.06514709
v -0.00765125 0.04844711 0.08054192
v 0.00253067 0.06592002 0.02911466
v 0.01029142 0.06570245 0.03150050
v 0.00623194 0.06597789 0.02888615
v 0.00794269 0.06585656 0.02932121
v 0.01274993 0.06555286 0.03189158
v 0.01512037 0.06537189 0.03382010
v 0.01973689 0.05637130 0.07088234
v 0.01746320 0.05536361 0.07343114
v 0.02063500 0.05526827 0.07218792
v 0.01889699 0.06412295 0.04202020
v 0.02023158 0.06380840 0.04334941
v 0.01583189 0.06372159 0.04040760
v 0.01670194 0.06352834 0.04236474
v 0.01474500 0.06426150 0.03811850
v 0.00882783 0.06556817 0.01754717
v 0.01137511 0.06525145 0.01664739
v 0.01371962 0.06539394 0.01920901
v 0.01971529 0.06331363 0.04685583
v 0.00908482 0.06477711 0.03330302
v 0.01612854 0.06501780 0.01850103
v 0.00981569 0.06482252 0.03368830
v 0.01887217 0.06227427 0.05275407
v 0.02063416 0.06296949 0.04824190
v 0.00555463 0.05981305 0.06494834
v 0.01462754 0.06405053 0.03832478
v 0.01800924 0.06509897 0.02158180
v 0.02095478 0.06458647 0.02143592
v 0.01868531 0.06175781 0.05551763
v 0.01602186 0.06127812 0.05794305
v 0.01037155 0.05932271 0.06666034
v 0.00861761 0.05973205 0.06538820
v 0.01737684 0.06270906 0.04658353
v 0.01748721 0.06261685 0.04781824
v 0.01159212 0.05863066 0.06878542
v 0.00176383 0.05920351 0.06633404
v 0.01313302 0.05698600 0.07196407
v 0.01485769 0.05662269 0.07226135
v -0.00723955 0.05975072 0.06332531
v -0.01312410 0.06438399 0.03573812
v -0.01568270 0.06358630 0.03997495
v -0.00104948 0.06580897 0.02922732
v 0.03031028 0.06273746 0.03710374
v 0.03145617 0.06202611 0.04129852
v 0.03338682 0.06121204 0.04175634
v -0.00139664 0.05957682 0.06520029
v 0.03202080 0.06096615 0.04728469
v 0.03351639 0.06053602 0.04614580
v -0.01183412 0.06020950 0.06008571
v 0.01390480 0.05554100 0.07412643
v 0.03362472 0.05987414 0.04920186
v -0.00611681 0.06546604 0.03052127
v 0.03154501 0.06004575 0.05223583
v -0.00132004 0.05922003 0.06612399
v 0.03290642 0.05930623 0.05281835
v -0.00909157 0.06506454 0.03227618
v 0.03221581 0.05839606 0.05665935
v -0.01682895 0.06169013 0.05079695
v -0.02144177 0.05865515 0.06054833
v -0.02153277 0.05954307 0.05751553
v -0.02441153 0.05829691 0.05856602
v -0.02083973 0.06336354 0.02579563
v -0.01753335 0.06375237 0.02134682
v -0.02030679 0.06314317 0.02270798
v -0.02291485 0.05414560 0.06837086
v -0.02356721 0.06247194 0.02617864
v -0.01682893 0.06296618 0.04340338
v -0.02545326 0.05518517 0.06461275
v -0.02109321 0.05665669 0.06540319
v -0.02379251 0.05661451 0.06342095
v -0.02058371 0.05801965 0.06292976
v -0.01355880 0.06503082 0.02586699
v -0.00967129 0.06547732 0.02415101
v -0.01243569 0.06501930 0.02282587
v -0.01695459 0.06115778 0.05378526
v -0.01811571 0.06216021 0.04713986
v -0.01060946 0.06510904 0.02100335
v -0.02673657 0.05617677 0.06124150
v -0.01501482 0.06459808 0.02327089
v -0.01457505 0.06426913 0.02006001
v -0.02665836 0.05758891 0.05782025
v -0.00519915 0.06565015 0.02927137
v -0.01460741 0.06075839 0.05657542
v -0.02891233 0.05645552 0.05776743
v -0.01137243 0.06463233 0.01844751
v 0.00323453 0.06591429 0.02821805
v -0.02841460 0.05782907 0.05467500
v -0.01654822 0.06355719 0.03989729
v -0.00896406 0.06498396 0.01835947
v -0.02945808 0.05917792 0.04732357
v -0.03118948 0.05769737 0.04969915
v -0.00529180 0.06525556 0.01720838
v -0.01242836 0.06474523 0.03356966
v -0.03033563 0.05929782 0.04391446
v -0.02902605 0.06019345 0.04200226
v -0.00221626 0.06541973 0.01672969
v -0.02948254 0.06035937 0.03652192
v -0.02780335 0.06113295 0.03717786
v -0.02711327 0.06147733 0.03256784
v 0.00488204 0.06559546 0.01680788
v -0.01299201 0.05999890 0.06061581
v -0.00917835 0.04953076 0.07913231
v -0.01685462 0.06006619 0.05910563
v -0.01080480 0.04738570 0.08055334
v -0.00492800 0.05919741 0.06530309
v -0.02624313 0.06186068 0.03341385
v -0.00915981 0.05953787 0.06327553
v -0.01256790 0.04881702 0.07893863
v -0.00753846 0.06559757 0.02825023
v -0.01241540 0.06497131 0.03143577
v -0.01592514 0.05959293 0.06120890
v -0.01601859 0.05046198 0.07622149
v -0.00569593 0.06550582 0.02901791
v -0.01091705 0.06534002 0.02838946
v -0.01905156 0.05954695 0.05969932
v -0.00746267 0.06546986 0.02810873
v -0.01410269 0.06494300 0.02898626
v -0.02250475 0.06298924 0.02765087
v -0.01799949 0.05846566 0.06312262
v -0.01750167 0.05131826 0.07472569
v -0.01037238 0.06502301 0.02128661
v -0.01854970 0.06046384 0.05636704
v -0.01990779 0.05327091 0.07130136
v -0.00925534 0.06470631 0.01886066
v -0.01678230 0.06441500 0.02578598
v -0.02184355 0.05468504 0.06824128
v 0.01551881 0.05983034 0.06375775
v 0.01495841 0.06045274 0.06161916
v 0.01934395 0.05783709 0.06787153
v 0.02143336 0.05697357 0.06840360
v 0.02315505 0.05675860 0.06772796
v 0.03121531 0.06187510 0.04119503
v 0.03162849 0.06033175 0.04990942
v 0.03016905 0.05905559 0.05654027
v 0.02819299 0.05816357 0.06102419
v 0.00458734 0.06541970 0.01697673
v -0.00392554 0.06516302 0.01722525
v 0.02935593 0.06276861 0.03620488
v 0.02791615 0.06333758 0.03556184
v 0.02077501 0.06441233 0.03850783
v 0.01949047 0.06199217 0.05381614
v 0.01693911 0.06510454 0.03371298
v 0.02240309 0.06461065 0.02932677
v 0.02283949 0.06438687 0.02591991
v 0.02314055 0.06439479 0.02722991
v 0.02052457 0.06466570 0.02360356
v 0.01203179 0.06524733 0.01877120
v -0.00360900 0.04937140 0.08011636
v 0.00402780 0.05008863 0.08049335
v 0.00589219 0.05069193 0.07996083
v 0.01291445 0.05405665 0.07583372
v 0.00909409 0.05241874 0.07817659
v 0.01368546 0.05579665 0.07347560
v -0.01146964 0.04966219 0.07801646
v 0.00845835 0.05956636 0.06546296
v -0.02055721 0.06324055 0.02587970
v -0.01908554 0.06354627 0.02528813
v -0.01666449 0.06426819 0.02610245
v -0.02884702 0.05847640 0.05053395
v -0.02689724 0.05742906 0.05720373
v -0.02867972 0.06022463 0.04145050
v -0.02535633 0.06195631 0.03225553
v -0.01842906 0.06030587 0.05602021
v -0.02498220 0.05798290 0.05828774
v -0.01716991 0.06089878 0.05396477
v -0.01572905 0.06382187 0.03800204
v -0.01714087 0.06322574 0.04121962
v -0.01299860 0.06443889 0.03417944
v -0.01292995 0.06478728 0.03066189
v -0.01238493 0.06466300 0.03240241
v -0.01449344 0.05966268 0.06069523
v -0.02109154 0.05630895 0.06555776
v -0.02143370 0.05431017 0.06849459
v -0.01666556 0.05071803 0.07528013
v 0.02513213 0.06231885 0.05278856
v 0.02382955 0.06258995 0.05247140
v 0.02728328 0.06191777 0.05253705
v 0.00010725 0.06223750 0.04451761
v 0.00197073 0.06204180 0.04572334
v 0.00181592 0.06228825 0.04445676
v 0.00160129 0.06137642 0.04969283
v 0.00144184 0.06154815 0.04849454
v 0.00126061 0.06152445 0.04862381
v -0.02328434 0.06270975 0.04248333
v -0.02139718 0.06328278 0.04135356
v -0.02486544 0.06229778 0.04223946
v 0.00262128 0.06230978 0.04449611
v 0.00146667 0.06203527 0.04568538
v -0.00054496 0.06171916 0.04724809
v 0.00077598 0.06177764 0.04699175
v 0.00590812 0.06171198 0.04901536
v 0.00106593 0.06275735 0.04218930
v 0.00292341 0.06213595 0.04543358
v -0.00162419 0.06166613 0.04758519
v -0.00063727 0.06168934 0.04742305
v 0.00089167 0.06140907 0.04932439
v 0.00021060 0.06106116 0.05192041
v 0.00306374 0.06194199 0.04651124
v -0.00125542 0.06178353 0.04688492
v 0.00324684 0.06197006 0.04640434
v -0.00347730 0.06154494 0.04857966
v 0.00614388 0.06664883 0.02434059
v 0.00663203 0.06664264 0.02444887
v 0.00730672 0.06657910 0.02256037
v 0.00047301 0.06160611 0.04799371
v 0.00399898 0.06194033 0.04679596
v 0.00342787 0.06187957 0.04696922
v 0.00125080 0.06233219 0.04416665
v -0.02862466 0.05952238 0.04843761
v -0.02752611 0.05842477 0.05479322
v -0.02822738 0.05945764 0.05061822
v -0.02634919 0.05861780 0.05679710
v -0.02747598 0.05913331 0.05350244
v -0.02716652 0.06178457 0.03826656
v -0.02434903 0.06282249 0.03163711
v -0.02616696 0.06199625 0.03488245
v -0.02579837 0.06254293 0.03545944
v -0.02256878 0.06361236 0.02982449
v -0.02002327 0.06414932 0.02664493
v -0.00345974 0.05690318 0.07170922
v -0.00423789 0.05656552 0.07212282
v -0.00475459 0.05555936 0.07359391
v -0.00331646 0.05551166 0.07394384
v -0.02812471 0.06017349 0.04816369
v -0.02808214 0.06098025 0.04319333
v -0.02185866 0.06324176 0.02794120
v -0.00613537 0.05599613 0.07263036
v -0.00521187 0.05626252 0.07241297
v -0.02841080 0.06056456 0.04288663
v -0.02764508 0.06127016 0.03906811
v -0.02022749 0.06362642 0.02621279
v -0.02302147 0.05987450 0.05676480
v -0.01904623 0.06078445 0.05567170
v -0.01925129 0.06113592 0.05521119
v -0.02424997 0.05885160 0.05775204
v -0.01906682 0.06014415 0.05591587
v -0.02477350 0.05911028 0.05733592
v -0.02487602 0.05809422 0.05789830
v -0.02658408 0.05802651 0.05704792
v -0.02507720 0.05862563 0.05772495
v -0.00511010 0.05636088 0.07227986
v -0.00534776 0.05601878 0.07277425
v -0.00524822 0.05574004 0.07321867
v -0.01754698 0.06478751 0.02685711
v -0.01746911 0.06404675 0.02600004
v -0.01915855 0.06381268 0.02575045
v 0.00399913 0.06194117 0.04679602
v 0.00324713 0.06197065 0.04640419
v 0.00342796 0.06187933 0.04696906
v -0.00054477 0.06172143 0.04724834
v -0.00125507 0.06178436 0.04688493
v -0.00162410 0.06166744 0.04758527
v -0.01673425 0.06410825 0.02654756
v 0.00292367 0.06213690 0.04543373
v 0.00262154 0.06231025 0.04449605
v 0.00197065 0.06204371 0.04572357
v 0.00181614 0.06228860 0.04445660
v 0.00010758 0.06223822 0.04451768
v 0.00067244 0.06218855 0.04480669
v -0.01761918 0.06081278 0.05417459
v -0.01805870 0.06143117 0.05379450
v 0.00160157 0.06137678 0.04969269
v 0.00126082 0.06152504 0.04862345
v 0.00089184 0.06141157 0.04932444
v 0.00085356 0.06176292 0.04710431
v -0.00061842 0.06168707 0.04742696
v 0.00144197 0.06154969 0.04849458
v 0.00305903 0.06193978 0.04651104
v 0.00146693 0.06203539 0.04568530
v 0.00077662 0.06178038 0.04699164
v -0.00171351 0.06070460 0.05597330
v -0.00428858 0.06069311 0.05708234
v -0.00228152 0.06058096 0.05859986
v 0.00937427 0.06532493 0.03524813
v 0.00688148 0.06424662 0.03779420
v 0.01193559 0.06503652 0.03731206
v -0.01849706 0.06154020 0.05373646
v 0.00080848 0.06081565 0.05448304
v -0.00031286 0.06055824 0.05886771
v 0.00634693 0.06112818 0.05401131
v 0.00418921 0.06129014 0.05120514
v -0.01547908 0.06390362 0.03666793
v -0.01344543 0.06479833 0.03374767
v -0.01560514 0.06433257 0.03642949
v 0.00425742 0.06388535 0.03842131
v 0.00232667 0.06391808 0.03796183
v -0.01373484 0.06519894 0.03315672
v -0.01808665 0.06398346 0.03977362
v -0.01854578 0.06179824 0.04756666
v -0.01749717 0.06294455 0.04086214
v -0.01882022 0.06292495 0.04478633
v -0.01829086 0.06357297 0.04156501
v -0.01927891 0.06319715 0.04409977
v -0.01947257 0.06266156 0.04715937
v -0.01881998 0.06229020 0.04775460
v -0.00768161 0.06081214 0.05885616
v -0.00428302 0.06056831 0.06078319
v 0.01057111 0.06234493 0.04823509
v 0.00853082 0.06240991 0.04626358
v 0.00870657 0.06167452 0.05119056
v -0.01018120 0.06179972 0.05000149
v -0.01347200 0.06283616 0.04623405
v -0.01208801 0.06163399 0.05346246
v 0.00641365 0.06552494 0.03365054
v -0.00351313 0.06090279 0.05369120
v 0.01583583 0.06387733 0.04462582
v 0.01273402 0.06305425 0.04598623
v 0.01598171 0.06321044 0.04847706
v 0.00377472 0.06492902 0.03492131
v -0.01386884 0.06534857 0.03139823
v -0.01308278 0.06503690 0.03189279
v -0.00763887 0.06256535 0.04419511
v -0.01053730 0.06257748 0.04562021
v -0.01320167 0.06468942 0.03090705
v -0.01278861 0.06455127 0.03239244
v -0.00038418 0.06360653 0.03879315
v -0.00201357 0.06248286 0.04335277
v -0.01522963 0.06526984 0.02995437
v -0.01498208 0.06512957 0.02946322
v 0.00623514 0.06189848 0.04798734
v -0.00646613 0.06339891 0.04027711
v -0.01746884 0.06178194 0.02555919
v -0.01992467 0.06204137 0.02573314
v -0.02285916 0.06238114 0.04548957
v -0.02434112 0.06234240 0.04310133
v -0.02463358 0.06176689 0.04640171
v -0.01891282 0.06451015 0.03383322
v -0.01952741 0.06448828 0.03067420
v -0.02272721 0.06361412 0.03411731
v -0.00175888 0.06116765 0.05102210
v -0.01610975 0.06490187 0.03398210
v -0.02412748 0.06106013 0.05077507
v -0.02612650 0.05991426 0.05275248
v 0.00078773 0.06476227 0.03503122
v -0.02245116 0.06297858 0.04198255
v -0.01100598 0.06295957 0.04404046
v -0.01989086 0.06394200 0.03838640
v 0.01196879 0.06364966 0.04253271
v -0.00835234 0.06110687 0.05475449
v -0.01032437 0.06119996 0.05621643
v -0.01257682 0.06356030 0.04220489
v -0.01121701 0.06406838 0.03945806
v -0.02135689 0.06180511 0.05045322
v -0.02679816 0.06118982 0.04546507
v -0.02329172 0.06327157 0.03765692
v -0.02608325 0.06206712 0.04093458
v -0.02382737 0.06268288 0.04161919
v 0.01492839 0.06440049 0.04111047
v 0.01329134 0.06185567 0.05595516
v 0.01009556 0.06125864 0.05892100
v -0.00280855 0.06450111 0.03583872
v 0.00541386 0.06252132 0.04425000
v 0.00695375 0.06085257 0.06083340
v -0.00097786 0.06544885 0.03296865
v -0.00356146 0.06156284 0.04846227
v 0.00221070 0.06061194 0.05830868
v 0.00022902 0.06050385 0.06183156
v 0.01516081 0.06253330 0.05228252
v 0.00928723 0.06383584 0.04023581
v -0.00733401 0.06488759 0.03535595
v -0.00940778 0.06450810 0.03718597
v 0.01277248 0.06229867 0.05079023
v 0.01753012 0.05969618 0.06509424
v 0.01610073 0.06063052 0.06305376
v 0.01558217 0.05998142 0.06308858
v 0.01955618 0.05795828 0.06753965
v 0.02089146 0.05833641 0.06760590
v 0.01902002 0.05951319 0.06581143
v 0.01986929 0.05846771 0.06742658
v 0.01316471 0.06264862 0.04887439
v 0.01621094 0.06098623 0.06204275
v 0.02211360 0.05737162 0.06792299
v 0.02258744 0.05796129 0.06739631
v 0.01605525 0.06103026 0.06102037
v 0.01537798 0.06028570 0.06158975
v 0.01815761 0.06107760 0.05752934
v -0.00474987 0.06503286 0.03326074
v -0.00980223 0.06424732 0.03649404
v -0.00785207 0.06435166 0.03461310
v 0.02015713 0.06184095 0.05324442
v 0.01968700 0.06205560 0.05594866
v 0.02143431 0.06288183 0.05206243
v 0.02123387 0.06299423 0.05008931
v -0.01355098 0.06282318 0.04211377
v -0.01358146 0.06310423 0.04324789
v -0.01275814 0.06311157 0.04017279
v 0.02198627 0.06373759 0.04716837
v 0.02004002 0.06212422 0.05616227
v 0.02109738 0.06282940 0.04783348
v 0.02058072 0.06461151 0.04105422
v 0.02141146 0.06362887 0.04650643
v -0.00794568 0.06056340 0.05926014
v -0.01183155 0.06051400 0.05562820
v -0.00925174 0.06016328 0.05858150
v 0.02008055 0.06391098 0.04099243
v -0.00791191 0.06002679 0.05965040
v -0.00471920 0.05980835 0.06142379
v -0.00387730 0.06019301 0.06152986
v -0.00146541 0.05957905 0.06239594
v 0.00174510 0.06021653 0.06238828
v 0.02922660 0.06357016 0.03767798
v 0.03050081 0.06269151 0.04313107
v 0.03012924 0.06277734 0.03861593
v 0.03102152 0.06219121 0.04450164
v 0.03096242 0.06211254 0.04206892
v 0.03081914 0.06156144 0.04923614
v 0.00320172 0.06550434 0.03236038
v 0.03123797 0.06082013 0.04966643
v 0.02692131 0.05839016 0.06246313
v 0.02471551 0.05804275 0.06540287
v 0.03073747 0.06061879 0.05246747
v 0.02925872 0.05928469 0.05787672
v 0.02948387 0.06330433 0.03725103
v 0.00078672 0.06541046 0.03214780
v 0.02891876 0.05990220 0.05775619
v -0.01131597 0.06400423 0.03854959
v -0.01442699 0.06186953 0.04690086
v 0.02463975 0.05870277 0.06456351
v 0.02670846 0.05901095 0.06218256
v 0.03009921 0.06067090 0.05390590
v -0.01179518 0.06122572 0.05497869
v 0.00152361 0.06500077 0.03173601
v -0.00149722 0.06499458 0.03201611
v 0.02781966 0.06389835 0.03635225
v 0.02869917 0.06329311 0.03631110
v 0.02668735 0.06365865 0.03602392
v 0.02638458 0.06437783 0.03720745
v 0.02373584 0.06464127 0.03796401
v -0.01380192 0.06225327 0.04899080
v -0.01418784 0.06148526 0.04969859
v -0.01322043 0.06093213 0.05302205
v 0.02175484 0.06490316 0.03941994
v 0.02138424 0.06469708 0.03890676
v 0.02075483 0.06412919 0.03903507
v 0.02061556 0.06466844 0.04004845
v 0.02485760 0.06096873 0.05818555
v 0.02220135 0.06021010 0.06229456
v 0.02595104 0.06020591 0.05975219
v 0.01971519 0.06142984 0.05934088
v 0.02829396 0.06372668 0.03975432
v 0.02577326 0.06428120 0.04005618
v 0.02802026 0.06320553 0.04503552
v 0.02360285 0.06345834 0.04819463
v 0.02512773 0.06231855 0.05278595
v 0.02688140 0.06297574 0.04798805
v 0.02924045 0.06194111 0.05008027
v 0.02673686 0.06223868 0.05172953
v 0.02855797 0.06103100 0.05458714
v -0.01121528 0.06357968 0.03776219
v 0.02600797 0.06201281 0.05339847
v 0.02025737 0.06066808 0.06190863
v 0.02494020 0.06399844 0.04368041
v 0.02309602 0.06175580 0.05652341
v 0.00418666 0.06494185 0.03196565
v 0.00282488 0.05968704 0.06257417
v 0.00728108 0.06041529 0.06132533
v 0.00362667 0.06021414 0.06229715
v 0.00874284 0.06020071 0.06080387
v 0.01025141 0.06084279 0.05965871
v 0.01566323 0.06207924 0.05294117
v 0.01330383 0.06152433 0.05668647
v 0.01502735 0.06146045 0.05466632
v 0.01653044 0.06220017 0.05074175
v 0.01638512 0.06309321 0.04862322
v 0.01575841 0.06378523 0.04137037
v 0.01663296 0.06339669 0.04563981
v 0.01680142 0.06300992 0.04487479
v 0.01438852 0.06410764 0.03873410
v 0.01354062 0.06475517 0.03852854
v 0.01141758 0.06505868 0.03601935
v 0.01112716 0.06470130 0.03522620
v 0.00667875 0.06543009 0.03320282
v 0.00672504 0.06502309 0.03274807
v 0.00983196 0.05944560 0.06741517
v 0.00969894 0.05908920 0.06650198
v 0.00825460 0.05982643 0.06684003
v 0.00735498 0.05915492 0.06577659
v 0.00749893 0.05964487 0.06612450
v -0.01030917 0.05097232 0.07797777
v -0.01005026 0.05043251 0.07824877
v -0.00469037 0.05082559 0.07943096
v -0.01654283 0.05158685 0.07497995
v -0.01338310 0.05082951 0.07692076
v -0.01565149 0.05181368 0.07551453
v -0.00207024 0.05044454 0.08002464
v 0.00194607 0.05071586 0.08026635
v 0.00258811 0.05123641 0.08009642
v 0.01203403 0.06060167 0.05850400
v 0.00738624 0.05312664 0.07837500
v 0.00442929 0.05172912 0.07981315
v 0.00550699 0.05127427 0.07980521
v 0.01230855 0.05470907 0.07589899
v 0.01242756 0.05541283 0.07531443
v -0.01803899 0.05385049 0.07213543
v -0.02093452 0.05574059 0.06803633
v -0.01937713 0.05387042 0.07094644
v -0.02121295 0.05478698 0.06820142
v -0.01447746 0.05710643 0.06852426
v -0.01319666 0.05843269 0.06634540
v -0.01818194 0.05820420 0.06508639
v -0.00580373 0.05650051 0.07191013
v -0.00912773 0.05621974 0.07157955
v -0.00842336 0.05469613 0.07405265
v -0.00488372 0.05396065 0.07582736
v -0.00462174 0.05503372 0.07438606
v -0.01505463 0.05926304 0.06392845
v -0.01471880 0.05991868 0.06218627
v -0.01862639 0.05633887 0.06832239
v -0.01538838 0.05536318 0.07107344
v -0.01107663 0.05256010 0.07605334
v -0.01458769 0.05339407 0.07400786
v -0.00585142 0.05923619 0.06658380
v -0.00686719 0.05807257 0.06886956
v -0.00607489 0.05215166 0.07775575
v -0.01359059 0.06009657 0.06199385
v -0.02051925 0.05661793 0.06683712
v -0.00022706 0.05711919 0.07192684
v 0.01308809 0.05469691 0.07503411
v 0.01327812 0.05554612 0.07411592
v 0.01310107 0.05608000 0.07316913
v 0.01282210 0.05636314 0.07362342
v 0.01119554 0.05786678 0.07158874
v 0.01190069 0.05655289 0.07376948
v 0.01024922 0.05881359 0.06964373
v 0.01095158 0.05853625 0.06956834
v -0.02130950 0.05538768 0.06681424
v -0.02084076 0.05645611 0.06623796
v -0.02073463 0.05614425 0.06572182
v 0.00887601 0.05492993 0.07619079
v 0.00405852 0.05378712 0.07737130
v 0.00307934 0.05555364 0.07485189
v -0.00077687 0.05368289 0.07690205
v -0.00285489 0.05632795 0.07278157
v 0.00786575 0.05664572 0.07362643
v 0.00884986 0.05788964 0.07151427
v -0.00004050 0.05916386 0.06781372
v 0.01203828 0.06555961 0.01925111
v 0.01551605 0.06595553 0.02159054
v 0.01631143 0.06569823 0.02158410
v -0.00206929 0.05238293 0.07825073
v 0.01138531 0.06613865 0.01963776
v 0.00871826 0.06592487 0.01838252
v 0.01468450 0.06548315 0.02043771
v 0.01908389 0.06525438 0.02316206
v 0.01868055 0.06568240 0.02350419
v 0.02217985 0.06474336 0.02567782
v 0.02199069 0.06532608 0.02658744
v 0.00610433 0.06570636 0.01765414
v 0.00641541 0.06624372 0.01825667
v 0.02174522 0.06527140 0.02901661
v 0.02258114 0.06497469 0.02741292
v 0.02207794 0.06470335 0.02911405
v 0.00872116 0.06653819 0.02814276
v 0.01120277 0.06545445 0.03031524
v 0.01580702 0.06598017 0.03256723
v 0.01589037 0.06573118 0.03303412
v 0.00357818 0.05927192 0.06698461
v 0.00371072 0.05884465 0.06655747
v 0.00120422 0.05863931 0.06666587
v -0.00218859 0.05905671 0.06679264
v -0.00321633 0.05866638 0.06615286
v 0.00544885 0.06571361 0.02808150
v 0.00834802 0.06570357 0.02895226
v 0.00549794 0.06630112 0.02781639
v -0.00873552 0.05899475 0.06399155
v -0.01047222 0.05967260 0.06367261
v -0.00551521 0.05920558 0.06610126
v 0.01478609 0.06518427 0.03294146
v -0.01267393 0.06002980 0.06183584
v -0.01236110 0.05944608 0.06131348
v -0.01338440 0.05958140 0.06101486
v -0.01502538 0.05967775 0.06159148
v -0.01540746 0.05921836 0.06155707
v 0.00279027 0.06659841 0.02691061
v 0.00074580 0.06634849 0.02729744
v -0.00131360 0.06650112 0.02697030
v -0.00513970 0.06593943 0.02838764
v 0.00080355 0.06577000 0.02763874
v -0.01884257 0.05790558 0.06510916
v -0.00129683 0.06555248 0.02779301
v -0.00858688 0.06549715 0.01918865
v -0.00827573 0.06518868 0.01878916
v -0.00950952 0.06516140 0.01983087
v -0.00486002 0.06541396 0.02857681
v -0.00890440 0.06570874 0.01992109
v -0.00967837 0.06559839 0.02128772
v -0.00982250 0.06514016 0.02215820
v -0.00904314 0.06591296 0.02195382
v -0.00790157 0.06616474 0.02465180
v -0.00711746 0.06606261 0.02724404
v -0.00561684 0.06634923 0.02570270
v 0.00499715 0.06668030 0.02520414
v -0.00053519 0.06661126 0.02445103
v 0.00267297 0.06655425 0.02072545
v -0.00342449 0.06637697 0.02126342
v -0.00392173 0.06600245 0.01830813
v -0.00703108 0.06544306 0.02791194
v 0.00748647 0.06653412 0.02175229
v -0.00620618 0.06588614 0.02821446
v 0.00531367 0.06663253 0.02300350
v 0.00795207 0.06660319 0.02358226
v 0.01541453 0.06618638 0.02429651
v 0.01142551 0.06643657 0.02275763
v -0.00072829 0.06558530 0.01732739
v 0.00288864 0.06596971 0.01752388
v 0.01971088 0.06574444 0.02670444
v 0.01690792 0.06611677 0.02856029
v 0.02038900 0.06568430 0.02968235
v -0.00338524 0.06578780 0.01784082
v 0.01117708 0.06653406 0.02663682
v 0.01780924 0.06503903 0.03288789
v 0.01755386 0.06540029 0.03293357
v 0.01731959 0.06577012 0.03271624
v 0.01612383 0.06509665 0.03336706
v 0.02697308 -0.05431175 -0.00682729
v 0.00925333 -0.05442854 -0.01238378
v 0.02770976 -0.05544293 -0.01021077
v 0.04139796 -0.04637173 -0.07139184
v 0.02364791 -0.00903327 0.01069568
v 0.03956476 -0.05388085 -0.06355099
v 0.03852860 -0.05689254 -0.05904995
v 0.00818023 -0.05421496 -0.00753534
v 0.03628523 -0.06123271 -0.04918278
v 0.03510792 -0.06250332 -0.04394797
v 0.03391399 -0.06314913 -0.03860333
v 0.03271934 -0.06316143 -0.03322016
v 0.03925778 -0.01435730 -0.08303667
v 0.04421230 -0.00841397 -0.08194883
v 0.04404000 -0.02239902 -0.08195599
v 0.03493772 -0.00840037 -0.08400852
v 0.03066148 -0.06162695 -0.02385991
v 0.03490200 -0.01844066 -0.08441005
v 0.02314363 -0.06640817 0.00975355
v 0.00425564 -0.06617221 0.00321124
v 0.01550945 -0.06631227 0.00590599
v -0.00776319 -0.06602438 0.00364811
v 0.02800842 -0.06650107 0.07667706
v 0.02836951 -0.05731549 -0.01328867
v -0.00328106 -0.06022776 0.00289267
v 0.00836584 -0.06194335 0.00384040
v 0.02338011 -0.05923447 0.00908950
v 0.02414642 -0.05560699 0.00583483
v 0.03508024 0.03251120 -0.03849983
v 0.03625468 0.03185103 -0.04382972
v 0.03739756 0.03057031 -0.04905228
v 0.03849384 0.02868576 -0.05409870
v 0.03952927 0.02622220 -0.05890302
v 0.04049003 0.02321220 -0.06340159
v 0.04136348 0.01969523 -0.06753515
v 0.04213836 0.01571741 -0.07125008
v 0.04280415 0.01133131 -0.07449652
v 0.04335238 0.00659460 -0.07723262
v 0.04377558 0.00156958 -0.07942146
v 0.03388989 0.03254243 -0.03313343
v 0.03269898 0.03194362 -0.02779985
v 0.03152342 0.03072282 -0.02257014
v 0.02439219 0.00207363 0.00796370
v 0.02396249 -0.00315438 0.00960709
v 0.03037865 0.02889645 -0.01751328
v 0.02494647 0.00707315 0.00574570
v 0.02927956 0.02648857 -0.01269513
v 0.02561789 0.01177810 0.00298307
v 0.02824086 0.02353003 -0.00817932
v 0.02639797 0.01612633 -0.00028881
v 0.02727601 0.02006120 -0.00402573
v 0.02612010 -0.01824171 -0.08637112
v 0.02609795 -0.00597497 -0.08558404
v 0.02499746 -0.05443847 0.00206926
v 0.02555931 0.00387252 -0.08260479
v 0.02508390 0.00879197 -0.08018650
v 0.02448606 0.01339721 -0.07723413
v 0.02377377 0.01762654 -0.07378709
v 0.02295630 0.02142441 -0.06989016
v 0.04337702 -0.03218298 -0.07951596
v 0.04283308 -0.03722361 -0.07734749
v 0.04217044 -0.04197431 -0.07462706
v 0.02204453 0.02474113 -0.06559519
v 0.02105045 0.02753259 -0.06095887
v 0.01998716 0.02976253 -0.05604195
v 0.01143639 -0.05959617 -0.02251216
v 0.01886879 0.03140077 -0.05090953
v 0.01339414 -0.06224520 -0.03148353
v 0.01770982 0.03242653 -0.04562914
v 0.01769721 -0.05719324 0.00474862
v 0.01457072 -0.06291224 -0.03682361
v 0.01652571 0.03282536 -0.04027029
v 0.01576362 -0.06294785 -0.04220145
v 0.01533213 0.03259291 -0.03490387
v 0.01414470 0.03173191 -0.02960064
v 0.01813503 -0.06112948 -0.05278735
v 0.01297907 0.03025363 -0.02443014
v 0.01185053 0.02817723 -0.01946053
v 0.02038361 -0.05688563 -0.06268311
v -0.00713796 -0.05653402 0.00135159
v 0.01091151 -0.05450103 -0.00175490
v 0.00053906 -0.05697992 0.00113652
v 0.01077409 0.02553033 -0.01475773
v 0.00976397 0.02234856 -0.01038360
v 0.02239061 -0.05044029 -0.07136735
v 0.00883344 0.01867267 -0.00639575
v 0.00799481 0.01455178 -0.00284712
v 0.02405052 -0.04213222 -0.07838269
v 0.00725895 0.01004026 0.00021617
v 0.00624521 0.00131276 0.00429602
v 0.02527590 -0.03239986 -0.08335977
v 0.02570435 -0.02715741 -0.08499711
v -0.00456902 -0.05355620 -0.01005799
v -0.00594553 -0.05407189 -0.00388321
v 0.01714540 -0.05948952 0.00599305
v 0.00329214 -0.05931709 0.00261454
vt 0.66078629 0.34821429
vt 0.66078629 0.34821429
vt 0.66078629 0.34821429
vt 0.66078629 0.34821429
vt 0.66078629 0.34821429
vt 0.66078629 0.34821429
vt 0.66078629 0.34821429
vt 0.66078629 0.34821429
vt 0.66078629 0.34821429
vt 0.66078629 0.34821429
vt 0.66078629 0.34821429
vt 0.66078629 0.34821429
vt 0.66078629 0.34821429
vt 0.66078629 0.34821429
vt 0.66078629 0.34821429
vt 0.66078629 0.34821429
vt 0.66078629 0.34821429
vt 0.66078629 0.34821429
vt 0.66078629 0.34821429
vt 0.66078629 0.34821429
vt 0.66078629 0.34821429
vt 0.66078629 0.34821429
vt 0.66078629 0.34821429
vt 0.66078629 0.34821429
vt 0.66078629 0.34821429
vt 0.66078629 0.34821429
vt 0.66078629 0.34821429
vt 0.66078629 0.34821429
vt 0.66078629 0.34821429
vt 0.66078629 0.34821429
vt 0.66078629 0.34821429
vt 0.66078629 0.34821429
vt 0.66078629 0.34821429
vt 0.66078629 0.34821429
vt 0.66078629 0.34821429
vt 0.66078629 0.34821429
vt 0.66078629 0.34821429
vt 0.66078629 0.34821429
vt 0.66078629 0.34821429
vt 0.66078629 0.34821429
vt 0.66078629 0.34821429
vt 0.66078629 0.34821429
vt 0.66078629 0.34821429
vt 0.66078629 0.34821429
vt 0.66078629 0.34821429
vt 0.66078629 0.34821429
vt 0.66078629 0.34821429
vt 0.66078629 0.34821429
vt 0.66078629 0.34821429
vt 0.66078629 0.34821429
vt 0.66078629 0.34821429
vt 0.66078629 0.34821429
vt 0.66078629 0.34821429
vt 0.66078629 0.34821429
vt 0.66078629 0.34821429
vt 0.66078629 0.34821429
vt 0.66078629 0.34821429
vt 0.66078629 0.34821429
vt 0.66078629 0.34821429
vt 0.66078629 0.34821429
vt 0.66078629 0.34821429
vt 0.66078629 0.34821429
vt 0.66078629 0.34821429
vt 0.66078629 0.34821429
vt 0.66078629 0.34821429
vt 0.66078629 0.34821429
vt 0.66078629 0.34821429
vt 0.66078629 0.34821429
vt 0.66078629 0.34821429
vt 0.66078629 0.34821429
vt 0.66078629 0.34821429
vt 0.66078629 0.34821429
vt 0.66078629 0.34821429
vt 0.66078629 0.34821429
vt 0.66078629 0.34821429
vt 0.66078629 0.34821429
vt 0.66078629 0.34821429
vt 0.66078629 0.34821429
vt 0.66078629 0.34821429
vt 0.66078629 0.34821429
vt 0.66078629 0.34821429
vt 0.66078629 0.34821429
vt 0.66078629 0.34821429
vt 0.66078629 0.34821429
vt 0.66078629 0.34821429
vt 0.66078629 0.34821429
vt 0.66078629 0.34821429
vt 0.66078629 0.34821429
vt 0.66078629 0.34821429
vt 0.66078629 0.34821429
vt 0.66078629 0.34821429
vt 0.66078629 0.34821429
vt 0.66078629 0.34821429
vt 0.66078629 0.34821429
vt 0.66078629 0.34821429
vt 0.66078629 0.34821429
vt 0.66078629 0.34821429
vt 0.66078629 0.34821429
vt 0.66078629 0.34821429
vt 0.66078629 0.34821429
vt 0.66078629 0.34821429
vt 0.66078629 0.34821429
vt 0.66078629 0.34821429
vt 0.66078629 0.34821429
vt 0.66078629 0.34821429
vt 0.66078629 0.34821429
vt 0.66078629 0.34821429
vt 0.66078629 0.34821429
vt 0.66078629 0.34821429
vt 0.66078629 0.34821429
vt 0.66078629 0.34821429
vt 0.66078629 0.34821429
vt 0.66078629 0.34821429
vt 0.66078629 0.34821429
vt 0.66078629 0.34821429
vt 0.66078629 0.34821429
vt 0.66078629 0.34821429
vt 0.66078629 0.34821429
vt 0.66078629 0.34821429
vt 0.66078629 0.34821429
vt 0.66078629 0.34821429
vt 0.66078629 0.34821429
vt 0.66078629 0.34821429
vt 0.66078629 0.34821429
vt 0.66078629 0.34821429
vt 0.66078629 0.34821429
vt 0.66078629 0.34821429
vt 0.66078629 0.34821429
vt 0.66078629 0.34821429
vt 0.66078629 0.34821429
vt 0.66078629 0.34821429
vt 0.66078629 0.34821429
vt 0.66078629 0.34821429
vt 0.66078629 0.34821429
vt 0.66078629 0.34821429
vt 0.66078629 0.34821429
vt 0.66078629 0.34821429
vt 0.66078629 0.34821429
vt 0.66078629 0.34821429
vt 0.66078629 0.34821429
vt 0.66078629 0.34821429
vt 0.66078629 0.34821429
vt 0.66078629 0.34821429
vt 0.66078629 0.34821429
vt 0.66078629 0.34821429
vt 0.66078629 0.34821429
vt 0.66078629 0.34821429
vt 0.66078629 0.34821429
vt 0.66078629 0.34821429
vt 0.66078629 0.34821429
vt 0.66078629 0.34821429
vt 0.66078629 0.34821429
vt 0.66078629 0.34821429
vt 0.66078629 0.34821429
vt 0.66078629 0.34821429
vt 0.66078629 0.34821429
vt 0.66078629 0.34821429
vt 0.66078629 0.34821429
vt 0.66078629 0.34821429
vt 0.66078629 0.34821429
vt 0.66078629 0.34821429
vt 0.66078629 0.34821429
vt 0.66078629 0.34821429
vt 0.66078629 0.34821429
vt 0.66078629 0.34821429
vt 0.66078629 0.34821429
vt 0.66078629 0.34821429
vt 0.66078629 0.34821429
vt 0.66078629 0.34821429
vt 0.66078629 0.34821429
vt 0.66078629 0.34821429
vt 0.66078629 0.34821429
vt 0.66078629 0.34821429
vt 0.66078629 0.34821429
vt 0.66078629 0.34821429
vt 0.66078629 0.34821429
vt 0.66078629 0.34821429
vt 0.66078629 0.34821429
vt 0.66078629 0.34821429
vt 0.66078629 0.34821429
vt 0.66078629 0.34821429
vt 0.66078629 0.34821429
vt 0.66078629 0.34821429
vt 0.66078629 0.34821429
vt 0.66078629 0.34821429
vt 0.66078629 0.34821429
vt 0.66078629 0.34821429
vt 0.66078629 0.34821429
vt 0.66078629 0.34821429
vt 0.66078629 0.34821429
vt 0.66078629 0.34821429
vt 0.66078629 0.34821429
vt 0.66078629 0.34821429
vt 0.66078629 0.34821429
vt 0.66078629 0.34821429
vt 0.66078629 0.34821429
vt 0.66078629 0.34821429
vt 0.66078629 0.34821429
vt 0.66078629 0.34821429
vt 0.66078629 0.34821429
vt 0.66078629 0.34821429
vt 0.66078629 0.34821429
vt 0.66078629 0.34821429
vt 0.66078629 0.34821429
vt 0.66078629 0.34821429
vt 0.46723790 0.34821429
vt 0.46723790 0.34821429
vt 0.46723790 0.34821429
vt 0.46723790 0.34821429
vt 0.46723790 0.34821429
vt 0.46723790 0.34821429
vt 0.46723790 0.34821429
vt 0.46723790 0.34821429
vt 0.46723790 0.34821429
vt 0.46723790 0.34821429
vt 0.46723790 0.34821429
vt 0.46723790 0.34821429
vt 0.46723790 0.34821429
vt 0.46723790 0.34821429
vt 0.46723790 0.34821429
vt 0.46723790 0.34821429
vt 0.46723790 0.34821429
vt 0.46723790 0.34821429
vt 0.46723790 0.34821429
vt 0.46723790 0.34821429
vt 0.46723790 0.34821429
vt 0.46723790 0.34821429
vt 0.46723790 0.34821429
vt 0.46723790 0.34821429
vt 0.46723790 0.34821429
vt 0.46723790 0.34821429
vt 0.46723790 0.34821429
vt 0.46723790 0.34821429
vt 0.46723790 0.34821429
vt 0.46723790 0.34821429
vt 0.46723790 0.34821429
vt 0.46723790 0.34821429
vt 0.46723790 0.34821429
vt 0.46723790 0.34821429
vt 0.46723790 0.34821429
vt 0.46723790 0.34821429
vt 0.46723790 0.34821429
vt 0.46723790 0.34821429
vt 0.46723790 0.34821429
vt 0.46723790 0.34821429
vt 0.46723790 0.34821429
vt 0.46723790 0.34821429
vt 0.46723790 0.34821429
vt 0.46723790 0.34821429
vt 0.46723790 0.34821429
vt 0.46723790 0.34821429
vt 0.46723790 0.34821429
vt 0.46723790 0.34821429
vt 0.46723790 0.34821429
vt 0.46723790 0.34821429
vt 0.46723790 0.34821429
vt 0.46723790 0.34821429
vt 0.46723790 0.34821429
vt 0.46723790 0.34821429
vt 0.46723790 0.34821429
vt 0.46723790 0.34821429
vt 0.46723790 0.34821429
vt 0.46723790 0.34821429
vt 0.46723790 0.34821429
vt 0.46723790 0.34821429
vt 0.46723790 0.34821429
vt 0.46723790 0.34821429
vt 0.46723790 0.34821429
vt 0.46723790 0.34821429
vt 0.46723790 0.34821429
vt 0.46723790 0.34821429
vt 0.46723790 0.34821429
vt 0.46723790 0.34821429
vt 0.46723790 0.34821429
vt 0.46723790 0.34821429
vt 0.46723790 0.34821429
vt 0.46723790 0.34821429
vt 0.46723790 0.34821429
vt 0.46723790 0.34821429
vt 0.46723790 0.34821429
vt 0.46723790 0.34821429
vt 0.46723790 0.34821429
vt 0.46723790 0.34821429
vt 0.46723790 0.34821429
vt 0.46723790 0.34821429
vt 0.46723790 0.34821429
vt 0.46723790 0.34821429
vt 0.46723790 0.34821429
vt 0.46723790 0.34821429
vt 0.46723790 0.34821429
vt 0.46723790 0.34821429
vt 0.46723790 0.34821429
vt 0.46723790 0.34821429
vt 0.46723790 0.34821429
vt 0.46723790 0.34821429
vt 0.46723790 0.34821429
vt 0.46723790 0.34821429
vt 0.46723790 0.34821429
vt 0.46723790 0.34821429
vt 0.46723790 0.34821429
vt 0.46723790 0.34821429
vt 0.46723790 0.34821429
vt 0.46723790 0.34821429
vt 0.46723790 0.34821429
vt 0.46723790 0.34821429
vt 0.46723790 0.34821429
vt 0.46723790 0.34821429
vt 0.46723790 0.34821429
vt 0.46723790 0.34821429
vt 0.46723790 0.34821429
vt 0.46723790 0.34821429
vt 0.46723790 0.34821429
vt 0.46723790 0.34821429
vt 0.46723790 0.34821429
vt 0.46723790 0.34821429
vt 0.46723790 0.34821429
vt 0.46723790 0.34821429
vt 0.46723790 0.34821429
vt 0.46723790 0.34821429
vt 0.46723790 0.34821429
vt 0.46723790 0.34821429
vt 0.46723790 0.34821429
vt 0.46723790 0.34821429
vt 0.46723790 0.34821429
vt 0.46723790 0.34821429
vt 0.46723790 0.34821429
vt 0.46723790 0.34821429
vt 0.46723790 0.34821429
vt 0.46723790 0.34821429
vt 0.46723790 0.34821429
vt 0.46723790 0.34821429
vt 0.46723790 0.34821429
vt 0.46723790 0.34821429
vt 0.46723790 0.34821429
vt 0.46723790 0.34821429
vt 0.46723790 0.34821429
vt 0.46723790 0.34821429
vt 0.46723790 0.34821429
vt 0.46723790 0.34821429
vt 0.46723790 0.34821429
vt 0.46723790 0.34821429
vt 0.46723790 0.34821429
vt 0.46723790 0.34821429
vt 0.46723790 0.34821429
vt 0.46723790 0.34821429
vt 0.46723790 0.34821429
vt 0.46723790 0.34821429
vt 0.46723790 0.34821429
vt 0.46723790 0.34821429
vt 0.46723790 0.34821429
vt 0.46723790 0.34821429
vt 0.46723790 0.34821429
vt 0.46723790 0.34821429
vt 0.46723790 0.34821429
vt 0.46723790 0.34821429
vt 0.46723790 0.34821429
vt 0.46723790 0.34821429
vt 0.46723790 0.34821429
vt 0.46723790 0.34821429
vt 0.46723790 0.34821429
vt 0.46723790 0.34821429
vt 0.46723790 0.34821429
vt 0.46723790 0.34821429
vt 0.46723790 0.34821429
vt 0.46723790 0.34821429
vt 0.46723790 0.34821429
vt 0.46723790 0.34821429
vt 0.46723790 0.34821429
vt 0.46723790 0.34821429
vt 0.46723790 0.34821429
vt 0.46723790 0.34821429
vt 0.46723790 0.34821429
vt 0.46723790 0.34821429
vt 0.46723790 0.34821429
vt 0.46723790 0.34821429
vt 0.46723790 0.34821429
vt 0.46723790 0.34821429
vt 0.46723790 0.34821429
vt 0.46723790 0.34821429
vt 0.46723790 0.34821429
vt 0.46723790 0.34821429
vt 0.46723790 0.34821429
vt 0.46723790 0.34821429
vt 0.46723790 0.34821429
vt 0.46723790 0.34821429
vt 0.46723790 0.34821429
vt 0.46723790 0.34821429
vt 0.46723790 0.34821429
vt 0.46723790 0.34821429
vt 0.46723790 0.34821429
vt 0.46723790 0.34821429
vt 0.46723790 0.34821429
vt 0.46723790 0.34821429
vt 0.46723790 0.34821429
vt 0.46723790 0.34821429
vt 0.46723790 0.34821429
vt 0.46723790 0.34821429
vt 0.46723790 0.34821429
vt 0.46723790 0.34821429
vt 0.46723790 0.34821429
vt 0.46723790 0.34821429
vt 0.46723790 0.34821429
vt 0.46723790 0.34821429
vt 0.46723790 0.34821429
vt 0.46723790 0.34821429
vt 0.46723790 0.34821429
vt 0.46723790 0.34821429
vt 0.46723790 0.34821429
vt 0.46723790 0.34821429
vt 0.46723790 0.34821429
vt 0.46723790 0.34821429
vt 0.46723790 0.34821429
vt 0.46723790 0.34821429
vt 0.46723790 0.34821429
vt 0.46723790 0.34821429
vt 0.46723790 0.34821429
vt 0.46723790 0.34821429
vt 0.46723790 0.34821429
vt 0.46723790 0.34821429
vt 0.46723790 0.34821429
vt 0.46723790 0.34821429
vt 0.46723790 0.34821429
vt 0.46723790 0.34821429
vt 0.46723790 0.34821429
vt 0.46723790 0.34821429
vt 0.46723790 0.34821429
vt 0.46723790 0.34821429
vt 0.46723790 0.34821429
vt 0.46723790 0.34821429
vt 0.46723790 0.34821429
vt 0.46723790 0.34821429
vt 0.46723790 0.34821429
vt 0.46723790 0.34821429
vt 0.46723790 0.34821429
vt 0.46723790 0.34821429
vt 0.46723790 0.34821429
vt 0.46723790 0.34821429
vt 0.46723790 0.34821429
vt 0.46723790 0.34821429
vt 0.46723790 0.34821429
vt 0.46723790 0.34821429
vt 0.46723790 0.34821429
vt 0.46723790 0.34821429
vt 0.46723790 0.34821429
vt 0.46723790 0.34821429
vt 0.46723790 0.34821429
vt 0.46723790 0.34821429
vt 0.46723790 0.34821429
vt 0.46723790 0.34821429
vt 0.46723790 0.34821429
vt 0.46723790 0.34821429
vt 0.46723790 0.34821429
vt 0.46723790 0.34821429
vt 0.46723790 0.34821429
vt 0.46723790 0.34821429
vt 0.46723790 0.34821429
vt 0.46723790 0.34821429
vt 0.46723790 0.34821429
vt 0.46723790 0.34821429
vt 0.46723790 0.34821429
vt 0.46723790 0.34821429
vt 0.46723790 0.34821429
vt 0.46723790 0.34821429
vt 0.46723790 0.34821429
vt 0.46723790 0.34821429
vt 0.46723790 0.34821429
vt 0.46723790 0.34821429
vt 0.46723790 0.34821429
vt 0.46723790 0.34821429
vt 0.46723790 0.34821429
vt 0.46723790 0.34821429
vt 0.46723790 0.34821429
vt 0.46723790 0.34821429
vt 0.46723790 0.34821429
vt 0.46723790 0.34821429
vt 0.46723790 0.34821429
vt 0.46723790 0.34821429
vt 0.46723790 0.34821429
vt 0.46723790 0.34821429
vt 0.46723790 0.34821429
vt 0.46723790 0.34821429
vt 0.46723790 0.34821429
vt 0.46723790 0.34821429
vt 0.46723790 0.34821429
vt 0.46723790 0.34821429
vt 0.46723790 0.34821429
vt 0.46723790 0.34821429
vt 0.46723790 0.34821429
vt 0.46723790 0.34821429
vt 0.46723790 0.34821429
vt 0.46723790 0.34821429
vt 0.46723790 0.34821429
vt 0.46723790 0.34821429
vt 0.46723790 0.34821429
vt 0.46723790 0.34821429
vt 0.46723790 0.34821429
vt 0.46723790 0.34821429
vt 0.46723790 0.34821429
vt 0.46723790 0.34821429
vt 0.46723790 0.34821429
vt 0.46723790 0.34821429
vt 0.46723790 0.34821429
vt 0.46723790 0.34821429
vt 0.46723790 0.34821429
vt 0.46723790 0.34821429
vt 0.46723790 0.34821429
vt 0.46723790 0.34821429
vt 0.46723790 0.34821429
vt 0.46723790 0.34821429
vt 0.46723790 0.34821429
vt 0.46723790 0.34821429
vt 0.46723790 0.34821429
vt 0.46723790 0.34821429
vt 0.46723790 0.34821429
vt 0.46723790 0.34821429
vt 0.46723790 0.34821429
vt 0.46723790 0.34821429
vt 0.46723790 0.34821429
vt 0.46723790 0.34821429
vt 0.46723790 0.34821429
vt 0.46723790 0.34821429
vt 0.46723790 0.34821429
vt 0.46723790 0.34821429
vt 0.46723790 0.34821429
vt 0.46723790 0.34821429
vt 0.46723790 0.34821429
vt 0.46723790 0.34821429
vt 0.46723790 0.34821429
vt 0.46723790 0.34821429
vt 0.46723790 0.34821429
vt 0.46723790 0.34821429
vt 0.46723790 0.34821429
vt 0.46723790 0.34821429
vt 0.46723790 0.34821429
vt 0.46723790 0.34821429
vt 0.46723790 0.34821429
vt 0.46723790 0.34821429
vt 0.46723790 0.34821429
vt 0.46723790 0.34821429
vt 0.46723790 0.34821429
vt 0.46723790 0.34821429
vt 0.46723790 0.34821429
vt 0.46723790 0.34821429
vt 0.46723790 0.34821429
vt 0.46723790 0.34821429
vt 0.46723790 0.34821429
vt 0.46723790 0.34821429
vt 0.46723790 0.34821429
vt 0.46723790 0.34821429
vt 0.46723790 0.34821429
vt 0.46723790 0.34821429
vt 0.46723790 0.34821429
vt 0.46723790 0.34821429
vt 0.46723790 0.34821429
vt 0.46723790 0.34821429
vt 0.46723790 0.34821429
vt 0.46723790 0.34821429
vt 0.46723790 0.34821429
vt 0.46723790 0.34821429
vt 0.46723790 0.34821429
vt 0.46723790 0.34821429
vt 0.46723790 0.34821429
vt 0.46723790 0.34821429
vt 0.46723790 0.34821429
vt 0.46723790 0.34821429
vt 0.46723790 0.34821429
vt 0.46723790 0.34821429
vt 0.46723790 0.34821429
vt 0.46723790 0.34821429
vt 0.46723790 0.34821429
vt 0.46723790 0.34821429
vt 0.46723790 0.34821429
vt 0.46723790 0.34821429
vt 0.46723790 0.34821429
vt 0.46723790 0.34821429
vt 0.46723790 0.34821429
vt 0.46723790 0.34821429
vt 0.46723790 0.34821429
vt 0.46723790 0.34821429
vt 0.46723790 0.34821429
vt 0.46723790 0.34821429
vt 0.46723790 0.34821429
vt 0.46723790 0.34821429
vt 0.46723790 0.34821429
vt 0.46723790 0.34821429
vt 0.46723790 0.34821429
vt 0.46723790 0.34821429
vt 0.46723790 0.34821429
vt 0.46723790 0.34821429
vt 0.46723790 0.34821429
vt 0.46723790 0.34821429
vt 0.46723790 0.34821429
vt 0.46723790 0.34821429
vt 0.46723790 0.34821429
vt 0.46723790 0.34821429
vt 0.46723790 0.34821429
vt 0.46723790 0.34821429
vt 0.46723790 0.34821429
vt 0.46723790 0.34821429
vt 0.46723790 0.34821429
vt 0.46723790 0.34821429
vt 0.46723790 0.34821429
vt 0.46723790 0.34821429
vt 0.46723790 0.34821429
vt 0.46723790 0.34821429
vt 0.46723790 0.34821429
vt 0.46723790 0.34821429
vt 0.46723790 0.34821429
vt 0.46723790 0.34821429
vt 0.46723790 0.34821429
vt 0.46723790 0.34821429
vt 0.46723790 0.34821429
vt 0.46723790 0.34821429
vt 0.46723790 0.34821429
vt 0.46723790 0.34821429
vt 0.46723790 0.34821429
vt 0.46723790 0.34821429
vt 0.46723790 0.34821429
vt 0.46723790 0.34821429
vt 0.46723790 0.34821429
vt 0.46723790 0.34821429
vt 0.46723790 0.34821429
vt 0.46723790 0.34821429
vt 0.46723790 0.34821429
vt 0.46723790 0.34821429
vt 0.46723790 0.34821429
vt 0.46723790 0.34821429
vt 0.46723790 0.34821429
vt 0.46723790 0.34821429
vt 0.46723790 0.34821429
vt 0.46723790 0.34821429
vt 0.46723790 0.34821429
vt 0.46723790 0.34821429
vt 0.46723790 0.34821429
vt 0.46723790 0.34821429
vt 0.46723790 0.34821429
vt 0.46723790 0.34821429
vt 0.46723790 0.34821429
vt 0.46723790 0.34821429
vt 0.46723790 0.34821429
vt 0.46723790 0.34821429
vt 0.46723790 0.34821429
vt 0.46723790 0.34821429
vt 0.46723790 0.34821429
vt 0.46723790 0.34821429
vt 0.46723790 0.34821429
vt 0.46723790 0.34821429
vt 0.46723790 0.34821429
vt 0.46723790 0.34821429
vt 0.46723790 0.34821429
vt 0.46723790 0.34821429
vt 0.46723790 0.34821429
vt 0.46723790 0.34821429
vt 0.46723790 0.34821429
vt 0.46723790 0.34821429
vt 0.46723790 0.34821429
vt 0.46723790 0.34821429
vt 0.46723790 0.34821429
vt 0.46723790 0.34821429
vt 0.46723790 0.34821429
vt 0.46723790 0.34821429
vt 0.46723790 0.34821429
vt 0.46723790 0.34821429
vt 0.46723790 0.34821429
vt 0.46723790 0.34821429
vt 0.46723790 0.34821429
vt 0.46723790 0.34821429
vt 0.46723790 0.34821429
vt 0.46723790 0.34821429
vt 0.46723790 0.34821429
vt 0.46723790 0.34821429
vt 0.46723790 0.34821429
vt 0.46723790 0.34821429
vt 0.46723790 0.34821429
vt 0.46723790 0.34821429
vt 0.46723790 0.34821429
vt 0.46723790 0.34821429
vt 0.46723790 0.34821429
vt 0.46723790 0.34821429
vt 0.46723790 0.34821429
vt 0.46723790 0.34821429
vt 0.46723790 0.34821429
vt 0.46723790 0.34821429
vt 0.46723790 0.34821429
vt 0.46723790 0.34821429
vt 0.46723790 0.34821429
vt 0.46723790 0.34821429
vt 0.46723790 0.34821429
vt 0.46723790 0.34821429
vt 0.46723790 0.34821429
vt 0.46723790 0.34821429
vt 0.46723790 0.34821429
vt 0.46723790 0.34821429
vt 0.46723790 0.34821429
vt 0.46723790 0.34821429
vt 0.46723790 0.34821429
vt 0.46723790 0.34821429
vt 0.46723790 0.34821429
vt 0.46723790 0.34821429
vt 0.46723790 0.34821429
vt 0.46723790 0.34821429
vt 0.46723790 0.34821429
vt 0.46723790 0.34821429
vt 0.46723790 0.34821429
vt 0.46723790 0.34821429
vt 0.46723790 0.34821429
vt 0.46723790 0.34821429
vt 0.46723790 0.34821429
vt 0.46723790 0.34821429
vt 0.46723790 0.34821429
vt 0.46723790 0.34821429
vt 0.46723790 0.34821429
vt 0.46723790 0.34821429
vt 0.46723790 0.34821429
vt 0.46723790 0.34821429
vt 0.46723790 0.34821429
vt 0.46723790 0.34821429
vt 0.46723790 0.34821429
vt 0.46723790 0.34821429
vt 0.46723790 0.34821429
vt 0.46723790 0.34821429
vt 0.46723790 0.34821429
vt 0.46723790 0.34821429
vt 0.46723790 0.34821429
vt 0.46723790 0.34821429
vt 0.46723790 0.34821429
vt 0.46723790 0.34821429
vt 0.46723790 0.34821429
vt 0.46723790 0.34821429
vt 0.46723790 0.34821429
vt 0.46723790 0.34821429
vt 0.46723790 0.34821429
vt 0.46723790 0.34821429
vt 0.46723790 0.34821429
vt 0.46723790 0.34821429
vt 0.46723790 0.34821429
vt 0.46723790 0.34821429
vt 0.46723790 0.34821429
vt 0.46723790 0.34821429
vt 0.46723790 0.34821429
vt 0.46723790 0.34821429
vt 0.46723790 0.34821429
vt 0.46723790 0.34821429
vt 0.46723790 0.34821429
vt 0.46723790 0.34821429
vt 0.46723790 0.34821429
vt 0.46723790 0.34821429
vt 0.46723790 0.34821429
vt 0.46723790 0.34821429
vt 0.46723790 0.34821429
vt 0.46723790 0.34821429
vt 0.46723790 0.34821429
vt 0.46723790 0.34821429
vt 0.46723790 0.34821429
vt 0.46723790 0.34821429
vt 0.46723790 0.34821429
vt 0.46723790 0.34821429
vt 0.46723790 0.34821429
vt 0.46723790 0.34821429
vt 0.46723790 0.34821429
vt 0.46723790 0.34821429
vt 0.46723790 0.34821429
vt 0.46723790 0.34821429
vt 0.46723790 0.34821429
vt 0.46723790 0.34821429
vt 0.46723790 0.34821429
vt 0.46723790 0.34821429
vt 0.46723790 0.34821429
vt 0.46723790 0.34821429
vt 0.46723790 0.34821429
vt 0.46723790 0.34821429
vt 0.46723790 0.34821429
vt 0.46723790 0.34821429
vt 0.46723790 0.34821429
vt 0.46723790 0.34821429
vt 0.46723790 0.34821429
vt 0.46723790 0.34821429
vt 0.46723790 0.34821429
vt 0.46723790 0.34821429
vt 0.46723790 0.34821429
vt 0.46723790 0.34821429
vt 0.46723790 0.34821429
vt 0.46723790 0.34821429
vt 0.46723790 0.34821429
vt 0.46723790 0.34821429
vt 0.46723790 0.34821429
vt 0.46723790 0.34821429
vt 0.46723790 0.34821429
vt 0.46723790 0.34821429
vt 0.46723790 0.34821429
vt 0.46723790 0.34821429
vt 0.46723790 0.34821429
vt 0.46723790 0.34821429
vt 0.46723790 0.34821429
vt 0.46723790 0.34821429
vt 0.46723790 0.34821429
vt 0.46723790 0.34821429
vt 0.46723790 0.34821429
vt 0.46723790 0.34821429
vt 0.46723790 0.34821429
vt 0.46723790 0.34821429
vt 0.46723790 0.34821429
vt 0.46723790 0.34821429
vt 0.46723790 0.34821429
vt 0.46723790 0.34821429
vt 0.46723790 0.34821429
vt 0.46723790 0.34821429
vt 0.46723790 0.34821429
vt 0.46723790 0.34821429
vt 0.46723790 0.34821429
vt 0.46723790 0.34821429
vt 0.46723790 0.34821429
vt 0.46723790 0.34821429
vt 0.46723790 0.34821429
vt 0.46723790 0.34821429
vt 0.46723790 0.34821429
vt 0.46723790 0.34821429
vt 0.46723790 0.34821429
vt 0.46723790 0.34821429
vt 0.46723790 0.34821429
vt 0.46723790 0.34821429
vt 0.46723790 0.34821429
vt 0.46723790 0.34821429
vt 0.46723790 0.34821429
vt 0.46723790 0.34821429
vt 0.46723790 0.34821429
vt 0.46723790 0.34821429
vt 0.46723790 0.34821429
vt 0.46723790 0.34821429
vt 0.46723790 0.34821429
vt 0.46723790 0.34821429
vt 0.46723790 0.34821429
vt 0.46723790 0.34821429
vt 0.46723790 0.34821429
vt 0.46723790 0.34821429
vt 0.46723790 0.34821429
vt 0.46723790 0.34821429
vt 0.46723790 0.34821429
vt 0.46723790 0.34821429
vt 0.46723790 0.34821429
vt 0.46723790 0.34821429
vt 0.46723790 0.34821429
vt 0.46723790 0.34821429
vt 0.46723790 0.34821429
vt 0.46723790 0.34821429
vt 0.46723790 0.34821429
vt 0.46723790 0.34821429
vt 0.46723790 0.34821429
vt 0.46723790 0.34821429
vt 0.46723790 0.34821429
vt 0.46723790 0.34821429
vt 0.46723790 0.34821429
vt 0.46723790 0.34821429
vt 0.46723790 0.34821429
vt 0.46723790 0.34821429
vt 0.46723790 0.34821429
vt 0.46723790 0.34821429
vt 0.46723790 0.34821429
vt 0.46723790 0.34821429
vt 0.46723790 0.34821429
vt 0.46723790 0.34821429
vt 0.46723790 0.34821429
vt 0.46723790 0.34821429
vt 0.46723790 0.34821429
vt 0.46723790 0.34821429
vt 0.46723790 0.34821429
vt 0.46723790 0.34821429
vt 0.46723790 0.34821429
vt 0.46723790 0.34821429
vt 0.46723790 0.34821429
vt 0.46723790 0.34821429
vt 0.46723790 0.34821429
vt 0.46723790 0.34821429
vt 0.46723790 0.34821429
vt 0.46723790 0.34821429
vt 0.46723790 0.34821429
vt 0.46723790 0.34821429
vt 0.46723790 0.34821429
vt 0.46723790 0.34821429
vt 0.46723790 0.34821429
vt 0.46723790 0.34821429
vt 0.46723790 0.34821429
vt 0.46723790 0.34821429
vt 0.46723790 0.34821429
vt 0.46723790 0.34821429
vt 0.46723790 0.34821429
vt 0.46723790 0.34821429
vt 0.46723790 0.34821429
vt 0.46723790 0.34821429
vt 0.46723790 0.34821429
vt 0.46723790 0.34821429
vt 0.46723790 0.34821429
vt 0.46723790 0.34821429
vt 0.46723790 0.34821429
vt 0.46723790 0.34821429
vt 0.46723790 0.34821429
vt 0.46723790 0.34821429
vt 0.46723790 0.34821429
vt 0.46723790 0.34821429
vt 0.46723790 0.34821429
vt 0.46723790 0.34821429
vt 0.46723790 0.34821429
vt 0.46723790 0.34821429
vt 0.46723790 0.34821429
vt 0.46723790 0.34821429
vt 0.46723790 0.34821429
vt 0.46723790 0.34821429
vt 0.46723790 0.34821429
vt 0.46723790 0.34821429
vt 0.46723790 0.34821429
vt 0.46723790 0.34821429
vt 0.46723790 0.34821429
vt 0.46723790 0.34821429
vt 0.46723790 0.34821429
vt 0.46723790 0.34821429
vt 0.46723790 0.34821429
vt 0.46723790 0.34821429
vt 0.46723790 0.34821429
vt 0.46723790 0.34821429
vt 0.46723790 0.34821429
vt 0.46723790 0.34821429
vt 0.46723790 0.34821429
vt 0.46723790 0.34821429
vt 0.46723790 0.34821429
vt 0.46723790 0.34821429
vt 0.46723790 0.34821429
vt 0.46723790 0.34821429
vt 0.46723790 0.34821429
vt 0.46723790 0.34821429
vt 0.46723790 0.34821429
vt 0.46723790 0.34821429
vt 0.46723790 0.34821429
vt 0.46723790 0.34821429
vt 0.46723790 0.34821429
vt 0.46723790 0.34821429
vt 0.46723790 0.34821429
vt 0.46723790 0.34821429
vt 0.46723790 0.34821429
vt 0.46723790 0.34821429
vt 0.46723790 0.34821429
vt 0.46723790 0.34821429
vt 0.46723790 0.34821429
vt 0.46723790 0.34821429
vt 0.46723790 0.34821429
vt 0.46723790 0.34821429
vt 0.46723790 0.34821429
vt 0.46723790 0.34821429
vt 0.46723790 0.34821429
vt 0.46723790 0.34821429
vt 0.46723790 0.34821429
vt 0.46723790 0.34821429
vt 0.46723790 0.34821429
vt 0.46723790 0.34821429
vt 0.46723790 0.34821429
vt 0.46723790 0.34821429
vt 0.46723790 0.34821429
vt 0.46723790 0.34821429
vt 0.46723790 0.34821429
vt 0.46723790 0.34821429
vt 0.46723790 0.34821429
vt 0.46723790 0.34821429
vt 0.46723790 0.34821429
vt 0.46723790 0.34821429
vt 0.46723790 0.34821429
vt 0.46723790 0.34821429
vt 0.46723790 0.34821429
vt 0.46723790 0.34821429
vt 0.46723790 0.34821429
vt 0.46723790 0.34821429
vt 0.46723790 0.34821429
vt 0.46723790 0.34821429
vt 0.46723790 0.34821429
vt 0.46723790 0.34821429
vt 0.46723790 0.34821429
vt 0.46723790 0.34821429
vt 0.46723790 0.34821429
vt 0.46723790 0.34821429
vt 0.46723790 0.34821429
vt 0.46723790 0.34821429
vt 0.46723790 0.34821429
vt 0.46723790 0.34821429
vt 0.46723790 0.34821429
vt 0.46723790 0.34821429
vt 0.46723790 0.34821429
vt 0.46723790 0.34821429
vt 0.46723790 0.34821429
vt 0.46723790 0.34821429
vt 0.46723790 0.34821429
vt 0.46723790 0.34821429
vt 0.46723790 0.34821429
vt 0.46723790 0.34821429
vt 0.46723790 0.34821429
vt 0.46723790 0.34821429
vt 0.46723790 0.34821429
vt 0.46723790 0.34821429
vt 0.46723790 0.34821429
vt 0.46723790 0.34821429
vt 0.46723790 0.34821429
vt 0.46723790 0.34821429
vt 0.46723790 0.34821429
vt 0.46723790 0.34821429
vt 0.46723790 0.34821429
vt 0.46723790 0.34821429
vt 0.46723790 0.34821429
vt 0.46723790 0.34821429
vt 0.46723790 0.34821429
vt 0.46723790 0.34821429
vt 0.46723790 0.34821429
vt 0.46723790 0.34821429
vt 0.46723790 0.34821429
vt 0.46723790 0.34821429
vt 0.46723790 0.34821429
vt 0.46723790 0.34821429
vt 0.46723790 0.34821429
vt 0.46723790 0.34821429
vt 0.46723790 0.34821429
vt 0.46723790 0.34821429
vt 0.46723790 0.34821429
vt 0.46723790 0.34821429
vt 0.46723790 0.34821429
vt 0.46723790 0.34821429
vt 0.46723790 0.34821429
vt 0.46723790 0.34821429
vt 0.46723790 0.34821429
vt 0.46723790 0.34821429
vt 0.46723790 0.34821429
vt 0.46723790 0.34821429
vt 0.46723790 0.34821429
vt 0.46723790 0.34821429
vt 0.46723790 0.34821429
vt 0.46723790 0.34821429
vt 0.46723790 0.34821429
vt 0.46723790 0.34821429
vt 0.46723790 0.34821429
vt 0.46723790 0.34821429
vt 0.46723790 0.34821429
vt 0.46723790 0.34821429
vt 0.46723790 0.34821429
vt 0.46723790 0.34821429
vt 0.46723790 0.34821429
vt 0.46723790 0.34821429
vt 0.46723790 0.34821429
vt 0.46723790 0.34821429
vt 0.46723790 0.34821429
vt 0.46723790 0.34821429
vt 0.46723790 0.34821429
vt 0.46723790 0.34821429
vt 0.46723790 0.34821429
vt 0.46723790 0.34821429
vt 0.46723790 0.34821429
vt 0.46723790 0.34821429
vt 0.46723790 0.34821429
vt 0.46723790 0.34821429
vt 0.46723790 0.34821429
vt 0.46723790 0.34821429
vt 0.46723790 0.34821429
vt 0.46723790 0.34821429
vt 0.46723790 0.34821429
vt 0.46723790 0.34821429
vt 0.46723790 0.34821429
vt 0.46723790 0.34821429
vt 0.46723790 0.34821429
vt 0.46723790 0.34821429
vt 0.46723790 0.34821429
vt 0.46723790 0.34821429
vt 0.46723790 0.34821429
vt 0.46723790 0.34821429
vt 0.46723790 0.34821429
vt 0.46723790 0.34821429
vt 0.46723790 0.34821429
vt 0.46723790 0.34821429
vt 0.46723790 0.34821429
vt 0.46723790 0.34821429
vt 0.46723790 0.34821429
vt 0.46723790 0.34821429
vt 0.46723790 0.34821429
vt 0.46723790 0.34821429
vt 0.46723790 0.34821429
vt 0.46723790 0.34821429
vt 0.46723790 0.34821429
vt 0.46723790 0.34821429
vt 0.46723790 0.34821429
vt 0.46723790 0.34821429
vt 0.46723790 0.34821429
vt 0.46723790 0.34821429
vt 0.46723790 0.34821429
vt 0.46723790 0.34821429
vt 0.46723790 0.34821429
vt 0.46723790 0.34821429
vt 0.46723790 0.34821429
vt 0.46723790 0.34821429
vt 0.46723790 0.34821429
vt 0.46723790 0.34821429
vt 0.46723790 0.34821429
vt 0.46723790 0.34821429
vt 0.46723790 0.34821429
vt 0.46723790 0.34821429
vt 0.46723790 0.34821429
vt 0.46723790 0.34821429
vt 0.46723790 0.34821429
vt 0.46723790 0.34821429
vt 0.46723790 0.34821429
vt 0.46723790 0.34821429
vt 0.46723790 0.34821429
vt 0.46723790 0.34821429
vt 0.46723790 0.34821429
vt 0.46723790 0.34821429
vt 0.46723790 0.34821429
vt 0.46723790 0.34821429
vt 0.46723790 0.34821429
vt 0.46723790 0.34821429
vt 0.46723790 0.34821429
vt 0.46723790 0.34821429
vt 0.46723790 0.34821429
vt 0.46723790 0.34821429
vt 0.46723790 0.34821429
vt 0.46723790 0.34821429
vt 0.46723790 0.34821429
vt 0.46723790 0.34821429
vt 0.46723790 0.34821429
vt 0.46723790 0.34821429
vt 0.46723790 0.34821429
vt 0.46723790 0.34821429
vt 0.46723790 0.34821429
vt 0.46723790 0.34821429
vt 0.46723790 0.34821429
vt 0.46723790 0.34821429
vt 0.46723790 0.34821429
vt 0.46723790 0.34821429
vt 0.46723790 0.34821429
vt 0.46723790 0.34821429
vt 0.46723790 0.34821429
vt 0.46723790 0.34821429
vt 0.46723790 0.34821429
vt 0.46723790 0.34821429
vt 0.46723790 0.34821429
vt 0.46723790 0.34821429
vt 0.46723790 0.34821429
vt 0.46723790 0.34821429
vt 0.46723790 0.34821429
vt 0.46723790 0.34821429
vt 0.46723790 0.34821429
vt 0.46723790 0.34821429
vt 0.46723790 0.34821429
vt 0.46723790 0.34821429
vt 0.46723790 0.34821429
vt 0.46723790 0.34821429
vt 0.46723790 0.34821429
vt 0.46723790 0.34821429
vt 0.46723790 0.34821429
vt 0.46723790 0.34821429
vt 0.46723790 0.34821429
vt 0.46723790 0.34821429
vt 0.46723790 0.34821429
vt 0.46723790 0.34821429
vt 0.46723790 0.34821429
vt 0.46723790 0.34821429
vt 0.46723790 0.34821429
vt 0.46723790 0.34821429
vt 0.46723790 0.34821429
vt 0.46723790 0.34821429
vt 0.46723790 0.34821429
vt 0.46723790 0.34821429
vt 0.46723790 0.34821429
vt 0.46723790 0.34821429
vt 0.46723790 0.34821429
vt 0.46723790 0.34821429
vt 0.46723790 0.34821429
vt 0.46723790 0.34821429
vt 0.46723790 0.34821429
vt 0.46723790 0.34821429
vt 0.46723790 0.34821429
vt 0.46723790 0.34821429
vt 0.46723790 0.34821429
vt 0.46723790 0.34821429
vt 0.46723790 0.34821429
vt 0.46723790 0.34821429
vt 0.46723790 0.34821429
vt 0.46723790 0.34821429
vt 0.46723790 0.34821429
vt 0.46723790 0.34821429
vt 0.46723790 0.34821429
vt 0.46723790 0.34821429
vt 0.46723790 0.34821429
vt 0.46723790 0.34821429
vt 0.46723790 0.34821429
vt 0.46723790 0.34821429
vt 0.46723790 0.34821429
vt 0.46723790 0.34821429
vt 0.46723790 0.34821429
vt 0.46723790 0.34821429
vt 0.46723790 0.34821429
vt 0.46723790 0.34821429
vt 0.46723790 0.34821429
vt 0.46723790 0.34821429
vt 0.46723790 0.34821429
vt 0.46723790 0.34821429
vt 0.46723790 0.34821429
vt 0.46723790 0.34821429
vt 0.46723790 0.34821429
vt 0.46723790 0.34821429
vt 0.46723790 0.34821429
vt 0.46723790 0.34821429
vt 0.46723790 0.34821429
vt 0.46723790 0.34821429
vt 0.46723790 0.34821429
vt 0.46723790 0.34821429
vt 0.46723790 0.34821429
vt 0.46723790 0.34821429
vt 0.46723790 0.34821429
vt 0.46723790 0.34821429
vt 0.46723790 0.34821429
vt 0.46723790 0.34821429
vt 0.46723790 0.34821429
vt 0.46723790 0.34821429
vt 0.46723790 0.34821429
vt 0.46723790 0.34821429
vt 0.46723790 0.34821429
vt 0.46723790 0.34821429
vt 0.46723790 0.34821429
vt 0.46723790 0.34821429
vt 0.46723790 0.34821429
vt 0.46723790 0.34821429
vt 0.46723790 0.34821429
vt 0.46723790 0.34821429
vt 0.46723790 0.34821429
vt 0.46723790 0.34821429
vt 0.46723790 0.34821429
vt 0.46723790 0.34821429
vt 0.46723790 0.34821429
vt 0.46723790 0.34821429
vt 0.46723790 0.34821429
vt 0.46723790 0.34821429
vt 0.46723790 0.34821429
vt 0.46723790 0.34821429
vt 0.46723790 0.34821429
vt 0.46723790 0.34821429
vt 0.46723790 0.34821429
vt 0.46723790 0.34821429
vt 0.46723790 0.34821429
vt 0.46723790 0.34821429
vt 0.46723790 0.34821429
vt 0.46723790 0.34821429
vt 0.46723790 0.34821429
vt 0.46723790 0.34821429
vt 0.46723790 0.34821429
vt 0.46723790 0.34821429
vt 0.46723790 0.34821429
vt 0.46723790 0.34821429
vt 0.46723790 0.34821429
vt 0.46723790 0.34821429
vt 0.46723790 0.34821429
vt 0.46723790 0.34821429
vt 0.46723790 0.34821429
vt 0.46723790 0.34821429
vt 0.46723790 0.34821429
vt 0.46723790 0.34821429
vt 0.46723790 0.34821429
vt 0.46723790 0.34821429
vt 0.46723790 0.34821429
vt 0.46723790 0.34821429
vt 0.46723790 0.34821429
vt 0.46723790 0.34821429
vt 0.46723790 0.34821429
vt 0.46723790 0.34821429
vt 0.46723790 0.34821429
vt 0.46723790 0.34821429
vt 0.46723790 0.34821429
vt 0.46723790 0.34821429
vt 0.46723790 0.34821429
vt 0.46723790 0.34821429
vt 0.46723790 0.34821429
vt 0.46723790 0.34821429
vt 0.46723790 0.34821429
vt 0.46723790 0.34821429
vt 0.46723790 0.34821429
vt 0.46723790 0.34821429
vt 0.46723790 0.34821429
vt 0.46723790 0.34821429
vt 0.46723790 0.34821429
vt 0.46723790 0.34821429
vt 0.46723790 0.34821429
vt 0.46723790 0.34821429
vt 0.46723790 0.34821429
vt 0.46723790 0.34821429
vt 0.46723790 0.34821429
vt 0.46723790 0.34821429
vt 0.46723790 0.34821429
vt 0.46723790 0.34821429
vt 0.46723790 0.34821429
vt 0.46723790 0.34821429
vt 0.46723790 0.34821429
vt 0.46723790 0.34821429
vt 0.46723790 0.34821429
vt 0.46723790 0.34821429
vt 0.46723790 0.34821429
vt 0.46723790 0.34821429
vt 0.46723790 0.34821429
vt 0.46723790 0.34821429
vt 0.46723790 0.34821429
vt 0.46723790 0.34821429
vt 0.46723790 0.34821429
vt 0.46723790 0.34821429
vt 0.46723790 0.34821429
vt 0.46723790 0.34821429
vt 0.46723790 0.34821429
vt 0.46723790 0.34821429
vt 0.46723790 0.34821429
vt 0.46723790 0.34821429
vt 0.46723790 0.34821429
vt 0.46723790 0.34821429
vt 0.46723790 0.34821429
vt 0.46723790 0.34821429
vt 0.46723790 0.34821429
vt 0.46723790 0.34821429
vt 0.46723790 0.34821429
vt 0.46723790 0.34821429
vt 0.46723790 0.34821429
vt 0.46723790 0.34821429
vt 0.46723790 0.34821429
vt 0.46723790 0.34821429
vt 0.46723790 0.34821429
vt 0.46723790 0.34821429
vt 0.46723790 0.34821429
vt 0.46723790 0.34821429
vt 0.46723790 0.34821429
vt 0.46723790 0.34821429
vt 0.46723790 0.34821429
vt 0.46723790 0.34821429
vt 0.46723790 0.34821429
vt 0.46723790 0.34821429
vt 0.46723790 0.34821429
vt 0.46723790 0.34821429
vt 0.46723790 0.34821429
vt 0.46723790 0.34821429
vt 0.46723790 0.34821429
vt 0.46723790 0.34821429
vt 0.46723790 0.34821429
vt 0.46723790 0.34821429
vt 0.46723790 0.34821429
vt 0.46723790 0.34821429
vt 0.46723790 0.34821429
vt 0.46723790 0.34821429
vt 0.46723790 0.34821429
vt 0.46723790 0.34821429
vt 0.46723790 0.34821429
vt 0.46723790 0.34821429
vt 0.46723790 0.34821429
vt 0.46723790 0.34821429
vt 0.46723790 0.34821429
vt 0.46723790 0.34821429
vt 0.46723790 0.34821429
vt 0.46723790 0.34821429
vt 0.46723790 0.34821429
vt 0.46723790 0.34821429
vt 0.46723790 0.34821429
vt 0.46723790 0.34821429
vt 0.46723790 0.34821429
vt 0.46723790 0.34821429
vt 0.46723790 0.34821429
vt 0.46723790 0.34821429
vt 0.46723790 0.34821429
vt 0.46723790 0.34821429
vt 0.46723790 0.34821429
vt 0.46723790 0.34821429
vt 0.46723790 0.34821429
vt 0.46723790 0.34821429
vt 0.46723790 0.34821429
vt 0.46723790 0.34821429
vt 0.46723790 0.34821429
vt 0.46723790 0.34821429
vt 0.46723790 0.34821429
vt 0.46723790 0.34821429
vt 0.46723790 0.34821429
vt 0.46723790 0.34821429
vt 0.46723790 0.34821429
vt 0.46723790 0.34821429
vt 0.46723790 0.34821429
vt 0.46723790 0.34821429
vt 0.46723790 0.34821429
vt 0.46723790 0.34821429
vt 0.46723790 0.34821429
vt 0.46723790 0.34821429
vt 0.46723790 0.34821429
vt 0.46723790 0.34821429
vt 0.46723790 0.34821429
vt 0.46723790 0.34821429
vt 0.46723790 0.34821429
vt 0.46723790 0.34821429
vt 0.46723790 0.34821429
vt 0.46723790 0.34821429
vt 0.46723790 0.34821429
vt 0.46723790 0.34821429
vt 0.46723790 0.34821429
vt 0.46723790 0.34821429
vt 0.46723790 0.34821429
vt 0.46723790 0.34821429
vt 0.46723790 0.34821429
vt 0.46723790 0.34821429
vt 0.46723790 0.34821429
vt 0.46723790 0.34821429
vt 0.46723790 0.34821429
vt 0.46723790 0.34821429
vt 0.46723790 0.34821429
vt 0.46723790 0.34821429
vt 0.46723790 0.34821429
vt 0.46723790 0.34821429
vt 0.46723790 0.34821429
vt 0.46723790 0.34821429
vt 0.46723790 0.34821429
vt 0.46723790 0.34821429
vt 0.46723790 0.34821429
vt 0.46723790 0.34821429
vt 0.46723790 0.34821429
vt 0.46723790 0.34821429
vt 0.46723790 0.34821429
vt 0.46723790 0.34821429
vt 0.46723790 0.34821429
vt 0.46723790 0.34821429
vt 0.46723790 0.34821429
vt 0.46723790 0.34821429
vt 0.46723790 0.34821429
vt 0.46723790 0.34821429
vt 0.46723790 0.34821429
vt 0.46723790 0.34821429
vt 0.46723790 0.34821429
vt 0.46723790 0.34821429
vt 0.46723790 0.34821429
vt 0.46723790 0.34821429
vt 0.46723790 0.34821429
vt 0.46723790 0.34821429
vt 0.46723790 0.34821429
vt 0.46723790 0.34821429
vt 0.46723790 0.34821429
vt 0.46723790 0.34821429
vt 0.46723790 0.34821429
vt 0.46723790 0.34821429
vt 0.46723790 0.34821429
vt 0.46723790 0.34821429
vt 0.46723790 0.34821429
vt 0.46723790 0.34821429
vt 0.46723790 0.34821429
vt 0.46723790 0.34821429
vt 0.46723790 0.34821429
vt 0.46723790 0.34821429
vt 0.46723790 0.34821429
vt 0.46723790 0.34821429
vt 0.46723790 0.34821429
vt 0.46723790 0.34821429
vt 0.46723790 0.34821429
vt 0.46723790 0.34821429
vt 0.46723790 0.34821429
vt 0.46723790 0.34821429
vt 0.46723790 0.34821429
vt 0.46723790 0.34821429
vt 0.46723790 0.34821429
vt 0.46723790 0.34821429
vt 0.46723790 0.34821429
vt 0.46723790 0.34821429
vt 0.46723790 0.34821429
vt 0.46723790 0.34821429
vt 0.46723790 0.34821429
vt 0.46723790 0.34821429
vt 0.46723790 0.34821429
vt 0.46723790 0.34821429
vt 0.46723790 0.34821429
vt 0.46723790 0.34821429
vt 0.46723790 0.34821429
vt 0.46723790 0.34821429
vt 0.46723790 0.34821429
vt 0.46723790 0.34821429
vt 0.46723790 0.34821429
vt 0.46723790 0.34821429
vt 0.46723790 0.34821429
vt 0.46723790 0.34821429
vt 0.46723790 0.34821429
vt 0.46723790 0.34821429
vt 0.46723790 0.34821429
vt 0.46723790 0.34821429
vt 0.46723790 0.34821429
vt 0.46723790 0.34821429
vt 0.46723790 0.34821429
vt 0.46723790 0.34821429
vt 0.46723790 0.34821429
vt 0.46723790 0.34821429
vt 0.46723790 0.34821429
vt 0.46723790 0.34821429
vt 0.46723790 0.34821429
vt 0.46723790 0.34821429
vt 0.46723790 0.34821429
vt 0.46723790 0.34821429
vt 0.46723790 0.34821429
vt 0.46723790 0.34821429
vt 0.46723790 0.34821429
vt 0.46723790 0.34821429
vt 0.46723790 0.34821429
vt 0.46723790 0.34821429
vt 0.46723790 0.34821429
vt 0.46723790 0.34821429
vt 0.46723790 0.34821429
vt 0.46723790 0.34821429
vt 0.46723790 0.34821429
vt 0.46723790 0.34821429
vt 0.46723790 0.34821429
vt 0.46723790 0.34821429
vt 0.46723790 0.34821429
vt 0.46723790 0.34821429
vt 0.46723790 0.34821429
vt 0.46723790 0.34821429
vt 0.46723790 0.34821429
vt 0.46723790 0.34821429
vt 0.46723790 0.34821429
vt 0.46723790 0.34821429
vt 0.46723790 0.34821429
vt 0.46723790 0.34821429
vt 0.46723790 0.34821429
vt 0.46723790 0.34821429
vt 0.46723790 0.34821429
vt 0.46723790 0.34821429
vt 0.46723790 0.34821429
vt 0.46723790 0.34821429
vt 0.46723790 0.34821429
vt 0.46723790 0.34821429
vt 0.46723790 0.34821429
vt 0.46723790 0.34821429
vt 0.46723790 0.34821429
vt 0.46723790 0.34821429
vt 0.46723790 0.34821429
vt 0.46723790 0.34821429
vt 0.46723790 0.34821429
vt 0.46723790 0.34821429
vt 0.46723790 0.34821429
vt 0.46723790 0.34821429
vt 0.46723790 0.34821429
vt 0.46723790 0.34821429
vt 0.46723790 0.34821429
vt 0.46723790 0.34821429
vt 0.46723790 0.34821429
vt 0.46723790 0.34821429
vt 0.46723790 0.34821429
vt 0.46723790 0.34821429
vt 0.46723790 0.34821429
vt 0.46723790 0.34821429
vt 0.46723790 0.34821429
vt 0.46723790 0.34821429
vt 0.46723790 0.34821429
vt 0.46723790 0.34821429
vt 0.46723790 0.34821429
vt 0.46723790 0.34821429
vt 0.46723790 0.34821429
vt 0.46723790 0.34821429
vt 0.46723790 0.34821429
vt 0.46723790 0.34821429
vt 0.46723790 0.34821429
vt 0.46723790 0.34821429
vt 0.46723790 0.34821429
vt 0.46723790 0.34821429
vt 0.46723790 0.34821429
vt 0.46723790 0.34821429
vt 0.46723790 0.34821429
vt 0.46723790 0.34821429
vt 0.46723790 0.34821429
vt 0.46723790 0.34821429
vt 0.46723790 0.34821429
vt 0.46723790 0.34821429
vt 0.46723790 0.34821429
vt 0.46723790 0.34821429
vt 0.46723790 0.34821429
vt 0.46723790 0.34821429
vt 0.46723790 0.34821429
vt 0.46723790 0.34821429
vt 0.46723790 0.34821429
vt 0.46723790 0.34821429
vt 0.46723790 0.34821429
vt 0.46723790 0.34821429
vt 0.46723790 0.34821429
vt 0.46723790 0.34821429
vt 0.46723790 0.34821429
vt 0.46723790 0.34821429
vt 0.46723790 0.34821429
vt 0.46723790 0.34821429
vt 0.46723790 0.34821429
vt 0.46723790 0.34821429
vt 0.46723790 0.34821429
vt 0.46723790 0.34821429
vt 0.46723790 0.34821429
vt 0.46723790 0.34821429
vt 0.46723790 0.34821429
vt 0.46723790 0.34821429
vt 0.46723790 0.34821429
vt 0.46723790 0.34821429
vt 0.46723790 0.34821429
vt 0.46723790 0.34821429
vt 0.46723790 0.34821429
vt 0.46723790 0.34821429
vt 0.46723790 0.34821429
vt 0.46723790 0.34821429
vt 0.46723790 0.34821429
vt 0.46723790 0.34821429
vt 0.46723790 0.34821429
vt 0.46723790 0.34821429
vt 0.46723790 0.34821429
vt 0.46723790 0.34821429
vt 0.46723790 0.34821429
vt 0.46723790 0.34821429
vt 0.46723790 0.34821429
vt 0.46723790 0.34821429
vt 0.46723790 0.34821429
vt 0.46723790 0.34821429
vt 0.46723790 0.34821429
vt 0.46723790 0.34821429
vt 0.46723790 0.34821429
vt 0.46723790 0.34821429
vt 0.46723790 0.34821429
vt 0.46723790 0.34821429
vt 0.46723790 0.34821429
vt 0.46723790 0.34821429
vt 0.46723790 0.34821429
vt 0.46723790 0.34821429
vt 0.46723790 0.34821429
vt 0.46723790 0.34821429
vt 0.46723790 0.34821429
vt 0.46723790 0.34821429
vt 0.46723790 0.34821429
vt 0.46723790 0.34821429
vt 0.46723790 0.34821429
vt 0.46723790 0.34821429
vt 0.46723790 0.34821429
vt 0.46723790 0.34821429
vt 0.46723790 0.34821429
vt 0.46723790 0.34821429
vt 0.46723790 0.34821429
vt 0.46723790 0.34821429
vt 0.46723790 0.34821429
vt 0.46723790 0.34821429
vt 0.46723790 0.34821429
vt 0.46723790 0.34821429
vt 0.46723790 0.34821429
vt 0.46723790 0.34821429
vt 0.46723790 0.34821429
vt 0.46723790 0.34821429
vt 0.46723790 0.34821429
vt 0.46723790 0.34821429
vt 0.46723790 0.34821429
vt 0.46723790 0.34821429
vt 0.46723790 0.34821429
vt 0.46723790 0.34821429
vt 0.46723790 0.34821429
vt 0.46723790 0.34821429
vt 0.46723790 0.34821429
vt 0.46723790 0.34821429
vt 0.46723790 0.34821429
vt 0.46723790 0.34821429
vt 0.46723790 0.34821429
vt 0.46723790 0.34821429
vt 0.46723790 0.34821429
vt 0.46723790 0.34821429
vt 0.46723790 0.34821429
vt 0.46723790 0.34821429
vt 0.46723790 0.34821429
vt 0.46723790 0.34821429
vt 0.46723790 0.34821429
vt 0.46723790 0.34821429
vt 0.46723790 0.34821429
vt 0.46723790 0.34821429
vt 0.46723790 0.34821429
vt 0.46723790 0.34821429
vt 0.46723790 0.34821429
vt 0.46723790 0.34821429
vt 0.46723790 0.34821429
vt 0.46723790 0.34821429
vt 0.46723790 0.34821429
vt 0.46723790 0.34821429
vt 0.46723790 0.34821429
vt 0.46723790 0.34821429
vt 0.46723790 0.34821429
vt 0.46723790 0.34821429
vt 0.46723790 0.34821429
vt 0.46723790 0.34821429
vt 0.46723790 0.34821429
vt 0.46723790 0.34821429
vt 0.46723790 0.34821429
vt 0.66078629 0.34821429
vt 0.66078629 0.34821429
vt 0.66078629 0.34821429
vt 0.66078629 0.34821429
vt 0.66078629 0.34821429
vt 0.66078629 0.34821429
vt 0.66078629 0.34821429
vt 0.66078629 0.34821429
vt 0.66078629 0.34821429
vt 0.66078629 0.34821429
vt 0.66078629 0.34821429
vt 0.66078629 0.34821429
vt 0.66078629 0.34821429
vt 0.66078629 0.34821429
vt 0.66078629 0.34821429
vt 0.66078629 0.34821429
vt 0.66078629 0.34821429
vt 0.66078629 0.34821429
vt 0.66078629 0.34821429
vt 0.66078629 0.34821429
vt 0.66078629 0.34821429
vt 0.66078629 0.34821429
vt 0.66078629 0.34821429
vt 0.66078629 0.34821429
vt 0.66078629 0.34821429
vt 0.66078629 0.34821429
vt 0.66078629 0.34821429
vt 0.66078629 0.34821429
vt 0.66078629 0.34821429
vt 0.66078629 0.34821429
vt 0.66078629 0.34821429
vt 0.66078629 0.34821429
vt 0.66078629 0.34821429
vt 0.66078629 0.34821429
vt 0.66078629 0.34821429
vt 0.66078629 0.34821429
vt 0.66078629 0.34821429
vt 0.66078629 0.34821429
vt 0.66078629 0.34821429
vt 0.66078629 0.34821429
vt 0.66078629 0.34821429
vt 0.66078629 0.34821429
vt 0.66078629 0.34821429
vt 0.66078629 0.34821429
vt 0.66078629 0.34821429
vt 0.66078629 0.34821429
vt 0.66078629 0.34821429
vt 0.66078629 0.34821429
vt 0.66078629 0.34821429
vt 0.66078629 0.34821429
vt 0.66078629 0.34821429
vt 0.66078629 0.34821429
vt 0.66078629 0.34821429
vt 0.66078629 0.34821429
vt 0.66078629 0.34821429
vt 0.66078629 0.34821429
vt 0.66078629 0.34821429
vt 0.66078629 0.34821429
vt 0.66078629 0.34821429
vt 0.66078629 0.34821429
vt 0.66078629 0.34821429
vt 0.66078629 0.34821429
vt 0.66078629 0.34821429
vt 0.66078629 0.34821429
vt 0.66078629 0.34821429
vt 0.66078629 0.34821429
vt 0.66078629 0.34821429
vt 0.66078629 0.34821429
vt 0.66078629 0.34821429
vt 0.66078629 0.34821429
vt 0.66078629 0.34821429
vt 0.66078629 0.34821429
vt 0.66078629 0.34821429
vt 0.66078629 0.34821429
vt 0.66078629 0.34821429
vt 0.66078629 0.34821429
vt 0.66078629 0.34821429
vt 0.66078629 0.34821429
vt 0.66078629 0.34821429
vt 0.66078629 0.34821429
vt 0.66078629 0.34821429
vt 0.66078629 0.34821429
vt 0.66078629 0.34821429
vt 0.66078629 0.34821429
vt 0.66078629 0.34821429
vt 0.66078629 0.34821429
vt 0.66078629 0.34821429
vt 0.66078629 0.34821429
vt 0.66078629 0.34821429
vt 0.66078629 0.34821429
vt 0.66078629 0.34821429
vt 0.66078629 0.34821429
vt 0.66078629 0.34821429
vt 0.66078629 0.34821429
vt 0.66078629 0.34821429
vt 0.66078629 0.34821429
vt 0.66078629 0.34821429
vt 0.66078629 0.34821429
vt 0.66078629 0.34821429
vt 0.66078629 0.34821429
vt 0.66078629 0.34821429
vt 0.66078629 0.34821429
vt 0.66078629 0.34821429
vt 0.66078629 0.34821429
vt 0.66078629 0.34821429
vt 0.66078629 0.34821429
vt 0.66078629 0.34821429
vt 0.66078629 0.34821429
vt 0.66078629 0.34821429
vt 0.66078629 0.34821429
vt 0.66078629 0.34821429
vt 0.66078629 0.34821429
vt 0.66078629 0.34821429
vt 0.66078629 0.34821429
vt 0.66078629 0.34821429
vt 0.66078629 0.34821429
vt 0.66078629 0.34821429
vt 0.66078629 0.34821429
vt 0.66078629 0.34821429
vt 0.66078629 0.34821429
vt 0.66078629 0.34821429
vt 0.66078629 0.34821429
vt 0.66078629 0.34821429
vt 0.66078629 0.34821429
vt 0.66078629 0.34821429
vt 0.66078629 0.34821429
vt 0.66078629 0.34821429
vt 0.66078629 0.34821429
vt 0.66078629 0.34821429
vt 0.66078629 0.34821429
vt 0.66078629 0.34821429
vt 0.66078629 0.34821429
vt 0.66078629 0.34821429
vt 0.66078629 0.34821429
vt 0.66078629 0.34821429
vt 0.66078629 0.34821429
vt 0.66078629 0.34821429
vt 0.66078629 0.34821429
vt 0.66078629 0.34821429
vt 0.66078629 0.34821429
vt 0.66078629 0.34821429
vt 0.66078629 0.34821429
vt 0.66078629 0.34821429
vt 0.66078629 0.34821429
vt 0.66078629 0.34821429
vt 0.66078629 0.34821429
vt 0.66078629 0.34821429
vt 0.66078629 0.34821429
vt 0.66078629 0.34821429
vt 0.66078629 0.34821429
vt 0.66078629 0.34821429
vt 0.66078629 0.34821429
vt 0.66078629 0.34821429
vt 0.66078629 0.34821429
vt 0.66078629 0.34821429
vt 0.66078629 0.34821429
vt 0.66078629 0.34821429
vt 0.66078629 0.34821429
vt 0.66078629 0.34821429
vt 0.66078629 0.34821429
vt 0.66078629 0.34821429
vt 0.66078629 0.34821429
vt 0.66078629 0.34821429
vt 0.66078629 0.34821429
vt 0.66078629 0.34821429
vt 0.66078629 0.34821429
vt 0.66078629 0.34821429
vt 0.66078629 0.34821429
vt 0.66078629 0.34821429
vt 0.66078629 0.34821429
vt 0.66078629 0.34821429
vt 0.66078629 0.34821429
vt 0.66078629 0.34821429
vt 0.66078629 0.34821429
vt 0.66078629 0.34821429
vt 0.66078629 0.34821429
vt 0.66078629 0.34821429
vt 0.66078629 0.34821429
vt 0.66078629 0.34821429
vt 0.66078629 0.34821429
vt 0.66078629 0.34821429
vt 0.66078629 0.34821429
vt 0.66078629 0.34821429
vt 0.66078629 0.34821429
vt 0.66078629 0.34821429
vt 0.66078629 0.34821429
vt 0.66078629 0.34821429
vt 0.66078629 0.34821429
vt 0.66078629 0.34821429
vt 0.66078629 0.34821429
vt 0.66078629 0.34821429
vt 0.66078629 0.34821429
vt 0.66078629 0.34821429
vt 0.66078629 0.34821429
vt 0.66078629 0.34821429
vt 0.66078629 0.34821429
vt 0.66078629 0.34821429
vt 0.66078629 0.34821429
vt 0.66078629 0.34821429
vt 0.66078629 0.34821429
vt 0.66078629 0.34821429
vt 0.66078629 0.34821429
vt 0.66078629 0.34821429
vt 0.66078629 0.34821429
vt 0.66078629 0.34821429
vt 0.66078629 0.34821429
vt 0.66078629 0.34821429
vt 0.66078629 0.34821429
vt 0.66078629 0.34821429
vt 0.66078629 0.34821429
vt 0.66078629 0.34821429
vt 0.66078629 0.34821429
vt 0.66078629 0.34821429
vt 0.66078629 0.34821429
vt 0.66078629 0.34821429
vt 0.66078629 0.34821429
vt 0.66078629 0.34821429
vt 0.66078629 0.34821429
vt 0.66078629 0.34821429
vt 0.66078629 0.34821429
vt 0.66078629 0.34821429
vt 0.66078629 0.34821429
vt 0.66078629 0.34821429
vt 0.66078629 0.34821429
vt 0.66078629 0.34821429
vt 0.66078629 0.34821429
vt 0.66078629 0.34821429
vt 0.66078629 0.34821429
vt 0.66078629 0.34821429
vt 0.66078629 0.34821429
vt 0.66078629 0.34821429
vt 0.66078629 0.34821429
vt 0.66078629 0.34821429
vt 0.66078629 0.34821429
vt 0.66078629 0.34821429
vt 0.66078629 0.34821429
vt 0.66078629 0.34821429
vt 0.66078629 0.34821429
vt 0.66078629 0.34821429
vt 0.66078629 0.34821429
vt 0.66078629 0.34821429
vt 0.66078629 0.34821429
vt 0.66078629 0.34821429
vt 0.66078629 0.34821429
vt 0.66078629 0.34821429
vt 0.66078629 0.34821429
vt 0.66078629 0.34821429
vt 0.66078629 0.34821429
vt 0.66078629 0.34821429
vt 0.66078629 0.34821429
vt 0.66078629 0.34821429
vt 0.66078629 0.34821429
vt 0.66078629 0.34821429
vt 0.66078629 0.34821429
vt 0.66078629 0.34821429
vt 0.66078629 0.34821429
vt 0.66078629 0.34821429
vt 0.66078629 0.34821429
vt 0.66078629 0.34821429
vt 0.66078629 0.34821429
vt 0.66078629 0.34821429
vt 0.66078629 0.34821429
vt 0.66078629 0.34821429
vt 0.66078629 0.34821429
vt 0.66078629 0.34821429
vt 0.66078629 0.34821429
vt 0.66078629 0.34821429
vt 0.66078629 0.34821429
vt 0.66078629 0.34821429
vt 0.66078629 0.34821429
vt 0.66078629 0.34821429
vt 0.66078629 0.34821429
vt 0.66078629 0.34821429
vt 0.66078629 0.34821429
vt 0.66078629 0.34821429
vt 0.66078629 0.34821429
vt 0.66078629 0.34821429
vt 0.66078629 0.34821429
vt 0.66078629 0.34821429
vt 0.66078629 0.34821429
vt 0.66078629 0.34821429
vt 0.66078629 0.34821429
vt 0.66078629 0.34821429
vt 0.66078629 0.34821429
vt 0.66078629 0.34821429
vt 0.66078629 0.34821429
vt 0.66078629 0.34821429
vt 0.66078629 0.34821429
vt 0.66078629 0.34821429
vt 0.66078629 0.34821429
vt 0.66078629 0.34821429
vt 0.66078629 0.34821429
vt 0.66078629 0.34821429
vt 0.66078629 0.34821429
vt 0.66078629 0.34821429
vt 0.66078629 0.34821429
vt 0.66078629 0.34821429
vt 0.66078629 0.34821429
vt 0.66078629 0.34821429
vt 0.66078629 0.34821429
vt 0.66078629 0.34821429
vt 0.66078629 0.34821429
vt 0.66078629 0.34821429
vt 0.66078629 0.34821429
vt 0.66078629 0.34821429
vt 0.66078629 0.34821429
vt 0.66078629 0.34821429
vt 0.66078629 0.34821429
vt 0.66078629 0.34821429
vt 0.66078629 0.34821429
vt 0.66078629 0.34821429
vt 0.66078629 0.34821429
vt 0.66078629 0.34821429
vt 0.66078629 0.34821429
vt 0.66078629 0.34821429
vt 0.66078629 0.34821429
vt 0.66078629 0.34821429
vt 0.66078629 0.34821429
vt 0.66078629 0.34821429
vt 0.66078629 0.34821429
vt 0.66078629 0.34821429
vt 0.66078629 0.34821429
vt 0.66078629 0.34821429
vt 0.66078629 0.34821429
vt 0.66078629 0.34821429
vt 0.66078629 0.34821429
vt 0.66078629 0.34821429
vt 0.66078629 0.34821429
vt 0.66078629 0.34821429
vt 0.66078629 0.34821429
vt 0.66078629 0.34821429
vt 0.66078629 0.34821429
vt 0.66078629 0.34821429
vt 0.66078629 0.34821429
vt 0.66078629 0.34821429
vt 0.66078629 0.34821429
vt 0.66078629 0.34821429
vt 0.66078629 0.34821429
vt 0.66078629 0.34821429
vt 0.66078629 0.34821429
vt 0.66078629 0.34821429
vt 0.66078629 0.34821429
vt 0.66078629 0.34821429
vt 0.66078629 0.34821429
vt 0.66078629 0.34821429
vt 0.66078629 0.34821429
vt 0.66078629 0.34821429
vt 0.66078629 0.34821429
vt 0.66078629 0.34821429
vt 0.66078629 0.34821429
vt 0.66078629 0.34821429
vt 0.66078629 0.34821429
vt 0.66078629 0.34821429
vt 0.66078629 0.34821429
vt 0.66078629 0.34821429
vt 0.66078629 0.34821429
vt 0.66078629 0.34821429
vt 0.66078629 0.34821429
vt 0.66078629 0.34821429
vt 0.66078629 0.34821429
vt 0.66078629 0.34821429
vt 0.66078629 0.34821429
vt 0.66078629 0.34821429
vt 0.66078629 0.34821429
vt 0.66078629 0.34821429
vt 0.66078629 0.34821429
vt 0.66078629 0.34821429
vt 0.66078629 0.34821429
vt 0.66078629 0.34821429
vt 0.66078629 0.34821429
vt 0.66078629 0.34821429
vt 0.66078629 0.34821429
vt 0.66078629 0.34821429
vt 0.27368952 0.34821429
vt 0.27368952 0.34821429
vt 0.27368952 0.34821429
vt 0.27368952 0.34821429
vt 0.27368952 0.34821429
vt 0.27368952 0.34821429
vt 0.27368952 0.34821429
vt 0.27368952 0.34821429
vt 0.27368952 0.34821429
vt 0.27368952 0.34821429
vt 0.27368952 0.34821429
vt 0.27368952 0.34821429
vt 0.27368952 0.34821429
vt 0.27368952 0.34821429
vt 0.27368952 0.34821429
vt 0.27368952 0.34821429
vt 0.27368952 0.34821429
vt 0.27368952 0.34821429
vt 0.27368952 0.34821429
vt 0.27368952 0.34821429
vt 0.27368952 0.34821429
vt 0.27368952 0.34821429
vt 0.27368952 0.34821429
vt 0.27368952 0.34821429
vt 0.27368952 0.34821429
vt 0.27368952 0.34821429
vt 0.27368952 0.34821429
vt 0.27368952 0.34821429
vt 0.27368952 0.34821429
vt 0.27368952 0.34821429
vt 0.27368952 0.34821429
vt 0.27368952 0.34821429
vt 0.27368952 0.34821429
vt 0.27368952 0.34821429
vt 0.27368952 0.34821429
vt 0.27368952 0.34821429
vt 0.27368952 0.34821429
vt 0.27368952 0.34821429
vt 0.27368952 0.34821429
vt 0.27368952 0.34821429
vt 0.27368952 0.34821429
vt 0.27368952 0.34821429
vt 0.27368952 0.34821429
vt 0.27368952 0.34821429
vt 0.27368952 0.34821429
vt 0.27368952 0.34821429
vt 0.27368952 0.34821429
vt 0.27368952 0.34821429
vt 0.27368952 0.34821429
vt 0.27368952 0.34821429
vt 0.27368952 0.34821429
vt 0.27368952 0.34821429
vt 0.27368952 0.34821429
vt 0.27368952 0.34821429
vt 0.27368952 0.34821429
vt 0.27368952 0.34821429
vt 0.27368952 0.34821429
vt 0.27368952 0.34821429
vt 0.27368952 0.34821429
vt 0.27368952 0.34821429
vt 0.27368952 0.34821429
vt 0.27368952 0.34821429
vt 0.27368952 0.34821429
vt 0.27368952 0.34821429
vt 0.27368952 0.34821429
vt 0.27368952 0.34821429
vt 0.27368952 0.34821429
vt 0.27368952 0.34821429
vt 0.27368952 0.34821429
vt 0.27368952 0.34821429
vt 0.27368952 0.34821429
vt 0.27368952 0.34821429
vt 0.27368952 0.34821429
vt 0.27368952 0.34821429
vt 0.27368952 0.34821429
vt 0.27368952 0.34821429
vt 0.27368952 0.34821429
vt 0.27368952 0.34821429
vt 0.27368952 0.34821429
vt 0.27368952 0.34821429
vt 0.27368952 0.34821429
vt 0.27368952 0.34821429
vt 0.27368952 0.34821429
vt 0.27368952 0.34821429
vt 0.27368952 0.34821429
vt 0.27368952 0.34821429
vt 0.27368952 0.34821429
vt 0.27368952 0.34821429
vt 0.27368952 0.34821429
vt 0.27368952 0.34821429
vt 0.27368952 0.34821429
vt 0.27368952 0.34821429
vt 0.27368952 0.34821429
vt 0.27368952 0.34821429
vt 0.27368952 0.34821429
vt 0.27368952 0.34821429
vt 0.27368952 0.34821429
vt 0.27368952 0.34821429
vt 0.27368952 0.34821429
vt 0.27368952 0.34821429
vt 0.27368952 0.34821429
vt 0.27368952 0.34821429
vt 0.27368952 0.34821429
vt 0.27368952 0.34821429
vt 0.27368952 0.34821429
vt 0.27368952 0.34821429
vt 0.27368952 0.34821429
vt 0.27368952 0.34821429
vt 0.27368952 0.34821429
vt 0.27368952 0.34821429
vt 0.27368952 0.34821429
vt 0.27368952 0.34821429
vt 0.27368952 0.34821429
vt 0.27368952 0.34821429
vt 0.27368952 0.34821429
vt 0.27368952 0.34821429
vt 0.27368952 0.34821429
vt 0.27368952 0.34821429
vt 0.27368952 0.34821429
vt 0.27368952 0.34821429
vt 0.27368952 0.34821429
vt 0.27368952 0.34821429
vt 0.27368952 0.34821429
vt 0.27368952 0.34821429
vt 0.27368952 0.34821429
vt 0.27368952 0.34821429
vt 0.27368952 0.34821429
vt 0.27368952 0.34821429
vt 0.27368952 0.34821429
vt 0.27368952 0.34821429
vt 0.27368952 0.34821429
vt 0.27368952 0.34821429
vt 0.27368952 0.34821429
vt 0.27368952 0.34821429
vt 0.27368952 0.34821429
vt 0.27368952 0.34821429
vt 0.27368952 0.34821429
vt 0.27368952 0.34821429
vt 0.27368952 0.34821429
vt 0.27368952 0.34821429
vt 0.27368952 0.34821429
vt 0.27368952 0.34821429
vt 0.27368952 0.34821429
vt 0.27368952 0.34821429
vt 0.27368952 0.34821429
vt 0.27368952 0.34821429
vt 0.27368952 0.34821429
vt 0.27368952 0.34821429
vt 0.27368952 0.34821429
vt 0.27368952 0.34821429
vt 0.27368952 0.34821429
vt 0.27368952 0.34821429
vt 0.27368952 0.34821429
vt 0.27368952 0.34821429
vt 0.27368952 0.34821429
vt 0.27368952 0.34821429
vt 0.27368952 0.34821429
vt 0.27368952 0.34821429
vt 0.27368952 0.34821429
vt 0.27368952 0.34821429
vt 0.27368952 0.34821429
vt 0.27368952 0.34821429
vt 0.27368952 0.34821429
vt 0.27368952 0.34821429
vt 0.27368952 0.34821429
vt 0.27368952 0.34821429
vt 0.27368952 0.34821429
vt 0.27368952 0.34821429
vt 0.27368952 0.34821429
vt 0.27368952 0.34821429
vt 0.27368952 0.34821429
vt 0.27368952 0.34821429
vt 0.27368952 0.34821429
vt 0.27368952 0.34821429
vt 0.27368952 0.34821429
vt 0.27368952 0.34821429
vt 0.27368952 0.34821429
vt 0.27368952 0.34821429
vt 0.27368952 0.34821429
vt 0.27368952 0.34821429
vt 0.27368952 0.34821429
vt 0.27368952 0.34821429
vt 0.27368952 0.34821429
vt 0.27368952 0.34821429
vt 0.27368952 0.34821429
vt 0.27368952 0.34821429
vt 0.27368952 0.34821429
vt 0.27368952 0.34821429
vt 0.27368952 0.34821429
vt 0.27368952 0.34821429
vt 0.27368952 0.34821429
vt 0.27368952 0.34821429
vt 0.27368952 0.34821429
vt 0.27368952 0.34821429
vt 0.27368952 0.34821429
vt 0.27368952 0.34821429
vt 0.27368952 0.34821429
vt 0.27368952 0.34821429
vt 0.27368952 0.34821429
vt 0.27368952 0.34821429
vt 0.27368952 0.34821429
vt 0.27368952 0.34821429
vt 0.27368952 0.34821429
vt 0.27368952 0.34821429
vt 0.27368952 0.34821429
vt 0.27368952 0.34821429
vt 0.27368952 0.34821429
vt 0.27368952 0.34821429
vt 0.27368952 0.34821429
vt 0.27368952 0.34821429
vt 0.27368952 0.34821429
vt 0.27368952 0.34821429
vt 0.27368952 0.34821429
vt 0.27368952 0.34821429
vt 0.27368952 0.34821429
vt 0.27368952 0.34821429
vt 0.27368952 0.34821429
vt 0.27368952 0.34821429
vt 0.27368952 0.34821429
vt 0.27368952 0.34821429
vt 0.27368952 0.34821429
vt 0.27368952 0.34821429
vt 0.27368952 0.34821429
vt 0.27368952 0.34821429
vt 0.27368952 0.34821429
vt 0.27368952 0.34821429
vt 0.27368952 0.34821429
vt 0.27368952 0.34821429
vt 0.27368952 0.34821429
vt 0.27368952 0.34821429
vt 0.27368952 0.34821429
vt 0.27368952 0.34821429
vt 0.27368952 0.34821429
vt 0.27368952 0.34821429
vt 0.27368952 0.34821429
vt 0.27368952 0.34821429
vt 0.27368952 0.34821429
vt 0.27368952 0.34821429
vt 0.27368952 0.34821429
vt 0.27368952 0.34821429
vt 0.27368952 0.34821429
vt 0.27368952 0.34821429
vt 0.27368952 0.34821429
vt 0.27368952 0.34821429
vt 0.27368952 0.34821429
vt 0.27368952 0.34821429
vt 0.27368952 0.34821429
vt 0.27368952 0.34821429
vt 0.27368952 0.34821429
vt 0.27368952 0.34821429
vt 0.27368952 0.34821429
vt 0.27368952 0.34821429
vt 0.27368952 0.34821429
vt 0.27368952 0.34821429
vt 0.27368952 0.34821429
vt 0.27368952 0.34821429
vt 0.27368952 0.34821429
vt 0.27368952 0.34821429
vt 0.27368952 0.34821429
vt 0.27368952 0.34821429
vt 0.27368952 0.34821429
vt 0.27368952 0.34821429
vt 0.27368952 0.34821429
vt 0.27368952 0.34821429
vt 0.27368952 0.34821429
vt 0.27368952 0.34821429
vt 0.27368952 0.34821429
vt 0.27368952 0.34821429
vt 0.27368952 0.34821429
vt 0.27368952 0.34821429
vt 0.27368952 0.34821429
vt 0.27368952 0.34821429
vt 0.27368952 0.34821429
vt 0.27368952 0.34821429
vt 0.27368952 0.34821429
vt 0.27368952 0.34821429
vt 0.27368952 0.34821429
vt 0.27368952 0.34821429
vt 0.27368952 0.34821429
vt 0.27368952 0.34821429
vt 0.27368952 0.34821429
vt 0.27368952 0.34821429
vt 0.27368952 0.34821429
vt 0.27368952 0.34821429
vt 0.27368952 0.34821429
vt 0.27368952 0.34821429
vt 0.27368952 0.34821429
vt 0.27368952 0.34821429
vt 0.27368952 0.34821429
vt 0.27368952 0.34821429
vt 0.27368952 0.34821429
vt 0.27368952 0.34821429
vt 0.27368952 0.34821429
vt 0.27368952 0.34821429
vt 0.27368952 0.34821429
vt 0.27368952 0.34821429
vt 0.27368952 0.34821429
vt 0.27368952 0.34821429
vt 0.27368952 0.34821429
vt 0.27368952 0.34821429
vt 0.27368952 0.34821429
vt 0.27368952 0.34821429
vt 0.27368952 0.34821429
vt 0.27368952 0.34821429
vt 0.27368952 0.34821429
vt 0.27368952 0.34821429
vt 0.27368952 0.34821429
vt 0.27368952 0.34821429
vt 0.27368952 0.34821429
vt 0.27368952 0.34821429
vt 0.27368952 0.34821429
vt 0.27368952 0.34821429
vt 0.27368952 0.34821429
vt 0.27368952 0.34821429
vt 0.27368952 0.34821429
vt 0.27368952 0.34821429
vt 0.27368952 0.34821429
vt 0.27368952 0.34821429
vt 0.27368952 0.34821429
vt 0.27368952 0.34821429
vt 0.27368952 0.34821429
vt 0.27368952 0.34821429
vt 0.27368952 0.34821429
vt 0.27368952 0.34821429
vt 0.27368952 0.34821429
vt 0.27368952 0.34821429
vt 0.27368952 0.34821429
vt 0.27368952 0.34821429
vt 0.27368952 0.34821429
vt 0.27368952 0.34821429
vt 0.27368952 0.34821429
vt 0.27368952 0.34821429
vt 0.27368952 0.34821429
vt 0.27368952 0.34821429
vt 0.27368952 0.34821429
vt 0.27368952 0.34821429
vt 0.27368952 0.34821429
vt 0.27368952 0.34821429
vt 0.27368952 0.34821429
vt 0.27368952 0.34821429
vt 0.27368952 0.34821429
vt 0.27368952 0.34821429
vt 0.27368952 0.34821429
vt 0.27368952 0.34821429
vt 0.27368952 0.34821429
vt 0.27368952 0.34821429
vt 0.27368952 0.34821429
vt 0.27368952 0.34821429
vt 0.27368952 0.34821429
vt 0.27368952 0.34821429
vt 0.27368952 0.34821429
vt 0.27368952 0.34821429
vt 0.27368952 0.34821429
vt 0.27368952 0.34821429
vt 0.27368952 0.34821429
vt 0.27368952 0.34821429
vt 0.27368952 0.34821429
vt 0.27368952 0.34821429
vt 0.27368952 0.34821429
vt 0.27368952 0.34821429
vt 0.27368952 0.34821429
vt 0.27368952 0.34821429
vt 0.27368952 0.34821429
vt 0.27368952 0.34821429
vt 0.27368952 0.34821429
vt 0.27368952 0.34821429
vt 0.27368952 0.34821429
vt 0.27368952 0.34821429
vt 0.27368952 0.34821429
vt 0.27368952 0.34821429
vt 0.27368952 0.34821429
vt 0.27368952 0.34821429
vt 0.27368952 0.34821429
vt 0.27368952 0.34821429
vt 0.27368952 0.34821429
vt 0.27368952 0.34821429
vt 0.27368952 0.34821429
vt 0.27368952 0.34821429
vt 0.27368952 0.34821429
vt 0.27368952 0.34821429
vt 0.27368952 0.34821429
vt 0.27368952 0.34821429
vt 0.27368952 0.34821429
vt 0.27368952 0.34821429
vt 0.27368952 0.34821429
vt 0.27368952 0.34821429
vt 0.27368952 0.34821429
vt 0.27368952 0.34821429
vt 0.27368952 0.34821429
vt 0.27368952 0.34821429
vt 0.27368952 0.34821429
vt 0.27368952 0.34821429
vt 0.27368952 0.34821429
vt 0.27368952 0.34821429
vt 0.27368952 0.34821429
vt 0.27368952 0.34821429
vt 0.27368952 0.34821429
vt 0.27368952 0.34821429
vt 0.27368952 0.34821429
vt 0.27368952 0.34821429
vt 0.27368952 0.34821429
vt 0.27368952 0.34821429
vt 0.27368952 0.34821429
vt 0.27368952 0.34821429
vt 0.27368952 0.34821429
vt 0.27368952 0.34821429
vt 0.27368952 0.34821429
vt 0.27368952 0.34821429
vt 0.27368952 0.34821429
vt 0.27368952 0.34821429
vt 0.27368952 0.34821429
vt 0.27368952 0.34821429
vt 0.27368952 0.34821429
vt 0.27368952 0.34821429
vt 0.27368952 0.34821429
vt 0.27368952 0.34821429
vt 0.27368952 0.34821429
vt 0.27368952 0.34821429
vt 0.27368952 0.34821429
vt 0.27368952 0.34821429
vt 0.27368952 0.34821429
vt 0.27368952 0.34821429
vt 0.27368952 0.34821429
vt 0.27368952 0.34821429
vt 0.27368952 0.34821429
vt 0.27368952 0.34821429
vt 0.27368952 0.34821429
vt 0.27368952 0.34821429
vt 0.27368952 0.34821429
vt 0.27368952 0.34821429
vt 0.27368952 0.34821429
vt 0.27368952 0.34821429
vt 0.27368952 0.34821429
vt 0.27368952 0.34821429
vt 0.27368952 0.34821429
vt 0.27368952 0.34821429
vt 0.27368952 0.34821429
vt 0.27368952 0.34821429
vt 0.27368952 0.34821429
vt 0.27368952 0.34821429
vt 0.08014113 0.34821429
vt 0.08014113 0.34821429
vt 0.08014113 0.34821429
vt 0.08014113 0.34821429
vt 0.08014113 0.34821429
vt 0.08014113 0.34821429
vt 0.08014113 0.34821429
vt 0.08014113 0.34821429
vt 0.08014113 0.34821429
vt 0.08014113 0.34821429
vt 0.08014113 0.34821429
vt 0.08014113 0.34821429
vt 0.08014113 0.34821429
vt 0.08014113 0.34821429
vt 0.08014113 0.34821429
vt 0.08014113 0.34821429
vt 0.08014113 0.34821429
vt 0.08014113 0.34821429
vt 0.08014113 0.34821429
vt 0.08014113 0.34821429
vt 0.08014113 0.34821429
vt 0.08014113 0.34821429
vt 0.08014113 0.34821429
vt 0.08014113 0.34821429
vt 0.08014113 0.34821429
vt 0.08014113 0.34821429
vt 0.08014113 0.34821429
vt 0.08014113 0.34821429
vt 0.08014113 0.34821429
vt 0.08014113 0.34821429
vt 0.08014113 0.34821429
vt 0.08014113 0.34821429
vt 0.08014113 0.34821429
vt 0.08014113 0.34821429
vt 0.08014113 0.34821429
vt 0.08014113 0.34821429
vt 0.08014113 0.34821429
vt 0.08014113 0.34821429
vt 0.08014113 0.34821429
vt 0.08014113 0.34821429
vt 0.08014113 0.34821429
vt 0.08014113 0.34821429
vt 0.08014113 0.34821429
vt 0.08014113 0.34821429
vt 0.08014113 0.34821429
vt 0.08014113 0.34821429
vt 0.08014113 0.34821429
vt 0.08014113 0.34821429
vt 0.08014113 0.34821429
vt 0.08014113 0.34821429
vt 0.08014113 0.34821429
vt 0.08014113 0.34821429
vt 0.08014113 0.34821429
vt 0.08014113 0.34821429
vt 0.08014113 0.34821429
vt 0.08014113 0.34821429
vt 0.08014113 0.34821429
vt 0.08014113 0.34821429
vt 0.08014113 0.34821429
vt 0.08014113 0.34821429
vt 0.08014113 0.34821429
vt 0.08014113 0.34821429
vt 0.08014113 0.34821429
vt 0.08014113 0.34821429
vt 0.08014113 0.34821429
vt 0.08014113 0.34821429
vt 0.08014113 0.34821429
vt 0.08014113 0.34821429
vt 0.08014113 0.34821429
vt 0.08014113 0.34821429
vt 0.08014113 0.34821429
vt 0.08014113 0.34821429
vt 0.08014113 0.34821429
vt 0.08014113 0.34821429
vt 0.08014113 0.34821429
vt 0.08014113 0.34821429
vt 0.08014113 0.34821429
vt 0.08014113 0.34821429
vt 0.08014113 0.34821429
vt 0.08014113 0.34821429
vt 0.08014113 0.34821429
vt 0.08014113 0.34821429
vt 0.08014113 0.34821429
vt 0.08014113 0.34821429
vt 0.08014113 0.34821429
vt 0.08014113 0.34821429
vt 0.08014113 0.34821429
vt 0.08014113 0.34821429
vt 0.08014113 0.34821429
vt 0.08014113 0.34821429
vt 0.08014113 0.34821429
vt 0.08014113 0.34821429
vt 0.08014113 0.34821429
vt 0.08014113 0.34821429
vt 0.08014113 0.34821429
vt 0.08014113 0.34821429
f 1/1 2/2 3/3
f 4/4 5/5 6/6
f 7/7 4/4 6/6
f 4/4 8/8 5/5
f 9/9 10/10 11/11
f 12/12 9/9 11/11
f 13/13 14/14 3/3
f 15/15 9/9 12/12
f 16/16 17/17 18/18
f 15/15 12/12 19/19
f 15/15 20/20 21/21
f 22/22 15/15 21/21
f 23/23 22/22 21/21
f 22/22 23/23 24/24
f 25/25 22/22 24/24
f 26/26 25/25 24/24
f 27/27 25/25 26/26
f 13/13 18/18 14/14
f 28/28 29/29 30/30
f 31/31 27/27 26/26
f 32/32 27/27 31/31
f 16/16 28/28 33/33
f 32/32 31/31 34/34
f 4/4 32/32 34/34
f 29/29 35/35 36/36
f 4/4 34/34 8/8
f 37/37 38/38 39/39
f 40/40 38/38 37/37
f 41/41 38/38 40/40
f 42/42 41/41 40/40
f 43/43 42/42 44/44
f 45/45 43/43 46/46
f 47/47 45/45 46/46
f 10/10 45/45 47/47
f 10/10 47/47 11/11
f 48/48 49/49 50/50
f 51/51 48/48 52/52
f 53/53 51/51 52/52
f 54/54 51/51 53/53
f 55/55 56/56 57/57
f 58/58 59/59 60/60
f 61/61 54/54 62/62
f 61/61 62/62 63/63
f 64/64 65/65 66/66
f 67/67 68/68 69/69
f 70/70 64/64 66/66
f 38/38 64/64 70/70
f 71/71 21/21 20/20
f 39/39 38/38 70/70
f 72/72 56/56 55/55
f 73/73 49/49 74/74
f 49/49 73/73 50/50
f 49/49 75/75 74/74
f 76/76 77/77 78/78
f 75/75 7/7 79/79
f 80/80 75/75 79/79
f 74/74 75/75 80/80
f 81/81 7/7 82/82
f 83/83 7/7 81/81
f 84/84 40/40 85/85
f 79/79 7/7 83/83
f 86/86 47/47 87/87
f 82/82 7/7 6/6
f 78/78 88/88 89/89
f 79/79 83/83 82/82
f 66/66 65/65 90/90
f 65/65 61/61 90/90
f 90/90 61/61 63/63
f 62/62 54/54 91/91
f 91/91 54/54 53/53
f 92/92 86/86 93/93
f 52/52 48/48 94/94
f 94/94 48/48 50/50
f 46/46 43/43 44/44
f 44/44 42/42 84/84
f 95/95 72/72 55/55
f 42/42 40/40 84/84
f 20/20 15/15 19/19
f 96/96 97/97 98/98
f 96/96 99/99 97/97
f 98/98 97/97 100/100
f 101/101 84/84 85/85
f 102/102 59/59 58/58
f 100/100 97/97 103/103
f 104/104 105/105 106/106
f 107/107 108/108 109/109
f 100/100 103/103 110/110
f 111/111 31/31 112/112
f 104/104 113/113 105/105
f 106/106 105/105 99/99
f 113/113 114/114 105/105
f 106/106 99/99 115/115
f 108/108 116/116 109/109
f 110/110 103/103 117/117
f 113/113 95/95 114/114
f 118/118 11/11 47/47
f 103/103 119/119 117/117
f 115/115 99/99 120/120
f 119/119 121/121 117/117
f 120/120 99/99 122/122
f 114/114 95/95 123/123
f 119/119 124/124 121/121
f 119/119 125/125 124/124
f 122/122 99/99 96/96
f 126/126 127/127 128/128
f 127/127 129/129 128/128
f 127/127 130/130 129/129
f 116/116 92/92 93/93
f 127/127 131/131 130/130
f 132/132 133/133 67/67
f 134/134 135/135 136/136
f 135/135 78/78 136/136
f 131/131 137/137 130/130
f 58/58 60/60 127/127
f 134/134 136/136 123/123
f 134/134 123/123 57/57
f 131/131 108/108 137/137
f 137/137 108/108 138/138
f 138/138 108/108 107/107
f 57/57 123/123 55/55
f 138/138 107/107 125/125
f 78/78 89/89 136/136
f 58/58 127/127 126/126
f 89/89 128/128 136/136
f 111/111 34/34 31/31
f 125/125 107/107 139/139
f 55/55 123/123 95/95
f 125/125 139/139 124/124
f 89/89 126/126 128/128
f 140/140 122/122 96/96
f 141/141 142/142 73/73
f 143/143 59/59 102/102
f 143/143 71/71 59/59
f 144/144 92/92 116/116
f 140/140 96/96 145/145
f 146/146 68/68 147/147
f 145/145 148/148 140/140
f 140/140 148/148 142/142
f 149/149 70/70 66/66
f 78/78 77/77 88/88
f 145/145 96/96 98/98
f 118/118 47/47 86/86
f 67/67 69/69 150/150
f 151/151 132/132 67/67
f 152/152 34/34 111/111
f 153/153 85/85 132/132
f 145/145 154/154 148/148
f 155/155 156/156 157/157
f 145/145 158/158 154/154
f 149/149 146/146 147/147
f 44/44 84/84 101/101
f 159/159 160/160 155/155
f 161/161 118/118 86/86
f 157/157 63/63 162/162
f 149/149 147/147 70/70
f 158/158 163/163 164/164
f 142/142 50/50 73/73
f 142/142 148/148 50/50
f 148/148 94/94 50/50
f 158/158 98/98 165/165
f 158/158 165/165 163/163
f 158/158 145/145 98/98
f 154/154 158/158 166/166
f 148/148 167/167 94/94
f 166/166 53/53 52/52
f 167/167 148/148 154/154
f 147/147 39/39 70/70
f 167/167 52/52 94/94
f 168/168 21/21 71/71
f 167/167 166/166 52/52
f 167/167 154/154 166/166
f 158/158 164/164 166/166
f 126/126 102/102 58/58
f 164/164 163/163 169/169
f 95/95 170/170 72/72
f 95/95 113/113 170/170
f 72/72 170/170 171/171
f 172/172 86/86 92/92
f 72/72 171/171 173/173
f 166/166 164/164 53/53
f 170/170 174/174 171/171
f 170/170 113/113 174/174
f 164/164 169/169 53/53
f 165/165 98/98 100/100
f 171/171 5/5 173/173
f 155/155 160/160 175/175
f 113/113 176/176 174/174
f 165/165 100/100 163/163
f 176/176 113/113 104/104
f 160/160 177/177 178/178
f 179/179 11/11 118/118
f 162/162 63/63 62/62
f 179/179 12/12 11/11
f 171/171 6/6 5/5
f 109/109 153/153 132/132
f 168/168 71/71 143/143
f 156/156 155/155 180/180
f 110/110 181/181 100/100
f 143/143 102/102 126/126
f 176/176 104/104 182/182
f 100/100 181/181 163/163
f 171/171 174/174 6/6
f 181/181 110/110 183/183
f 157/157 156/156 63/63
f 174/174 176/176 184/184
f 121/121 124/124 177/177
f 175/175 180/180 155/155
f 124/124 150/150 177/177
f 63/63 156/156 90/90
f 163/163 181/181 169/169
f 174/174 82/82 6/6
f 176/176 182/182 184/184
f 182/182 104/104 185/185
f 89/89 143/143 126/126
f 160/160 178/178 175/175
f 174/174 184/184 82/82
f 185/185 186/186 182/182
f 180/180 175/175 187/187
f 182/182 186/186 184/184
f 188/188 168/168 143/143
f 109/109 132/132 151/151
f 172/172 92/92 144/144
f 117/117 159/159 110/110
f 183/183 110/110 159/159
f 189/189 112/112 76/76
f 189/189 76/76 135/135
f 156/156 180/180 190/190
f 161/161 86/86 172/172
f 156/156 190/190 90/90
f 181/181 191/191 169/169
f 181/181 183/183 191/191
f 184/184 79/79 82/82
f 185/185 104/104 106/106
f 169/169 91/91 53/53
f 175/175 178/178 146/146
f 189/189 111/111 112/112
f 168/168 23/23 21/21
f 135/135 76/76 78/78
f 169/169 162/162 91/91
f 183/183 155/155 191/191
f 184/184 186/186 79/79
f 180/180 187/187 192/192
f 180/180 192/192 190/190
f 131/131 116/116 108/108
f 185/185 106/106 115/115
f 185/185 115/115 193/193
f 177/177 69/69 178/178
f 177/177 150/150 69/69
f 186/186 80/80 79/79
f 175/175 146/146 187/187
f 117/117 160/160 159/159
f 185/185 193/193 186/186
f 169/169 191/191 162/162
f 183/183 159/159 155/155
f 194/194 168/168 188/188
f 117/117 121/121 160/160
f 178/178 68/68 146/146
f 186/186 74/74 80/80
f 190/190 66/66 90/90
f 190/190 192/192 66/66
f 186/186 193/193 74/74
f 193/193 115/115 195/195
f 191/191 155/155 157/157
f 178/178 69/69 68/68
f 195/195 115/115 120/120
f 196/196 172/172 144/144
f 187/187 149/149 192/192
f 197/197 101/101 85/85
f 193/193 195/195 74/74
f 195/195 120/120 198/198
f 187/187 146/146 149/149
f 121/121 177/177 160/160
f 191/191 157/157 162/162
f 195/195 73/73 74/74
f 139/139 150/150 124/124
f 89/89 188/188 143/143
f 198/198 141/141 195/195
f 198/198 120/120 122/122
f 195/195 141/141 73/73
f 196/196 161/161 172/172
f 87/87 44/44 101/101
f 192/192 149/149 66/66
f 198/198 122/122 140/140
f 199/199 12/12 179/179
f 198/198 140/140 142/142
f 198/198 142/142 141/141
f 162/162 62/62 91/91
f 116/116 197/197 109/109
f 67/67 133/133 68/68
f 139/139 67/67 150/150
f 200/200 168/168 194/194
f 200/200 23/23 168/168
f 59/59 71/71 201/201
f 107/107 109/109 151/151
f 85/85 40/40 132/132
f 179/179 118/118 161/161
f 112/112 202/202 76/76
f 60/60 203/203 127/127
f 116/116 93/93 197/197
f 76/76 202/202 77/77
f 204/204 111/111 189/189
f 112/112 31/31 26/26
f 133/133 205/205 68/68
f 72/72 173/173 56/56
f 59/59 199/199 60/60
f 86/86 87/87 93/93
f 59/59 201/201 199/199
f 77/77 194/194 88/88
f 132/132 37/37 133/133
f 127/127 203/203 196/196
f 71/71 20/20 201/201
f 87/87 46/46 44/44
f 68/68 205/205 147/147
f 132/132 40/40 37/37
f 87/87 47/47 46/46
f 56/56 204/204 57/57
f 77/77 202/202 200/200
f 88/88 194/194 89/89
f 112/112 26/26 202/202
f 107/107 151/151 139/139
f 201/201 20/20 19/19
f 173/173 34/34 56/56
f 133/133 37/37 205/205
f 202/202 24/24 200/200
f 197/197 85/85 153/153
f 56/56 152/152 204/204
f 60/60 199/199 161/161
f 134/134 189/189 135/135
f 173/173 8/8 34/34
f 144/144 116/116 131/131
f 77/77 200/200 194/194
f 139/139 151/151 67/67
f 37/37 39/39 205/205
f 197/197 153/153 109/109
f 57/57 189/189 134/134
f 205/205 39/39 147/147
f 199/199 19/19 12/12
f 60/60 161/161 203/203
f 127/127 196/196 131/131
f 152/152 111/111 204/204
f 56/56 34/34 152/152
f 202/202 26/26 24/24
f 57/57 204/204 189/189
f 131/131 196/196 144/144
f 89/89 194/194 188/188
f 201/201 19/19 199/199
f 93/93 87/87 101/101
f 199/199 179/179 161/161
f 24/24 23/23 200/200
f 93/93 101/101 197/197
f 203/203 161/161 196/196
f 206/206 207/207 208/208
f 209/209 208/208 207/207
f 210/210 211/211 212/212
f 210/210 213/213 211/211
f 212/212 211/211 214/214
f 214/214 211/211 215/215
f 214/214 215/215 216/216
f 215/215 217/217 216/216
f 218/218 213/213 210/210
f 219/219 220/220 221/221
f 220/220 219/219 222/222
f 223/223 224/224 225/225
f 226/226 227/227 228/228
f 229/229 219/219 230/230
f 222/222 219/219 229/229
f 231/231 232/232 221/221
f 224/224 233/233 225/225
f 234/234 221/221 220/220
f 235/235 225/225 233/233
f 229/229 230/230 236/236
f 237/237 231/231 221/221
f 234/234 238/238 221/221
f 239/239 224/224 240/240
f 241/241 242/242 230/230
f 243/243 244/244 245/245
f 239/239 246/246 233/233
f 247/247 238/238 234/234
f 245/245 248/248 249/249
f 234/234 250/250 247/247
f 251/251 241/241 252/252
f 253/253 241/241 251/251
f 248/248 254/254 249/249
f 247/247 250/250 255/255
f 237/237 238/238 256/256
f 251/251 252/252 257/257
f 258/258 257/257 252/252
f 259/259 257/257 258/258
f 218/218 249/249 213/213
f 260/260 251/251 257/257
f 228/228 257/257 259/259
f 261/261 235/235 262/262
f 263/263 264/264 265/265
f 228/228 259/259 258/258
f 266/266 267/267 268/268
f 266/266 268/268 269/269
f 228/228 258/258 270/270
f 271/271 263/263 272/272
f 262/262 270/270 258/258
f 263/263 265/265 273/273
f 274/274 255/255 275/275
f 223/223 225/225 261/261
f 257/257 228/228 276/276
f 277/277 278/278 279/279
f 280/280 278/278 277/277
f 270/270 281/281 228/228
f 282/282 283/283 277/277
f 284/284 285/285 227/227
f 276/276 228/228 227/227
f 235/235 281/281 270/270
f 266/266 286/286 267/267
f 235/235 287/287 281/281
f 228/228 281/281 226/226
f 233/233 246/246 235/235
f 281/281 288/288 226/226
f 239/239 233/233 224/224
f 246/246 287/287 235/235
f 281/281 289/289 288/288
f 244/244 248/248 245/245
f 239/239 290/290 246/246
f 229/229 236/236 291/291
f 264/264 289/289 246/246
f 227/227 292/292 293/293
f 266/266 294/294 286/286
f 292/292 288/288 295/295
f 242/242 236/236 230/230
f 213/213 249/249 254/254
f 246/246 290/290 264/264
f 256/256 247/247 274/274
f 284/284 260/260 285/285
f 254/254 296/296 213/213
f 297/297 286/286 298/298
f 275/275 293/293 274/274
f 298/298 286/286 294/294
f 274/274 293/293 292/292
f 263/263 299/299 289/289
f 292/292 227/227 226/226
f 292/292 226/226 288/288
f 296/296 254/254 292/292
f 265/265 264/264 290/290
f 213/213 296/296 211/211
f 211/211 296/296 300/300
f 295/295 299/299 296/296
f 299/299 300/300 296/296
f 299/299 263/263 300/300
f 291/291 222/222 229/229
f 301/301 279/279 278/278
f 272/272 263/263 273/273
f 253/253 242/242 241/241
f 302/302 236/236 242/242
f 277/277 303/303 304/304
f 250/250 291/291 236/236
f 302/302 242/242 253/253
f 297/297 305/305 306/306
f 306/306 305/305 307/307
f 260/260 253/253 251/251
f 298/298 305/305 297/297
f 302/302 253/253 260/260
f 250/250 236/236 302/302
f 282/282 308/308 283/283
f 302/302 255/255 250/250
f 247/247 255/255 274/274
f 306/306 307/307 309/309
f 232/232 308/308 282/282
f 276/276 285/285 260/260
f 302/302 284/284 255/255
f 302/302 260/260 284/284
f 244/244 256/256 274/274
f 308/308 232/232 231/231
f 309/309 307/307 310/310
f 255/255 284/284 275/275
f 285/285 276/276 227/227
f 227/227 275/275 284/284
f 244/244 274/274 248/248
f 293/293 275/275 227/227
f 274/274 292/292 248/248
f 237/237 221/221 238/238
f 289/289 287/287 246/246
f 281/281 287/287 289/289
f 250/250 220/220 222/222
f 292/292 254/254 248/248
f 250/250 222/222 291/291
f 311/311 312/312 310/310
f 310/310 312/312 309/309
f 234/234 220/220 250/250
f 256/256 238/238 247/247
f 295/295 288/288 299/299
f 296/296 292/292 295/295
f 311/311 313/313 312/312
f 289/289 299/299 288/288
f 270/270 262/262 235/235
f 263/263 289/289 264/264
f 276/276 260/260 257/257
f 225/225 235/235 261/261
f 271/271 300/300 263/263
f 243/243 256/256 244/244
f 278/278 280/280 314/314
f 308/308 280/280 283/283
f 283/283 280/280 277/277
f 279/279 303/303 277/277
f 315/315 304/304 303/303
f 277/277 304/304 282/282
f 221/221 304/304 315/315
f 219/219 221/221 315/315
f 232/232 282/282 304/304
f 221/221 232/232 304/304
f 316/316 317/317 318/318
f 319/319 317/317 316/316
f 320/320 319/319 321/321
f 321/321 319/319 316/316
f 322/322 320/320 321/321
f 323/323 324/324 325/325
f 326/326 323/323 325/325
f 327/327 322/322 328/328
f 328/328 322/322 321/321
f 318/318 323/323 326/326
f 317/317 323/323 318/318
f 329/329 330/330 331/331
f 331/331 332/332 333/333
f 334/334 335/335 336/336
f 337/337 338/338 339/339
f 340/340 341/341 342/342
f 336/336 335/335 343/343
f 333/333 344/344 345/345
f 346/346 347/347 348/348
f 349/349 350/350 351/351
f 352/352 353/353 329/329
f 354/354 355/355 356/356
f 357/357 358/358 355/355
f 350/350 342/342 359/359
f 360/360 341/341 340/340
f 351/351 350/350 334/334
f 240/240 355/355 361/361
f 240/240 357/357 355/355
f 362/362 363/363 364/364
f 365/365 366/366 367/367
f 348/348 347/347 368/368
f 369/369 359/359 370/370
f 336/336 343/343 371/371
f 347/347 329/329 331/331
f 343/343 347/347 371/371
f 372/372 337/337 339/339
f 339/339 363/363 362/362
f 362/362 364/364 349/349
f 351/351 334/334 373/373
f 335/335 370/370 352/352
f 374/374 334/334 336/336
f 369/369 370/370 335/335
f 348/348 368/368 365/365
f 350/350 359/359 369/369
f 339/339 362/362 375/375
f 374/374 336/336 371/371
f 376/376 377/377 378/378
f 378/378 377/377 379/379
f 379/379 377/377 380/380
f 381/381 382/382 383/383
f 340/340 342/342 350/350
f 383/383 382/382 384/384
f 362/362 349/349 385/385
f 378/378 379/379 386/386
f 386/386 379/379 380/380
f 385/385 349/349 351/351
f 387/387 388/388 389/389
f 371/371 347/347 346/346
f 380/380 390/390 391/391
f 382/382 389/389 384/384
f 363/363 338/338 360/360
f 372/372 339/339 375/375
f 343/343 352/352 329/329
f 373/373 334/334 374/374
f 392/392 378/378 393/393
f 386/386 380/380 391/391
f 363/363 360/360 340/340
f 391/391 390/390 394/394
f 393/393 378/378 386/386
f 382/382 387/387 389/389
f 381/381 383/383 395/395
f 396/396 386/386 391/391
f 397/397 375/375 362/362
f 389/389 388/388 398/398
f 331/331 333/333 366/366
f 347/347 331/331 368/368
f 349/349 340/340 350/350
f 399/399 374/374 371/371
f 343/343 329/329 347/347
f 342/342 392/392 393/393
f 393/393 386/386 396/396
f 363/363 340/340 364/364
f 385/385 351/351 373/373
f 350/350 369/369 334/334
f 370/370 393/393 396/396
f 353/353 391/391 394/394
f 364/364 340/340 349/349
f 335/335 352/352 343/343
f 397/397 362/362 385/385
f 396/396 391/391 353/353
f 339/339 338/338 363/363
f 342/342 393/393 370/370
f 331/331 330/330 332/332
f 353/353 394/394 330/330
f 400/400 401/401 402/402
f 334/334 369/369 335/335
f 359/359 342/342 370/370
f 368/368 331/331 365/365
f 365/365 331/331 366/366
f 370/370 396/396 352/352
f 329/329 353/353 330/330
f 333/333 332/332 344/344
f 352/352 396/396 353/353
f 207/207 367/367 403/403
f 402/402 401/401 404/404
f 403/403 209/209 207/207
f 207/207 365/365 367/367
f 405/405 348/348 365/365
f 405/405 365/365 207/207
f 406/406 407/407 408/408
f 408/408 207/207 206/206
f 407/407 346/346 408/408
f 404/404 409/409 402/402
f 410/410 402/402 411/411
f 408/408 405/405 207/207
f 408/408 346/346 405/405
f 346/346 348/348 405/405
f 412/412 413/413 414/414
f 412/412 415/415 416/416
f 412/412 416/416 413/413
f 402/402 409/409 417/417
f 418/418 419/419 420/420
f 414/414 413/413 421/421
f 409/409 422/422 417/417
f 415/415 423/423 424/424
f 415/415 425/425 423/423
f 415/415 424/424 416/416
f 425/425 426/426 423/423
f 416/416 424/424 427/427
f 356/356 355/355 428/428
f 429/429 418/418 420/420
f 429/429 430/430 431/431
f 429/429 420/420 430/430
f 426/426 432/432 423/423
f 429/429 431/431 433/433
f 424/424 434/434 435/435
f 424/424 436/436 437/437
f 424/424 423/423 438/438
f 402/402 417/417 411/411
f 424/424 438/438 439/439
f 424/424 435/435 436/436
f 424/424 440/440 434/434
f 424/424 439/439 440/440
f 433/433 431/431 441/441
f 423/423 442/442 438/438
f 437/437 443/443 444/444
f 437/437 436/436 443/443
f 441/441 431/431 445/445
f 410/410 400/400 402/402
f 445/445 431/431 358/358
f 442/442 446/446 438/438
f 428/428 355/355 431/431
f 447/447 400/400 410/410
f 358/358 431/431 355/355
f 422/422 448/448 417/417
f 436/436 435/435 449/449
f 431/431 415/415 412/412
f 431/431 430/430 415/415
f 431/431 450/450 451/451
f 431/431 452/452 450/450
f 431/431 412/412 452/452
f 435/435 434/434 453/453
f 453/453 434/434 454/454
f 450/450 452/452 455/455
f 456/456 457/457 458/458
f 459/459 456/456 458/458
f 460/460 459/459 458/458
f 460/460 458/458 461/461
f 462/462 460/460 461/461
f 463/463 462/462 461/461
f 463/463 461/461 464/464
f 465/465 463/463 464/464
f 409/409 466/466 467/467
f 468/468 465/465 464/464
f 469/469 466/466 409/409
f 468/468 464/464 470/470
f 471/471 468/468 470/470
f 471/471 470/470 472/472
f 473/473 471/471 472/472
f 474/474 473/473 472/472
f 475/475 473/473 474/474
f 475/475 474/474 476/476
f 477/477 475/475 476/476
f 478/478 477/477 476/476
f 479/479 480/480 481/481
f 482/482 480/480 479/479
f 483/483 482/482 479/479
f 484/484 485/485 486/486
f 487/487 467/467 466/466
f 484/484 486/486 488/488
f 488/488 486/486 489/489
f 381/381 487/487 466/466
f 490/490 489/489 491/491
f 469/469 409/409 492/492
f 488/488 489/489 490/490
f 493/493 484/484 488/488
f 491/491 489/489 494/494
f 495/495 488/488 490/490
f 495/495 490/490 496/496
f 496/496 490/490 497/497
f 495/495 496/496 498/498
f 495/495 498/498 499/499
f 499/499 498/498 500/500
f 499/499 500/500 501/501
f 499/499 501/501 502/502
f 499/499 502/502 503/503
f 503/503 502/502 504/504
f 503/503 504/504 324/324
f 503/503 324/324 505/505
f 505/505 324/324 323/323
f 505/505 323/323 317/317
f 505/505 317/317 506/506
f 506/506 317/317 319/319
f 506/506 319/319 507/507
f 507/507 319/319 320/320
f 507/507 320/320 508/508
f 508/508 320/320 322/322
f 508/508 322/322 509/509
f 510/510 485/485 484/484
f 511/511 210/210 512/512
f 492/492 409/409 404/404
f 210/210 212/212 512/512
f 512/512 214/214 478/478
f 513/513 514/514 515/515
f 513/513 516/516 514/514
f 517/517 518/518 519/519
f 520/520 521/521 522/522
f 520/520 522/522 523/523
f 524/524 404/404 525/525
f 515/515 514/514 526/526
f 404/404 401/401 525/525
f 515/515 526/526 527/527
f 519/519 528/528 521/521
f 521/521 528/528 522/522
f 529/529 530/530 531/531
f 527/527 532/532 533/533
f 529/529 524/524 530/530
f 529/529 388/388 524/524
f 523/523 522/522 280/280
f 527/527 526/526 532/532
f 533/533 532/532 534/534
f 534/534 535/535 533/533
f 534/534 536/536 535/535
f 388/388 492/492 524/524
f 537/537 534/534 538/538
f 534/534 537/537 536/536
f 536/536 537/537 539/539
f 539/539 537/537 540/540
f 466/466 469/469 381/381
f 381/381 469/469 382/382
f 541/541 532/532 526/526
f 539/539 540/540 542/542
f 387/387 492/492 388/388
f 534/534 532/532 543/543
f 542/542 540/540 517/517
f 280/280 308/308 523/523
f 382/382 469/469 387/387
f 537/537 538/538 544/544
f 545/545 546/546 547/547
f 387/387 469/469 492/492
f 524/524 525/525 530/530
f 517/517 548/548 542/542
f 537/537 544/544 540/540
f 492/492 404/404 524/524
f 549/549 550/550 551/551
f 517/517 552/552 548/548
f 545/545 553/553 549/549
f 545/545 547/547 553/553
f 549/549 553/553 550/550
f 550/550 553/553 516/516
f 552/552 517/517 519/519
f 550/550 516/516 513/513
f 517/517 540/540 518/518
f 552/552 519/519 521/521
f 554/554 555/555 556/556
f 557/557 558/558 559/559
f 557/557 559/559 560/560
f 561/561 562/562 563/563
f 554/554 562/562 558/558
f 561/561 563/563 564/564
f 565/565 566/566 567/567
f 565/565 567/567 568/568
f 558/558 562/562 559/559
f 564/564 563/563 569/569
f 565/565 570/570 566/566
f 571/571 567/567 572/572
f 564/564 569/569 573/573
f 570/570 561/561 564/564
f 570/570 564/564 574/574
f 575/575 566/566 570/570
f 570/570 576/576 575/575
f 567/567 566/566 577/577
f 570/570 574/574 576/576
f 574/574 578/578 576/576
f 578/578 574/574 579/579
f 580/580 581/581 582/582
f 580/580 582/582 583/583
f 554/554 556/556 562/562
f 584/584 585/585 581/581
f 566/566 575/575 577/577
f 560/560 559/559 568/568
f 555/555 586/586 587/587
f 568/568 588/588 560/560
f 559/559 565/565 568/568
f 581/581 554/554 582/582
f 555/555 587/587 556/556
f 562/562 556/556 563/563
f 585/585 555/555 581/581
f 576/576 578/578 589/589
f 556/556 587/587 569/569
f 559/559 562/562 561/561
f 582/582 558/558 557/557
f 252/252 241/241 590/590
f 578/578 579/579 591/591
f 578/578 591/591 589/589
f 582/582 554/554 558/558
f 585/585 586/586 555/555
f 585/585 592/592 586/586
f 559/559 561/561 565/565
f 556/556 569/569 563/563
f 564/564 573/573 579/579
f 568/568 571/571 588/588
f 574/574 564/564 579/579
f 568/568 567/567 571/571
f 580/580 593/593 584/584
f 581/581 555/555 554/554
f 569/569 587/587 573/573
f 565/565 561/561 570/570
f 580/580 584/584 581/581
f 547/547 594/594 595/595
f 596/596 597/597 598/598
f 596/596 598/598 594/594
f 597/597 599/599 600/600
f 597/597 600/600 598/598
f 601/601 602/602 603/603
f 604/604 605/605 606/606
f 605/605 607/607 608/608
f 609/609 610/610 611/611
f 612/612 219/219 613/613
f 610/610 614/614 611/611
f 606/606 605/605 615/615
f 612/612 230/230 219/219
f 609/609 611/611 616/616
f 609/609 617/617 610/610
f 603/603 602/602 604/604
f 604/604 618/618 605/605
f 610/610 603/603 614/614
f 617/617 619/619 601/601
f 617/617 601/601 610/610
f 614/614 620/620 611/611
f 610/610 601/601 603/603
f 615/615 621/621 622/622
f 604/604 602/602 618/618
f 615/615 605/605 621/621
f 621/621 608/608 623/623
f 620/620 614/614 606/606
f 608/608 624/624 623/623
f 614/614 603/603 604/604
f 605/605 608/608 621/621
f 614/614 604/604 606/606
f 605/605 618/618 607/607
f 606/606 615/615 620/620
f 621/621 625/625 622/622
f 626/626 627/627 628/628
f 629/629 630/630 631/631
f 632/632 630/630 629/629
f 633/633 632/632 629/629
f 634/634 632/632 633/633
f 635/635 634/634 633/633
f 636/636 634/634 635/635
f 637/637 636/636 635/635
f 638/638 636/636 637/637
f 639/639 638/638 637/637
f 640/640 638/638 639/639
f 641/641 638/638 640/640
f 642/642 641/641 640/640
f 643/643 642/642 640/640
f 644/644 642/642 643/643
f 645/645 644/644 643/643
f 646/646 644/644 645/645
f 647/647 644/644 646/646
f 648/648 647/647 646/646
f 649/649 647/647 648/648
f 650/650 649/649 648/648
f 651/651 649/649 650/650
f 652/652 372/372 375/375
f 653/653 654/654 655/655
f 653/653 656/656 654/654
f 657/657 658/658 397/397
f 658/658 375/375 397/397
f 657/657 397/397 656/656
f 658/658 652/652 375/375
f 654/654 659/659 655/655
f 655/655 659/659 660/660
f 657/657 656/656 653/653
f 418/418 429/429 495/495
f 661/661 230/230 662/662
f 495/495 429/429 488/488
f 241/241 230/230 661/661
f 663/663 664/664 665/665
f 666/666 667/667 668/668
f 666/666 669/669 670/670
f 671/671 663/663 665/665
f 670/670 669/669 672/672
f 668/668 669/669 666/666
f 673/673 667/667 665/665
f 674/674 675/675 663/663
f 665/665 664/664 673/673
f 676/676 677/677 675/675
f 669/669 678/678 679/679
f 678/678 669/669 668/668
f 680/680 672/672 681/681
f 666/666 682/682 667/667
f 675/675 683/683 676/676
f 682/682 684/684 667/667
f 675/675 677/677 663/663
f 684/684 665/665 667/667
f 669/669 679/679 672/672
f 684/684 671/671 665/665
f 679/679 685/685 681/681
f 681/681 685/685 686/686
f 672/672 679/679 681/681
f 679/679 687/687 685/685
f 671/671 674/674 663/663
f 668/668 667/667 673/673
f 322/322 643/643 640/640
f 322/322 635/635 633/633
f 648/648 646/646 322/322
f 688/688 252/252 590/590
f 322/322 633/633 629/629
f 322/322 640/640 639/639
f 322/322 629/629 631/631
f 322/322 631/631 689/689
f 322/322 639/639 637/637
f 650/650 648/648 322/322
f 322/322 645/645 643/643
f 322/322 689/689 509/509
f 646/646 645/645 322/322
f 322/322 637/637 635/635
f 690/690 528/528 691/691
f 692/692 693/693 544/544
f 692/692 694/694 695/695
f 696/696 695/695 697/697
f 698/698 699/699 700/700
f 698/698 700/700 701/701
f 692/692 544/544 538/538
f 691/691 528/528 699/699
f 528/528 518/518 699/699
f 699/699 518/518 700/700
f 538/538 694/694 692/692
f 695/695 694/694 697/697
f 702/702 703/703 704/704
f 701/701 692/692 705/705
f 701/701 700/700 692/692
f 528/528 519/519 518/518
f 703/703 690/690 704/704
f 703/703 706/706 690/690
f 694/694 538/538 543/543
f 252/252 688/688 707/707
f 694/694 543/543 697/697
f 706/706 708/708 690/690
f 705/705 692/692 695/695
f 704/704 699/699 698/698
f 518/518 693/693 700/700
f 704/704 690/690 691/691
f 690/690 708/708 528/528
f 700/700 693/693 692/692
f 704/704 691/691 699/699
f 409/409 467/467 422/422
f 422/422 467/467 448/448
f 709/709 710/710 706/706
f 280/280 708/708 314/314
f 706/706 314/314 708/708
f 709/709 703/703 702/702
f 703/703 709/709 706/706
f 354/354 361/361 355/355
f 239/239 354/354 711/711
f 712/712 713/713 314/314
f 710/710 712/712 706/706
f 713/713 301/301 278/278
f 706/706 712/712 314/314
f 714/714 301/301 713/713
f 713/713 278/278 314/314
f 714/714 713/713 715/715
f 590/590 241/241 661/661
f 712/712 715/715 713/713
f 627/627 716/716 584/584
f 716/716 481/481 585/585
f 511/511 717/717 718/718
f 719/719 478/478 476/476
f 481/481 478/478 719/719
f 481/481 719/719 479/479
f 216/216 478/478 214/214
f 718/718 218/218 511/511
f 720/720 718/718 717/717
f 721/721 720/720 717/717
f 722/722 721/721 717/717
f 723/723 721/721 722/722
f 724/724 721/721 723/723
f 725/725 724/724 723/723
f 626/626 725/725 723/723
f 726/726 725/725 626/626
f 628/628 726/726 626/626
f 593/593 628/628 627/627
f 593/593 627/627 584/584
f 212/212 214/214 512/512
f 218/218 210/210 511/511
f 716/716 585/585 584/584
f 727/727 728/728 729/729
f 730/730 673/673 664/664
f 728/728 731/731 729/729
f 728/728 678/678 731/731
f 732/732 733/733 734/734
f 735/735 729/729 736/736
f 668/668 673/673 731/731
f 732/732 664/664 737/737
f 735/735 736/736 738/738
f 739/739 740/740 741/741
f 732/732 737/737 733/733
f 741/741 740/740 727/727
f 664/664 663/663 737/737
f 230/230 612/612 662/662
f 741/741 727/727 742/742
f 678/678 668/668 731/731
f 738/738 736/736 734/734
f 740/740 728/728 727/727
f 740/740 687/687 728/728
f 729/729 731/731 730/730
f 729/729 730/730 736/736
f 728/728 687/687 679/679
f 731/731 673/673 730/730
f 734/734 736/736 732/732
f 742/742 729/729 735/735
f 736/736 730/730 732/732
f 728/728 679/679 678/678
f 742/742 727/727 729/729
f 730/730 664/664 732/732
f 743/743 744/744 745/745
f 709/709 746/746 747/747
f 710/710 709/709 747/747
f 748/748 743/743 749/749
f 743/743 747/747 746/746
f 743/743 746/746 744/744
f 750/750 751/751 745/745
f 752/752 753/753 750/750
f 743/743 748/748 747/747
f 702/702 746/746 709/709
f 749/749 743/743 751/751
f 303/303 490/490 315/315
f 531/531 530/530 754/754
f 490/490 491/491 315/315
f 749/749 751/751 753/753
f 753/753 751/751 750/750
f 751/751 743/743 745/745
f 755/755 398/398 756/756
f 389/389 398/398 755/755
f 384/384 389/389 755/755
f 752/752 757/757 758/758
f 758/758 759/759 752/752
f 491/491 494/494 315/315
f 752/752 750/750 757/757
f 315/315 494/494 219/219
f 754/754 530/530 760/760
f 750/750 761/761 757/757
f 762/762 763/763 764/764
f 530/530 525/525 760/760
f 765/765 764/764 763/763
f 765/765 763/763 766/766
f 762/762 764/764 400/400
f 764/764 765/765 400/400
f 494/494 489/489 219/219
f 765/765 401/401 400/400
f 219/219 489/489 613/613
f 354/354 239/239 240/240
f 354/354 240/240 361/361
f 767/767 487/487 381/381
f 767/767 768/768 487/487
f 768/768 467/467 487/487
f 525/525 769/769 760/760
f 768/768 770/770 467/467
f 428/428 431/431 771/771
f 772/772 773/773 771/771
f 774/774 771/771 431/431
f 489/489 486/486 613/613
f 775/775 776/776 772/772
f 777/777 778/778 779/779
f 776/776 780/780 781/781
f 613/613 486/486 612/612
f 781/781 782/782 783/783
f 784/784 777/777 785/785
f 786/786 776/776 781/781
f 787/787 788/788 789/789
f 486/486 485/485 612/612
f 790/790 775/775 772/772
f 525/525 401/401 769/769
f 612/612 485/485 662/662
f 401/401 791/791 769/769
f 792/792 788/788 793/793
f 789/789 788/788 792/792
f 794/794 795/795 784/784
f 485/485 510/510 662/662
f 796/796 784/784 785/785
f 794/794 788/788 787/787
f 772/772 776/776 786/786
f 797/797 788/788 798/798
f 662/662 510/510 661/661
f 799/799 797/797 798/798
f 800/800 793/793 797/797
f 800/800 797/797 799/799
f 510/510 484/484 661/661
f 401/401 715/715 791/791
f 661/661 484/484 590/590
f 790/790 772/772 771/771
f 801/801 793/793 800/800
f 802/802 803/803 804/804
f 401/401 714/714 715/715
f 801/801 792/792 793/793
f 484/484 493/493 590/590
f 590/590 493/493 688/688
f 805/805 803/803 802/802
f 774/774 790/790 771/771
f 806/806 209/209 807/807
f 789/789 780/780 808/808
f 688/688 488/488 707/707
f 493/493 488/488 688/688
f 488/488 429/429 707/707
f 401/401 765/765 714/714
f 798/798 788/788 784/784
f 782/782 789/789 792/792
f 429/429 433/433 707/707
f 707/707 433/433 809/809
f 797/797 793/793 788/788
f 801/801 800/800 810/810
f 805/805 802/802 806/806
f 782/782 792/792 801/801
f 765/765 766/766 714/714
f 809/809 441/441 811/811
f 433/433 441/441 809/809
f 812/812 808/808 780/780
f 805/805 806/806 807/807
f 780/780 789/789 782/782
f 779/779 805/805 807/807
f 803/803 805/805 813/813
f 778/778 805/805 779/779
f 813/813 805/805 778/778
f 441/441 445/445 811/811
f 813/813 778/778 795/795
f 811/811 445/445 814/814
f 795/795 778/778 777/777
f 812/812 780/780 776/776
f 782/782 801/801 783/783
f 766/766 815/815 714/714
f 815/815 301/301 714/714
f 814/814 358/358 357/357
f 777/777 779/779 785/785
f 445/445 358/358 814/814
f 775/775 812/812 776/776
f 784/784 795/795 777/777
f 815/815 816/816 301/301
f 301/301 816/816 279/279
f 784/784 788/788 794/794
f 816/816 817/817 279/279
f 796/796 798/798 784/784
f 781/781 780/780 782/782
f 818/818 819/819 820/820
f 821/821 822/822 823/823
f 824/824 825/825 826/826
f 817/817 827/827 279/279
f 828/828 829/829 830/830
f 827/827 303/303 279/279
f 831/831 823/823 832/832
f 827/827 490/490 303/303
f 829/829 833/833 834/834
f 835/835 836/836 837/837
f 838/838 839/839 840/840
f 841/841 831/831 837/837
f 819/819 824/824 820/820
f 715/715 842/842 791/791
f 535/535 843/843 533/533
f 838/838 844/844 845/845
f 824/824 846/846 825/825
f 822/822 847/847 848/848
f 838/838 840/840 849/849
f 850/850 851/851 852/852
f 853/853 854/854 855/855
f 843/843 855/855 856/856
f 844/844 243/243 845/845
f 857/857 841/841 833/833
f 838/838 858/858 839/839
f 829/829 818/818 830/830
f 833/833 859/859 834/834
f 860/860 861/861 862/862
f 829/829 834/834 818/818
f 863/863 864/864 865/865
f 231/231 523/523 308/308
f 769/769 791/791 866/866
f 867/867 863/863 865/865
f 548/548 868/868 542/542
f 823/823 822/822 832/832
f 869/869 848/848 870/870
f 820/820 826/826 871/871
f 855/855 854/854 856/856
f 237/237 849/849 872/872
f 854/854 873/873 513/513
f 852/852 548/548 552/552
f 513/513 856/856 854/854
f 869/869 870/870 835/835
f 860/860 862/862 864/864
f 245/245 249/249 874/874
f 245/245 874/874 875/875
f 245/245 875/875 845/845
f 858/858 830/830 839/839
f 726/726 876/876 821/821
f 839/839 877/877 851/851
f 878/878 875/875 879/879
f 829/829 828/828 879/879
f 829/829 880/880 833/833
f 831/831 832/832 837/837
f 857/857 721/721 724/724
f 859/859 833/833 841/841
f 846/846 881/881 825/825
f 843/843 527/527 533/533
f 882/882 883/883 881/881
f 854/854 867/867 873/873
f 821/821 876/876 822/822
f 841/841 837/837 882/882
f 218/218 718/718 874/874
f 218/218 874/874 249/249
f 867/867 865/865 884/884
f 882/882 837/837 883/883
f 857/857 724/724 823/823
f 843/843 856/856 527/527
f 715/715 712/712 710/710
f 885/885 886/886 847/847
f 865/865 887/887 884/884
f 837/837 832/832 835/835
f 867/867 884/884 873/873
f 726/726 628/628 876/876
f 718/718 875/875 874/874
f 849/849 888/888 872/872
f 817/817 816/816 889/889
f 237/237 872/872 231/231
f 885/885 890/890 886/886
f 891/891 888/888 521/521
f 819/819 846/846 824/824
f 819/819 882/882 846/846
f 856/856 515/515 527/527
f 849/849 840/840 888/888
f 718/718 879/879 875/875
f 865/865 892/892 887/887
f 245/245 845/845 243/243
f 720/720 879/879 718/718
f 852/852 851/851 548/548
f 830/830 818/818 893/893
f 877/877 893/893 871/871
f 816/816 894/894 889/889
f 835/835 870/870 836/836
f 851/851 877/877 548/548
f 865/865 864/864 892/892
f 832/832 822/822 869/869
f 837/837 853/853 883/883
f 837/837 836/836 853/853
f 857/857 831/831 841/841
f 857/857 823/823 831/831
f 523/523 891/891 520/520
f 856/856 513/513 515/515
f 895/895 500/500 896/896
f 325/325 324/324 897/897
f 834/834 819/819 818/818
f 500/500 498/498 896/896
f 888/888 552/552 521/521
f 876/876 628/628 890/890
f 324/324 504/504 897/897
f 897/897 504/504 898/898
f 896/896 498/498 899/899
f 873/873 884/884 551/551
f 845/845 875/875 878/878
f 899/899 498/498 894/894
f 504/504 502/502 898/898
f 891/891 521/521 520/520
f 900/900 501/501 901/901
f 898/898 502/502 900/900
f 901/901 500/500 895/895
f 501/501 500/500 901/901
f 724/724 725/725 823/823
f 231/231 872/872 891/891
f 879/879 720/720 721/721
f 513/513 873/873 550/550
f 894/894 496/496 889/889
f 848/848 863/863 870/870
f 498/498 496/496 894/894
f 502/502 501/501 900/900
f 889/889 496/496 902/902
f 902/902 496/496 903/903
f 834/834 859/859 819/819
f 873/873 551/551 550/550
f 884/884 887/887 551/551
f 888/888 852/852 552/552
f 887/887 545/545 551/551
f 879/879 828/828 878/878
f 846/846 882/882 881/881
f 879/879 721/721 880/880
f 887/887 904/904 545/545
f 326/326 905/905 318/318
f 326/326 906/906 905/905
f 887/887 892/892 904/904
f 878/878 838/838 845/845
f 905/905 316/316 318/318
f 847/847 886/886 861/861
f 868/868 539/539 542/542
f 551/551 545/545 549/549
f 840/840 850/850 888/888
f 906/906 326/326 907/907
f 907/907 326/326 897/897
f 892/892 908/908 904/904
f 326/326 325/325 897/897
f 903/903 496/496 909/909
f 496/496 497/497 909/909
f 826/826 825/825 535/535
f 909/909 497/497 910/910
f 911/911 907/907 897/897
f 911/911 897/897 898/898
f 825/825 881/881 843/843
f 898/898 900/900 911/911
f 893/893 820/820 871/871
f 878/878 828/828 858/858
f 848/848 847/847 860/860
f 879/879 880/880 829/829
f 243/243 844/844 256/256
f 836/836 870/870 867/867
f 868/868 871/871 539/539
f 840/840 851/851 850/850
f 840/840 839/839 851/851
f 848/848 860/860 863/863
f 836/836 854/854 853/853
f 872/872 888/888 891/891
f 901/901 911/911 900/900
f 878/878 858/858 838/838
f 859/859 841/841 882/882
f 256/256 844/844 849/849
f 876/876 890/890 885/885
f 725/725 821/821 823/823
f 871/871 536/536 539/539
f 871/871 826/826 536/536
f 880/880 721/721 857/857
f 912/912 763/763 815/815
f 847/847 861/861 860/860
f 881/881 883/883 843/843
f 832/832 869/869 835/835
f 763/763 913/913 815/815
f 815/815 913/913 896/896
f 548/548 877/877 868/868
f 830/830 893/893 839/839
f 876/876 847/847 822/822
f 825/825 843/843 535/535
f 877/877 871/871 868/868
f 896/896 913/913 895/895
f 863/863 860/860 864/864
f 818/818 820/820 893/893
f 883/883 855/855 843/843
f 763/763 912/912 766/766
f 859/859 882/882 819/819
f 836/836 867/867 854/854
f 766/766 912/912 815/815
f 888/888 850/850 852/852
f 725/725 726/726 821/821
f 826/826 535/535 536/536
f 820/820 824/824 826/826
f 880/880 857/857 833/833
f 869/869 822/822 848/848
f 828/828 830/830 858/858
f 256/256 849/849 237/237
f 883/883 853/853 855/855
f 876/876 885/885 847/847
f 870/870 863/863 867/867
f 231/231 891/891 523/523
f 914/914 815/815 896/896
f 839/839 893/893 877/877
f 844/844 838/838 849/849
f 560/560 588/588 915/915
f 916/916 557/557 560/560
f 915/915 917/917 918/918
f 908/908 919/919 920/920
f 571/571 921/921 588/588
f 908/908 920/920 546/546
f 546/546 920/920 594/594
f 546/546 594/594 547/547
f 597/597 572/572 599/599
f 628/628 922/922 890/890
f 915/915 588/588 921/921
f 922/922 628/628 593/593
f 908/908 545/545 904/904
f 908/908 546/546 545/545
f 922/922 593/593 580/580
f 861/861 918/918 862/862
f 918/918 917/917 862/862
f 890/890 922/922 886/886
f 596/596 920/920 597/597
f 922/922 923/923 886/886
f 921/921 571/571 924/924
f 920/920 924/924 597/597
f 922/922 580/580 583/583
f 862/862 917/917 864/864
f 924/924 571/571 572/572
f 864/864 917/917 919/919
f 864/864 919/919 892/892
f 922/922 583/583 923/923
f 924/924 572/572 597/597
f 915/915 921/921 917/917
f 886/886 923/923 861/861
f 921/921 924/924 920/920
f 861/861 923/923 918/918
f 596/596 594/594 920/920
f 923/923 583/583 918/918
f 560/560 915/915 916/916
f 918/918 583/583 916/916
f 908/908 892/892 919/919
f 918/918 916/916 915/915
f 583/583 557/557 916/916
f 583/583 582/582 557/557
f 919/919 917/917 921/921
f 919/919 921/921 920/920
f 925/925 926/926 927/927
f 928/928 929/929 930/930
f 931/931 932/932 933/933
f 934/934 935/935 936/936
f 937/937 925/925 927/927
f 933/933 932/932 938/938
f 939/939 940/940 941/941
f 939/939 942/942 940/940
f 943/943 944/944 945/945
f 946/946 930/930 943/943
f 930/930 935/935 934/934
f 933/933 938/938 947/947
f 948/948 928/928 930/930
f 949/949 926/926 942/942
f 942/942 926/926 925/925
f 950/950 931/931 933/933
f 951/951 928/928 948/948
f 932/932 946/946 943/943
f 941/941 925/925 937/937
f 936/936 949/949 942/942
f 952/952 953/953 954/954
f 945/945 944/944 939/939
f 931/931 954/954 946/946
f 950/950 933/933 955/955
f 938/938 943/943 945/945
f 932/932 943/943 938/938
f 956/956 933/933 947/947
f 954/954 951/951 948/948
f 957/957 958/958 959/959
f 955/955 933/933 956/956
f 960/960 958/958 957/957
f 934/934 936/936 943/943
f 957/957 959/959 961/961
f 962/962 960/960 957/957
f 943/943 936/936 944/944
f 944/944 936/936 942/942
f 946/946 948/948 930/930
f 935/935 962/962 957/957
f 942/942 925/925 940/940
f 952/952 954/954 931/931
f 931/931 946/946 932/932
f 957/957 961/961 926/926
f 937/937 927/927 961/961
f 961/961 927/927 926/926
f 945/945 939/939 947/947
f 938/938 945/945 947/947
f 936/936 957/957 949/949
f 935/935 957/957 936/936
f 954/954 948/948 946/946
f 949/949 957/957 926/926
f 930/930 934/934 943/943
f 929/929 962/962 935/935
f 953/953 951/951 954/954
f 940/940 925/925 941/941
f 951/951 953/953 963/963
f 930/930 929/929 935/935
f 952/952 931/931 950/950
f 944/944 942/942 939/939
f 959/959 964/964 961/961
f 965/965 966/966 967/967
f 968/968 969/969 970/970
f 967/967 971/971 965/965
f 937/937 972/972 941/941
f 973/973 974/974 975/975
f 756/756 760/760 866/866
f 976/976 977/977 978/978
f 972/972 979/979 980/980
f 981/981 979/979 972/972
f 966/966 975/975 974/974
f 982/982 974/974 983/983
f 966/966 974/974 982/982
f 964/964 968/968 981/981
f 981/981 968/968 970/970
f 984/984 971/971 977/977
f 985/985 977/977 986/986
f 967/967 966/966 982/982
f 941/941 972/972 987/987
f 969/969 966/966 965/965
f 961/961 981/981 937/937
f 988/988 982/982 983/983
f 984/984 976/976 980/980
f 987/987 980/980 978/978
f 754/754 760/760 756/756
f 958/958 989/989 959/959
f 990/990 977/977 985/985
f 937/937 981/981 972/972
f 970/970 971/971 979/979
f 964/964 989/989 968/968
f 979/979 971/971 984/984
f 980/980 979/979 984/984
f 984/984 977/977 976/976
f 967/967 982/982 977/977
f 977/977 982/982 988/988
f 969/969 968/968 989/989
f 981/981 970/970 979/979
f 959/959 989/989 964/964
f 969/969 965/965 970/970
f 977/977 988/988 986/986
f 972/972 980/980 987/987
f 980/980 976/976 978/978
f 961/961 964/964 981/981
f 978/978 977/977 990/990
f 970/970 965/965 971/971
f 987/987 978/978 990/990
f 971/971 967/967 977/977
f 240/240 224/224 991/991
f 357/357 240/240 991/991
f 258/258 252/252 262/262
f 262/262 252/252 811/811
f 814/814 357/357 991/991
f 261/261 811/811 814/814
f 814/814 991/991 223/223
f 991/991 224/224 223/223
f 223/223 261/261 814/814
f 252/252 707/707 809/809
f 252/252 809/809 811/811
f 811/811 261/261 262/262
f 711/711 354/354 356/356
f 992/992 993/993 901/901
f 866/866 760/760 769/769
f 993/993 994/994 901/901
f 762/762 993/993 992/992
f 901/901 994/994 911/911
f 911/911 995/995 907/907
f 996/996 321/321 997/997
f 995/995 410/410 906/906
f 411/411 906/906 410/410
f 993/993 995/995 994/994
f 411/411 417/417 906/906
f 417/417 997/997 906/906
f 417/417 448/448 997/997
f 997/997 905/905 906/906
f 995/995 906/906 907/907
f 447/447 995/995 993/993
f 994/994 995/995 911/911
f 997/997 448/448 996/996
f 997/997 316/316 905/905
f 447/447 410/410 995/995
f 400/400 993/993 762/762
f 447/447 993/993 400/400
f 996/996 448/448 467/467
f 398/398 388/388 529/529
f 300/300 215/215 211/211
f 272/272 273/273 217/217
f 300/300 271/271 215/215
f 271/271 272/272 215/215
f 272/272 217/217 215/215
f 998/998 273/273 999/999
f 216/216 217/217 998/998
f 999/999 273/273 265/265
f 999/999 265/265 290/290
f 998/998 217/217 273/273
f 999/999 290/290 711/711
f 711/711 290/290 239/239
f 516/516 1000/1000 514/514
f 547/547 595/595 1001/1001
f 514/514 1000/1000 1002/1002
f 547/547 1001/1001 553/553
f 553/553 1001/1001 1003/1003
f 538/538 534/534 543/543
f 522/522 528/528 708/708
f 514/514 1002/1002 526/526
f 553/553 1004/1004 516/516
f 755/755 756/756 1005/1005
f 553/553 1003/1003 1004/1004
f 532/532 541/541 543/543
f 1005/1005 756/756 866/866
f 540/540 544/544 693/693
f 280/280 522/522 708/708
f 1002/1002 541/541 526/526
f 516/516 1004/1004 1000/1000
f 540/540 693/693 518/518
f 579/579 573/573 587/587
f 1006/1006 1007/1007 1008/1008
f 384/384 755/755 1005/1005
f 591/591 579/579 1009/1009
f 1008/1008 591/591 1009/1009
f 1010/1010 1007/1007 1006/1006
f 1011/1011 1010/1010 1006/1006
f 1009/1009 579/579 587/587
f 1012/1012 1011/1011 1013/1013
f 1014/1014 1012/1012 1013/1013
f 1007/1007 1015/1015 1008/1008
f 1016/1016 322/322 327/327
f 1017/1017 1018/1018 1019/1019
f 985/985 986/986 1018/1018
f 973/973 1020/1020 1021/1021
f 1019/1019 1021/1021 1020/1020
f 1017/1017 1019/1019 1022/1022
f 983/983 973/973 1021/1021
f 983/983 1021/1021 1019/1019
f 1023/1023 1017/1017 1022/1022
f 974/974 973/973 983/983
f 1024/1024 1017/1017 1023/1023
f 988/988 983/983 1019/1019
f 1018/1018 1017/1017 1024/1024
f 986/986 1019/1019 1018/1018
f 988/988 1019/1019 986/986
f 1025/1025 1026/1026 1027/1027
f 1028/1028 1027/1027 1029/1029
f 1028/1028 1025/1025 1027/1027
f 1026/1026 1025/1025 1030/1030
f 1031/1031 1030/1030 1032/1032
f 1033/1033 1030/1030 1031/1031
f 1033/1033 1031/1031 1034/1034
f 398/398 529/529 756/756
f 1034/1034 1035/1035 1036/1036
f 1036/1036 1035/1035 1037/1037
f 1030/1030 1025/1025 1032/1032
f 1038/1038 327/327 1039/1039
f 1039/1039 327/327 1040/1040
f 1040/1040 327/327 1041/1041
f 1041/1041 327/327 1042/1042
f 1043/1043 1044/1044 1045/1045
f 327/327 328/328 1046/1046
f 327/327 1046/1046 1047/1047
f 327/327 1047/1047 1048/1048
f 327/327 1048/1048 1042/1042
f 1049/1049 1050/1050 1051/1051
f 1016/1016 327/327 1052/1052
f 1052/1052 327/327 1038/1038
f 651/651 650/650 1016/1016
f 651/651 1016/1016 1052/1052
f 1053/1053 651/651 1052/1052
f 1053/1053 1052/1052 1038/1038
f 1054/1054 1051/1051 1055/1055
f 1056/1056 758/758 757/757
f 1057/1057 1053/1053 1038/1038
f 1039/1039 1057/1057 1038/1038
f 1058/1058 1057/1057 1039/1039
f 1058/1058 1039/1039 1040/1040
f 1059/1059 1058/1058 1040/1040
f 1059/1059 1040/1040 1041/1041
f 1060/1060 1059/1059 1041/1041
f 1060/1060 1041/1041 1042/1042
f 1049/1049 1061/1061 1050/1050
f 759/759 758/758 1056/1056
f 1062/1062 1060/1060 1042/1042
f 1054/1054 1049/1049 1051/1051
f 1063/1063 1064/1064 1061/1061
f 1062/1062 1042/1042 1048/1048
f 1065/1065 1062/1062 1048/1048
f 1066/1066 1067/1067 1068/1068
f 1065/1065 1048/1048 1047/1047
f 1069/1069 1065/1065 1047/1047
f 1069/1069 1047/1047 1046/1046
f 328/328 1069/1069 1046/1046
f 1070/1070 1069/1069 328/328
f 1070/1070 328/328 996/996
f 996/996 328/328 321/321
f 467/467 1070/1070 996/996
f 770/770 1070/1070 467/467
f 827/827 910/910 497/497
f 490/490 827/827 497/497
f 1071/1071 1072/1072 1073/1073
f 1022/1022 1074/1074 1023/1023
f 1075/1075 1076/1076 1077/1077
f 1077/1077 1076/1076 1078/1078
f 1077/1077 1078/1078 1074/1074
f 1079/1079 1080/1080 1076/1076
f 1081/1081 1082/1082 1083/1083
f 1063/1063 1061/1061 1049/1049
f 1023/1023 1074/1074 1024/1024
f 1079/1079 1075/1075 1084/1084
f 1079/1079 1085/1085 1086/1086
f 1086/1086 1085/1085 1087/1087
f 1088/1088 1064/1064 1063/1063
f 1086/1086 1080/1080 1079/1079
f 1066/1066 1089/1089 1090/1090
f 1091/1091 1067/1067 1066/1066
f 1076/1076 1080/1080 1092/1092
f 1080/1080 1086/1086 1087/1087
f 1024/1024 1074/1074 1078/1078
f 1084/1084 1074/1074 1020/1020
f 1092/1092 1087/1087 1093/1093
f 1020/1020 1074/1074 1022/1022
f 1075/1075 1077/1077 1084/1084
f 1075/1075 1079/1079 1076/1076
f 1080/1080 1087/1087 1092/1092
f 1074/1074 1084/1084 1077/1077
f 1081/1081 1083/1083 1067/1067
f 1020/1020 1022/1022 1019/1019
f 1036/1036 1094/1094 1095/1095
f 1094/1094 1096/1096 1095/1095
f 1096/1096 1097/1097 1095/1095
f 1098/1098 1099/1099 1100/1100
f 1101/1101 1102/1102 1103/1103
f 1090/1090 1091/1091 1066/1066
f 1104/1104 1049/1049 1054/1054
f 1100/1100 1105/1105 1098/1098
f 1102/1102 1106/1106 1103/1103
f 1102/1102 1107/1107 1108/1108
f 1102/1102 1108/1108 1106/1106
f 1100/1100 1106/1106 1105/1105
f 1106/1106 1100/1100 1103/1103
f 1091/1091 1081/1081 1067/1067
f 1106/1106 1109/1109 1105/1105
f 1107/1107 1110/1110 1108/1108
f 1110/1110 1111/1111 1108/1108
f 1063/1063 1049/1049 1104/1104
f 1109/1109 1106/1106 1108/1108
f 1112/1112 1113/1113 1114/1114
f 1109/1109 1108/1108 1111/1111
f 1113/1113 1115/1115 1114/1114
f 1112/1112 1114/1114 1116/1116
f 1112/1112 1116/1116 1117/1117
f 1117/1117 1116/1116 1118/1118
f 1113/1113 1119/1119 1120/1120
f 1113/1113 1120/1120 1115/1115
f 1121/1121 1122/1122 1123/1123
f 1124/1124 1088/1088 1063/1063
f 1116/1116 1125/1125 1118/1118
f 1111/1111 1126/1126 1109/1109
f 1110/1110 1107/1107 1127/1127
f 1111/1111 1110/1110 1128/1128
f 1127/1127 1128/1128 1110/1110
f 1128/1128 1127/1127 1129/1129
f 1128/1128 1129/1129 1130/1130
f 1129/1129 1131/1131 1130/1130
f 1130/1130 1132/1132 1133/1133
f 1130/1130 1123/1123 1128/1128
f 1081/1081 1134/1134 1082/1082
f 1135/1135 444/444 1118/1118
f 1126/1126 1111/1111 1128/1128
f 1131/1131 1132/1132 1130/1130
f 1126/1126 1128/1128 1136/1136
f 1128/1128 1123/1123 1136/1136
f 1137/1137 1081/1081 1091/1091
f 1126/1126 1136/1136 1138/1138
f 1113/1113 1139/1139 1119/1119
f 1140/1140 1134/1134 1081/1081
f 1123/1123 1130/1130 1133/1133
f 1139/1139 1141/1141 1119/1119
f 1139/1139 1142/1142 1141/1141
f 1104/1104 1124/1124 1063/1063
f 1143/1143 1011/1011 1012/1012
f 1143/1143 1144/1144 1011/1011
f 1133/1133 1132/1132 1145/1145
f 1136/1136 1123/1123 1138/1138
f 1133/1133 1121/1121 1123/1123
f 1142/1142 1146/1146 1141/1141
f 1091/1091 1090/1090 1147/1147
f 1133/1133 1145/1145 1148/1148
f 1123/1123 1122/1122 1138/1138
f 1119/1119 1141/1141 1120/1120
f 1149/1149 1150/1150 1146/1146
f 1124/1124 1151/1151 1088/1088
f 1140/1140 1152/1152 1134/1134
f 1141/1141 1153/1153 1120/1120
f 1154/1154 1012/1012 1014/1014
f 1155/1155 1124/1124 1104/1104
f 1146/1146 1156/1156 1141/1141
f 1156/1156 1146/1146 1150/1150
f 1135/1135 1118/1118 1125/1125
f 1125/1125 1157/1157 1135/1135
f 1141/1141 1156/1156 1153/1153
f 1149/1149 1099/1099 1150/1150
f 1149/1149 1158/1158 1099/1099
f 1159/1159 1113/1113 1112/1112
f 1156/1156 1150/1150 1098/1098
f 1156/1156 1098/1098 1153/1153
f 1158/1158 1103/1103 1099/1099
f 1158/1158 1101/1101 1103/1103
f 1150/1150 1099/1099 1098/1098
f 1099/1099 1103/1103 1100/1100
f 1160/1160 1152/1152 1140/1140
f 316/316 997/997 321/321
f 1147/1147 1137/1137 1091/1091
f 909/909 910/910 827/827
f 1154/1154 1143/1143 1012/1012
f 817/817 909/909 827/827
f 903/903 909/909 817/817
f 902/902 903/903 817/817
f 914/914 896/896 899/899
f 894/894 914/914 899/899
f 1137/1137 1140/1140 1081/1081
f 815/815 914/914 816/816
f 816/816 914/914 894/894
f 895/895 913/913 901/901
f 901/901 913/913 992/992
f 913/913 763/763 992/992
f 992/992 763/763 762/762
f 1143/1143 1161/1161 1144/1144
f 572/572 1162/1162 1163/1163
f 572/572 1163/1163 599/599
f 577/577 1164/1164 1162/1162
f 1164/1164 1163/1163 1162/1162
f 589/589 1165/1165 576/576
f 1165/1165 1166/1166 577/577
f 1165/1165 575/575 576/576
f 575/575 1165/1165 577/577
f 1162/1162 567/567 577/577
f 1162/1162 572/572 567/567
f 1043/1043 1151/1151 1124/1124
f 1116/1116 1157/1157 1125/1125
f 1157/1157 1116/1116 1167/1167
f 659/659 654/654 1168/1168
f 1169/1169 1170/1170 1171/1171
f 1148/1148 1172/1172 1169/1169
f 1168/1168 1173/1173 1174/1174
f 1175/1175 1161/1161 1143/1143
f 1176/1176 659/659 1168/1168
f 1176/1176 1168/1168 1177/1177
f 1133/1133 1169/1169 1121/1121
f 1177/1177 1168/1168 1178/1178
f 1171/1171 1179/1179 1180/1180
f 1121/1121 1169/1169 1171/1171
f 1170/1170 1177/1177 1171/1171
f 1171/1171 1177/1177 1178/1178
f 1133/1133 1148/1148 1169/1169
f 1178/1178 1168/1168 1179/1179
f 1168/1168 1174/1174 1179/1179
f 1181/1181 656/656 397/397
f 1155/1155 1043/1043 1124/1124
f 1169/1169 1172/1172 1170/1170
f 1179/1179 1174/1174 1180/1180
f 1182/1182 1143/1143 1154/1154
f 654/654 656/656 1173/1173
f 1173/1173 656/656 1181/1181
f 654/654 1173/1173 1168/1168
f 1183/1183 1140/1140 1137/1137
f 1170/1170 1176/1176 1177/1177
f 1171/1171 1178/1178 1179/1179
f 208/208 806/806 802/802
f 208/208 209/209 806/806
f 804/804 208/208 802/802
f 889/889 902/902 817/817
f 395/395 749/749 753/753
f 1184/1184 1137/1137 1147/1147
f 1044/1044 1043/1043 1155/1155
f 759/759 395/395 752/752
f 395/395 753/753 752/752
f 1185/1185 748/748 749/749
f 529/529 531/531 756/756
f 1154/1154 1014/1014 1186/1186
f 1045/1045 1151/1151 1043/1043
f 1045/1045 1187/1187 1151/1151
f 531/531 754/754 756/756
f 1187/1187 1188/1188 1189/1189
f 1183/1183 1160/1160 1140/1140
f 384/384 1005/1005 1190/1190
f 1005/1005 866/866 842/842
f 710/710 747/747 715/715
f 1183/1183 1137/1137 1184/1184
f 715/715 747/747 842/842
f 842/842 747/747 748/748
f 1185/1185 383/383 1190/1190
f 384/384 1190/1190 383/383
f 1005/1005 842/842 1190/1190
f 1186/1186 1182/1182 1154/1154
f 748/748 1190/1190 842/842
f 1175/1175 1143/1143 1182/1182
f 395/395 383/383 749/749
f 1191/1191 1188/1188 1187/1187
f 866/866 791/791 842/842
f 383/383 1185/1185 749/749
f 1190/1190 748/748 1185/1185
f 1121/1121 1171/1171 1180/1180
f 1122/1122 1121/1121 1180/1180
f 385/385 1181/1181 397/397
f 373/373 374/374 1192/1192
f 1175/1175 1193/1193 1161/1161
f 373/373 1192/1192 385/385
f 1044/1044 1155/1155 1194/1194
f 1191/1191 1187/1187 1045/1045
f 1195/1195 1192/1192 374/374
f 1192/1192 1196/1196 1197/1197
f 1181/1181 385/385 1192/1192
f 1192/1192 1195/1195 1196/1196
f 1198/1198 1197/1197 1196/1196
f 1197/1197 1181/1181 1192/1192
f 1173/1173 1197/1197 1174/1174
f 1197/1197 1198/1198 1180/1180
f 1173/1173 1181/1181 1197/1197
f 1174/1174 1197/1197 1180/1180
f 1199/1199 1183/1183 1184/1184
f 1200/1200 1201/1201 406/406
f 1198/1198 1196/1196 1202/1202
f 399/399 371/371 1201/1201
f 1203/1203 1204/1204 1160/1160
f 1198/1198 1202/1202 1200/1200
f 1201/1201 371/371 346/346
f 1201/1201 407/407 406/406
f 374/374 399/399 1195/1195
f 1196/1196 1195/1195 399/399
f 1201/1201 346/346 407/407
f 1196/1196 1201/1201 1202/1202
f 1205/1205 1045/1045 1044/1044
f 1203/1203 1160/1160 1183/1183
f 1196/1196 399/399 1201/1201
f 1200/1200 1202/1202 1201/1201
f 759/759 1206/1206 395/395
f 1206/1206 381/381 395/395
f 1206/1206 767/767 381/381
f 1207/1207 1175/1175 1182/1182
f 1208/1208 1209/1209 1210/1210
f 1211/1211 1208/1208 1210/1210
f 1212/1212 1213/1213 1214/1214
f 1208/1208 1212/1212 1214/1214
f 1211/1211 1210/1210 1215/1215
f 1216/1216 1211/1211 1215/1215
f 1208/1208 1214/1214 1209/1209
f 208/208 804/804 206/206
f 1217/1217 1218/1218 1219/1219
f 1220/1220 1221/1221 1204/1204
f 1167/1167 1218/1218 1222/1222
f 1205/1205 1044/1044 1194/1194
f 1223/1223 1224/1224 1225/1225
f 1226/1226 1193/1193 1175/1175
f 209/209 1227/1227 1228/1228
f 1229/1229 1227/1227 403/403
f 1226/1226 1175/1175 1207/1207
f 209/209 403/403 1227/1227
f 1230/1230 1231/1231 1232/1232
f 1232/1232 1231/1231 1233/1233
f 209/209 1228/1228 807/807
f 1234/1234 1231/1231 1230/1230
f 757/757 1188/1188 1191/1191
f 1235/1235 1203/1203 1183/1183
f 1233/1233 1231/1231 1224/1224
f 1205/1205 1191/1191 1045/1045
f 1068/1068 1236/1236 1193/1193
f 1224/1224 1231/1231 1234/1234
f 1227/1227 1233/1233 1223/1223
f 1235/1235 1183/1183 1199/1199
f 1223/1223 1233/1233 1224/1224
f 1228/1228 1227/1227 1223/1223
f 1220/1220 1204/1204 1203/1203
f 1237/1237 1238/1238 1239/1239
f 1237/1237 1239/1239 1240/1240
f 1241/1241 1242/1242 1238/1238
f 1240/1240 1239/1239 1243/1243
f 1243/1243 1239/1239 1244/1244
f 757/757 761/761 1188/1188
f 1207/1207 1182/1182 1186/1186
f 1241/1241 1238/1238 1237/1237
f 1245/1245 1246/1246 1247/1247
f 1248/1248 1243/1243 1244/1244
f 1249/1249 1245/1245 1247/1247
f 1249/1249 1247/1247 1213/1213
f 1068/1068 1193/1193 1226/1226
f 1248/1248 1244/1244 1246/1246
f 1212/1212 1249/1249 1213/1213
f 1250/1250 1248/1248 1246/1246
f 1245/1245 1250/1250 1246/1246
f 1251/1251 1252/1252 1253/1253
f 1216/1216 1215/1215 1254/1254
f 1235/1235 1220/1220 1203/1203
f 1254/1254 1215/1215 1255/1255
f 1251/1251 1253/1253 1242/1242
f 1254/1254 1255/1255 1252/1252
f 1251/1251 1242/1242 1241/1241
f 1254/1254 1252/1252 1251/1251
f 408/408 206/206 406/406
f 1050/1050 1221/1221 1220/1220
f 1256/1256 1092/1092 1257/1257
f 1258/1258 1092/1092 1256/1256
f 1028/1028 1026/1026 1259/1259
f 1029/1029 1026/1026 1028/1028
f 1092/1092 1093/1093 1257/1257
f 1093/1093 1260/1260 1257/1257
f 1261/1261 1260/1260 1093/1093
f 1087/1087 1262/1262 1093/1093
f 1051/1051 1220/1220 1235/1235
f 1262/1262 1261/1261 1093/1093
f 1263/1263 1191/1191 1205/1205
f 1235/1235 1199/1199 1264/1264
f 1085/1085 1262/1262 1087/1087
f 1260/1260 1073/1073 1257/1257
f 1265/1265 1266/1266 1267/1267
f 1268/1268 1269/1269 1266/1266
f 1269/1269 1270/1270 1271/1271
f 1050/1050 1272/1272 1221/1221
f 1273/1273 1270/1270 1269/1269
f 1270/1270 1273/1273 1274/1274
f 1275/1275 1274/1274 1276/1276
f 1273/1273 1276/1276 1274/1274
f 1273/1273 1269/1269 1277/1277
f 1263/1263 757/757 1191/1191
f 1278/1278 1273/1273 1277/1277
f 1276/1276 1273/1273 1278/1278
f 1089/1089 1226/1226 1207/1207
f 1271/1271 1279/1279 1280/1280
f 1279/1279 1271/1271 1270/1270
f 1271/1271 1280/1280 1266/1266
f 1269/1269 1271/1271 1266/1266
f 1279/1279 1267/1267 1280/1280
f 1061/1061 1272/1272 1050/1050
f 1068/1068 1083/1083 1236/1236
f 1280/1280 1267/1267 1266/1266
f 1037/1037 1281/1281 1094/1094
f 1037/1037 1094/1094 1036/1036
f 1094/1094 1281/1281 1096/1096
f 1066/1066 1068/1068 1226/1226
f 775/775 1282/1282 812/812
f 1034/1034 1036/1036 1033/1033
f 1283/1283 1284/1284 1285/1285
f 808/808 812/812 1278/1278
f 1089/1089 1207/1207 1186/1186
f 969/969 1109/1109 1126/1126
f 1084/1084 1198/1198 1200/1200
f 1282/1282 1286/1286 1275/1275
f 1067/1067 1083/1083 1068/1068
f 1061/1061 1064/1064 1272/1272
f 1055/1055 1051/1051 1235/1235
f 1084/1084 1020/1020 1198/1198
f 969/969 989/989 1109/1109
f 1020/1020 973/973 1180/1180
f 1284/1284 1219/1219 1285/1285
f 1066/1066 1226/1226 1089/1089
f 951/951 1116/1116 928/928
f 928/928 1116/1116 1114/1114
f 1285/1285 1219/1219 1287/1287
f 1050/1050 1220/1220 1051/1051
f 989/989 1105/1105 1109/1109
f 813/813 1036/1036 803/803
f 1282/1282 1288/1288 1286/1286
f 794/794 1026/1026 1030/1030
f 928/928 1114/1114 1115/1115
f 803/803 1036/1036 1095/1095
f 812/812 1276/1276 1278/1278
f 206/206 1085/1085 406/406
f 1287/1287 1219/1219 1218/1218
f 1287/1287 1218/1218 1289/1289
f 928/928 1115/1115 929/929
f 1180/1180 973/973 1122/1122
f 1286/1286 1288/1288 1290/1290
f 794/794 787/787 1026/1026
f 1085/1085 1079/1079 406/406
f 1055/1055 1235/1235 1264/1264
f 803/803 1095/1095 804/804
f 989/989 958/958 1105/1105
f 1056/1056 757/757 1263/1263
f 1289/1289 1218/1218 1291/1291
f 787/787 1259/1259 1026/1026
f 929/929 1115/1115 1120/1120
f 929/929 1120/1120 962/962
f 958/958 1098/1098 1105/1105
f 1122/1122 973/973 1138/1138
f 973/973 975/975 1138/1138
f 1292/1292 1008/1008 1009/1009
f 787/787 789/789 1259/1259
f 1293/1293 1292/1292 1009/1009
f 812/812 1275/1275 1276/1276
f 1293/1293 1009/1009 587/587
f 1291/1291 1218/1218 1167/1167
f 1294/1294 1293/1293 587/587
f 1294/1294 587/587 586/586
f 1095/1095 1097/1097 804/804
f 1291/1291 1167/1167 1295/1295
f 804/804 1097/1097 206/206
f 958/958 960/960 1153/1153
f 958/958 1153/1153 1098/1098
f 481/481 1294/1294 586/586
f 481/481 586/586 592/592
f 1020/1020 1180/1180 1198/1198
f 789/789 1296/1296 1259/1259
f 789/789 808/808 1296/1296
f 406/406 1079/1079 1200/1200
f 1079/1079 1084/1084 1200/1200
f 975/975 966/966 1138/1138
f 1295/1295 1167/1167 963/963
f 1288/1288 1283/1283 1290/1290
f 962/962 1120/1120 960/960
f 812/812 1282/1282 1275/1275
f 345/345 1232/1232 1297/1297
f 960/960 1120/1120 1153/1153
f 1298/1298 1297/1297 1229/1229
f 206/206 1097/1097 1085/1085
f 795/795 1033/1033 813/813
f 795/795 1030/1030 1033/1033
f 966/966 969/969 1138/1138
f 1298/1298 1229/1229 367/367
f 808/808 1278/1278 1296/1296
f 1288/1288 1284/1284 1283/1283
f 969/969 1126/1126 1138/1138
f 813/813 1033/1033 1036/1036
f 1298/1298 345/345 1297/1297
f 963/963 1167/1167 951/951
f 951/951 1167/1167 1116/1116
f 795/795 794/794 1030/1030
f 1299/1299 956/956 947/947
f 366/366 1298/1298 367/367
f 333/333 345/345 1298/1298
f 1247/1247 1267/1267 1213/1213
f 1300/1300 1301/1301 1018/1018
f 1255/1255 1215/1215 939/939
f 1242/1242 1253/1253 987/987
f 1302/1302 1303/1303 1076/1076
f 987/987 1253/1253 941/941
f 1024/1024 1300/1300 1018/1018
f 939/939 1304/1304 947/947
f 1092/1092 1302/1302 1076/1076
f 1305/1305 1024/1024 1078/1078
f 1258/1258 1302/1302 1092/1092
f 367/367 1229/1229 403/403
f 1306/1306 1244/1244 985/985
f 1297/1297 1233/1233 1227/1227
f 1301/1301 1306/1306 985/985
f 333/333 1298/1298 366/366
f 1246/1246 1265/1265 1247/1247
f 1238/1238 1242/1242 987/987
f 1255/1255 939/939 1252/1252
f 1252/1252 939/939 941/941
f 1239/1239 985/985 1244/1244
f 1303/1303 1078/1078 1076/1076
f 1306/1306 1265/1265 1246/1246
f 985/985 1239/1239 990/990
f 1239/1239 1238/1238 990/990
f 1307/1307 1304/1304 1209/1209
f 1297/1297 1232/1232 1233/1233
f 1209/1209 1304/1304 1210/1210
f 1307/1307 1209/1209 1214/1214
f 990/990 1238/1238 987/987
f 1305/1305 1300/1300 1024/1024
f 1267/1267 1307/1307 1214/1214
f 1229/1229 1297/1297 1227/1227
f 1304/1304 1299/1299 947/947
f 1253/1253 1252/1252 941/941
f 1018/1018 1301/1301 985/985
f 1210/1210 1304/1304 1215/1215
f 1267/1267 1214/1214 1213/1213
f 1306/1306 1246/1246 1244/1244
f 1265/1265 1267/1267 1247/1247
f 1215/1215 1304/1304 939/939
f 1303/1303 1305/1305 1078/1078
f 1308/1308 1309/1309 1310/1310
f 1311/1311 1312/1312 1313/1313
f 1267/1267 1313/1313 1307/1307
f 1314/1314 1315/1315 1316/1316
f 1314/1314 1316/1316 1317/1317
f 1289/1289 1291/1291 1318/1318
f 1289/1289 1318/1318 1309/1309
f 1319/1319 1320/1320 1321/1321
f 1313/1313 1267/1267 1279/1279
f 1315/1315 1322/1322 1323/1323
f 1289/1289 1309/1309 1287/1287
f 1324/1324 345/345 344/344
f 1321/1321 1285/1285 1319/1319
f 1321/1321 1283/1283 1285/1285
f 1325/1325 1283/1283 1321/1321
f 1326/1326 677/677 1327/1327
f 1315/1315 1328/1328 1322/1322
f 1329/1329 1314/1314 1317/1317
f 1330/1330 1331/1331 1332/1332
f 1331/1331 1286/1286 1290/1290
f 1314/1314 1329/1329 1333/1333
f 1287/1287 1309/1309 1319/1319
f 733/733 1329/1329 1334/1334
f 1321/1321 1320/1320 1312/1312
f 1323/1323 1335/1335 1336/1336
f 1311/1311 1313/1313 1337/1337
f 1338/1338 1339/1339 1340/1340
f 950/950 1339/1339 1341/1341
f 1331/1331 1321/1321 1312/1312
f 1332/1332 1312/1312 1311/1311
f 1337/1337 1313/1313 1279/1279
f 1332/1332 1311/1311 1337/1337
f 1341/1341 1339/1339 1338/1338
f 1287/1287 1319/1319 1285/1285
f 733/733 1326/1326 1329/1329
f 1331/1331 1312/1312 1332/1332
f 1335/1335 1342/1342 1324/1324
f 1343/1343 952/952 1341/1341
f 953/953 952/952 1343/1343
f 1344/1344 1328/1328 1315/1315
f 1325/1325 1321/1321 1331/1331
f 1270/1270 1337/1337 1279/1279
f 1332/1332 1337/1337 1270/1270
f 1341/1341 1338/1338 1345/1345
f 1345/1345 1338/1338 1310/1310
f 963/963 953/953 1343/1343
f 1330/1330 1332/1332 1270/1270
f 1343/1343 1341/1341 1345/1345
f 1322/1322 1346/1346 1342/1342
f 1290/1290 1325/1325 1331/1331
f 963/963 1343/1343 1295/1295
f 677/677 737/737 663/663
f 1347/1347 1323/1323 1336/1336
f 1333/1333 1344/1344 1315/1315
f 1330/1330 1270/1270 1274/1274
f 1308/1308 1348/1348 1349/1349
f 1333/1333 1350/1350 1344/1344
f 1283/1283 1325/1325 1290/1290
f 1335/1335 1322/1322 1342/1342
f 1309/1309 1345/1345 1310/1310
f 1291/1291 1343/1343 1345/1345
f 1295/1295 1343/1343 1291/1291
f 1286/1286 1331/1331 1330/1330
f 737/737 677/677 1326/1326
f 1323/1323 1322/1322 1335/1335
f 1286/1286 1330/1330 1275/1275
f 1349/1349 1351/1351 1320/1320
f 1314/1314 1333/1333 1315/1315
f 1275/1275 1330/1330 1274/1274
f 1320/1320 1308/1308 1349/1349
f 1339/1339 955/955 1340/1340
f 1291/1291 1345/1345 1318/1318
f 1352/1352 1329/1329 1317/1317
f 1312/1312 1351/1351 1307/1307
f 733/733 737/737 1326/1326
f 1320/1320 1351/1351 1312/1312
f 1324/1324 1232/1232 345/345
f 950/950 955/955 1339/1339
f 956/956 1340/1340 955/955
f 1299/1299 1340/1340 956/956
f 1340/1340 1299/1299 1304/1304
f 1341/1341 952/952 950/950
f 1312/1312 1307/1307 1313/1313
f 1333/1333 1327/1327 1350/1350
f 1340/1340 1304/1304 1348/1348
f 1338/1338 1340/1340 1310/1310
f 1319/1319 1309/1309 1308/1308
f 1310/1310 1340/1340 1348/1348
f 1310/1310 1348/1348 1308/1308
f 1307/1307 1351/1351 1304/1304
f 1304/1304 1349/1349 1348/1348
f 1334/1334 1329/1329 1352/1352
f 1351/1351 1349/1349 1304/1304
f 1319/1319 1308/1308 1320/1320
f 1318/1318 1345/1345 1309/1309
f 1353/1353 1354/1354 1306/1306
f 1355/1355 1301/1301 1300/1300
f 1334/1334 734/734 733/733
f 1296/1296 1356/1356 1259/1259
f 1232/1232 1324/1324 1357/1357
f 1357/1357 1324/1324 1342/1342
f 1316/1316 1315/1315 1347/1347
f 1353/1353 1355/1355 1358/1358
f 1277/1277 1359/1359 1356/1356
f 1300/1300 1305/1305 1360/1360
f 1324/1324 344/344 1361/1361
f 1360/1360 1355/1355 1300/1300
f 1326/1326 1327/1327 1333/1333
f 1360/1360 1305/1305 1362/1362
f 1335/1335 1324/1324 1361/1361
f 1259/1259 1356/1356 1363/1363
f 1335/1335 1361/1361 1336/1336
f 1278/1278 1277/1277 1296/1296
f 1028/1028 1259/1259 1363/1363
f 1296/1296 1277/1277 1356/1356
f 1355/1355 1364/1364 1358/1358
f 1342/1342 1346/1346 1357/1357
f 1028/1028 1358/1358 1025/1025
f 1358/1358 1364/1364 1025/1025
f 1365/1365 1355/1355 1360/1360
f 1362/1362 1303/1303 1366/1366
f 1367/1367 1302/1302 1258/1258
f 1025/1025 1364/1364 1365/1365
f 1329/1329 1326/1326 1333/1333
f 1315/1315 1323/1323 1347/1347
f 1266/1266 1265/1265 1268/1268
f 1025/1025 1365/1365 1032/1032
f 1031/1031 1032/1032 1366/1366
f 1269/1269 1359/1359 1277/1277
f 456/456 1368/1368 457/457
f 1031/1031 1366/1366 1369/1369
f 1353/1353 1306/1306 1301/1301
f 457/457 1368/1368 1370/1370
f 1363/1363 1371/1371 1354/1354
f 1031/1031 1369/1369 1034/1034
f 1353/1353 1301/1301 1355/1355
f 1034/1034 1369/1369 1035/1035
f 1354/1354 1353/1353 1358/1358
f 1356/1356 1371/1371 1363/1363
f 1368/1368 1372/1372 1370/1370
f 1363/1363 1354/1354 1028/1028
f 1028/1028 1354/1354 1358/1358
f 1370/1370 1372/1372 483/483
f 1303/1303 1362/1362 1305/1305
f 1372/1372 482/482 483/483
f 1362/1362 1365/1365 1360/1360
f 1037/1037 1035/1035 1367/1367
f 1365/1365 1364/1364 1355/1355
f 1369/1369 1303/1303 1302/1302
f 1366/1366 1365/1365 1362/1362
f 1366/1366 1032/1032 1365/1365
f 1303/1303 1369/1369 1366/1366
f 1302/1302 1367/1367 1369/1369
f 1373/1373 1374/1374 1375/1375
f 1373/1373 1375/1375 1376/1376
f 1035/1035 1369/1369 1367/1367
f 1265/1265 1306/1306 1377/1377
f 1268/1268 1265/1265 1377/1377
f 1367/1367 1258/1258 1256/1256
f 1378/1378 1379/1379 680/680
f 1292/1292 680/680 686/686
f 1380/1380 1381/1381 1382/1382
f 1380/1380 1382/1382 1379/1379
f 1269/1269 1268/1268 1359/1359
f 1371/1371 1268/1268 1377/1377
f 1371/1371 1359/1359 1268/1268
f 1359/1359 1371/1371 1356/1356
f 1378/1378 1380/1380 1379/1379
f 1371/1371 1377/1377 1354/1354
f 1354/1354 1377/1377 1306/1306
f 1281/1281 1383/1383 1256/1256
f 1071/1071 1281/1281 1256/1256
f 1037/1037 1367/1367 1383/1383
f 1037/1037 1383/1383 1281/1281
f 1256/1256 1073/1073 1072/1072
f 1281/1281 1071/1071 1096/1096
f 1384/1384 680/680 1292/1292
f 1256/1256 1383/1383 1367/1367
f 1071/1071 1256/1256 1072/1072
f 1384/1384 1378/1378 680/680
f 1260/1260 1096/1096 1073/1073
f 1096/1096 1071/1071 1073/1073
f 1073/1073 1256/1256 1257/1257
f 1260/1260 1261/1261 1096/1096
f 1261/1261 1097/1097 1096/1096
f 1385/1385 1386/1386 1387/1387
f 1262/1262 1097/1097 1261/1261
f 1097/1097 1262/1262 1085/1085
f 1388/1388 1389/1389 1222/1222
f 1390/1390 1374/1374 1373/1373
f 1391/1391 1219/1219 1284/1284
f 1392/1392 1381/1381 1380/1380
f 1389/1389 1167/1167 1222/1222
f 1391/1391 1393/1393 1219/1219
f 414/414 1394/1394 1395/1395
f 1396/1396 1288/1288 1282/1282
f 1396/1396 1397/1397 1288/1288
f 1380/1380 1378/1378 1398/1398
f 1389/1389 1399/1399 1167/1167
f 1395/1395 1394/1394 1218/1218
f 1381/1381 1373/1373 1376/1376
f 1400/1400 683/683 675/675
f 1399/1399 1401/1401 1167/1167
f 1398/1398 1392/1392 1380/1380
f 674/674 1400/1400 675/675
f 1393/1393 1395/1395 1219/1219
f 1401/1401 1157/1157 1167/1167
f 1395/1395 1217/1217 1219/1219
f 1397/1397 1402/1402 1288/1288
f 1401/1401 1135/1135 1157/1157
f 1394/1394 1388/1388 1218/1218
f 1398/1398 1378/1378 1403/1403
f 1400/1400 1404/1404 683/683
f 1403/1403 1378/1378 1384/1384
f 1405/1405 1391/1391 1402/1402
f 1405/1405 1406/1406 1391/1391
f 774/774 1407/1407 1396/1396
f 774/774 1396/1396 790/790
f 1395/1395 1218/1218 1217/1217
f 1407/1407 1408/1408 1396/1396
f 1392/1392 1409/1409 1381/1381
f 1406/1406 1393/1393 1391/1391
f 1402/1402 1284/1284 1288/1288
f 790/790 1396/1396 1282/1282
f 1408/1408 1397/1397 1396/1396
f 1410/1410 1392/1392 1398/1398
f 790/790 1282/1282 775/775
f 1402/1402 1391/1391 1284/1284
f 1410/1410 1409/1409 1392/1392
f 1388/1388 1222/1222 1218/1218
f 1409/1409 1373/1373 1381/1381
f 1411/1411 674/674 671/671
f 1408/1408 1405/1405 1402/1402
f 1408/1408 1402/1402 1397/1397
f 1008/1008 1292/1292 1412/1412
f 434/434 440/440 1149/1149
f 416/416 1389/1389 1388/1388
f 416/416 427/427 1389/1389
f 440/440 1158/1158 1149/1149
f 440/440 439/439 1158/1158
f 427/427 1399/1399 1389/1389
f 427/427 424/424 1399/1399
f 1413/1413 1414/1414 1404/1404
f 424/424 1401/1401 1399/1399
f 439/439 1101/1101 1158/1158
f 439/439 438/438 1101/1101
f 1409/1409 1390/1390 1373/1373
f 424/424 437/437 1135/1135
f 424/424 1135/1135 1401/1401
f 438/438 1102/1102 1101/1101
f 438/438 446/446 1102/1102
f 1411/1411 1400/1400 674/674
f 437/437 444/444 1135/1135
f 444/444 443/443 1118/1118
f 446/446 442/442 1107/1107
f 446/446 1107/1107 1102/1102
f 443/443 1117/1117 1118/1118
f 443/443 436/436 1117/1117
f 1413/1413 1415/1415 1414/1414
f 442/442 1127/1127 1107/1107
f 442/442 423/423 1127/1127
f 431/431 451/451 774/774
f 451/451 1407/1407 774/774
f 684/684 1411/1411 671/671
f 1416/1416 1385/1385 1390/1390
f 436/436 1112/1112 1117/1117
f 451/451 450/450 1408/1408
f 451/451 1408/1408 1407/1407
f 1417/1417 1410/1410 1398/1398
f 1368/1368 456/456 1386/1386
f 450/450 455/455 1408/1408
f 1417/1417 1409/1409 1410/1410
f 423/423 1129/1129 1127/1127
f 1398/1398 1403/1403 1418/1418
f 436/436 449/449 1112/1112
f 423/423 432/432 1129/1129
f 449/449 1159/1159 1112/1112
f 455/455 1405/1405 1408/1408
f 455/455 452/452 1405/1405
f 1411/1411 1413/1413 1400/1400
f 449/449 435/435 1159/1159
f 435/435 1113/1113 1159/1159
f 432/432 426/426 1131/1131
f 452/452 1406/1406 1405/1405
f 432/432 1131/1131 1129/1129
f 435/435 1139/1139 1113/1113
f 452/452 412/412 1406/1406
f 1418/1418 1417/1417 1398/1398
f 435/435 453/453 1139/1139
f 1409/1409 1416/1416 1390/1390
f 426/426 425/425 1132/1132
f 426/426 1132/1132 1131/1131
f 412/412 1393/1393 1406/1406
f 453/453 1142/1142 1139/1139
f 412/412 1395/1395 1393/1393
f 453/453 454/454 1142/1142
f 412/412 414/414 1395/1395
f 425/425 1145/1145 1132/1132
f 1419/1419 1411/1411 684/684
f 425/425 415/415 1145/1145
f 454/454 1146/1146 1142/1142
f 415/415 1148/1148 1145/1145
f 454/454 434/434 1146/1146
f 421/421 1394/1394 414/414
f 421/421 413/413 1394/1394
f 415/415 1172/1172 1148/1148
f 415/415 430/430 1172/1172
f 434/434 1149/1149 1146/1146
f 413/413 416/416 1388/1388
f 413/413 1388/1388 1394/1394
f 659/659 1176/1176 419/419
f 1417/1417 1418/1418 480/480
f 670/670 682/682 666/666
f 1417/1417 480/480 482/482
f 1372/1372 1416/1416 1409/1409
f 419/419 1176/1176 420/420
f 1413/1413 1404/1404 1400/1400
f 1176/1176 1170/1170 420/420
f 1170/1170 1172/1172 420/420
f 682/682 1419/1419 684/684
f 420/420 1172/1172 430/430
f 592/592 585/585 481/481
f 1419/1419 1420/1420 1411/1411
f 1421/1421 1422/1422 1423/1423
f 1424/1424 1413/1413 1411/1411
f 1425/1425 1426/1426 1427/1427
f 1425/1425 1427/1427 1428/1428
f 1421/1421 1429/1429 1422/1422
f 1430/1430 1428/1428 380/380
f 623/623 624/624 1431/1431
f 624/624 1432/1432 1431/1431
f 1433/1433 1434/1434 1425/1425
f 1433/1433 1425/1425 1435/1435
f 1429/1429 1436/1436 1422/1422
f 670/670 680/680 1379/1379
f 1431/1431 1432/1432 1437/1437
f 1433/1433 1435/1435 1438/1438
f 1427/1427 390/390 1428/1428
f 1423/1423 1439/1439 1440/1440
f 1423/1423 1440/1440 1431/1431
f 1441/1441 1421/1421 1431/1431
f 1429/1429 1421/1421 1441/1441
f 1431/1431 1437/1437 1441/1441
f 1429/1429 1434/1434 1436/1436
f 1434/1434 1433/1433 1436/1436
f 1442/1442 1443/1443 1434/1434
f 377/377 1430/1430 380/380
f 625/625 621/621 1440/1440
f 1435/1435 376/376 1438/1438
f 1417/1417 482/482 1409/1409
f 1440/1440 1439/1439 625/625
f 621/621 623/623 1440/1440
f 1428/1428 390/390 380/380
f 1435/1435 1430/1430 376/376
f 1434/1434 1443/1443 1426/1426
f 1434/1434 1426/1426 1425/1425
f 1440/1440 623/623 1431/1431
f 1435/1435 1425/1425 1430/1430
f 1430/1430 377/377 376/376
f 1382/1382 1419/1419 682/682
f 1441/1441 1442/1442 1429/1429
f 1429/1429 1442/1442 1434/1434
f 1437/1437 1444/1444 1441/1441
f 1441/1441 1444/1444 1442/1442
f 1430/1430 1425/1425 1428/1428
f 1423/1423 1431/1431 1421/1421
f 1433/1433 1438/1438 1436/1436
f 419/419 660/660 659/659
f 1382/1382 682/682 670/670
f 418/418 660/660 419/419
f 503/503 505/505 657/657
f 503/503 653/653 655/655
f 495/495 499/499 655/655
f 655/655 499/499 503/503
f 418/418 495/495 660/660
f 495/495 655/655 660/660
f 653/653 503/503 657/657
f 507/507 508/508 652/652
f 1445/1445 1446/1446 1415/1415
f 658/658 507/507 652/652
f 506/506 507/507 658/658
f 657/657 506/506 658/658
f 505/505 506/506 657/657
f 508/508 509/509 689/689
f 1424/1424 1411/1411 1420/1420
f 652/652 508/508 689/689
f 1413/1413 1424/1424 1415/1415
f 1165/1165 1447/1447 1166/1166
f 577/577 1166/1166 1164/1164
f 599/599 1163/1163 600/600
f 591/591 1008/1008 1447/1447
f 1415/1415 1424/1424 1445/1445
f 591/591 1447/1447 589/589
f 589/589 1447/1447 1165/1165
f 1448/1448 1449/1449 1450/1450
f 595/595 1450/1450 1001/1001
f 680/680 681/681 686/686
f 1001/1001 1450/1450 1451/1451
f 1450/1450 1452/1452 1451/1451
f 1447/1447 1453/1453 1166/1166
f 1007/1007 1454/1454 1015/1015
f 1454/1454 1007/1007 1455/1455
f 1455/1455 1456/1456 1454/1454
f 1001/1001 1451/1451 1003/1003
f 1456/1456 1455/1455 1457/1457
f 1385/1385 1387/1387 1458/1458
f 1375/1375 1445/1445 1424/1424
f 1376/1376 1420/1420 1419/1419
f 1459/1459 1453/1453 1457/1457
f 1459/1459 1457/1457 1460/1460
f 1452/1452 1461/1461 1451/1451
f 1375/1375 1424/1424 1420/1420
f 1457/1457 1462/1462 1460/1460
f 1460/1460 1462/1462 1463/1463
f 1464/1464 1459/1459 1460/1460
f 1385/1385 1458/1458 1390/1390
f 1460/1460 1448/1448 1464/1464
f 598/598 1464/1464 1448/1448
f 598/598 1450/1450 594/594
f 1376/1376 1419/1419 1382/1382
f 1448/1448 1450/1450 598/598
f 1451/1451 1465/1465 1466/1466
f 1466/1466 1003/1003 1451/1451
f 1003/1003 1466/1466 1004/1004
f 1451/1451 1461/1461 1465/1465
f 1385/1385 1368/1368 1386/1386
f 1374/1374 1446/1446 1445/1445
f 1004/1004 1466/1466 1467/1467
f 1368/1368 1385/1385 1416/1416
f 1002/1002 1000/1000 1004/1004
f 1447/1447 1008/1008 1454/1454
f 1008/1008 1015/1015 1454/1454
f 1374/1374 1445/1445 1375/1375
f 1447/1447 1454/1454 1453/1453
f 1004/1004 1467/1467 1002/1002
f 1454/1454 1456/1456 1453/1453
f 1466/1466 1468/1468 1467/1467
f 1376/1376 1375/1375 1420/1420
f 1002/1002 1469/1469 541/541
f 1381/1381 1376/1376 1382/1382
f 1372/1372 1368/1368 1416/1416
f 1166/1166 1453/1453 1164/1164
f 1002/1002 1467/1467 1470/1470
f 1164/1164 1453/1453 1459/1459
f 1002/1002 1470/1470 1469/1469
f 1164/1164 1459/1459 1163/1163
f 1469/1469 697/697 541/541
f 1456/1456 1457/1457 1453/1453
f 1469/1469 1470/1470 697/697
f 1470/1470 1467/1467 1471/1471
f 1458/1458 1446/1446 1374/1374
f 541/541 697/697 543/543
f 1163/1163 1459/1459 600/600
f 482/482 1372/1372 1409/1409
f 697/697 1470/1470 1471/1471
f 600/600 1459/1459 1464/1464
f 600/600 1464/1464 598/598
f 1460/1460 1463/1463 1448/1448
f 594/594 1450/1450 595/595
f 1472/1472 1473/1473 1452/1452
f 1474/1474 1475/1475 1476/1476
f 1477/1477 1478/1478 1479/1479
f 1476/1476 697/697 1471/1471
f 1187/1187 1189/1189 1480/1480
f 1450/1450 1472/1472 1452/1452
f 1481/1481 1482/1482 1455/1455
f 1479/1479 1483/1483 1484/1484
f 1485/1485 1486/1486 1152/1152
f 1152/1152 1486/1486 1487/1487
f 1484/1484 1483/1483 1482/1482
f 1449/1449 1472/1472 1450/1450
f 1488/1488 1489/1489 705/705
f 680/680 670/670 672/672
f 1488/1488 705/705 1475/1475
f 1187/1187 1480/1480 1490/1490
f 1193/1193 1236/1236 1491/1491
f 1492/1492 1473/1473 1472/1472
f 1204/1204 1485/1485 1152/1152
f 1493/1493 1475/1475 1474/1474
f 1151/1151 1187/1187 1490/1490
f 1193/1193 1491/1491 1477/1477
f 1494/1494 1482/1482 1481/1481
f 1379/1379 1382/1382 670/670
f 1481/1481 1455/1455 1007/1007
f 1204/1204 1152/1152 1160/1160
f 1476/1476 1471/1471 1468/1468
f 1495/1495 1472/1472 1449/1449
f 1471/1471 1467/1467 1468/1468
f 1477/1477 1479/1479 1484/1484
f 1488/1488 1475/1475 1493/1493
f 1390/1390 1458/1458 1374/1374
f 1193/1193 1477/1477 1161/1161
f 1489/1489 1488/1488 1496/1496
f 1484/1484 1482/1482 1494/1494
f 1497/1497 1473/1473 1492/1492
f 1498/1498 1474/1474 1476/1476
f 1463/1463 1449/1449 1448/1448
f 1499/1499 1500/1500 1497/1497
f 1490/1490 1489/1489 1496/1496
f 1501/1501 711/711 1502/1502
f 1492/1492 1472/1472 1495/1495
f 1503/1503 1504/1504 1505/1505
f 1506/1506 1501/1501 1502/1502
f 478/478 1504/1504 1503/1503
f 1477/1477 1484/1484 1161/1161
f 1493/1493 1474/1474 1498/1498
f 1151/1151 1490/1490 1088/1088
f 1507/1507 1501/1501 1506/1506
f 1504/1504 1501/1501 1507/1507
f 1508/1508 1504/1504 1507/1507
f 477/477 478/478 1503/1503
f 1495/1495 1449/1449 1463/1463
f 1505/1505 1504/1504 1508/1508
f 1509/1509 1500/1500 1499/1499
f 1144/1144 1484/1484 1494/1494
f 1487/1487 1509/1509 1134/1134
f 1510/1510 1511/1511 1512/1512
f 1496/1496 1488/1488 1493/1493
f 1144/1144 1161/1161 1484/1484
f 1152/1152 1487/1487 1134/1134
f 1494/1494 1481/1481 1010/1010
f 1513/1513 1509/1509 1499/1499
f 1499/1499 1497/1497 1492/1492
f 1064/1064 1490/1490 1496/1496
f 1010/1010 1481/1481 1007/1007
f 1514/1514 1495/1495 1463/1463
f 1144/1144 1494/1494 1010/1010
f 1515/1515 1516/1516 1517/1517
f 1134/1134 1509/1509 1513/1513
f 746/746 702/702 1518/1518
f 1466/1466 1519/1519 1468/1468
f 1518/1518 702/702 704/704
f 1510/1510 1520/1520 1521/1521
f 1088/1088 1490/1490 1064/1064
f 1522/1522 746/746 1518/1518
f 744/744 746/746 1522/1522
f 1523/1523 1516/1516 1515/1515
f 1518/1518 704/704 698/698
f 1476/1476 1468/1468 1524/1524
f 1522/1522 1518/1518 698/698
f 1465/1465 1519/1519 1466/1466
f 1011/1011 1144/1144 1010/1010
f 1522/1522 698/698 1525/1525
f 1526/1526 1463/1463 1462/1462
f 1486/1486 1498/1498 1476/1476
f 1082/1082 1134/1134 1513/1513
f 1496/1496 1493/1493 1498/1498
f 798/798 1527/1527 799/799
f 1528/1528 698/698 701/701
f 1514/1514 1463/1463 1526/1526
f 761/761 750/750 745/745
f 1525/1525 698/698 1528/1528
f 1529/1529 744/744 1522/1522
f 1530/1530 1516/1516 1523/1523
f 1531/1531 1530/1530 1523/1523
f 1522/1522 1525/1525 1532/1532
f 1272/1272 1496/1496 1498/1498
f 1533/1533 1519/1519 1465/1465
f 1495/1495 1514/1514 1478/1478
f 1528/1528 701/701 705/705
f 1534/1534 1535/1535 1536/1536
f 1486/1486 1476/1476 1524/1524
f 1513/1513 1499/1499 1492/1492
f 1492/1492 1495/1495 1491/1491
f 1529/1529 1522/1522 1532/1532
f 1533/1533 1468/1468 1519/1519
f 1513/1513 1492/1492 1537/1537
f 1538/1538 1498/1498 1486/1486
f 1539/1539 1535/1535 1534/1534
f 1064/1064 1496/1496 1272/1272
f 1527/1527 1535/1535 1539/1539
f 1478/1478 1514/1514 1526/1526
f 1188/1188 761/761 745/745
f 1491/1491 1495/1495 1478/1478
f 745/745 744/744 1189/1189
f 1189/1189 744/744 1529/1529
f 1272/1272 1498/1498 1538/1538
f 696/696 705/705 695/695
f 1533/1533 1465/1465 1461/1461
f 1540/1540 1541/1541 1542/1542
f 1482/1482 1462/1462 1457/1457
f 1524/1524 1468/1468 1533/1533
f 1543/1543 1517/1517 1516/1516
f 1537/1537 1492/1492 1491/1491
f 1083/1083 1513/1513 1537/1537
f 1082/1082 1513/1513 1083/1083
f 1538/1538 1486/1486 1485/1485
f 1510/1510 1512/1512 1520/1520
f 1532/1532 1525/1525 1528/1528
f 1480/1480 1529/1529 1532/1532
f 1489/1489 1528/1528 705/705
f 1188/1188 745/745 1189/1189
f 1532/1532 1528/1528 1489/1489
f 1500/1500 1533/1533 1461/1461
f 1477/1477 1491/1491 1478/1478
f 1475/1475 696/696 697/697
f 1452/1452 1473/1473 1461/1461
f 1541/1541 1544/1544 1545/1545
f 705/705 696/696 1475/1475
f 1546/1546 1547/1547 1548/1548
f 1272/1272 1538/1538 1221/1221
f 1483/1483 1526/1526 1462/1462
f 1189/1189 1529/1529 1480/1480
f 1524/1524 1533/1533 1487/1487
f 1486/1486 1524/1524 1487/1487
f 1482/1482 1457/1457 1455/1455
f 1480/1480 1532/1532 1490/1490
f 1516/1516 1530/1530 1543/1543
f 1490/1490 1532/1532 1489/1489
f 1236/1236 1083/1083 1537/1537
f 1497/1497 1461/1461 1473/1473
f 1500/1500 1461/1461 1497/1497
f 1541/1541 1540/1540 1544/1544
f 1530/1530 1549/1549 1550/1550
f 1475/1475 697/697 1476/1476
f 1236/1236 1537/1537 1491/1491
f 1478/1478 1526/1526 1483/1483
f 1221/1221 1538/1538 1204/1204
f 1527/1527 798/798 1551/1551
f 1204/1204 1538/1538 1485/1485
f 1509/1509 1533/1533 1500/1500
f 1487/1487 1533/1533 1509/1509
f 1483/1483 1462/1462 1482/1482
f 1479/1479 1478/1478 1483/1483
f 1552/1552 1553/1553 1554/1554
f 1554/1554 1555/1555 1346/1346
f 1520/1520 1512/1512 1556/1556
f 683/683 1557/1557 676/676
f 1530/1530 1550/1550 1543/1543
f 1553/1553 1558/1558 1555/1555
f 1553/1553 1555/1555 1554/1554
f 1555/1555 1357/1357 1346/1346
f 1557/1557 1559/1559 1350/1350
f 1555/1555 1558/1558 1560/1560
f 1559/1559 1344/1344 1350/1350
f 1559/1559 1561/1561 1344/1344
f 1344/1344 1561/1561 1328/1328
f 1561/1561 1562/1562 1328/1328
f 1543/1543 1550/1550 1563/1563
f 1555/1555 1560/1560 1357/1357
f 1562/1562 1322/1322 1328/1328
f 676/676 1557/1557 1327/1327
f 1558/1558 1230/1230 1560/1560
f 1562/1562 1552/1552 1322/1322
f 1327/1327 677/677 676/676
f 1564/1564 1565/1565 1566/1566
f 773/773 1567/1567 1568/1568
f 1569/1569 1568/1568 1570/1570
f 1553/1553 1552/1552 1562/1562
f 1571/1571 1551/1551 798/798
f 1565/1565 1547/1547 1566/1566
f 1560/1560 1230/1230 1357/1357
f 1552/1552 1346/1346 1322/1322
f 1357/1357 1230/1230 1232/1232
f 1350/1350 1327/1327 1557/1557
f 1552/1552 1554/1554 1346/1346
f 630/630 337/337 631/631
f 631/631 337/337 689/689
f 337/337 372/372 689/689
f 689/689 372/372 652/652
f 1184/1184 1147/1147 1059/1059
f 1572/1572 1550/1550 1549/1549
f 649/649 611/611 647/647
f 638/638 1438/1438 376/376
f 1573/1573 1574/1574 1563/1563
f 630/630 632/632 338/338
f 1059/1059 1147/1147 1058/1058
f 338/338 632/632 360/360
f 1572/1572 1575/1575 1550/1550
f 1576/1576 1574/1574 1573/1573
f 1155/1155 1104/1104 1065/1065
f 1556/1556 1546/1546 1520/1520
f 647/647 611/611 620/620
f 1147/1147 1090/1090 1058/1058
f 1542/1542 783/783 810/810
f 638/638 641/641 1438/1438
f 1577/1577 1575/1575 1578/1578
f 641/641 1436/1436 1438/1438
f 360/360 632/632 341/341
f 1058/1058 1090/1090 1057/1057
f 810/810 1540/1540 1542/1542
f 1104/1104 1062/1062 1065/1065
f 1056/1056 1263/1263 1069/1069
f 1576/1576 1573/1573 1579/1579
f 1573/1573 1580/1580 1581/1581
f 647/647 620/620 615/615
f 1104/1104 1054/1054 1062/1062
f 1056/1056 1069/1069 759/759
f 632/632 634/634 341/341
f 759/759 1069/1069 1070/1070
f 341/341 634/634 342/342
f 1057/1057 1090/1090 1089/1089
f 1263/1263 1205/1205 1069/1069
f 641/641 1422/1422 1436/1436
f 1054/1054 1055/1055 1062/1062
f 641/641 642/642 1422/1422
f 759/759 1070/1070 1206/1206
f 647/647 615/615 622/622
f 1205/1205 1194/1194 1069/1069
f 647/647 622/622 644/644
f 1089/1089 1186/1186 1057/1057
f 634/634 392/392 342/342
f 1206/1206 1070/1070 770/770
f 1194/1194 1065/1065 1069/1069
f 1057/1057 1186/1186 1053/1053
f 634/634 636/636 392/392
f 642/642 1423/1423 1422/1422
f 1055/1055 1264/1264 1062/1062
f 1582/1582 1583/1583 1584/1584
f 644/644 622/622 625/625
f 1264/1264 1060/1060 1062/1062
f 1206/1206 770/770 768/768
f 642/642 644/644 1423/1423
f 1512/1512 1585/1585 1556/1556
f 1206/1206 768/768 767/767
f 636/636 378/378 392/392
f 1053/1053 1186/1186 651/651
f 644/644 1439/1439 1423/1423
f 1585/1585 1586/1586 1587/1587
f 1264/1264 1199/1199 1060/1060
f 1588/1588 1545/1545 1589/1589
f 1194/1194 1155/1155 1065/1065
f 1566/1566 1546/1546 1590/1590
f 644/644 625/625 1439/1439
f 651/651 1186/1186 1014/1014
f 786/786 1567/1567 772/772
f 1587/1587 1590/1590 1585/1585
f 636/636 376/376 378/378
f 636/636 638/638 376/376
f 1199/1199 1059/1059 1060/1060
f 772/772 1567/1567 773/773
f 1199/1199 1184/1184 1059/1059
f 651/651 1014/1014 616/616
f 651/651 616/616 649/649
f 649/649 616/616 611/611
f 337/337 630/630 338/338
f 1591/1591 619/619 1013/1013
f 619/619 616/616 1013/1013
f 1567/1567 1592/1592 1570/1570
f 1013/1013 616/616 1014/1014
f 1591/1591 1013/1013 1011/1011
f 1593/1593 1591/1591 1011/1011
f 1593/1593 1011/1011 1006/1006
f 1564/1564 1587/1587 1589/1589
f 1594/1594 1593/1593 1006/1006
f 1412/1412 1594/1594 1008/1008
f 1008/1008 1594/1594 1006/1006
f 1418/1418 1294/1294 481/481
f 1418/1418 1403/1403 1294/1294
f 1403/1403 1384/1384 1294/1294
f 1294/1294 1384/1384 1293/1293
f 1384/1384 1292/1292 1293/1293
f 686/686 685/685 1292/1292
f 1292/1292 685/685 1412/1412
f 685/685 687/687 1412/1412
f 687/687 740/740 1412/1412
f 740/740 1594/1594 1412/1412
f 740/740 739/739 1594/1594
f 739/739 1595/1595 1594/1594
f 1594/1594 1595/1595 1593/1593
f 1595/1595 1596/1596 1593/1593
f 1570/1570 1592/1592 1597/1597
f 1539/1539 1534/1534 1598/1598
f 1596/1596 1599/1599 1593/1593
f 1593/1593 1599/1599 1591/1591
f 1599/1599 619/619 1591/1591
f 480/480 1418/1418 481/481
f 1564/1564 1600/1600 1565/1565
f 1597/1597 1592/1592 1601/1601
f 617/617 609/609 616/616
f 617/617 616/616 619/619
f 1544/1544 1540/1540 1602/1602
f 1531/1531 1603/1603 1530/1530
f 1347/1347 1336/1336 1604/1604
f 618/618 1605/1605 1606/1606
f 1607/1607 1605/1605 618/618
f 1608/1608 1347/1347 1609/1609
f 1600/1600 1547/1547 1565/1565
f 1604/1604 1336/1336 1361/1361
f 1610/1610 1611/1611 1612/1612
f 1613/1613 734/734 1614/1614
f 1614/1614 734/734 1334/1334
f 1437/1437 1615/1615 1610/1610
f 1611/1611 1608/1608 1616/1616
f 1609/1609 1347/1347 1604/1604
f 618/618 1606/1606 1617/1617
f 1616/1616 1608/1608 1609/1609
f 602/602 1607/1607 618/618
f 601/601 1607/1607 602/602
f 1618/1618 1619/1619 1613/1613
f 1437/1437 1610/1610 1444/1444
f 1444/1444 1610/1610 1612/1612
f 1617/1617 1606/1606 1620/1620
f 1614/1614 1334/1334 1352/1352
f 1612/1612 1611/1611 1616/1616
f 1620/1620 1606/1606 1618/1618
f 1620/1620 1618/1618 1613/1613
f 1444/1444 1612/1612 1443/1443
f 1613/1613 1614/1614 1615/1615
f 332/332 1604/1604 1361/1361
f 332/332 1361/1361 344/344
f 1548/1548 1515/1515 1621/1621
f 1592/1592 1542/1542 1601/1601
f 1620/1620 1613/1613 1622/1622
f 1622/1622 1613/1613 1615/1615
f 1612/1612 1616/1616 1427/1427
f 618/618 1617/1617 607/607
f 1442/1442 1444/1444 1443/1443
f 1427/1427 1616/1616 1623/1623
f 1623/1623 1616/1616 1609/1609
f 1614/1614 1352/1352 1624/1624
f 1625/1625 1620/1620 1622/1622
f 607/607 1617/1617 1620/1620
f 1626/1626 1622/1622 1615/1615
f 1609/1609 1604/1604 330/330
f 1352/1352 1317/1317 1627/1627
f 783/783 1628/1628 781/781
f 1547/1547 1600/1600 1515/1515
f 1625/1625 1622/1622 1626/1626
f 330/330 1604/1604 332/332
f 739/739 741/741 1595/1595
f 1615/1615 1614/1614 1624/1624
f 1443/1443 1612/1612 1426/1426
f 1596/1596 1595/1595 1629/1629
f 1426/1426 1612/1612 1427/1427
f 1623/1623 1609/1609 330/330
f 1629/1629 1595/1595 1630/1630
f 1630/1630 1595/1595 741/741
f 1627/1627 1317/1317 1316/1316
f 1623/1623 330/330 394/394
f 1624/1624 1352/1352 1627/1627
f 1630/1630 741/741 742/742
f 624/624 607/607 1620/1620
f 1427/1427 1623/1623 390/390
f 624/624 1620/1620 1625/1625
f 1631/1631 1600/1600 1632/1632
f 1630/1630 742/742 1633/1633
f 1583/1583 1634/1634 1632/1632
f 1633/1633 742/742 735/735
f 390/390 1623/1623 394/394
f 1599/1599 1596/1596 1635/1635
f 1621/1621 465/465 468/468
f 1635/1635 1596/1596 1629/1629
f 608/608 607/607 624/624
f 1615/1615 1624/1624 1610/1610
f 1599/1599 1635/1635 1607/1607
f 1611/1611 1624/1624 1627/1627
f 1432/1432 1625/1625 1626/1626
f 1608/1608 1316/1316 1347/1347
f 1605/1605 1629/1629 1630/1630
f 1610/1610 1624/1624 1611/1611
f 1635/1635 1629/1629 1605/1605
f 1523/1523 1515/1515 1600/1600
f 1636/1636 1534/1534 1634/1634
f 619/619 1599/1599 601/601
f 601/601 1599/1599 1607/1607
f 1627/1627 1316/1316 1608/1608
f 624/624 1625/1625 1432/1432
f 1619/1619 735/735 738/738
f 1600/1600 1631/1631 1531/1531
f 1432/1432 1626/1626 1615/1615
f 1619/1619 738/738 734/734
f 1633/1633 735/735 1618/1618
f 1600/1600 1531/1531 1523/1523
f 1607/1607 1635/1635 1605/1605
f 1611/1611 1627/1627 1608/1608
f 1619/1619 734/734 1613/1613
f 1618/1618 735/735 1619/1619
f 1606/1606 1605/1605 1630/1630
f 1630/1630 1633/1633 1606/1606
f 1606/1606 1633/1633 1618/1618
f 1437/1437 1432/1432 1615/1615
f 356/356 1502/1502 711/711
f 1637/1637 1638/1638 1639/1639
f 1640/1640 1414/1414 1415/1415
f 1503/1503 1521/1521 477/477
f 1510/1510 1521/1521 1503/1503
f 1386/1386 1641/1641 1387/1387
f 1386/1386 456/456 1641/1641
f 456/456 459/459 1642/1642
f 1643/1643 1644/1644 1645/1645
f 1644/1644 1646/1646 1645/1645
f 456/456 1642/1642 1641/1641
f 1517/1517 465/465 1621/1621
f 1517/1517 1621/1621 1515/1515
f 1640/1640 1647/1647 1414/1414
f 1387/1387 1641/1641 1648/1648
f 1639/1639 1649/1649 1647/1647
f 1643/1643 1645/1645 1650/1650
f 1641/1641 1651/1651 1648/1648
f 1404/1404 1414/1414 1557/1557
f 1647/1647 1649/1649 1652/1652
f 1641/1641 1642/1642 1653/1653
f 1654/1654 1632/1632 1634/1634
f 459/459 1655/1655 1642/1642
f 1414/1414 1647/1647 1656/1656
f 1414/1414 1656/1656 1557/1557
f 1642/1642 1655/1655 1653/1653
f 1603/1603 1531/1531 1631/1631
f 1647/1647 1652/1652 1656/1656
f 1657/1657 465/465 1517/1517
f 459/459 460/460 1655/1655
f 1641/1641 1653/1653 1651/1651
f 1557/1557 683/683 1404/1404
f 465/465 1657/1657 463/463
f 1652/1652 1649/1649 1658/1658
f 1654/1654 1631/1631 1632/1632
f 1649/1649 1659/1659 1658/1658
f 1653/1653 1655/1655 1660/1660
f 1645/1645 1576/1576 1661/1661
f 1659/1659 1650/1650 1662/1662
f 1648/1648 1651/1651 1446/1446
f 1659/1659 1662/1662 1658/1658
f 1650/1650 1663/1663 1662/1662
f 1634/1634 1536/1536 1654/1654
f 1656/1656 1559/1559 1557/1557
f 1650/1650 1661/1661 1663/1663
f 771/771 773/773 428/428
f 460/460 1664/1664 1655/1655
f 1656/1656 1652/1652 1559/1559
f 1652/1652 1561/1561 1559/1559
f 1652/1652 1658/1658 1561/1561
f 1658/1658 1662/1662 1553/1553
f 1658/1658 1562/1562 1561/1561
f 1661/1661 1579/1579 1665/1665
f 1663/1663 1661/1661 1666/1666
f 460/460 462/462 1664/1664
f 1661/1661 1665/1665 1666/1666
f 1649/1649 1638/1638 1659/1659
f 1664/1664 1644/1644 1660/1660
f 1657/1657 462/462 463/463
f 1553/1553 1562/1562 1658/1658
f 1667/1667 1650/1650 1638/1638
f 462/462 1668/1668 1664/1664
f 1662/1662 1663/1663 1553/1553
f 1653/1653 1660/1660 1669/1669
f 1666/1666 1665/1665 1670/1670
f 1671/1671 1603/1603 1631/1631
f 1663/1663 1558/1558 1553/1553
f 1663/1663 1666/1666 1558/1558
f 1644/1644 1672/1672 1646/1646
f 1660/1660 1667/1667 1669/1669
f 1646/1646 1576/1576 1645/1645
f 1666/1666 1670/1670 1558/1558
f 1648/1648 1458/1458 1387/1387
f 1648/1648 1446/1446 1458/1458
f 1558/1558 1670/1670 1230/1230
f 1651/1651 1653/1653 1637/1637
f 1230/1230 1670/1670 1234/1234
f 1446/1446 1651/1651 1637/1637
f 1660/1660 1644/1644 1667/1667
f 462/462 1657/1657 1668/1668
f 1603/1603 1549/1549 1530/1530
f 1543/1543 1673/1673 1517/1517
f 1536/1536 1535/1535 1654/1654
f 1653/1653 1669/1669 1637/1637
f 1664/1664 1660/1660 1655/1655
f 1446/1446 1637/1637 1640/1640
f 1671/1671 1549/1549 1603/1603
f 1640/1640 1415/1415 1446/1446
f 1527/1527 1551/1551 1535/1535
f 1535/1535 1674/1674 1654/1654
f 1563/1563 1574/1574 1543/1543
f 1551/1551 1674/1674 1535/1535
f 1664/1664 1668/1668 1644/1644
f 1637/1637 1639/1639 1640/1640
f 1638/1638 1669/1669 1667/1667
f 1667/1667 1644/1644 1643/1643
f 1667/1667 1643/1643 1650/1650
f 1640/1640 1639/1639 1647/1647
f 1668/1668 1672/1672 1644/1644
f 1669/1669 1638/1638 1637/1637
f 1649/1649 1639/1639 1638/1638
f 1638/1638 1650/1650 1659/1659
f 1517/1517 1673/1673 1657/1657
f 1645/1645 1661/1661 1650/1650
f 1576/1576 1579/1579 1661/1661
f 1501/1501 999/999 711/711
f 1501/1501 1504/1504 999/999
f 1674/1674 1551/1551 1571/1571
f 1504/1504 998/998 999/999
f 1572/1572 1549/1549 1671/1671
f 1504/1504 478/478 216/216
f 796/796 1571/1571 798/798
f 1504/1504 216/216 998/998
f 1657/1657 1673/1673 1668/1668
f 1628/1628 786/786 781/781
f 1628/1628 1542/1542 1592/1592
f 1654/1654 1671/1671 1631/1631
f 1534/1534 1536/1536 1634/1634
f 1674/1674 1572/1572 1671/1671
f 1567/1567 1628/1628 1592/1592
f 1542/1542 1541/1541 1601/1601
f 356/356 1569/1569 1502/1502
f 799/799 1527/1527 1539/1539
f 1567/1567 786/786 1628/1628
f 1563/1563 1550/1550 1580/1580
f 1502/1502 1569/1569 1675/1675
f 1541/1541 1545/1545 1601/1601
f 1673/1673 1543/1543 1574/1574
f 428/428 773/773 356/356
f 799/799 1539/1539 810/810
f 810/810 1539/1539 1602/1602
f 473/473 1546/1546 471/471
f 1674/1674 1671/1671 1654/1654
f 1550/1550 1575/1575 1580/1580
f 1539/1539 1598/1598 1602/1602
f 1510/1510 1505/1505 1511/1511
f 1505/1505 1508/1508 1511/1511
f 1598/1598 1534/1534 1636/1636
f 1583/1583 1636/1636 1634/1634
f 1503/1503 1505/1505 1510/1510
f 810/810 800/800 799/799
f 1540/1540 810/810 1602/1602
f 1568/1568 1567/1567 1570/1570
f 1582/1582 1598/1598 1636/1636
f 1674/1674 1578/1578 1572/1572
f 1632/1632 1564/1564 1583/1583
f 1224/1224 1234/1234 1676/1676
f 1602/1602 1598/1598 1582/1582
f 1597/1597 1601/1601 1677/1677
f 1646/1646 1574/1574 1576/1576
f 1547/1547 1515/1515 1548/1548
f 1563/1563 1580/1580 1573/1573
f 1600/1600 1564/1564 1632/1632
f 1228/1228 1223/1223 807/807
f 1546/1546 473/473 1520/1520
f 1571/1571 796/796 1578/1578
f 1583/1583 1582/1582 1636/1636
f 1570/1570 1597/1597 1677/1677
f 1678/1678 1225/1225 1679/1679
f 1621/1621 468/468 1548/1548
f 1578/1578 796/796 1577/1577
f 1675/1675 1570/1570 1677/1677
f 783/783 801/801 810/810
f 1677/1677 1588/1588 1680/1680
f 1578/1578 1575/1575 1572/1572
f 1582/1582 1544/1544 1602/1602
f 1564/1564 1584/1584 1583/1583
f 1678/1678 1679/1679 1575/1575
f 1570/1570 1675/1675 1569/1569
f 1673/1673 1672/1672 1668/1668
f 785/785 1577/1577 796/796
f 1544/1544 1582/1582 1589/1589
f 1589/1589 1582/1582 1584/1584
f 783/783 1542/1542 1628/1628
f 1520/1520 473/473 475/475
f 471/471 1548/1548 468/468
f 1675/1675 1677/1677 1680/1680
f 1546/1546 1548/1548 471/471
f 1681/1681 1680/1680 1588/1588
f 1566/1566 1587/1587 1564/1564
f 1564/1564 1589/1589 1584/1584
f 1547/1547 1546/1546 1566/1566
f 1673/1673 1646/1646 1672/1672
f 1580/1580 1575/1575 1679/1679
f 1589/1589 1545/1545 1544/1544
f 1681/1681 1507/1507 1680/1680
f 1569/1569 356/356 1568/1568
f 1680/1680 1507/1507 1506/1506
f 1590/1590 1587/1587 1566/1566
f 1680/1680 1506/1506 1675/1675
f 1586/1586 1589/1589 1587/1587
f 1678/1678 1577/1577 779/779
f 779/779 1577/1577 785/785
f 1574/1574 1646/1646 1673/1673
f 1589/1589 1586/1586 1588/1588
f 475/475 477/477 1521/1521
f 1502/1502 1675/1675 1506/1506
f 1585/1585 1590/1590 1556/1556
f 1577/1577 1678/1678 1575/1575
f 1588/1588 1601/1601 1545/1545
f 1581/1581 1579/1579 1573/1573
f 1556/1556 1590/1590 1546/1546
f 1512/1512 1586/1586 1585/1585
f 1588/1588 1586/1586 1682/1682
f 1678/1678 1223/1223 1225/1225
f 1677/1677 1601/1601 1588/1588
f 1679/1679 1225/1225 1676/1676
f 1223/1223 1678/1678 807/807
f 779/779 807/807 1678/1678
f 1571/1571 1578/1578 1674/1674
f 1586/1586 1512/1512 1682/1682
f 1579/1579 1581/1581 1665/1665
f 1676/1676 1580/1580 1679/1679
f 1681/1681 1588/1588 1682/1682
f 1580/1580 1676/1676 1581/1581
f 1511/1511 1682/1682 1512/1512
f 1681/1681 1682/1682 1511/1511
f 773/773 1568/1568 356/356
f 1665/1665 1581/1581 1670/1670
f 1508/1508 1681/1681 1511/1511
f 475/475 1521/1521 1520/1520
f 1681/1681 1508/1508 1507/1507
f 1225/1225 1224/1224 1676/1676
f 1581/1581 1234/1234 1670/1670
f 1676/1676 1234/1234 1581/1581
f 1683/1683 1684/1684 1685/1685
f 1686/1686 1687/1687 1688/1688
f 1683/1683 1685/1685 1689/1689
f 1690/1690 1688/1688 1687/1687
f 1691/1691 1689/1689 1692/1692
f 1689/1689 1685/1685 1692/1692
f 1693/1693 1688/1688 1690/1690
f 1692/1692 1694/1694 1691/1691
f 1691/1691 1694/1694 1695/1695
f 1685/1685 1694/1694 1692/1692
f 1694/1694 1685/1685 1684/1684
f 1696/1696 1697/1697 1698/1698
f 1694/1694 1684/1684 1695/1695
f 1699/1699 1700/1700 1701/1701
f 1702/1702 1703/1703 1700/1700
f 1700/1700 1699/1699 1702/1702
f 1704/1704 1703/1703 1705/1705
f 1705/1705 1703/1703 1702/1702
f 1700/1700 1703/1703 1704/1704
f 1705/1705 1706/1706 1704/1704
f 1700/1700 1704/1704 1706/1706
f 1698/1698 1697/1697 1687/1687
f 1700/1700 1706/1706 1701/1701
f 1687/1687 1697/1697 1690/1690
f 1707/1707 1708/1708 1709/1709
f 1710/1710 1711/1711 1707/1707
f 1707/1707 1711/1711 1708/1708
f 1693/1693 1697/1697 1712/1712
f 1712/1712 1697/1697 1696/1696
f 1713/1713 1708/1708 1711/1711
f 1693/1693 1690/1690 1697/1697
f 1714/1714 1709/1709 1708/1708
f 1713/1713 1714/1714 1708/1708
f 1712/1712 1715/1715 1693/1693
f 1716/1716 1709/1709 1717/1717
f 1717/1717 1709/1709 1714/1714
f 1717/1717 1714/1714 1713/1713
f 1707/1707 1709/1709 1710/1710
f 1710/1710 1709/1709 1716/1716
f 1688/1688 1693/1693 1715/1715
f 1686/1686 1688/1688 1715/1715
f 1718/1718 1719/1719 1720/1720
f 1721/1721 1722/1722 1723/1723
f 1724/1724 1725/1725 1726/1726
f 1718/1718 1727/1727 1728/1728
f 1729/1729 1730/1730 1722/1722
f 1727/1727 1731/1731 1732/1732
f 1721/1721 1733/1733 1722/1722
f 1734/1734 1735/1735 1736/1736
f 1729/1729 1722/1722 1737/1737
f 1737/1737 1722/1722 1733/1733
f 1735/1735 1738/1738 1736/1736
f 1739/1739 1740/1740 1741/1741
f 1742/1742 1743/1743 1744/1744
f 1722/1722 1730/1730 1745/1745
f 1719/1719 1718/1718 1728/1728
f 1723/1723 1746/1746 1721/1721
f 1747/1747 1748/1748 1723/1723
f 1726/1726 1725/1725 1749/1749
f 1723/1723 1748/1748 1746/1746
f 1750/1750 1720/1720 1719/1719
f 1741/1741 1740/1740 1744/1744
f 1744/1744 1740/1740 1742/1742
f 1751/1751 1752/1752 1753/1753
f 1728/1728 1727/1727 1732/1732
f 1752/1752 1754/1754 1755/1755
f 1744/1744 1743/1743 1756/1756
f 1752/1752 1755/1755 1757/1757
f 1734/1734 1731/1731 1735/1735
f 1752/1752 1751/1751 1754/1754
f 1753/1753 1752/1752 1758/1758
f 1759/1759 1760/1760 1761/1761
f 1736/1736 1738/1738 1741/1741
f 1762/1762 1763/1763 1764/1764
f 1757/1757 1763/1763 1752/1752
f 1764/1764 1763/1763 1757/1757
f 1765/1765 1763/1763 1766/1766
f 1763/1763 1767/1767 1766/1766
f 1765/1765 1768/1768 1763/1763
f 1767/1767 1763/1763 1762/1762
f 1769/1769 1770/1770 1771/1771
f 1725/1725 1724/1724 1772/1772
f 1773/1773 1725/1725 1772/1772
f 1773/1773 1772/1772 1774/1774
f 1775/1775 1776/1776 1777/1777
f 1778/1778 1777/1777 1776/1776
f 1750/1750 1773/1773 1774/1774
f 1761/1761 1756/1756 1743/1743
f 1779/1779 1778/1778 1780/1780
f 1760/1760 1756/1756 1761/1761
f 1760/1760 1759/1759 1781/1781
f 1781/1781 1759/1759 1782/1782
f 1783/1783 1779/1779 1780/1780
f 1732/1732 1731/1731 1734/1734
f 1741/1741 1738/1738 1739/1739
f 1783/1783 1780/1780 1784/1784
f 1785/1785 1786/1786 1787/1787
f 1788/1788 1789/1789 1749/1749
f 1770/1770 1782/1782 1771/1771
f 1781/1781 1782/1782 1770/1770
f 1788/1788 1787/1787 1786/1786
f 1788/1788 1786/1786 1789/1789
f 1774/1774 1720/1720 1750/1750
f 1790/1790 1784/1784 1791/1791
f 1792/1792 1793/1793 1794/1794
f 1795/1795 1792/1792 1794/1794
f 1795/1795 1794/1794 1796/1796
f 1778/1778 1779/1779 1777/1777
f 1797/1797 1798/1798 1799/1799
f 1795/1795 1796/1796 1800/1800
f 1800/1800 1796/1796 1801/1801
f 1800/1800 1801/1801 1802/1802
f 1800/1800 1802/1802 1803/1803
f 1804/1804 1805/1805 1806/1806
f 1797/1797 1800/1800 1803/1803
f 1797/1797 1803/1803 1798/1798
f 1807/1807 1808/1808 1809/1809
f 1809/1809 1808/1808 1810/1810
f 1799/1799 1807/1807 1809/1809
f 1810/1810 1811/1811 1812/1812
f 1811/1811 1810/1810 1808/1808
f 1813/1813 1814/1814 1812/1812
f 1812/1812 1815/1815 1813/1813
f 1814/1814 1813/1813 1816/1816
f 1814/1814 1817/1817 1785/1785
f 1787/1787 1814/1814 1785/1785
f 1818/1818 1819/1819 1820/1820
f 1819/1819 1818/1818 1821/1821
f 1822/1822 1819/1819 1821/1821
f 1806/1806 1819/1819 1822/1822
f 1806/1806 1822/1822 1804/1804
f 1823/1823 1824/1824 1825/1825
f 1806/1806 1805/1805 1826/1826
f 1825/1825 1827/1827 1823/1823
f 1828/1828 1829/1829 1826/1826
f 1830/1830 1827/1827 1825/1825
f 1829/1829 1828/1828 1793/1793
f 1831/1831 1827/1827 1830/1830
f 1792/1792 1829/1829 1793/1793
f 1832/1832 1833/1833 1834/1834
f 1831/1831 1830/1830 1835/1835
f 1836/1836 1724/1724 1834/1834
f 1832/1832 1837/1837 1838/1838
f 1836/1836 1833/1833 1772/1772
f 1774/1774 1772/1772 1833/1833
f 1830/1830 1839/1839 1835/1835
f 1840/1840 1738/1738 1735/1735
f 1840/1840 1841/1841 1842/1842
f 1843/1843 1743/1743 1742/1742
f 1844/1844 1845/1845 1846/1846
f 1839/1839 1847/1847 1835/1835
f 1844/1844 1846/1846 1848/1848
f 1842/1842 1841/1841 1849/1849
f 1843/1843 1850/1850 1743/1743
f 1847/1847 1839/1839 1851/1851
f 1840/1840 1842/1842 1738/1738
f 1852/1852 1853/1853 1854/1854
f 1854/1854 1834/1834 1855/1855
f 1850/1850 1843/1843 1856/1856
f 1857/1857 1858/1858 1859/1859
f 1834/1834 1860/1860 1855/1855
f 1850/1850 1761/1761 1743/1743
f 1775/1775 1851/1851 1776/1776
f 1850/1850 1856/1856 1761/1761
f 1842/1842 1849/1849 1861/1861
f 1853/1853 1848/1848 1837/1837
f 1842/1842 1861/1861 1739/1739
f 1842/1842 1739/1739 1738/1738
f 1862/1862 1863/1863 1864/1864
f 1856/1856 1865/1865 1759/1759
f 1856/1856 1759/1759 1761/1761
f 1853/1853 1837/1837 1832/1832
f 1866/1866 1864/1864 1867/1867
f 1861/1861 1849/1849 1868/1868
f 1832/1832 1838/1838 1833/1833
f 1836/1836 1834/1834 1833/1833
f 1866/1866 1867/1867 1869/1869
f 1836/1836 1772/1772 1724/1724
f 1865/1865 1782/1782 1759/1759
f 1865/1865 1870/1870 1782/1782
f 1871/1871 1869/1869 1867/1867
f 1872/1872 1873/1873 1874/1874
f 1871/1871 1867/1867 1824/1824
f 1774/1774 1833/1833 1875/1875
f 1782/1782 1870/1870 1771/1771
f 1876/1876 1877/1877 1878/1878
f 1771/1771 1870/1870 1879/1879
f 1823/1823 1871/1871 1824/1824
f 1879/1879 1880/1880 1771/1771
f 1881/1881 1859/1859 1876/1876
f 1876/1876 1878/1878 1881/1881
f 1880/1880 1769/1769 1771/1771
f 1861/1861 1740/1740 1739/1739
f 1881/1881 1857/1857 1859/1859
f 1880/1880 1882/1882 1769/1769
f 1883/1883 1884/1884 1885/1885
f 1884/1884 1886/1886 1885/1885
f 1886/1886 1884/1884 1887/1887
f 1872/1872 1858/1858 1857/1857
f 1872/1872 1874/1874 1858/1858
f 1887/1887 1884/1884 1888/1888
f 1884/1884 1845/1845 1888/1888
f 1889/1889 1868/1868 1874/1874
f 1889/1889 1861/1861 1868/1868
f 1873/1873 1890/1890 1874/1874
f 1889/1889 1891/1891 1861/1861
f 1890/1890 1889/1889 1874/1874
f 1845/1845 1892/1892 1846/1846
f 1861/1861 1891/1891 1740/1740
f 1892/1892 1893/1893 1846/1846
f 1891/1891 1890/1890 1742/1742
f 1894/1894 1895/1895 1896/1896
f 1891/1891 1889/1889 1890/1890
f 1891/1891 1742/1742 1740/1740
f 1897/1897 1898/1898 1785/1785
f 1785/1785 1898/1898 1786/1786
f 1898/1898 1897/1897 1899/1899
f 1892/1892 1900/1900 1893/1893
f 1790/1790 1791/1791 1901/1901
f 1845/1845 1844/1844 1888/1888
f 1898/1898 1899/1899 1902/1902
f 1898/1898 1902/1902 1786/1786
f 1901/1901 1903/1903 1790/1790
f 1900/1900 1904/1904 1905/1905
f 1878/1878 1906/1906 1881/1881
f 1896/1896 1903/1903 1901/1901
f 1901/1901 1907/1907 1896/1896
f 1902/1902 1789/1789 1786/1786
f 1902/1902 1899/1899 1908/1908
f 1902/1902 1908/1908 1909/1909
f 1902/1902 1909/1909 1789/1789
f 1907/1907 1894/1894 1896/1896
f 1905/1905 1904/1904 1910/1910
f 1844/1844 1848/1848 1852/1852
f 1909/1909 1908/1908 1860/1860
f 1904/1904 1911/1911 1910/1910
f 1909/1909 1749/1749 1789/1789
f 1881/1881 1912/1912 1857/1857
f 1906/1906 1913/1913 1881/1881
f 1910/1910 1911/1911 1876/1876
f 1914/1914 1895/1895 1894/1894
f 1915/1915 1895/1895 1914/1914
f 1860/1860 1726/1726 1909/1909
f 1909/1909 1726/1726 1749/1749
f 1881/1881 1913/1913 1912/1912
f 1854/1854 1853/1853 1834/1834
f 1857/1857 1916/1916 1872/1872
f 1860/1860 1724/1724 1726/1726
f 1915/1915 1914/1914 1863/1863
f 1860/1860 1834/1834 1724/1724
f 1857/1857 1912/1912 1916/1916
f 1834/1834 1853/1853 1832/1832
f 1872/1872 1916/1916 1873/1873
f 1913/1913 1906/1906 1917/1917
f 1916/1916 1918/1918 1873/1873
f 1845/1845 1884/1884 1903/1903
f 1900/1900 1905/1905 1893/1893
f 1873/1873 1919/1919 1890/1890
f 1823/1823 1827/1827 1920/1920
f 1775/1775 1921/1921 1922/1922
f 1838/1838 1875/1875 1833/1833
f 1873/1873 1918/1918 1919/1919
f 1784/1784 1923/1923 1783/1783
f 1875/1875 1838/1838 1924/1924
f 1875/1875 1720/1720 1774/1774
f 1875/1875 1924/1924 1925/1925
f 1875/1875 1925/1925 1926/1926
f 1875/1875 1926/1926 1720/1720
f 1906/1906 1927/1927 1917/1917
f 1777/1777 1921/1921 1775/1775
f 1926/1926 1925/1925 1928/1928
f 1926/1926 1928/1928 1929/1929
f 1877/1877 1866/1866 1878/1878
f 1920/1920 1827/1827 1930/1930
f 1919/1919 1918/1918 1931/1931
f 1926/1926 1718/1718 1720/1720
f 1926/1926 1929/1929 1718/1718
f 1929/1929 1727/1727 1718/1718
f 1929/1929 1928/1928 1932/1932
f 1923/1923 1933/1933 1783/1783
f 1929/1929 1932/1932 1727/1727
f 1932/1932 1928/1928 1934/1934
f 1892/1892 1915/1915 1900/1900
f 1927/1927 1935/1935 1917/1917
f 1932/1932 1934/1934 1936/1936
f 1903/1903 1884/1884 1790/1790
f 1777/1777 1937/1937 1921/1921
f 1866/1866 1869/1869 1878/1878
f 1877/1877 1864/1864 1866/1866
f 1779/1779 1937/1937 1777/1777
f 1783/1783 1933/1933 1779/1779
f 1892/1892 1895/1895 1915/1915
f 1932/1932 1936/1936 1727/1727
f 1919/1919 1843/1843 1890/1890
f 1936/1936 1731/1731 1727/1727
f 1933/1933 1937/1937 1779/1779
f 1919/1919 1931/1931 1843/1843
f 1936/1936 1934/1934 1938/1938
f 1936/1936 1938/1938 1731/1731
f 1876/1876 1911/1911 1877/1877
f 1911/1911 1864/1864 1877/1877
f 1851/1851 1939/1939 1847/1847
f 1938/1938 1934/1934 1841/1841
f 1938/1938 1841/1841 1840/1840
f 1878/1878 1869/1869 1906/1906
f 1938/1938 1840/1840 1735/1735
f 1938/1938 1735/1735 1731/1731
f 1890/1890 1843/1843 1742/1742
f 1827/1827 1831/1831 1930/1930
f 1853/1853 1852/1852 1848/1848
f 1940/1940 1941/1941 1942/1942
f 1943/1943 1944/1944 1945/1945
f 1822/1822 1946/1946 1804/1804
f 1947/1947 1945/1945 1807/1807
f 1851/1851 1948/1948 1939/1939
f 1799/1799 1947/1947 1807/1807
f 1946/1946 1949/1949 1804/1804
f 1950/1950 1951/1951 1949/1949
f 1911/1911 1862/1862 1864/1864
f 1952/1952 1942/1942 1951/1951
f 1953/1953 1954/1954 1955/1955
f 1831/1831 1835/1835 1930/1930
f 1956/1956 1939/1939 1957/1957
f 1845/1845 1895/1895 1892/1892
f 1954/1954 1958/1958 1955/1955
f 1951/1951 1959/1959 1949/1949
f 1960/1960 1961/1961 1944/1944
f 1951/1951 1942/1942 1962/1962
f 1869/1869 1871/1871 1906/1906
f 1804/1804 1949/1949 1805/1805
f 1963/1963 1923/1923 1883/1883
f 1959/1959 1805/1805 1949/1949
f 1884/1884 1883/1883 1790/1790
f 1945/1945 1944/1944 1808/1808
f 1845/1845 1896/1896 1895/1895
f 1835/1835 1964/1964 1930/1930
f 1775/1775 1948/1948 1851/1851
f 1904/1904 1862/1862 1911/1911
f 1906/1906 1871/1871 1927/1927
f 1945/1945 1808/1808 1807/1807
f 1957/1957 1939/1939 1948/1948
f 1960/1960 1955/1955 1961/1961
f 1790/1790 1883/1883 1784/1784
f 1871/1871 1823/1823 1927/1927
f 1951/1951 1962/1962 1959/1959
f 1904/1904 1863/1863 1862/1862
f 1944/1944 1961/1961 1808/1808
f 1959/1959 1826/1826 1805/1805
f 1959/1959 1962/1962 1965/1965
f 1955/1955 1966/1966 1961/1961
f 1959/1959 1965/1965 1826/1826
f 1835/1835 1939/1939 1964/1964
f 1963/1963 1883/1883 1967/1967
f 1962/1962 1968/1968 1965/1965
f 1948/1948 1969/1969 1957/1957
f 1955/1955 1958/1958 1966/1966
f 1967/1967 1883/1883 1885/1885
f 1965/1965 1828/1828 1826/1826
f 1927/1927 1823/1823 1920/1920
f 1775/1775 1922/1922 1948/1948
f 1961/1961 1811/1811 1808/1808
f 1961/1961 1966/1966 1811/1811
f 1904/1904 1915/1915 1863/1863
f 1847/1847 1939/1939 1835/1835
f 1965/1965 1968/1968 1828/1828
f 1845/1845 1903/1903 1896/1896
f 1968/1968 1793/1793 1828/1828
f 1958/1958 1970/1970 1966/1966
f 1968/1968 1971/1971 1972/1972
f 1883/1883 1923/1923 1784/1784
f 1966/1966 1970/1970 1815/1815
f 1900/1900 1915/1915 1904/1904
f 1969/1969 1948/1948 1922/1922
f 1968/1968 1972/1972 1793/1793
f 1966/1966 1815/1815 1811/1811
f 1970/1970 1973/1973 1815/1815
f 1811/1811 1815/1815 1812/1812
f 1972/1972 1794/1794 1793/1793
f 1969/1969 1922/1922 1921/1921
f 1815/1815 1973/1973 1813/1813
f 1972/1972 1971/1971 1796/1796
f 1921/1921 1974/1974 1969/1969
f 1971/1971 1975/1975 1796/1796
f 1972/1972 1796/1796 1794/1794
f 1975/1975 1971/1971 1976/1976
f 1973/1973 1977/1977 1816/1816
f 1973/1973 1816/1816 1813/1813
f 1975/1975 1801/1801 1796/1796
f 1816/1816 1817/1817 1814/1814
f 1976/1976 1978/1978 1975/1975
f 1979/1979 1978/1978 1976/1976
f 1978/1978 1980/1980 1803/1803
f 1977/1977 1817/1817 1816/1816
f 1977/1977 1981/1981 1817/1817
f 1817/1817 1981/1981 1785/1785
f 1982/1982 1920/1920 1930/1930
f 1880/1880 1983/1983 1882/1882
f 1974/1974 1921/1921 1937/1937
f 1975/1975 1802/1802 1801/1801
f 1981/1981 1897/1897 1785/1785
f 1975/1975 1978/1978 1802/1802
f 1982/1982 1930/1930 1984/1984
f 1882/1882 1985/1985 1769/1769
f 1927/1927 1920/1920 1935/1935
f 1920/1920 1986/1986 1935/1935
f 1979/1979 1987/1987 1978/1978
f 1986/1986 1920/1920 1988/1988
f 1882/1882 1983/1983 1989/1989
f 1974/1974 1937/1937 1933/1933
f 1882/1882 1989/1989 1985/1985
f 1974/1974 1933/1933 1990/1990
f 1984/1984 1930/1930 1964/1964
f 1989/1989 1820/1820 1985/1985
f 1988/1988 1920/1920 1982/1982
f 1987/1987 1980/1980 1978/1978
f 1978/1978 1803/1803 1802/1802
f 1974/1974 1990/1990 1991/1991
f 1982/1982 1984/1984 1992/1992
f 1989/1989 1983/1983 1993/1993
f 1964/1964 1956/1956 1984/1984
f 1967/1967 1994/1994 1963/1963
f 1990/1990 1995/1995 1991/1991
f 1989/1989 1818/1818 1820/1820
f 1989/1989 1993/1993 1818/1818
f 1992/1992 1984/1984 1996/1996
f 1994/1994 1997/1997 1990/1990
f 1980/1980 1798/1798 1803/1803
f 1963/1963 1994/1994 1990/1990
f 1956/1956 1964/1964 1939/1939
f 1995/1995 1998/1998 1991/1991
f 1980/1980 1999/1999 1947/1947
f 1980/1980 1987/1987 1999/1999
f 1996/1996 2000/2000 1992/1992
f 2001/2001 1821/1821 1993/1993
f 1996/1996 1952/1952 2000/2000
f 1998/1998 1995/1995 1953/1953
f 2002/2002 1958/1958 1954/1954
f 1980/1980 1947/1947 1798/1798
f 1997/1997 1954/1954 1990/1990
f 2002/2002 1954/1954 1997/1997
f 1956/1956 2003/2003 1984/1984
f 1990/1990 1933/1933 1963/1963
f 1993/1993 1821/1821 1818/1818
f 2001/2001 2004/2004 1821/1821
f 1958/1958 2002/2002 2005/2005
f 1952/1952 1950/1950 2000/2000
f 1984/1984 2003/2003 1996/1996
f 1996/1996 2003/2003 1941/1941
f 1953/1953 2006/2006 1998/1998
f 1996/1996 1940/1940 1952/1952
f 1999/1999 1943/1943 1947/1947
f 1933/1933 1923/1923 1963/1963
f 1995/1995 1990/1990 1954/1954
f 2004/2004 1822/1822 1821/1821
f 2004/2004 1946/1946 1822/1822
f 2006/2006 1953/1953 1960/1960
f 2004/2004 2007/2007 1946/1946
f 1996/1996 1941/1941 1940/1940
f 1958/1958 2005/2005 1970/1970
f 2006/2006 1944/1944 1943/1943
f 1940/1940 1942/1942 1952/1952
f 2006/2006 1960/1960 1944/1944
f 1947/1947 1799/1799 1798/1798
f 1995/1995 1954/1954 1953/1953
f 1950/1950 1952/1952 1951/1951
f 1953/1953 1955/1955 1960/1960
f 1943/1943 1945/1945 1947/1947
f 2007/2007 1950/1950 1949/1949
f 2007/2007 1949/1949 1946/1946
f 1859/1859 2008/2008 1876/1876
f 1876/1876 2008/2008 2009/2009
f 2008/2008 1859/1859 2010/2010
f 2010/2010 1859/1859 1858/1858
f 2010/2010 1858/1858 1874/1874
f 1868/1868 2011/2011 1874/1874
f 1874/1874 2011/2011 2010/2010
f 1868/1868 2012/2012 2011/2011
f 1928/1928 2013/2013 2014/2014
f 1934/1934 2014/2014 2015/2015
f 2014/2014 1934/1934 1928/1928
f 2013/2013 1928/1928 1925/1925
f 2013/2013 1925/1925 1924/1924
f 2016/2016 2012/2012 1849/1849
f 2017/2017 1977/1977 2018/2018
f 1849/1849 1841/1841 2016/2016
f 2019/2019 2013/2013 1924/1924
f 2015/2015 1841/1841 1934/1934
f 2012/2012 1868/1868 1849/1849
f 1841/1841 2015/2015 2016/2016
f 1924/1924 1838/1838 2019/2019
f 1838/1838 2020/2020 2019/2019
f 2020/2020 1838/1838 1837/1837
f 2021/2021 1837/1837 1848/1848
f 2017/2017 1981/1981 1977/1977
f 2021/2021 2020/2020 1837/1837
f 1846/1846 1893/1893 2021/2021
f 1846/1846 2021/2021 1848/1848
f 2022/2022 1905/1905 1910/1910
f 1876/1876 2022/2022 1910/1910
f 2022/2022 1876/1876 2009/2009
f 1967/1967 1885/1885 1886/1886
f 1887/1887 1888/1888 2023/2023
f 1844/1844 2023/2023 1888/1888
f 2023/2023 1852/1852 1854/1854
f 2023/2023 1855/1855 2024/2024
f 1844/1844 1852/1852 2023/2023
f 2023/2023 1854/1854 1855/1855
f 2025/2025 1855/1855 1860/1860
f 2026/2026 1855/1855 2025/2025
f 2024/2024 1855/1855 2026/2026
f 2005/2005 1973/1973 1970/1970
f 2027/2027 2025/2025 1860/1860
f 2005/2005 2018/2018 1973/1973
f 1908/1908 1899/1899 2028/2028
f 1908/1908 2028/2028 2027/2027
f 2028/2028 1899/1899 1897/1897
f 1973/1973 2018/2018 1977/1977
f 2027/2027 1860/1860 1908/1908
f 1897/1897 2017/2017 2028/2028
f 2017/2017 1897/1897 1981/1981
f 1880/1880 1879/1879 2029/2029
f 2030/2030 1879/1879 1870/1870
f 2030/2030 2029/2029 1879/1879
f 2030/2030 1865/1865 2031/2031
f 1870/1870 1865/1865 2030/2030
f 2032/2032 1856/1856 1843/1843
f 1856/1856 2033/2033 1865/1865
f 2033/2033 1856/1856 2032/2032
f 2031/2031 1865/1865 2033/2033
f 1931/1931 2034/2034 1843/1843
f 1843/1843 2034/2034 2032/2032
f 1993/1993 1983/1983 2035/2035
f 1931/1931 1918/1918 2034/2034
f 1916/1916 2034/2034 1918/1918
f 2036/2036 1912/1912 1913/1913
f 2036/2036 1913/1913 1917/1917
f 1943/1943 2037/2037 2038/2038
f 1943/1943 2038/2038 2006/2006
f 2038/2038 2039/2039 2006/2006
f 2040/2040 1968/1968 2041/2041
f 1968/1968 2040/2040 1971/1971
f 1971/1971 2042/2042 1976/1976
f 2043/2043 1987/1987 1979/1979
f 1943/1943 1999/1999 2037/2037
f 2029/2029 2035/2035 1983/1983
f 1999/1999 2043/2043 2037/2037
f 1987/1987 2043/2043 1999/1999
f 2042/2042 1979/1979 1976/1976
f 1979/1979 2042/2042 2043/2043
f 2042/2042 1971/1971 2040/2040
f 1962/1962 1942/1942 2041/2041
f 1968/1968 1962/1962 2041/2041
f 1942/1942 2044/2044 2045/2045
f 1942/1942 2045/2045 2041/2041
f 2044/2044 1942/1942 1941/1941
f 2044/2044 1941/1941 2003/2003
f 2044/2044 1956/1956 2046/2046
f 2003/2003 1956/1956 2044/2044
f 2047/2047 2048/2048 1969/1969
f 2046/2046 1956/1956 1957/1957
f 1974/1974 2047/2047 1969/1969
f 1880/1880 2029/2029 1983/1983
f 2049/2049 2047/2047 1974/1974
f 1969/1969 2048/2048 1957/1957
f 1991/1991 2050/2050 2051/2051
f 1974/1974 1991/1991 2051/2051
f 2049/2049 1974/1974 2051/2051
f 1998/1998 2039/2039 2050/2050
f 2050/2050 1991/1991 1998/1998
f 2039/2039 1998/1998 2006/2006
f 1992/1992 2052/2052 1982/1982
f 1982/1982 2052/2052 1988/1988
f 2000/2000 1950/1950 2053/2053
f 2000/2000 2052/2052 1992/1992
f 2007/2007 2053/2053 1950/1950
f 2054/2054 2053/2053 2007/2007
f 2004/2004 2055/2055 2007/2007
f 1993/1993 2035/2035 2055/2055
f 2001/2001 2055/2055 2004/2004
f 2054/2054 2007/2007 2055/2055
f 2055/2055 2001/2001 1993/1993
f 2056/2056 2057/2057 2058/2058
f 2059/2059 2060/2060 2061/2061
f 2062/2062 2063/2063 2064/2064
f 2065/2065 2066/2066 2067/2067
f 2068/2068 2061/2061 2060/2060
f 2069/2069 2060/2060 2059/2059
f 2059/2059 2070/2070 2071/2071
f 2069/2069 2059/2059 2071/2071
f 2072/2072 2073/2073 2074/2074
f 2070/2070 2075/2075 2076/2076
f 2071/2071 2070/2070 2076/2076
f 2062/2062 2077/2077 2078/2078
f 2063/2063 2071/2071 2076/2076
f 2079/2079 2060/2060 2069/2069
f 2059/2059 2073/2073 2080/2080
f 2081/2081 2074/2074 2060/2060
f 2080/2080 2073/2073 2082/2082
f 2083/2083 2084/2084 2085/2085
f 2081/2081 2060/2060 2079/2079
f 2086/2086 2076/2076 2077/2077
f 2077/2077 2076/2076 2075/2075
f 2072/2072 2087/2087 2062/2062
f 2087/2087 2074/2074 2081/2081
f 2079/2079 2071/2071 2088/2088
f 2072/2072 2062/2062 2078/2078
f 2078/2078 2075/2075 2082/2082
f 2088/2088 2071/2071 2063/2063
f 2089/2089 2073/2073 2059/2059
f 2088/2088 2081/2081 2079/2079
f 2061/2061 2073/2073 2089/2089
f 2072/2072 2074/2074 2087/2087
f 2068/2068 2073/2073 2061/2061
f 2063/2063 2086/2086 2064/2064
f 2064/2064 2086/2086 2077/2077
f 2077/2077 2075/2075 2078/2078
f 2087/2087 2088/2088 2062/2062
f 2059/2059 2080/2080 2070/2070
f 2073/2073 2068/2068 2074/2074
f 2062/2062 2088/2088 2063/2063
f 2075/2075 2080/2080 2082/2082
f 2090/2090 2091/2091 2092/2092
f 2093/2093 2094/2094 2091/2091
f 2095/2095 2096/2096 2097/2097
f 2096/2096 2098/2098 2099/2099
f 2100/2100 2096/2096 2099/2099
f 2101/2101 2102/2102 2103/2103
f 2101/2101 2103/2103 2104/2104
f 2105/2105 2092/2092 2094/2094
f 2098/2098 2095/2095 2106/2106
f 2090/2090 2092/2092 2105/2105
f 2097/2097 2096/2096 2107/2107
f 2090/2090 2105/2105 2106/2106
f 2095/2095 2098/2098 2096/2096
f 2102/2102 2108/2108 2109/2109
f 2101/2101 2108/2108 2102/2102
f 2090/2090 2106/2106 2110/2110
f 2111/2111 2106/2106 2095/2095
f 2110/2110 2106/2106 2111/2111
f 2111/2111 2095/2095 2097/2097
f 2096/2096 2112/2112 2107/2107
f 2096/2096 2100/2100 2112/2112
f 2092/2092 2091/2091 2094/2094
f 2103/2103 2108/2108 2104/2104
f 2113/2113 2114/2114 2115/2115
f 2116/2116 2117/2117 2114/2114
f 2116/2116 2113/2113 2118/2118
f 2117/2117 2116/2116 2119/2119
f 2113/2113 2116/2116 2114/2114
f 2093/2093 2120/2120 2121/2121
f 2118/2118 2093/2093 2121/2121
f 2109/2109 2108/2108 2103/2103
f 2121/2121 2119/2119 2116/2116
f 2118/2118 2121/2121 2116/2116
f 2119/2119 2121/2121 2120/2120
f 2093/2093 2091/2091 2120/2120
f 2122/2122 2123/2123 2124/2124
f 2125/2125 2126/2126 2127/2127
f 2100/2100 2127/2127 2112/2112
f 2125/2125 2127/2127 2100/2100
f 2128/2128 2129/2129 2130/2130
f 2131/2131 2132/2132 2133/2133
f 2125/2125 2134/2134 2126/2126
f 2135/2135 2136/2136 2137/2137
f 2138/2138 2139/2139 2140/2140
f 2115/2115 2141/2141 2142/2142
f 2143/2143 2144/2144 2145/2145
f 2146/2146 2147/2147 2148/2148
f 2149/2149 2150/2150 2151/2151
f 2152/2152 2153/2153 2154/2154
f 2155/2155 2156/2156 2157/2157
f 2158/2158 2115/2115 2142/2142
f 2159/2159 2152/2152 2160/2160
f 2114/2114 2117/2117 2141/2141
f 2161/2161 2162/2162 2159/2159
f 2115/2115 2114/2114 2141/2141
f 2163/2163 2164/2164 2165/2165
f 2156/2156 2166/2166 2167/2167
f 2165/2165 2168/2168 2169/2169
f 2170/2170 2171/2171 2172/2172
f 2165/2165 2173/2173 2171/2171
f 2171/2171 2173/2173 2172/2172
f 2172/2172 2174/2174 2175/2175
f 2176/2176 2172/2172 2175/2175
f 2170/2170 2172/2172 2176/2176
f 2153/2153 2177/2177 2178/2178
f 2179/2179 2180/2180 2181/2181
f 2173/2173 2165/2165 2169/2169
f 2173/2173 2174/2174 2172/2172
f 2182/2182 2183/2183 2184/2184
f 2185/2185 2156/2156 2155/2155
f 2142/2142 2175/2175 2158/2158
f 2176/2176 2175/2175 2142/2142
f 2170/2170 2176/2176 2142/2142
f 2152/2152 2186/2186 2153/2153
f 2187/2187 2188/2188 2189/2189
f 2174/2174 2173/2173 2169/2169
f 2166/2166 2156/2156 2190/2190
f 2142/2142 2141/2141 2170/2170
f 2168/2168 2165/2165 2164/2164
f 2171/2171 2163/2163 2165/2165
f 2191/2191 2168/2168 2192/2192
f 2193/2193 2194/2194 2182/2182
f 2191/2191 2192/2192 2195/2195
f 2163/2163 2196/2196 2164/2164
f 2192/2192 2196/2196 2195/2195
f 2164/2164 2196/2196 2192/2192
f 2181/2181 2162/2162 2161/2161
f 2168/2168 2164/2164 2192/2192
f 2167/2167 2197/2197 2198/2198
f 2199/2199 2191/2191 2200/2200
f 2200/2200 2125/2125 2199/2199
f 2181/2181 2201/2201 2162/2162
f 2159/2159 2186/2186 2152/2152
f 2125/2125 2200/2200 2134/2134
f 2198/2198 2202/2202 2193/2193
f 2200/2200 2195/2195 2134/2134
f 2194/2194 2183/2183 2182/2182
f 2195/2195 2200/2200 2191/2191
f 2126/2126 2134/2134 2203/2203
f 2156/2156 2185/2185 2190/2190
f 2127/2127 2204/2204 2112/2112
f 2126/2126 2203/2203 2127/2127
f 2205/2205 2206/2206 2207/2207
f 2208/2208 2209/2209 2210/2210
f 2211/2211 2159/2159 2162/2162
f 2212/2212 2199/2199 2208/2208
f 2113/2113 2213/2213 2118/2118
f 2212/2212 2168/2168 2191/2191
f 2213/2213 2214/2214 2118/2118
f 2190/2190 2215/2215 2167/2167
f 2167/2167 2215/2215 2197/2197
f 2205/2205 2216/2216 2206/2206
f 2194/2194 2217/2217 2183/2183
f 2181/2181 2180/2180 2201/2201
f 2188/2188 2180/2180 2179/2179
f 2210/2210 2099/2099 2098/2098
f 2174/2174 2218/2218 2216/2216
f 2187/2187 2219/2219 2188/2188
f 2177/2177 2220/2220 2221/2221
f 2159/2159 2211/2211 2186/2186
f 2153/2153 2220/2220 2177/2177
f 2212/2212 2191/2191 2199/2199
f 2210/2210 2209/2209 2099/2099
f 2217/2217 2222/2222 2183/2183
f 2169/2169 2218/2218 2174/2174
f 2193/2193 2223/2223 2217/2217
f 2219/2219 2180/2180 2188/2188
f 2158/2158 2175/2175 2224/2224
f 2208/2208 2199/2199 2209/2209
f 2225/2225 2106/2106 2105/2105
f 2216/2216 2218/2218 2226/2226
f 2225/2225 2227/2227 2106/2106
f 2206/2206 2228/2228 2227/2227
f 2216/2216 2226/2226 2228/2228
f 2118/2118 2214/2214 2094/2094
f 2187/2187 2229/2229 2219/2219
f 2186/2186 2220/2220 2153/2153
f 2224/2224 2207/2207 2213/2213
f 2118/2118 2094/2094 2093/2093
f 2228/2228 2226/2226 2227/2227
f 2197/2197 2202/2202 2198/2198
f 2175/2175 2174/2174 2224/2224
f 2199/2199 2125/2125 2209/2209
f 2223/2223 2222/2222 2217/2217
f 2190/2190 2185/2185 2215/2215
f 2202/2202 2223/2223 2193/2193
f 2230/2230 2181/2181 2231/2231
f 2215/2215 2232/2232 2197/2197
f 2180/2180 2233/2233 2201/2201
f 2224/2224 2205/2205 2207/2207
f 2231/2231 2161/2161 2234/2234
f 2185/2185 2235/2235 2215/2215
f 2211/2211 2236/2236 2186/2186
f 2234/2234 2237/2237 2238/2238
f 2209/2209 2100/2100 2099/2099
f 2230/2230 2239/2239 2181/2181
f 2197/2197 2232/2232 2202/2202
f 2186/2186 2182/2182 2220/2220
f 2219/2219 2240/2240 2180/2180
f 2224/2224 2174/2174 2205/2205
f 2229/2229 2157/2157 2219/2219
f 2213/2213 2105/2105 2214/2214
f 2220/2220 2184/2184 2221/2221
f 2169/2169 2212/2212 2218/2218
f 2215/2215 2235/2235 2232/2232
f 2231/2231 2181/2181 2161/2161
f 2157/2157 2240/2240 2219/2219
f 2180/2180 2240/2240 2233/2233
f 2209/2209 2125/2125 2100/2100
f 2218/2218 2208/2208 2226/2226
f 2235/2235 2241/2241 2232/2232
f 2236/2236 2182/2182 2186/2186
f 2214/2214 2105/2105 2094/2094
f 2232/2232 2241/2241 2202/2202
f 2241/2241 2242/2242 2202/2202
f 2202/2202 2242/2242 2223/2223
f 2227/2227 2226/2226 2098/2098
f 2218/2218 2212/2212 2208/2208
f 2105/2105 2213/2213 2207/2207
f 2220/2220 2182/2182 2184/2184
f 2237/2237 2160/2160 2238/2238
f 2225/2225 2105/2105 2207/2207
f 2206/2206 2225/2225 2207/2207
f 2206/2206 2227/2227 2225/2225
f 2227/2227 2098/2098 2106/2106
f 2174/2174 2216/2216 2205/2205
f 2226/2226 2208/2208 2210/2210
f 2158/2158 2224/2224 2115/2115
f 2115/2115 2213/2213 2113/2113
f 2169/2169 2168/2168 2212/2212
f 2243/2243 2181/2181 2239/2239
f 2115/2115 2224/2224 2213/2213
f 2240/2240 2156/2156 2233/2233
f 2226/2226 2210/2210 2098/2098
f 2238/2238 2160/2160 2178/2178
f 2244/2244 2245/2245 2246/2246
f 2247/2247 2244/2244 2246/2246
f 2239/2239 2189/2189 2243/2243
f 2248/2248 2249/2249 2250/2250
f 2234/2234 2161/2161 2237/2237
f 2189/2189 2251/2251 2243/2243
f 2154/2154 2178/2178 2160/2160
f 2244/2244 2250/2250 2249/2249
f 2236/2236 2193/2193 2182/2182
f 2233/2233 2167/2167 2198/2198
f 2250/2250 2244/2244 2247/2247
f 2198/2198 2193/2193 2236/2236
f 2249/2249 2252/2252 2245/2245
f 2233/2233 2156/2156 2167/2167
f 2244/2244 2249/2249 2245/2245
f 2250/2250 2247/2247 2248/2248
f 2237/2237 2159/2159 2160/2160
f 2243/2243 2179/2179 2181/2181
f 2161/2161 2159/2159 2237/2237
f 2157/2157 2156/2156 2240/2240
f 2248/2248 2247/2247 2253/2253
f 2189/2189 2188/2188 2251/2251
f 2251/2251 2188/2188 2179/2179
f 2154/2154 2153/2153 2178/2178
f 2248/2248 2253/2253 2254/2254
f 2255/2255 2256/2256 2246/2246
f 2255/2255 2246/2246 2245/2245
f 2245/2245 2252/2252 2255/2255
f 2256/2256 2255/2255 2257/2257
f 2258/2258 2259/2259 2241/2241
f 2258/2258 2260/2260 2259/2259
f 2261/2261 2257/2257 2262/2262
f 2262/2262 2263/2263 2264/2264
f 2265/2265 2266/2266 2267/2267
f 2264/2264 2261/2261 2262/2262
f 2263/2263 2268/2268 2264/2264
f 2257/2257 2255/2255 2262/2262
f 2269/2269 2263/2263 2262/2262
f 2255/2255 2269/2269 2262/2262
f 2270/2270 2261/2261 2264/2264
f 2271/2271 2272/2272 2268/2268
f 2273/2273 2274/2274 2275/2275
f 2270/2270 2272/2272 2276/2276
f 2273/2273 2275/2275 2277/2277
f 2276/2276 2272/2272 2271/2271
f 2264/2264 2268/2268 2272/2272
f 2273/2273 2277/2277 2278/2278
f 2279/2279 2273/2273 2278/2278
f 2272/2272 2270/2270 2264/2264
f 2279/2279 2278/2278 2280/2280
f 2252/2252 2269/2269 2255/2255
f 2279/2279 2280/2280 2281/2281
f 2282/2282 2283/2283 2284/2284
f 2283/2283 2285/2285 2286/2286
f 2285/2285 2283/2283 2287/2287
f 2288/2288 2235/2235 2185/2185
f 2285/2285 2287/2287 2289/2289
f 2290/2290 2291/2291 2253/2253
f 2292/2292 2293/2293 2289/2289
f 2294/2294 2282/2282 2284/2284
f 2289/2289 2286/2286 2285/2285
f 2235/2235 2295/2295 2258/2258
f 2293/2293 2296/2296 2290/2290
f 2242/2242 2259/2259 2297/2297
f 2222/2222 2297/2297 2267/2267
f 2222/2222 2267/2267 2266/2266
f 2266/2266 2298/2298 2183/2183
f 2299/2299 2291/2291 2300/2300
f 2284/2284 2283/2283 2286/2286
f 2292/2292 2287/2287 2301/2301
f 2289/2289 2287/2287 2292/2292
f 2221/2221 2302/2302 2274/2274
f 2292/2292 2301/2301 2296/2296
f 2273/2273 2221/2221 2274/2274
f 2293/2293 2292/2292 2296/2296
f 2296/2296 2300/2300 2290/2290
f 2238/2238 2178/2178 2279/2279
f 2238/2238 2279/2279 2281/2281
f 2291/2291 2299/2299 2254/2254
f 2303/2303 2304/2304 2295/2295
f 2235/2235 2258/2258 2241/2241
f 2253/2253 2291/2291 2254/2254
f 2291/2291 2290/2290 2300/2300
f 2305/2305 2306/2306 2307/2307
f 2242/2242 2241/2241 2259/2259
f 2282/2282 2306/2306 2305/2305
f 2223/2223 2242/2242 2297/2297
f 2282/2282 2305/2305 2308/2308
f 2223/2223 2297/2297 2222/2222
f 2305/2305 2307/2307 2309/2309
f 2284/2284 2306/2306 2294/2294
f 2183/2183 2222/2222 2266/2266
f 2310/2310 2183/2183 2298/2298
f 2310/2310 2298/2298 2311/2311
f 2310/2310 2311/2311 2312/2312
f 2282/2282 2294/2294 2306/2306
f 2302/2302 2310/2310 2312/2312
f 2305/2305 2309/2309 2308/2308
f 2309/2309 2313/2313 2308/2308
f 2177/2177 2221/2221 2273/2273
f 2313/2313 2309/2309 2314/2314
f 2315/2315 2314/2314 2307/2307
f 2307/2307 2314/2314 2309/2309
f 2313/2313 2314/2314 2271/2271
f 2271/2271 2314/2314 2316/2316
f 2316/2316 2276/2276 2271/2271
f 2178/2178 2273/2273 2279/2279
f 2316/2316 2315/2315 2276/2276
f 2314/2314 2315/2315 2316/2316
f 2317/2317 2318/2318 2319/2319
f 2269/2269 2252/2252 2320/2320
f 2295/2295 2304/2304 2258/2258
f 2321/2321 2322/2322 2323/2323
f 2324/2324 2263/2263 2325/2325
f 2326/2326 2327/2327 2323/2323
f 2258/2258 2304/2304 2260/2260
f 2221/2221 2184/2184 2302/2302
f 2327/2327 2326/2326 2328/2328
f 2317/2317 2319/2319 2329/2329
f 2259/2259 2260/2260 2330/2330
f 2273/2273 2178/2178 2177/2177
f 2317/2317 2329/2329 2331/2331
f 2319/2319 2318/2318 2299/2299
f 2297/2297 2259/2259 2330/2330
f 2323/2323 2287/2287 2283/2283
f 2320/2320 2252/2252 2332/2332
f 2267/2267 2297/2297 2330/2330
f 2271/2271 2268/2268 2313/2313
f 2325/2325 2328/2328 2326/2326
f 2313/2313 2268/2268 2333/2333
f 2266/2266 2265/2265 2298/2298
f 2323/2323 2327/2327 2287/2287
f 2263/2263 2334/2334 2325/2325
f 2319/2319 2300/2300 2296/2296
f 2184/2184 2310/2310 2302/2302
f 2313/2313 2322/2322 2308/2308
f 2325/2325 2334/2334 2331/2331
f 2313/2313 2333/2333 2322/2322
f 2332/2332 2249/2249 2318/2318
f 2319/2319 2299/2299 2300/2300
f 2302/2302 2312/2312 2274/2274
f 2184/2184 2183/2183 2310/2310
f 2308/2308 2322/2322 2321/2321
f 2252/2252 2249/2249 2332/2332
f 2335/2335 2303/2303 2288/2288
f 2295/2295 2288/2288 2303/2303
f 2327/2327 2301/2301 2287/2287
f 2328/2328 2329/2329 2327/2327
f 2288/2288 2295/2295 2235/2235
f 2308/2308 2321/2321 2282/2282
f 2333/2333 2323/2323 2322/2322
f 2328/2328 2331/2331 2329/2329
f 2318/2318 2249/2249 2299/2299
f 2269/2269 2320/2320 2263/2263
f 2268/2268 2324/2324 2333/2333
f 2263/2263 2320/2320 2334/2334
f 2327/2327 2329/2329 2301/2301
f 2336/2336 2337/2337 2338/2338
f 2336/2336 2339/2339 2337/2337
f 2249/2249 2248/2248 2299/2299
f 2337/2337 2340/2340 2231/2231
f 2339/2339 2340/2340 2337/2337
f 2334/2334 2317/2317 2331/2331
f 2299/2299 2248/2248 2254/2254
f 2341/2341 2342/2342 2343/2343
f 2341/2341 2343/2343 2344/2344
f 2341/2341 2344/2344 2345/2345
f 2324/2324 2326/2326 2333/2333
f 2333/2333 2326/2326 2323/2323
f 2320/2320 2332/2332 2334/2334
f 2346/2346 2347/2347 2348/2348
f 2349/2349 2229/2229 2346/2346
f 2350/2350 2349/2349 2351/2351
f 2321/2321 2323/2323 2283/2283
f 2351/2351 2349/2349 2352/2352
f 2321/2321 2283/2283 2282/2282
f 2268/2268 2263/2263 2324/2324
f 2329/2329 2296/2296 2301/2301
f 2324/2324 2325/2325 2326/2326
f 2334/2334 2332/2332 2318/2318
f 2353/2353 2352/2352 2354/2354
f 2334/2334 2318/2318 2317/2317
f 2329/2329 2319/2319 2296/2296
f 2353/2353 2354/2354 2335/2335
f 2355/2355 2356/2356 2357/2357
f 2353/2353 2335/2335 2288/2288
f 2358/2358 2359/2359 2356/2356
f 2356/2356 2359/2359 2357/2357
f 2360/2360 2361/2361 2362/2362
f 2363/2363 2364/2364 2365/2365
f 2336/2336 2281/2281 2280/2280
f 2360/2360 2364/2364 2361/2361
f 2365/2365 2364/2364 2360/2360
f 2366/2366 2367/2367 2368/2368
f 2238/2238 2281/2281 2234/2234
f 2336/2336 2338/2338 2281/2281
f 2368/2368 2362/2362 2366/2366
f 2361/2361 2366/2366 2362/2362
f 2342/2342 2340/2340 2369/2369
f 2370/2370 2371/2371 2372/2372
f 2372/2372 2371/2371 2367/2367
f 2367/2367 2371/2371 2368/2368
f 2347/2347 2345/2345 2348/2348
f 2373/2373 2374/2374 2370/2370
f 2229/2229 2347/2347 2346/2346
f 2373/2373 2370/2370 2372/2372
f 2229/2229 2349/2349 2350/2350
f 2365/2365 2375/2375 2363/2363
f 2375/2375 2376/2376 2377/2377
f 2363/2363 2375/2375 2377/2377
f 2378/2378 2377/2377 2376/2376
f 2351/2351 2352/2352 2353/2353
f 2379/2379 2380/2380 2381/2381
f 2382/2382 2383/2383 2384/2384
f 2385/2385 2386/2386 2384/2384
f 2384/2384 2386/2386 2382/2382
f 2234/2234 2337/2337 2231/2231
f 2380/2380 2387/2387 2381/2381
f 2342/2342 2231/2231 2340/2340
f 2339/2339 2369/2369 2340/2340
f 2388/2388 2381/2381 2387/2387
f 2230/2230 2342/2342 2341/2341
f 2379/2379 2389/2389 2390/2390
f 2341/2341 2239/2239 2230/2230
f 2239/2239 2341/2341 2345/2345
f 2239/2239 2345/2345 2189/2189
f 2391/2391 2392/2392 2365/2365
f 2393/2393 2387/2387 2380/2380
f 2379/2379 2381/2381 2389/2389
f 2383/2383 2390/2390 2384/2384
f 2350/2350 2351/2351 2157/2157
f 2155/2155 2157/2157 2351/2351
f 2394/2394 2379/2379 2383/2383
f 2385/2385 2384/2384 2391/2391
f 2155/2155 2351/2351 2353/2353
f 2385/2385 2391/2391 2395/2395
f 2393/2393 2396/2396 2387/2387
f 2392/2392 2390/2390 2375/2375
f 2155/2155 2353/2353 2185/2185
f 2392/2392 2375/2375 2365/2365
f 2288/2288 2185/2185 2353/2353
f 2390/2390 2389/2389 2375/2375
f 2394/2394 2380/2380 2379/2379
f 2375/2375 2389/2389 2376/2376
f 2384/2384 2390/2390 2392/2392
f 2347/2347 2189/2189 2345/2345
f 2389/2389 2381/2381 2397/2397
f 2229/2229 2187/2187 2347/2347
f 2395/2395 2360/2360 2362/2362
f 2395/2395 2391/2391 2360/2360
f 2389/2389 2397/2397 2376/2376
f 2383/2383 2379/2379 2390/2390
f 2393/2393 2394/2394 2398/2398
f 2384/2384 2392/2392 2391/2391
f 2396/2396 2388/2388 2387/2387
f 2391/2391 2365/2365 2360/2360
f 2394/2394 2383/2383 2382/2382
f 2231/2231 2342/2342 2230/2230
f 2343/2343 2342/2342 2369/2369
f 2393/2393 2380/2380 2394/2394
f 2373/2373 2399/2399 2374/2374
f 2400/2400 2399/2399 2401/2401
f 2402/2402 2399/2399 2400/2400
f 2374/2374 2399/2399 2402/2402
f 2402/2402 2400/2400 2401/2401
f 2344/2344 2348/2348 2345/2345
f 2402/2402 2403/2403 2404/2404
f 2157/2157 2229/2229 2350/2350
f 2355/2355 2405/2405 2406/2406
f 2357/2357 2405/2405 2355/2355
f 2355/2355 2406/2406 2356/2356
f 2189/2189 2347/2347 2187/2187
f 2401/2401 2356/2356 2406/2406
f 2402/2402 2406/2406 2403/2403
f 2401/2401 2406/2406 2402/2402
f 2403/2403 2406/2406 2405/2405
f 2407/2407 2408/2408 2409/2409
f 2408/2408 2407/2407 2376/2376
f 2397/2397 2408/2408 2376/2376
f 2376/2376 2407/2407 2378/2378
f 2410/2410 2411/2411 2370/2370
f 2412/2412 2413/2413 2411/2411
f 2411/2411 2371/2371 2370/2370
f 2398/2398 2414/2414 2412/2412
f 2281/2281 2338/2338 2234/2234
f 2403/2403 2415/2415 2404/2404
f 2398/2398 2394/2394 2382/2382
f 2338/2338 2337/2337 2234/2234
f 2404/2404 2415/2415 2410/2410
f 2382/2382 2414/2414 2398/2398
f 2416/2416 2398/2398 2415/2415
f 2417/2417 2398/2398 2416/2416
f 2404/2404 2374/2374 2402/2402
f 2411/2411 2413/2413 2371/2371
f 2418/2418 2419/2419 2420/2420
f 2371/2371 2413/2413 2421/2421
f 2418/2418 2422/2422 2419/2419
f 2423/2423 2422/2422 2418/2418
f 2414/2414 2386/2386 2412/2412
f 2404/2404 2410/2410 2374/2374
f 2412/2412 2385/2385 2413/2413
f 2371/2371 2421/2421 2368/2368
f 2424/2424 2420/2420 2425/2425
f 2425/2425 2420/2420 2426/2426
f 2420/2420 2419/2419 2426/2426
f 2427/2427 2426/2426 2428/2428
f 2429/2429 2423/2423 2418/2418
f 2412/2412 2386/2386 2385/2385
f 2430/2430 2422/2422 2423/2423
f 2398/2398 2412/2412 2415/2415
f 2424/2424 2418/2418 2420/2420
f 2413/2413 2385/2385 2421/2421
f 2421/2421 2362/2362 2368/2368
f 2415/2415 2412/2412 2411/2411
f 2415/2415 2411/2411 2410/2410
f 2425/2425 2426/2426 2427/2427
f 2428/2428 2431/2431 2432/2432
f 2431/2431 2433/2433 2432/2432
f 2385/2385 2395/2395 2421/2421
f 2421/2421 2395/2395 2362/2362
f 2410/2410 2370/2370 2374/2374
f 2432/2432 2427/2427 2428/2428
f 2417/2417 2393/2393 2398/2398
f 2405/2405 2416/2416 2403/2403
f 2405/2405 2357/2357 2417/2417
f 2405/2405 2417/2417 2416/2416
f 2416/2416 2415/2415 2403/2403
f 2434/2434 2435/2435 2436/2436
f 2436/2436 2435/2435 2437/2437
f 2438/2438 2417/2417 2357/2357
f 2439/2439 2440/2440 2438/2438
f 2438/2438 2357/2357 2359/2359
f 2393/2393 2417/2417 2441/2441
f 2440/2440 2442/2442 2441/2441
f 2358/2358 2438/2438 2359/2359
f 2439/2439 2438/2438 2358/2358
f 2443/2443 2444/2444 2445/2445
f 2444/2444 2435/2435 2434/2434
f 2444/2444 2434/2434 2445/2445
f 2440/2440 2441/2441 2438/2438
f 2417/2417 2438/2438 2441/2441
f 2446/2446 2447/2447 2448/2448
f 2435/2435 2449/2449 2437/2437
f 2447/2447 2393/2393 2448/2448
f 2446/2446 2448/2448 2442/2442
f 2441/2441 2448/2448 2393/2393
f 2442/2442 2448/2448 2441/2441
f 2396/2396 2393/2393 2447/2447
f 2396/2396 2447/2447 2450/2450
f 2450/2450 2447/2447 2446/2446
f 2450/2450 2446/2446 2451/2451
f 2396/2396 2452/2452 2453/2453
f 2453/2453 2452/2452 2454/2454
f 2388/2388 2396/2396 2453/2453
f 2445/2445 2434/2434 2455/2455
f 2456/2456 2457/2457 2458/2458
f 2445/2445 2459/2459 2443/2443
f 2450/2450 2451/2451 2452/2452
f 2396/2396 2450/2450 2452/2452
f 2460/2460 2453/2453 2409/2409
f 2397/2397 2381/2381 2460/2460
f 2397/2397 2460/2460 2408/2408
f 2408/2408 2460/2460 2409/2409
f 2454/2454 2409/2409 2453/2453
f 2456/2456 2461/2461 2459/2459
f 2457/2457 2456/2456 2455/2455
f 2460/2460 2388/2388 2453/2453
f 2381/2381 2388/2388 2460/2460
f 2462/2462 2463/2463 2464/2464
f 2459/2459 2445/2445 2456/2456
f 2461/2461 2458/2458 2465/2465
f 2445/2445 2455/2455 2456/2456
f 2466/2466 2462/2462 2464/2464
f 2456/2456 2458/2458 2461/2461
f 2466/2466 2464/2464 2467/2467
f 2467/2467 2464/2464 2468/2468
f 2466/2466 2467/2467 2469/2469
f 2467/2467 2470/2470 2469/2469
f 2470/2470 2471/2471 2472/2472
f 2455/2455 2473/2473 2474/2474
f 2474/2474 2475/2475 2476/2476
f 2457/2457 2472/2472 2471/2471
f 2469/2469 2477/2477 2466/2466
f 2469/2469 2476/2476 2477/2477
f 2468/2468 2470/2470 2467/2467
f 2478/2478 2471/2471 2468/2468
f 2468/2468 2471/2471 2470/2470
f 2479/2479 2430/2430 2475/2475
f 2471/2471 2478/2478 2480/2480
f 2480/2480 2478/2478 2465/2465
f 2480/2480 2465/2465 2458/2458
f 2481/2481 2473/2473 2482/2482
f 2471/2471 2480/2480 2458/2458
f 2471/2471 2458/2458 2457/2457
f 2457/2457 2455/2455 2474/2474
f 2475/2475 2430/2430 2477/2477
f 2475/2475 2481/2481 2479/2479
f 2473/2473 2481/2481 2475/2475
f 2472/2472 2474/2474 2476/2476
f 2470/2470 2476/2476 2469/2469
f 2483/2483 2426/2426 2419/2419
f 2476/2476 2475/2475 2477/2477
f 2455/2455 2434/2434 2473/2473
f 2472/2472 2476/2476 2470/2470
f 2457/2457 2474/2474 2472/2472
f 2474/2474 2473/2473 2475/2475
f 2479/2479 2484/2484 2430/2430
f 2429/2429 2430/2430 2423/2423
f 2485/2485 2486/2486 2429/2429
f 2429/2429 2486/2486 2430/2430
f 2483/2483 2487/2487 2426/2426
f 2488/2488 2489/2489 2487/2487
f 2486/2486 2485/2485 2490/2490
f 2477/2477 2486/2486 2490/2490
f 2434/2434 2436/2436 2491/2491
f 2430/2430 2484/2484 2422/2422
f 2490/2490 2463/2463 2462/2462
f 2484/2484 2419/2419 2422/2422
f 2489/2489 2428/2428 2487/2487
f 2491/2491 2488/2488 2483/2483
f 2477/2477 2462/2462 2466/2466
f 2426/2426 2487/2487 2428/2428
f 2484/2484 2483/2483 2419/2419
f 2490/2490 2485/2485 2463/2463
f 2491/2491 2483/2483 2484/2484
f 2477/2477 2490/2490 2462/2462
f 2488/2488 2491/2491 2436/2436
f 2430/2430 2486/2486 2477/2477
f 2436/2436 2489/2489 2488/2488
f 2483/2483 2488/2488 2487/2487
f 2473/2473 2434/2434 2491/2491
f 2473/2473 2491/2491 2482/2482
f 2492/2492 2431/2431 2493/2493
f 2482/2482 2484/2484 2479/2479
f 2431/2431 2489/2489 2494/2494
f 2494/2494 2489/2489 2436/2436
f 2482/2482 2491/2491 2484/2484
f 2437/2437 2449/2449 2495/2495
f 2433/2433 2431/2431 2492/2492
f 2431/2431 2494/2494 2493/2493
f 2437/2437 2495/2495 2493/2493
f 2428/2428 2489/2489 2431/2431
f 2494/2494 2437/2437 2493/2493
f 2436/2436 2437/2437 2494/2494
f 2493/2493 2495/2495 2492/2492
f 2496/2496 2497/2497 2498/2498
f 2499/2499 2500/2500 2501/2501
f 2501/2501 2500/2500 2502/2502
f 2503/2503 2497/2497 2496/2496
f 2502/2502 2500/2500 2504/2504
f 2504/2504 2500/2500 2505/2505
f 2505/2505 2500/2500 2506/2506
f 2506/2506 2500/2500 2507/2507
f 2508/2508 2509/2509 2510/2510
f 2511/2511 2509/2509 2508/2508
f 2507/2507 2500/2500 2512/2512
f 2513/2513 2511/2511 2508/2508
f 2513/2513 2508/2508 2510/2510
f 2514/2514 2515/2515 2516/2516
f 2514/2514 2517/2517 2515/2515
f 2517/2517 2514/2514 2518/2518
f 2512/2512 2500/2500 2519/2519
f 2520/2520 2521/2521 2515/2515
f 2522/2522 2523/2523 2514/2514
f 2519/2519 2500/2500 2498/2498
f 2509/2509 2500/2500 2510/2510
f 2524/2524 2500/2500 2525/2525
f 2525/2525 2500/2500 2526/2526
f 2526/2526 2500/2500 2527/2527
f 2527/2527 2500/2500 2528/2528
f 2528/2528 2500/2500 2529/2529
f 2529/2529 2500/2500 2530/2530
f 2530/2530 2500/2500 2531/2531
f 2531/2531 2500/2500 2532/2532
f 2532/2532 2500/2500 2533/2533
f 2533/2533 2500/2500 2534/2534
f 2534/2534 2500/2500 2509/2509
f 2521/2521 2516/2516 2515/2515
f 2524/2524 2535/2535 2500/2500
f 2535/2535 2536/2536 2500/2500
f 2521/2521 2522/2522 2516/2516
f 2522/2522 2514/2514 2516/2516
f 2536/2536 2537/2537 2500/2500
f 2500/2500 2538/2538 2539/2539
f 2537/2537 2540/2540 2500/2500
f 2500/2500 2541/2541 2538/2538
f 2540/2540 2542/2542 2500/2500
f 2500/2500 2543/2543 2541/2541
f 2542/2542 2544/2544 2500/2500
f 2500/2500 2545/2545 2543/2543
f 2544/2544 2546/2546 2500/2500
f 2500/2500 2546/2546 2545/2545
f 2520/2520 2515/2515 2517/2517
f 2498/2498 2500/2500 2496/2496
f 2547/2547 2511/2511 2513/2513
f 2547/2547 2548/2548 2511/2511
f 2549/2549 2500/2500 2523/2523
f 2511/2511 2548/2548 2509/2509
f 2496/2496 2500/2500 2549/2549
f 2548/2548 2550/2550 2509/2509
f 2550/2550 2534/2534 2509/2509
f 2550/2550 2533/2533 2534/2534
f 2550/2550 2551/2551 2533/2533
f 2551/2551 2532/2532 2533/2533
f 2551/2551 2552/2552 2532/2532
f 2523/2523 2500/2500 2514/2514
f 2552/2552 2531/2531 2532/2532
f 2552/2552 2553/2553 2531/2531
f 2553/2553 2530/2530 2531/2531
f 2553/2553 2554/2554 2530/2530
f 2554/2554 2529/2529 2530/2530
f 2510/2510 2500/2500 2555/2555
f 2555/2555 2500/2500 2556/2556
f 2556/2556 2500/2500 2557/2557
f 2557/2557 2500/2500 2499/2499
f 2554/2554 2558/2558 2529/2529
f 2558/2558 2528/2528 2529/2529
f 2558/2558 2559/2559 2528/2528
f 2497/2497 2519/2519 2498/2498
f 2559/2559 2527/2527 2528/2528
f 2559/2559 2560/2560 2527/2527
f 2497/2497 2561/2561 2519/2519
f 2561/2561 2512/2512 2519/2519
f 2560/2560 2526/2526 2527/2527
f 2560/2560 2562/2562 2526/2526
f 2561/2561 2563/2563 2512/2512
f 2562/2562 2525/2525 2526/2526
f 2562/2562 2564/2564 2525/2525
f 2563/2563 2507/2507 2512/2512
f 2565/2565 2523/2523 2522/2522
f 2563/2563 2566/2566 2507/2507
f 2564/2564 2524/2524 2525/2525
f 2564/2564 2567/2567 2524/2524
f 2566/2566 2568/2568 2507/2507
f 2568/2568 2506/2506 2507/2507
f 2567/2567 2535/2535 2524/2524
f 2567/2567 2569/2569 2535/2535
f 2568/2568 2505/2505 2506/2506
f 2569/2569 2536/2536 2535/2535
f 2569/2569 2570/2570 2536/2536
f 2568/2568 2571/2571 2505/2505
f 2571/2571 2504/2504 2505/2505
f 2570/2570 2537/2537 2536/2536
f 2570/2570 2572/2572 2537/2537
f 2571/2571 2502/2502 2504/2504
f 2572/2572 2540/2540 2537/2537
f 2572/2572 2573/2573 2540/2540
f 2571/2571 2574/2574 2502/2502
f 2573/2573 2542/2542 2540/2540
f 2575/2575 2576/2576 2577/2577
f 2573/2573 2578/2578 2542/2542
f 2574/2574 2501/2501 2502/2502
f 2578/2578 2544/2544 2542/2542
f 2578/2578 2579/2579 2544/2544
f 2574/2574 2580/2580 2501/2501
f 2580/2580 2499/2499 2501/2501
f 2579/2579 2546/2546 2544/2544
f 2576/2576 2549/2549 2523/2523
f 2579/2579 2581/2581 2546/2546
f 2581/2581 2545/2545 2546/2546
f 2581/2581 2582/2582 2545/2545
f 2580/2580 2583/2583 2499/2499
f 2583/2583 2557/2557 2499/2499
f 2582/2582 2543/2543 2545/2545
f 2582/2582 2584/2584 2543/2543
f 2517/2517 2575/2575 2520/2520
f 2583/2583 2556/2556 2557/2557
f 2584/2584 2541/2541 2543/2543
f 2584/2584 2585/2585 2541/2541
f 2583/2583 2586/2586 2556/2556
f 2586/2586 2555/2555 2556/2556
f 2585/2585 2538/2538 2541/2541
f 2586/2586 2587/2587 2555/2555
f 2587/2587 2510/2510 2555/2555
f 2585/2585 2539/2539 2538/2538
f 2585/2585 2500/2500 2539/2539
f 2587/2587 2513/2513 2510/2510
f 2587/2587 2547/2547 2513/2513
f 2588/2588 2503/2503 2589/2589
f 2549/2549 2576/2576 2496/2496
f 2496/2496 2576/2576 2503/2503
f 2576/2576 2589/2589 2503/2503
f 2576/2576 2523/2523 2565/2565
f 2565/2565 2522/2522 2590/2590
f 2589/2589 2576/2576 2575/2575
f 2591/2591 2565/2565 2520/2520
f 2520/2520 2565/2565 2521/2521
f 2577/2577 2576/2576 2565/2565
f 2520/2520 2577/2577 2591/2591
f 2521/2521 2590/2590 2522/2522
f 2577/2577 2565/2565 2591/2591
f 2575/2575 2577/2577 2520/2520
f 2565/2565 2590/2590 2521/2521

