# https://github.com/mikedh/trimesh
mtllib material.mtl
usemtl material_0
v -0.05772841 -0.01191648 -0.08158225
v -0.05704655 -0.01295744 -0.08698753
v -0.05740486 -0.01998806 -0.10316487
v -0.05867639 0.02233579 0.00646027
v -0.05877172 0.02235814 0.00835833
v -0.05793792 0.02483311 0.00741763
v -0.05749475 0.02473896 0.00744970
v -0.05832579 0.02228138 0.00839170
v -0.05822777 0.02227086 0.00649928
v -0.05695933 -0.02287920 -0.11430912
v -0.05642037 -0.02205035 -0.11884869
v -0.05662863 -0.02331715 -0.11896765
v -0.05697015 -0.01987386 -0.10608517
v -0.05788975 -0.00884658 -0.07139937
v -0.05700364 -0.00807840 -0.07186276
v -0.05829118 0.01674495 -0.01623730
v -0.05873527 0.01682165 -0.01627058
v -0.05868605 0.01539148 -0.01572234
v -0.05861371 0.01537576 -0.01675115
v -0.05726063 -0.02138598 -0.10772616
v -0.05587244 0.02301423 -0.02387814
v -0.05645633 0.02315961 -0.02170633
v -0.05574833 0.02478714 -0.02389733
v -0.05588425 0.02480932 -0.02189237
v -0.05805604 -0.00762480 -0.06507175
v -0.05560851 0.02438243 -0.02115007
v -0.05530001 0.02470992 -0.02386384
v -0.05722109 -0.00649788 -0.06218209
v -0.05828624 -0.00699761 -0.05900601
v -0.05593008 0.02343357 -0.02115808
v -0.05649031 0.02449511 -0.01508485
v -0.05737516 0.02202949 -0.01414789
v -0.05603639 0.02441705 -0.01505088
v -0.05692481 0.02195160 -0.01411412
v -0.05724216 0.02200020 -0.01604326
v -0.05230631 -0.03128402 -0.11305285
v -0.05427410 -0.02789263 -0.11224671
v -0.05350156 -0.02900817 -0.11787228
v -0.05206230 -0.02753151 -0.08711009
v -0.05448830 -0.02153677 -0.07426827
v -0.05384416 -0.02348860 -0.08421513
v -0.05105372 -0.03300493 -0.10782862
v -0.05330238 -0.02428164 -0.07509778
v -0.05679575 0.02192337 -0.01600984
v -0.04644316 -0.02156404 -0.05661363
v -0.04663447 -0.02306201 -0.05693741
v -0.04544472 -0.02378429 -0.06260377
v -0.04463515 -0.02270393 -0.06480005
v -0.05421990 -0.02253635 -0.07037306
v -0.04432960 -0.02464058 -0.06668516
v -0.04928325 -0.03519604 -0.10327861
v -0.05083499 -0.03258056 -0.10171302
v -0.05574602 -0.01803098 -0.07169291
v -0.04750849 -0.03708756 -0.09936467
v -0.05366332 -0.02838053 -0.10628750
v -0.04330856 -0.02383122 -0.06916980
v -0.04349763 -0.02535695 -0.06929965
v -0.04165284 -0.02711983 -0.07425950
v -0.04022778 -0.02685344 -0.07703867
v -0.05672729 -0.01476271 -0.06827795
v -0.05473248 -0.02135563 -0.08395778
v -0.04040681 -0.02838895 -0.07715399
v -0.05245771 -0.02959588 -0.10050561
v -0.03862458 -0.02850862 -0.08035654
v -0.03886775 -0.02998747 -0.08031868
v -0.04297508 -0.04293241 -0.11519285
v -0.04351736 -0.04257295 -0.11351112
v -0.04783839 -0.03720879 -0.11735234
v -0.03613547 -0.03294845 -0.08552305
v -0.03013890 -0.04019186 -0.09708996
v -0.02547189 -0.04261875 -0.10519848
v -0.04641370 -0.03947358 -0.11150569
v -0.05682508 -0.01385630 -0.07178363
v -0.05598779 -0.01754786 -0.08159454
v -0.02843185 -0.04194900 -0.10028771
v -0.02729025 -0.04294877 -0.10237733
v -0.05611347 -0.01841244 -0.08715670
v -0.02602837 -0.04386875 -0.10463414
v -0.05680018 -0.01416244 -0.07714858
v -0.05427148 -0.02650559 -0.10227759
v -0.02494894 -0.04453987 -0.10653190
v -0.02350932 -0.04525245 -0.10901082
v -0.02239859 -0.04568967 -0.11089139
v -0.04978175 -0.03465247 -0.11762600
v -0.02147244 -0.04598128 -0.11243901
v -0.01079033 -0.04375063 -0.12868708
v -0.01942550 -0.04640732 -0.11580545
v -0.05888636 0.01390062 -0.01810785
v -0.05803098 0.01759406 -0.01662747
v -0.05933609 0.01397953 -0.01814090
v -0.05847747 0.01767105 -0.01666099
v -0.05195784 0.02773553 -0.06595980
v -0.05159244 0.02634033 -0.06238379
v -0.05231636 0.02724556 -0.06096684
v -0.05101444 0.02730371 -0.07029228
v -0.05138566 0.02883296 -0.07223152
v -0.04414869 -0.04203884 -0.11141893
v -0.05092406 0.02989911 -0.07657320
v -0.04490801 -0.04121703 -0.10884711
v -0.05000464 0.03010942 -0.08108244
v -0.04953783 -0.03539320 -0.11338625
v -0.04548800 -0.04052043 -0.10694616
v -0.04914328 -0.03585318 -0.10793836
v -0.05256740 0.02712649 -0.05658349
v -0.04893181 0.03494331 -0.09187689
v -0.04611086 -0.03958106 -0.10460748
v -0.04666285 -0.03868015 -0.10259208
v -0.04817300 0.03546064 -0.09637082
v -0.05135507 -0.03268809 -0.11528301
v -0.05621412 0.02194534 -0.02388747
v -0.05705107 0.01914016 -0.02390325
v -0.05666019 0.02203476 -0.02392004
v -0.05749597 0.01921699 -0.02393661
v -0.05790998 0.01933431 -0.01154772
v -0.05780584 0.01931054 -0.01307402
v -0.05835515 0.01941123 -0.01158115
v -0.05825112 0.01938738 -0.01310748
v -0.05595983 0.02193971 -0.02740579
v -0.05576200 0.02189725 -0.03030607
v -0.05640627 0.02201703 -0.02743924
v -0.05621301 0.02197088 -0.03033974
v -0.05994814 -0.01066197 -0.02996908
v -0.05945369 -0.00657260 -0.04013778
v -0.05977680 -0.01250955 -0.03025957
v -0.05810356 -0.01196349 -0.05600044
v -0.05788396 -0.01375934 -0.05564100
v -0.06204696 -0.01280880 0.00314583
v -0.05025706 -0.03073131 -0.08804673
v -0.05765221 -0.01552982 -0.05417158
v -0.06020626 -0.01503288 -0.01879013
v -0.05737997 -0.01694373 -0.05328012
v -0.05988527 -0.01665784 -0.01875618
v -0.05951132 -0.01874212 -0.01666975
v -0.05625214 -0.01960137 -0.05623397
v -0.05794570 -0.00988860 -0.06057052
v -0.05472060 -0.02249875 -0.08948293
v -0.06194681 -0.00566670 -0.00283016
v -0.06228079 -0.01018796 0.00358540
v -0.05136209 -0.02826301 -0.08349526
v -0.06309119 -0.01384694 0.01863187
v -0.06208025 -0.01636696 0.01066263
v -0.06170717 -0.01803716 0.01082283
v -0.05766690 0.01751141 -0.02177196
v -0.05816559 0.01760007 -0.02104419
v -0.05811100 0.01758816 -0.02180512
v -0.05743285 0.02322329 -0.00136768
v -0.05705050 0.02630356 0.00145891
v -0.05787978 0.02330072 -0.00140120
v -0.05659946 0.02622702 0.00149377
v -0.05783081 0.01754747 -0.01947298
v -0.05818628 0.01611338 -0.01987484
v -0.05834784 0.01763985 -0.01848203
v -0.05255768 -0.02577461 -0.07854046
v -0.05863104 0.01618995 -0.01990809
v -0.05879736 0.01387832 -0.01936916
v -0.05828420 0.01558676 -0.02040136
v -0.05924065 0.01395495 -0.01940230
v -0.05736512 0.01592272 -0.03119410
v -0.05750450 0.01595319 -0.02930158
v -0.05810878 0.01541140 -0.02933635
v -0.05787349 0.01930538 -0.01855191
v -0.05742859 0.01922855 -0.01851867
v -0.05588342 0.02603746 -0.01579391
v -0.05543396 0.02596004 -0.01576044
v -0.05753995 0.01748317 -0.02354293
v -0.05804368 0.01757211 -0.02281567
v -0.05798963 0.01755843 -0.02357653
v -0.05831974 0.01377024 -0.02600844
v -0.05826642 0.01375848 -0.02674125
v -0.05870998 0.01383515 -0.02677458
v -0.05764419 0.01661618 -0.02525577
v -0.05713600 0.01738953 -0.02915521
v -0.05759607 0.01681352 -0.03122460
v -0.05758068 0.01746639 -0.02918846
v -0.05746537 0.01663803 -0.02747892
v -0.05821195 0.01374677 -0.02748754
v -0.04238485 -0.04322937 -0.11707186
v -0.05494111 -0.02131278 -0.06614433
v -0.05869298 0.02115479 0.00883499
v -0.05855060 0.02112127 0.00605456
v -0.05913882 0.02123191 0.00880169
v -0.05899629 0.02119849 0.00602135
v -0.05566776 -0.02025684 -0.06114865
v -0.05769432 0.02265992 -0.00023588
v -0.05797470 0.02152251 -0.00138118
v -0.05815282 0.02273846 -0.00027008
v -0.05438434 0.02571795 -0.03167590
v -0.05514898 0.02586524 -0.02694615
v -0.05484570 0.02579313 -0.03171059
v -0.05469733 0.02578640 -0.02691233
v -0.05837416 0.01378177 -0.02526004
v -0.05887265 0.01387129 -0.02458448
v -0.04924398 -0.02226662 -0.02826039
v -0.04714322 -0.02129211 -0.05142253
v -0.05181905 -0.02157919 0.00531157
v -0.04738133 -0.02277042 -0.05181915
v -0.05607632 -0.01830604 -0.06443566
v -0.05168514 -0.02013895 0.00906958
v -0.05665759 -0.01612202 -0.06434207
v -0.05412389 0.00101008 0.09262924
v -0.06216360 0.00406592 0.08476553
v -0.05450990 -0.00158538 0.09180543
v -0.06107668 0.01054123 0.08562957
v -0.06153698 0.00783856 0.08544883
v -0.05287494 0.00872315 0.09379163
v -0.05511912 -0.00599379 0.08977898
v -0.06284416 -0.00020915 0.08317257
v -0.05342079 0.00545254 0.09351057
v -0.06342074 -0.00401106 0.08068603
v -0.06311928 -0.00197225 0.08215211
v -0.05588743 -0.01274445 0.08458238
v -0.06367911 -0.00586301 0.07892881
v -0.05572478 -0.01111479 0.08613922
v -0.03481550 -0.04233818 -0.13677037
v -0.01205962 -0.04543528 -0.12740237
v -0.03578457 -0.04291984 -0.13442746
v 0.00743558 -0.02540762 -0.15310761
v -0.02129504 -0.02133500 -0.16326013
v 0.00853759 -0.02315755 -0.15425977
v -0.03378594 -0.04159362 -0.13916786
v -0.01043770 -0.04478537 -0.12982741
v 0.00583459 -0.02832076 -0.15135969
v -0.02258641 -0.02456879 -0.16126797
v -0.01650341 -0.00546465 -0.16879016
v -0.01577123 -0.00212161 -0.16923623
v -0.01017840 -0.00422089 -0.16705957
v -0.01521059 0.00085069 -0.16943985
v -0.00823402 -0.04364565 -0.13305290
v -0.00315705 -0.03983645 -0.14014485
v -0.03004872 -0.03777575 -0.14736733
v -0.02909024 -0.03652152 -0.14934953
v 0.00987883 -0.02016429 -0.15556057
v -0.01934204 -0.01575998 -0.16592683
v -0.01877941 -0.01399973 -0.16659315
v 0.00328165 -0.03234521 -0.14838712
v -0.02577855 -0.03120934 -0.15578975
v -0.02385412 -0.02736674 -0.15921451
v 0.01184681 -0.01491856 -0.15727842
v -0.01819905 -0.01193309 -0.16728348
v -0.01751571 -0.00954660 -0.16793941
v -0.04298761 0.04078107 -0.07221144
v -0.04381965 0.04006230 -0.06921969
v -0.03143768 0.03987705 -0.07173108
v -0.04456820 0.03946764 -0.06618422
v -0.03286632 0.03929700 -0.06838346
v -0.00114781 -0.03785987 -0.14282002
v -0.04584780 0.03861783 -0.05966382
v -0.03398906 0.03891581 -0.06526347
v -0.02060094 -0.01949686 -0.16423713
v -0.03535808 0.03856669 -0.06053055
v -0.03660213 0.03845531 -0.05420456
v -0.04632980 0.03840646 -0.05641410
v -0.02670644 -0.03283743 -0.15406848
v 0.00193570 -0.03419422 -0.14674172
v 0.00035462 -0.03616608 -0.14475751
v -0.00683014 0.05130486 -0.10960867
v -0.01443382 0.05197361 -0.10662843
v -0.00862868 0.05109529 -0.10680627
v -0.01088162 0.05056605 -0.10336284
v -0.02759323 0.05506215 -0.11159778
v -0.02708585 -0.04538461 -0.11751012
v -0.01784262 0.05122228 -0.10247133
v -0.01330062 0.04960973 -0.09976419
v -0.01831051 0.05031921 -0.09992965
v -0.01545687 0.04847665 -0.09662529
v -0.02213066 0.04947396 -0.09709999
v -0.02144971 0.04491182 -0.08799231
v -0.03823451 0.04535203 -0.08527207
v -0.03627451 0.04741384 -0.09006450
v -0.02565737 0.04263860 -0.08184925
v 0.01267533 -0.01235876 -0.15789221
v -0.04057040 0.04305416 -0.07942472
v -0.02733643 0.04180837 -0.07929998
v -0.04170489 0.04196576 -0.07624038
v -0.04031600 -0.04387863 -0.12285253
v -0.03929755 -0.04392985 -0.12555805
v -0.04111645 -0.04372191 -0.12063542
v -0.02317214 -0.04547603 -0.12375890
v -0.03830231 -0.04382331 -0.12815329
v -0.03738734 -0.04357972 -0.13051826
v -0.02816440 -0.03519173 -0.15120843
v -0.01686618 -0.04645759 -0.11994258
v -0.02536012 0.05559895 -0.11761442
v -0.00435616 0.05121770 -0.11355776
v -0.00285587 0.05097793 -0.11600351
v -0.02676765 0.05536778 -0.11376870
v -0.01363520 -0.04593858 -0.12500857
v -0.02082301 -0.04544963 -0.12521090
v -0.03344259 0.05048064 -0.09695796
v 0.00472317 -0.03016271 -0.15008906
v 0.01359871 -0.00908900 -0.15847242
v -0.02875757 0.05445245 -0.10854499
v -0.02989881 0.05369427 -0.10564139
v -0.03124077 0.05262062 -0.10228891
v -0.00576667 -0.04200541 -0.13655691
v -0.03237906 -0.04033774 -0.14237925
v 0.01431654 -0.00616410 -0.15881774
v 0.00525502 0.04476932 -0.13041797
v -0.01606381 0.04681541 -0.09612899
v 0.01501200 -0.00276868 -0.15900406
v -0.01470440 0.00364670 -0.16947497
v -0.02749035 0.04038620 -0.07951192
v -0.03122423 0.03861258 -0.07277948
v -0.03499066 0.03720908 -0.06292765
v -0.03661939 0.03697625 -0.05570027
v -0.05867912 0.01385236 -0.02102287
v -0.05912261 0.01392895 -0.02105613
v -0.05634901 0.02614545 -0.00891563
v -0.05808295 0.02175383 -0.00611488
v -0.05653805 0.02618693 -0.00607170
v -0.05324383 0.02719125 -0.04657742
v -0.05100419 0.03093074 -0.05619138
v -0.05745715 0.02640057 0.00819095
v -0.05684449 0.03162539 0.02374380
v -0.05717630 0.02633096 0.00334650
v -0.05849763 0.02697155 0.02524959
v -0.05247298 0.03932502 0.01802111
v -0.05157388 0.03923122 0.00671098
v -0.05344293 0.03753954 0.01618674
v -0.05685912 0.02626150 -0.00137404
v -0.05453657 0.03579809 0.01759307
v -0.05406438 0.03415290 0.00281176
v -0.05844913 0.01943952 -0.01033326
v -0.05507544 0.03189195 0.00322212
v -0.05771945 0.01926601 -0.02077126
v -0.05585326 0.02310774 -0.03033126
v -0.05526191 0.02589581 -0.02528882
v -0.05532575 0.02469028 -0.03031719
v -0.05624945 0.03337431 0.02499230
v -0.05604702 0.02314951 -0.02743093
v -0.05580288 0.02604638 -0.01024551
v -0.05625261 0.02612398 -0.01027905
v -0.05913408 0.01120776 -0.02983477
v -0.05907281 0.01391942 -0.02181761
v -0.05589520 0.02606704 -0.00888063
v -0.05740577 0.01919750 -0.02533905
v -0.02501309 0.00008902 -0.16634130
v -0.02846912 0.00297216 -0.16495392
v -0.02588821 0.00431257 -0.16599816
v -0.04388106 0.00268954 -0.15615590
v -0.04812854 0.00333239 -0.15305966
v -0.04313073 0.00568369 -0.15664719
v -0.05921216 0.01961184 0.00162253
v -0.05902777 0.01956955 -0.00142610
v -0.05893863 0.01954972 -0.00282867
v -0.05791317 0.01754101 -0.02457414
v -0.01929502 -0.00460685 -0.16804372
v -0.02146328 -0.00111730 -0.16758251
v -0.05783084 0.01752295 -0.02571619
v -0.05860723 0.01381276 -0.02822806
v -0.03132821 0.00528703 -0.16359301
v -0.05793753 0.01433793 -0.02909313
v -0.04670050 0.01150839 -0.15332985
v -0.05881037 0.01951566 -0.00482132
v -0.05899534 0.01390066 -0.02282714
v -0.05764999 0.01748367 -0.02821630
v -0.05598338 0.02605860 -0.01431008
v -0.03996193 0.00672854 -0.15870290
v -0.06183327 0.01178305 0.00922490
v -0.03925640 0.00091819 -0.15920712
v -0.05970702 0.01973219 0.01092883
v -0.05871675 0.01949514 -0.00622926
v -0.05718309 0.02382458 -0.00899897
v -0.05853246 0.01945514 -0.00903155
v -0.05799608 0.01493298 -0.02636775
v -0.05773256 0.01750128 -0.02707644
v -0.05894116 0.01388881 -0.02358805
v -0.05704134 0.01911465 -0.03035418
v -0.05863575 0.01225194 -0.03297275
v -0.02239849 0.00401245 -0.16727570
v -0.03638153 0.00021953 -0.16088617
v -0.06165657 0.01326517 0.01252868
v -0.05415097 0.02511015 -0.04449723
v -0.05694177 0.01909253 -0.03175740
v -0.03758276 0.00666360 -0.16015719
v -0.03360403 0.00417395 -0.16249073
v -0.03370205 0.00014177 -0.16237025
v -0.01936491 0.00362107 -0.16826056
v -0.05737758 0.01742187 -0.03198346
v -0.05778239 0.01430401 -0.03119918
v -0.05752549 0.01530426 -0.03119564
v -0.05687925 0.01753024 -0.03779242
v -0.05738261 0.02638251 0.00670400
v -0.02963151 -0.00413683 -0.16400442
v -0.05953698 0.02351927 0.04789758
v -0.05989767 0.02593974 0.04222585
v -0.05875314 0.02533852 0.03885265
v -0.06057123 0.02442789 0.04890228
v -0.05833088 0.01375035 -0.03199589
v -0.06294607 0.01587467 0.05709319
v -0.06201883 0.01964640 0.05588015
v -0.06124680 0.01766092 0.05499357
v -0.06127096 0.02230722 0.05345267
v -0.05982296 0.02267116 0.05015736
v -0.05651275 0.02342012 -0.01973978
v -0.05571484 0.02560135 -0.02033492
v -0.05789090 0.02614743 0.02495469
v -0.05940931 0.02660620 0.03690559
v -0.06039665 0.02080622 0.05302522
v -0.06240799 0.01228057 0.05582198
v -0.05791433 0.02369630 0.00070685
v -0.05775405 0.02090497 -0.01370548
v -0.05756412 0.02086325 -0.01648209
v -0.05853809 0.01768337 -0.01585560
v -0.05797746 0.01932794 -0.01706415
v -0.05959636 0.01403551 -0.01435709
v -0.05962203 0.01971201 0.00940080
v -0.05677660 0.02221960 -0.02147324
v -0.05934723 0.01965136 0.00394993
v -0.05827146 0.01941823 -0.00619592
v -0.05670765 0.02374882 -0.00896620
v -0.05941682 0.01966428 0.00543870
v -0.04576336 0.04028251 -0.11884023
v -0.04885580 -0.00037016 -0.15224588
v -0.04573549 0.04147356 -0.11696089
v -0.04522964 0.04163385 -0.12142804
v -0.05554701 0.02473831 -0.02695736
v -0.05676939 0.02623950 -0.00277630
v -0.04990249 -0.00525771 -0.15041240
v -0.05827538 0.01762425 -0.01950633
v -0.04473002 0.04108886 -0.12656951
v -0.05589925 -0.02332605 -0.12518153
v -0.05662722 0.02620566 -0.00476794
v -0.05075086 -0.00888301 -0.14842999
v -0.04439323 0.03972327 -0.13151263
v -0.05886197 0.01477588 -0.01547976
v -0.05875576 0.01475275 -0.01698703
v -0.05815695 0.01589527 -0.02101700
v -0.05550463 -0.02292313 -0.12801194
v -0.05641403 0.02164154 -0.02247568
v -0.04421349 0.03749391 -0.13637698
v -0.05738652 0.01744622 -0.02568304
v -0.05746892 0.01746430 -0.02454107
v -0.05190701 -0.01332976 -0.14499351
v -0.05889321 0.01956927 0.00398251
v -0.05692210 0.02630484 0.00673902
v -0.05497403 -0.02205944 -0.13133223
v -0.05925997 0.01965530 0.01096187
v -0.05701089 0.02632363 0.00822361
v -0.04419117 0.03540035 -0.13967329
v -0.05242654 -0.01514099 -0.14317268
v -0.04424630 0.03346093 -0.14207260
v -0.05423947 -0.02046543 -0.13534226
v -0.05617755 0.02612771 -0.00473440
v -0.05836505 0.01943870 -0.00478809
v -0.04438400 0.03085826 -0.14473601
v -0.05320199 -0.01762541 -0.14012966
v -0.04464912 0.02748959 -0.14742894
v -0.04490241 0.02491834 -0.14904569
v -0.04528129 0.02155498 -0.15074477
v -0.05727444 0.01918916 -0.02073799
v -0.04582222 0.01739623 -0.15221918
v -0.05480497 0.02581455 -0.02525445
v -0.05557823 0.02477006 -0.01969913
v -0.06087144 0.01943038 0.07785255
v -0.06018675 0.02501785 0.07049943
v -0.06208904 0.01755098 0.07205482
v -0.05901281 0.02942062 0.06509624
v -0.05898426 0.03005043 0.05416010
v -0.06031345 0.02615876 0.05948469
v -0.05901230 0.02848727 0.07004795
v -0.06140747 0.01275481 0.08267079
v -0.06050635 0.01782850 0.08196291
v -0.06162332 0.01557357 0.07862353
v -0.05985935 0.02747936 0.05346608
v -0.05858654 0.03009241 0.04266487
v -0.05727513 0.03297765 0.03846132
v -0.05646148 0.03424171 0.07003205
v -0.05614464 0.03535425 0.06683366
v -0.05787238 0.03237665 0.06255793
v -0.06093960 0.01286755 0.01262947
v -0.06053149 0.02513660 0.06450358
v -0.05281026 0.02622635 -0.04587033
v -0.05509873 0.02466065 -0.02692392
v -0.05487657 0.02461298 -0.03028379
v -0.05730832 0.02082768 -0.01367207
v -0.05753245 0.01925103 -0.01703095
v -0.05858267 0.01949270 -0.00139275
v -0.05803822 0.03231646 0.05644080
v -0.05719184 0.03390847 0.04656190
v -0.05872259 0.02381407 0.08284451
v -0.05843021 0.02537198 0.08188055
v -0.06001537 0.02285024 0.07742720
v -0.06133506 0.02172608 0.06847243
v -0.05915244 0.01395885 -0.01432398
v -0.06280229 0.01652994 0.06432357
v -0.05739002 0.01923290 -0.01906220
v -0.05744883 0.02361852 0.00073911
v -0.05930693 0.02065964 0.08422712
v -0.05672333 0.02625397 0.00338117
v -0.05876582 0.01953469 0.00165614
v -0.06002408 0.01662513 0.08524114
v -0.06235188 0.01177466 0.07864461
v -0.05689853 0.03255821 0.07370955
v -0.05608836 0.02610945 -0.00603793
v -0.05808230 0.01937717 -0.00899752
v -0.06361723 0.01254398 0.06401905
v -0.06340635 0.01173104 0.07067524
v -0.05695190 0.01911854 -0.02530505
v -0.05760276 0.02165149 -0.00607751
v -0.05649637 0.01901567 -0.03172404
v -0.05659662 0.01903781 -0.03032099
v -0.05886749 0.01389361 -0.01838396
v -0.05722876 0.03115161 0.07601799
v -0.05855184 0.01382408 -0.02279388
v -0.05553373 0.02598070 -0.01427648
v -0.05886723 0.01955794 0.00347317
v -0.05540534 0.02303051 -0.03029781
v -0.05559999 0.02307255 -0.02739747
v -0.05799386 0.01935771 -0.01029927
v -0.05917709 0.01963517 0.00943417
v -0.06287289 0.01205395 0.07494235
v -0.05809518 0.01371894 -0.02909466
v -0.05602825 0.03633822 0.05361984
v -0.05790453 0.02799987 0.07978304
v -0.05769051 0.02904139 0.07870898
v -0.05808751 0.01760587 -0.01582210
v -0.05693213 0.01734501 -0.03194990
v -0.05454569 0.03864789 0.04724856
v -0.05390942 0.03913032 0.03821817
v -0.05494976 0.03738009 0.03653163
v -0.05772165 0.01239103 -0.03362084
v -0.06053572 0.01369470 0.08557920
v -0.05631152 0.02616274 -0.00274215
v -0.05625754 0.03557023 0.04331100
v -0.05849353 0.01947279 -0.00279543
v -0.05640726 0.02618403 -0.00134017
v -0.05511593 0.03785197 0.05496356
v -0.05849687 0.01381210 -0.02355478
v -0.05788458 0.01367310 -0.03196142
v -0.05711815 0.02078630 -0.01644902
v -0.05606370 0.03449667 0.02947693
v -0.05549332 0.03710479 0.05967283
v -0.05466930 0.03683393 0.02687845
v -0.05338079 0.03930877 0.03066627
v -0.05586504 0.03614899 0.06405287
v -0.04685322 0.03846326 -0.05149546
v -0.03713256 0.03850533 -0.04940756
v -0.04947612 0.03897087 -0.01862142
v -0.04140661 0.03927781 0.00532141
v -0.05817391 0.01121088 -0.03166230
v -0.05836612 0.01087910 -0.03022792
v -0.06109007 0.01142353 0.00899167
v -0.05626498 0.02262022 -0.02022809
v -0.05633481 0.02213913 -0.02139544
v -0.05105515 0.01700853 0.09166107
v -0.05230602 0.01203488 0.09374894
v -0.05111886 0.01863024 0.09276805
v -0.05066898 0.02099247 0.09208326
v -0.05006891 0.02399257 0.09087393
v -0.04922954 0.02629615 0.08796396
v -0.04943606 0.02700052 0.08926927
v -0.04891363 0.02936339 0.08763348
v -0.06479990 0.00278175 0.06545518
v -0.06401744 0.00948221 0.06657760
v -0.06446210 0.00667736 0.06274904
v -0.04850105 0.03112851 0.08615609
v -0.04808361 0.03283800 0.08450504
v -0.06390533 -0.00335423 0.07767801
v -0.04653212 0.03691013 0.07511134
v -0.04749712 0.03504245 0.08176236
v -0.04705916 0.03652300 0.07938100
v -0.06473833 -0.01237410 0.05774205
v -0.06434564 -0.01290397 0.06580316
v -0.06506278 -0.00944035 0.05952100
v -0.04641248 0.03837544 0.07521231
v -0.06387262 -0.00718154 0.07734454
v -0.06452023 -0.00357679 0.07291926
v -0.06513286 -0.00927250 0.05434288
v -0.06528279 -0.00613722 0.05794762
v -0.06517384 -0.00762740 0.04964217
v -0.04599828 0.03928927 0.07189185
v -0.06471346 -0.00987231 0.03966162
v -0.04567131 0.03981225 0.06886114
v -0.04553410 0.03875028 0.06544082
v -0.06315366 0.00392016 0.08007900
v -0.06444770 0.00049065 0.07256720
v -0.04501022 0.04041228 0.06069975
v -0.06496680 -0.00831401 0.06471184
v -0.06465195 -0.00694173 0.07060201
v -0.06451936 -0.00805621 0.03492915
v -0.06385460 -0.00441413 0.02593237
v -0.06396022 -0.00914586 0.02599806
v -0.04436443 0.04037087 0.05098367
v -0.06511100 -0.00587317 0.04732809
v -0.06525148 -0.00385224 0.05415672
v -0.06490061 -0.00105281 0.04839988
v -0.04236352 0.03957634 0.01977576
v -0.04180810 0.03791908 0.00983293
v -0.06375015 0.00771914 0.07301488
v -0.06457491 0.00276311 0.06953060
v -0.05344903 0.00298164 0.09161711
v -0.06493250 0.00196378 0.06094722
v -0.06437090 0.00724239 0.05696484
v -0.06482127 0.00199740 0.05424589
v -0.05480727 -0.00633785 0.08792198
v -0.06469703 -0.00293440 0.04016468
v -0.06318510 -0.01735655 0.03235488
v -0.06441351 -0.01376738 0.04374665
v -0.06330910 -0.01530056 0.02577943
v -0.06362921 -0.01691149 0.04007243
v -0.06488115 -0.00085436 0.06814490
v -0.05608915 -0.01534169 0.08142309
v -0.05578690 -0.01683427 0.07594600
v -0.05616916 -0.01733681 0.07809226
v -0.06433535 -0.01426335 0.06060434
v -0.05616846 -0.01828518 0.07601285
v -0.05612763 -0.01903576 0.07387926
v -0.05594707 -0.02018481 0.06900836
v -0.05531615 -0.01950796 0.06261310
v -0.05553519 -0.02101154 0.06094538
v -0.05501655 -0.02125408 0.05257631
v -0.06357536 0.00558215 0.07638640
v -0.05293218 -0.02141490 0.02169360
v -0.03722404 0.03701678 -0.05081458
v -0.06524605 -0.00310678 0.06045406
v -0.04726336 0.03992640 0.05249641
v -0.05105458 0.03929947 0.04768544
v -0.04840855 0.03951230 0.05991674
v -0.04700757 0.03986157 0.04250156
v -0.05097689 0.03944966 0.03643868
v -0.06424017 -0.01090530 0.07116036
v -0.06401653 -0.00863384 0.07537878
v -0.04983361 0.03953740 0.04434580
v -0.06424615 -0.01523803 0.05537879
v -0.06479797 -0.01210761 0.04991804
v -0.06404523 -0.01603839 0.04972557
v -0.04823099 0.03963094 0.03251091
v -0.06385642 -0.01165619 0.02628930
v -0.06384833 -0.01653498 0.04491458
v 0.00773492 0.04338690 -0.13509417
v 0.01029678 0.03782908 -0.14013802
v 0.00985809 0.04010794 -0.13937420
v 0.01592065 0.01264992 -0.15550120
v 0.01620311 0.01006774 -0.15749548
v 0.01620769 0.01306388 -0.15670198
v -0.00128298 0.05050731 -0.11867049
v 0.00148976 0.04920365 -0.12349346
v 0.00323629 0.04801673 -0.12662311
v 0.00568691 0.04582519 -0.13115312
v 0.00661433 0.04479244 -0.13292027
v 0.01068584 0.03855852 -0.14111561
v 0.01139709 0.03707532 -0.14264378
v 0.01282287 0.03350035 -0.14587659
v 0.01342636 0.03005611 -0.14705841
v 0.01405331 0.02947800 -0.14892013
v 0.01454485 0.02746865 -0.15023582
v 0.01551054 0.01952384 -0.15305924
v 0.01525280 0.02387963 -0.15230957
v -0.06008072 -0.01779703 0.06052387
v -0.05905639 -0.01874011 0.05796463
v -0.06047770 -0.01817589 0.05083168
v 0.01564736 0.02113461 -0.15366863
v -0.05710379 -0.02008995 0.04700828
v 0.01591019 0.01867145 -0.15474701
v -0.05680477 -0.02008916 0.03554461
v 0.01612058 0.01559895 -0.15589438
v 0.01614604 0.00805974 -0.15793344
v -0.06040363 -0.01712547 0.06379176
v 0.01598421 0.00524639 -0.15842341
v 0.01533081 0.00177310 -0.15742280
v 0.01575577 0.00271174 -0.15873332
v 0.01541742 -0.00014206 -0.15894850
v -0.05878712 -0.01923067 0.02871698
v 0.01212365 -0.01313902 -0.15635629
v 0.00910148 -0.02115944 -0.15376763
v -0.06261356 -0.01769717 0.02325976
v -0.00513737 -0.04050587 -0.13668163
v 0.00443072 -0.02986469 -0.14879878
v -0.06327450 0.00587818 0.05507651
v 0.01390140 -0.00651934 -0.15737538
v -0.06344887 0.00376604 0.05408414
v -0.06357689 0.00139559 0.05169748
v -0.06362575 -0.00008442 0.04874751
v -0.06354799 -0.00204027 0.04104660
v -0.05728838 0.01742458 -0.02704313
v -0.03128031 -0.02564435 -0.15573607
v -0.03695886 -0.02340591 -0.15296763
v -0.03446570 -0.02031404 -0.15647553
v -0.04350501 -0.03905181 -0.12729338
v -0.06292983 -0.00398628 0.02366393
v -0.03132822 -0.03349507 -0.15018098
v -0.02898366 -0.02918668 -0.15506169
v -0.04794186 -0.01834147 -0.14608677
v -0.03097525 -0.01992509 -0.15889575
v -0.03569157 -0.01515105 -0.15793082
v -0.04891216 -0.02168129 -0.14231716
v -0.04762241 0.03812577 -0.10125235
v -0.03436439 -0.01223244 -0.15976255
v -0.03924286 -0.01283402 -0.15639119
v -0.04126630 -0.00910578 -0.15616910
v -0.04004312 -0.03955815 -0.13330957
v -0.04393347 -0.03576985 -0.13278042
v -0.04015004 -0.03754651 -0.13630842
v -0.04651909 0.04044550 -0.10976573
v -0.04707113 0.03934849 -0.10538535
v -0.04105417 -0.00353656 -0.15756071
v -0.03903415 -0.00697858 -0.15825045
v -0.04404864 -0.00318109 -0.15550362
v -0.04323627 -0.00031053 -0.15645884
v -0.03298090 -0.02906717 -0.15229940
v -0.03405629 -0.03428090 -0.14713798
v -0.03735312 -0.02839438 -0.14918098
v -0.04407906 -0.03237427 -0.13753508
v -0.02857797 -0.02460442 -0.15802732
v -0.02571604 -0.02333493 -0.16027005
v -0.02780567 -0.01739168 -0.16167974
v -0.04722270 -0.01420368 -0.14927088
v -0.04158636 -0.02764291 -0.14568201
v -0.04590751 -0.02578325 -0.14238268
v -0.02620964 -0.00529106 -0.16540068
v -0.02628875 -0.01226976 -0.16400109
v -0.02965524 -0.00679162 -0.16359836
v -0.05897157 0.01958738 0.00547215
v -0.02215644 -0.01290322 -0.16561337
v -0.02293206 -0.01637068 -0.16432504
v -0.05977182 -0.00567738 -0.02393544
v -0.04357909 -0.03097656 -0.13994926
v -0.03065143 -0.01396357 -0.16134869
v -0.05720591 0.01742095 -0.02818311
v -0.03971093 -0.03251129 -0.14307320
v -0.01070545 0.05233063 -0.12416337
v -0.02251203 0.05524126 -0.12543175
v -0.02371103 0.05556194 -0.12206502
v -0.02216280 -0.00968322 -0.16630559
v -0.03589061 -0.00774929 -0.16005169
v -0.02141330 0.05470635 -0.12854463
v -0.01482375 0.05347328 -0.11778776
v -0.03846949 -0.03699845 -0.13938501
v -0.01987572 0.05351045 -0.13318485
v -0.00760371 0.05002794 -0.13174999
v -0.01909379 0.05267911 -0.13561417
v -0.05262373 -0.02873575 -0.12432832
v -0.05282973 -0.02956448 -0.12047902
v -0.03768645 -0.00412999 -0.15963700
v -0.04565708 -0.02237072 -0.14562976
v -0.03360659 -0.00957613 -0.16093570
v -0.05018380 -0.03210025 -0.12469975
v -0.05136230 -0.02750703 -0.13095838
v -0.04817805 -0.03533027 -0.12292238
v -0.02730387 0.05423126 -0.12032091
v -0.03758488 -0.03603733 -0.14164536
v -0.02141163 0.00884494 -0.16705908
v -0.01762891 0.01586230 -0.16669513
v -0.01699203 0.01054377 -0.16811493
v -0.04002728 -0.02448746 -0.14968541
v -0.02313515 0.01198989 -0.16588920
v -0.02786505 0.01083522 -0.16429037
v -0.02578458 0.01534110 -0.16403702
v -0.04297795 -0.02243176 -0.14835446
v -0.03077624 0.01093259 -0.16298793
v -0.04827412 -0.03296816 -0.12844864
v -0.02991459 0.04917715 -0.13200387
v -0.03307372 0.04863283 -0.12878278
v -0.02805294 0.05265303 -0.12518519
v -0.05115453 -0.02626496 -0.13344730
v -0.03551161 0.00917602 -0.16094472
v -0.03287249 0.05014896 -0.12441159
v -0.04742487 -0.03718478 -0.11980544
v -0.02515097 0.02368285 -0.16112745
v -0.02180326 0.02040794 -0.16382630
v -0.02631002 0.01869207 -0.16273591
v -0.03664773 -0.03490506 -0.14394529
v -0.01406147 0.00792549 -0.16923630
v -0.04411799 -0.01600078 -0.15119962
v -0.02177115 0.02399456 -0.16231909
v -0.01373769 0.01052685 -0.16892253
v -0.01340444 0.01376020 -0.16835797
v -0.03665233 -0.03256257 -0.14626695
v -0.04127422 0.01163068 -0.15701833
v -0.03224863 -0.00403697 -0.16272612
v -0.04624439 -0.01033313 -0.15186387
v -0.03877525 0.04732860 -0.11870478
v -0.03894065 0.04593127 -0.12495343
v -0.03584530 0.01348136 -0.15980993
v -0.03870922 0.01118573 -0.15872297
v -0.03889443 0.01598287 -0.15729792
v -0.04083768 0.04586226 -0.11667155
v -0.03578659 0.01667073 -0.15887259
v -0.04400581 -0.04129827 -0.11860798
v -0.04416957 -0.03966543 -0.12390506
v -0.02120723 0.01757797 -0.16504292
v -0.05048990 -0.02495032 -0.13654561
v -0.03110240 0.01645523 -0.16135900
v -0.03601402 0.02155482 -0.15675479
v -0.02883834 0.02167854 -0.16042864
v -0.04345358 -0.01404323 -0.15270141
v -0.04677876 -0.03366757 -0.13065940
v -0.03057144 0.02520693 -0.15785053
v -0.01290030 0.02258297 -0.16571823
v -0.02495296 0.02653613 -0.15975241
v -0.01731376 0.02324333 -0.16419351
v -0.04597207 -0.03599595 -0.12794320
v -0.03823194 -0.01999514 -0.15394218
v -0.04972157 -0.02373594 -0.13917348
v -0.03439463 0.02614320 -0.15525012
v -0.04751737 -0.02786313 -0.13788591
v -0.04485969 -0.00717532 -0.15402192
v -0.04607341 -0.03228282 -0.13435350
v -0.01289341 0.02724534 -0.16361812
v -0.01609307 0.02869025 -0.16191480
v -0.01295763 0.02940196 -0.16245720
v -0.04089239 0.01912838 -0.15484889
v -0.03763393 0.02330690 -0.15491833
v -0.03046128 0.02774956 -0.15644208
v -0.03841602 0.03130096 -0.14901192
v -0.03809674 0.03541357 -0.14532468
v -0.02561213 0.02902625 -0.15803090
v -0.03812710 0.03704903 -0.14342998
v -0.03966676 -0.01680165 -0.15444402
v -0.02118618 0.02905392 -0.15987654
v -0.03878631 0.04027646 -0.13832824
v -0.03853459 0.04230725 -0.13509852
v -0.03685437 0.04672649 -0.12728004
v -0.03895593 0.04364467 -0.13163406
v -0.01683327 0.03168577 -0.15989375
v -0.02588148 0.03146555 -0.15630068
v -0.03547159 0.04923456 -0.12134465
v -0.02102577 0.03188097 -0.15816940
v -0.03044199 0.03250891 -0.15314735
v -0.02140003 0.03466260 -0.15602474
v -0.01352492 0.03615076 -0.15796173
v -0.03452998 0.02969007 -0.15284713
v -0.02633244 0.03405040 -0.15417549
v -0.03599079 0.04950495 -0.11776145
v -0.01409839 0.03992756 -0.15469955
v -0.01390034 0.03866681 -0.15585966
v -0.01318438 0.01684430 -0.16762425
v -0.04017747 0.02495679 -0.15235347
v -0.03769552 0.02916630 -0.15118325
v -0.01298656 0.01979667 -0.16672772
v -0.02191444 0.03718813 -0.15375990
v -0.02799255 0.03690790 -0.15082140
v -0.01286789 0.02503695 -0.16467533
v -0.02220017 0.03986991 -0.15116672
v -0.03492773 0.03506115 -0.14809056
v -0.05237135 0.03123974 -0.03604094
v -0.05011850 0.03274672 -0.05633347
v -0.05148819 0.03421779 -0.02926834
v -0.01490591 0.04356728 -0.15089430
v -0.01537807 0.04519926 -0.14890638
v -0.05074168 0.03732529 -0.01667464
v -0.01322709 0.03343828 -0.15994023
v -0.01933291 0.04540803 -0.14667781
v -0.04849610 0.03607264 -0.05253645
v -0.03077245 0.03867504 -0.14730616
v -0.02659119 0.04037801 -0.14820702
v -0.04926337 0.03459223 -0.05446192
v -0.02964275 0.04165120 -0.14466959
v -0.01945115 0.04736903 -0.14406082
v -0.02734897 0.04502017 -0.14191543
v -0.02385881 0.04706444 -0.14155151
v -0.02446203 0.04833541 -0.13909453
v -0.01825085 0.05153244 -0.13840853
v -0.02821333 0.04629130 -0.13926402
v -0.04968340 0.03168873 -0.06925339
v -0.03929932 0.04712342 -0.10947157
v -0.03983522 0.04629422 -0.10448570
v -0.03700139 0.04849178 -0.10253131
v -0.01446927 0.04177421 -0.15286191
v -0.03372780 0.05095415 -0.10236907
v -0.03574228 0.04991913 -0.10919785
v -0.02458452 0.05005461 -0.13595262
v -0.04286004 0.04077306 -0.07989515
v -0.04532430 0.03812311 -0.07086852
v -0.03810770 0.04816472 -0.11465300
v -0.04212112 0.04478717 -0.11257848
v -0.04527324 0.03855454 -0.08703337
v -0.04747815 0.03541720 -0.08323828
v -0.04611444 0.03692336 -0.08017702
v -0.04769041 0.03575393 -0.08790320
v -0.04557382 0.03869698 -0.09079435
v -0.03276271 0.05194541 -0.10700518
v -0.03489679 0.04083515 -0.14142060
v -0.01587177 0.04668489 -0.14691122
v -0.03166478 0.04381868 -0.14003992
v -0.03827149 0.04571771 -0.08912730
v -0.03814539 0.03894814 -0.14097755
v -0.04419967 0.04141092 -0.09899770
v -0.04339611 0.04087802 -0.08910394
v -0.02646321 0.05255730 -0.12805021
v -0.02296792 0.05301065 -0.13122810
v -0.04022492 0.04389016 -0.08804630
v -0.01640613 0.04806248 -0.14485829
v -0.03547737 0.05010764 -0.11459856
v -0.04047815 0.04508931 -0.09908563
v -0.04187604 0.04233311 -0.08822872
v -0.03496785 0.04335228 -0.13751449
v -0.01707920 0.04950986 -0.14244032
v -0.04911921 0.03297980 -0.06570279
v -0.04733140 0.03574523 -0.06677677
v -0.01765155 0.05057486 -0.14043035
v -0.03273074 0.04680926 -0.13359566
v -0.03302598 0.05184980 -0.11139510
v -0.04738608 0.03512309 -0.07360946
v -0.03241498 0.05144612 -0.12008205
v -0.03102709 0.05293616 -0.11531714
v -0.04569640 0.03740782 -0.07568918
v -0.04251988 0.04411838 -0.10752419
v -0.00539510 0.02090544 -0.16313191
v -0.00409097 0.03304383 -0.15554403
v -0.00704199 0.03002388 -0.15922178
v -0.05447767 -0.01506466 -0.05876447
v -0.05654256 -0.01054319 -0.05864844
v -0.05209210 -0.01855800 -0.07371259
v 0.04641821 -0.03860438 0.10874795
v 0.05414366 -0.03094776 0.11330907
v 0.04912833 -0.03840299 0.11445285
v 0.04332759 -0.04334320 0.11238042
v 0.03534480 -0.04693071 0.10611063
v 0.04234386 -0.03972683 0.10352091
v 0.04328013 -0.03421858 0.09760477
v 0.06251199 -0.01731578 0.12146850
v 0.06264566 -0.01019491 0.11415696
v 0.06431088 -0.00602621 0.11852339
v 0.03693664 -0.03589388 0.09183334
v 0.03303892 -0.04227919 0.09543759
v 0.00867835 0.05551181 0.15463206
v 0.04998578 -0.02775357 0.16860457
v 0.05445515 -0.01849797 0.16927627
v 0.01479439 -0.04147869 0.08158841
v 0.02130392 -0.04110523 0.08445005
v 0.01519755 -0.04491779 0.08638692
v 0.06015373 -0.01490235 0.10994688
v 0.05725338 -0.02726909 0.11642390
v 0.05521062 -0.02577614 0.10848603
v 0.00124092 0.05548757 0.15280750
v -0.00949575 0.05354829 0.15026179
v 0.05368914 -0.01968212 0.10014275
v 0.03253823 -0.02860921 0.08166037
v 0.03037871 -0.03561670 0.08535076
v 0.02659799 -0.03118188 0.07875677
v 0.04934318 -0.01700702 0.09262448
v 0.05638063 -0.00978323 0.09975744
v 0.04457914 -0.03529323 0.16762508
v -0.01514156 0.05153780 0.14896865
v 0.05337379 -0.00707026 0.09458486
v 0.04824973 -0.01127621 0.08935916
v 0.04049136 -0.01342206 0.08216470
v 0.04036239 -0.02169683 0.08494077
v 0.03364729 -0.01737462 0.07740854
v 0.04936772 -0.03024984 0.10234307
v 0.03258611 -0.04579597 0.16516590
v -0.02691639 0.04471779 0.14639267
v 0.06059882 -0.02276243 0.12231530
v 0.01746682 -0.03605552 0.07715938
v -0.03684751 0.03494107 0.14440534
v 0.01919626 -0.05200822 0.16216528
v 0.03070746 -0.04816633 0.10283265
v 0.04719116 -0.02773269 0.09659737
v 0.02482046 -0.04943556 0.09991790
v -0.04020744 0.03016603 0.14380039
v 0.01959726 -0.03208614 0.07497290
v 0.01714073 0.05422590 0.15676828
v 0.03179905 0.04827576 0.16064020
v 0.00290953 -0.05426379 0.15827116
v -0.04509632 0.02035896 0.14305235
v 0.02474883 -0.02420345 0.07322225
v -0.04748125 0.01254198 0.14282688
v -0.00704079 -0.05308973 0.15577538
v 0.01958730 -0.04978130 0.09750441
v 0.01353414 -0.04897658 0.09375638
v -0.04885476 0.00004025 0.14306566
v 0.03742376 0.04438196 0.16219954
v -0.04762740 -0.01165093 0.14390524
v -0.02111207 -0.04779502 0.15207811
v 0.04795254 0.03325823 0.16529666
v 0.00756685 -0.01737628 0.05964308
v -0.00798247 -0.02430052 0.05283116
v 0.00060159 -0.02873487 0.06214008
v -0.00749254 -0.03613833 0.06611546
v -0.01157146 -0.03748730 0.06693593
v 0.05420011 0.02159841 0.16736594
v -0.02501699 -0.03019524 0.04881784
v -0.00482598 -0.01826788 0.05156900
v 0.00785579 -0.04751007 0.08955633
v -0.01449612 -0.01909636 0.04405910
v -0.03124614 -0.04049434 0.14925449
v -0.04312491 -0.02466242 0.14560981
v 0.05693228 0.01217044 0.16847192
v -0.00682015 -0.02972700 0.05859923
v -0.00150493 -0.01298866 0.05233968
v 0.05791790 -0.00183419 0.16935878
v 0.05690989 -0.00974960 0.16947579
v -0.03365540 -0.02632537 0.03528678
v -0.04165675 -0.02361855 0.01608915
v -0.03589609 -0.02206334 0.01742789
v -0.02106209 -0.01605153 0.03536351
v -0.02034492 -0.02037861 0.03922600
v -0.02674175 -0.01984532 0.03058451
v -0.03647140 -0.03497038 0.14771745
v -0.02992048 -0.01661847 0.01773567
v -0.03370405 -0.02005788 0.01412256
v -0.02964926 -0.01472750 0.00703287
v -0.03138483 -0.02154958 0.02555000
v -0.01938210 -0.02464682 0.04411454
v -0.02547691 -0.02651575 0.04164553
v -0.02996780 -0.02427128 0.03341749
v -0.02285411 -0.01229387 0.03049105
v -0.03230870 -0.02987572 0.04629062
v -0.03246007 -0.01845613 0.00734425
v -0.02504901 -0.01179941 0.02586033
v -0.03766527 -0.02203324 0.00704284
v -0.02732210 -0.01154481 0.01863148
v -0.01280503 -0.00276551 0.04023074
v -0.04377023 -0.02312834 0.00968015
v -0.03208695 0.03883834 0.13981833
v -0.03900740 -0.02415037 -0.05560406
v -0.03423487 -0.02341470 -0.05638191
v -0.05137334 -0.02050280 0.01517084
v -0.04560127 -0.02198009 -0.05754834
v -0.04753056 -0.02093048 -0.05888891
v -0.05294360 -0.01988316 0.02433948
v -0.05223891 -0.01743662 -0.05820465
v -0.05639677 -0.01666852 0.00680976
v -0.06062466 -0.00850558 0.07380622
v -0.06157302 -0.00288262 0.07519525
v -0.06246149 -0.00939406 0.06148476
v -0.05606103 -0.00038242 0.08630440
v -0.05990130 0.00839886 0.07822736
v -0.05905637 0.01384350 0.07807702
v -0.06094054 0.01044517 0.07382448
v -0.06367684 -0.00426346 0.05310354
v -0.06337407 0.00042200 0.06233160
v -0.06299975 0.00911754 0.04348524
v -0.06174952 -0.01173185 0.04079377
v -0.06146248 -0.00819242 0.00819268
v -0.05964489 -0.01322188 0.00851129
v -0.06228733 0.00234885 0.07152993
v -0.06206118 0.01003408 0.06703681
v -0.06336240 -0.00466412 0.03539514
v -0.06201723 -0.00443366 0.00786147
v -0.06261490 -0.00815358 0.03097872
v 0.05584474 0.02507947 0.15329421
v 0.05939181 0.01770826 0.15144779
v 0.05732825 0.02670121 0.14179380
v -0.06235022 0.01252932 0.05632281
v -0.06149327 -0.01217989 0.05042088
v -0.06290527 0.00618771 0.02794115
v -0.06200914 0.00395851 0.00820458
v -0.06093144 0.01265457 0.00862821
v -0.05721584 -0.00746044 -0.05927673
v -0.05650710 -0.01049556 -0.07322375
v 0.03139325 -0.01075047 0.07428179
v 0.00789143 -0.00570096 0.05743320
v 0.02416033 0.00559259 0.06720883
v 0.03214097 -0.00148277 0.07347856
v -0.02100783 0.00726144 0.02526097
v 0.06159034 0.02010643 0.12539946
v 0.06140211 0.01934846 0.13603009
v -0.02390032 0.00617344 0.01545577
v -0.02213966 0.01345761 0.01931730
v -0.04225231 0.03994072 0.07217349
v -0.03501062 0.04269434 0.07228178
v -0.03759591 0.04190279 0.06243155
v -0.01780338 0.00413052 0.03224956
v 0.05387875 0.03224558 0.11690871
v 0.05826921 0.02693123 0.12580745
v 0.05963187 0.02308066 0.11607531
v 0.02086642 -0.01316783 0.06738799
v 0.01214279 0.05330211 0.12718165
v 0.02154901 0.05107124 0.12050685
v 0.01419116 0.05150535 0.11486824
v 0.00610716 0.00353363 0.05497964
v -0.02698940 -0.00687577 0.00674034
v -0.02531973 0.00041817 0.00670776
v -0.00126285 -0.00222184 0.05030596
v -0.04003003 0.02728946 0.13474689
v -0.01036406 0.00987176 0.04053542
v -0.02886740 -0.01303937 0.00761067
v -0.02794169 -0.02016516 -0.06024086
v -0.02654636 -0.01765996 -0.05653267
v -0.02423003 -0.01408736 -0.05899886
v -0.01873236 -0.03101453 -0.07728294
v -0.02942458 -0.02912147 -0.07486054
v -0.02215378 -0.03204446 -0.07906894
v -0.00751227 -0.03566057 -0.08059875
v -0.00589372 -0.03181762 -0.07594249
v -0.02668769 -0.02399796 -0.06782213
v -0.03473635 -0.02621621 -0.06795268
v -0.02844341 -0.02663564 -0.07049794
v -0.01522685 -0.04101288 -0.09296214
v -0.01358906 -0.01746814 -0.06824889
v -0.01022039 -0.00981789 -0.06561281
v -0.01840818 -0.00921894 -0.06410801
v -0.02379462 -0.01734033 -0.06360427
v -0.01764381 0.00190074 -0.06105568
v -0.02026315 -0.01850873 -0.06714620
v -0.00585444 -0.02687189 -0.07202198
v -0.03068029 -0.02325462 -0.06293530
v -0.00586923 -0.02237170 -0.06930967
v -0.00532928 -0.01750163 -0.06693482
v -0.03599268 0.03893986 0.02151245
v -0.02968047 0.03894279 0.02654567
v -0.03491938 0.03819178 0.00720413
v -0.01333406 0.00216156 -0.06339896
v -0.01701407 0.00520736 -0.06111736
v -0.01907854 0.01187318 -0.05535825
v -0.02155708 -0.00297320 -0.05568597
v -0.00495724 -0.00571869 -0.06398869
v -0.00276309 0.00429877 -0.06349277
v 0.01387108 0.05427659 0.13861746
v -0.00492980 -0.01244744 -0.06520326
v -0.05105764 -0.02756286 -0.10321703
v -0.04689935 -0.03329217 -0.11146653
v -0.04387876 -0.03484733 -0.10696211
v -0.05076870 -0.02250792 -0.08545964
v -0.04756777 -0.02549959 -0.08552530
v -0.05484877 -0.02367587 -0.10616655
v -0.04156706 -0.03476231 -0.10097846
v -0.05511084 -0.02451941 -0.11314452
v -0.05936584 -0.01381537 0.06792816
v 0.05667763 0.02935662 0.13356641
v -0.02793271 -0.04091363 -0.13065438
v -0.02588183 -0.03729994 -0.13975792
v -0.01914579 -0.03978505 -0.13706148
v -0.01591852 -0.03379575 -0.14652669
v -0.02127039 -0.02474944 -0.15461965
v -0.01320380 -0.02724478 -0.15293863
v -0.02146246 -0.04246121 -0.12968615
v -0.02354262 -0.03336902 -0.14613952
v -0.01800571 -0.03706631 -0.14199542
v -0.01334518 -0.00376476 -0.16332297
v -0.00587891 -0.00022436 -0.16268311
v -0.00783576 -0.00861273 -0.16169962
v -0.05691443 -0.01778257 0.05775296
v -0.01129727 -0.02241280 -0.15623459
v -0.03676030 -0.03948793 -0.10875181
v -0.03629411 -0.03000856 -0.08217342
v -0.04716206 -0.02197194 -0.06989557
v -0.03597680 -0.02774986 -0.07497571
v -0.04292305 -0.02811946 -0.08428993
v -0.02680139 0.03972074 0.03454405
v -0.03179441 0.04035816 0.03630000
v -0.02894455 -0.03945716 -0.09818149
v -0.03240870 -0.03997228 -0.10288852
v -0.03856216 -0.02617137 0.03266160
v 0.06355846 -0.01403708 0.12433229
v -0.00683944 -0.04227046 0.07733034
v 0.05701674 -0.02972936 0.12538637
v -0.03303740 -0.03537833 0.09586183
v -0.04097073 -0.02989382 0.08282930
v -0.03408547 -0.03431057 0.08557668
v -0.04766187 -0.02594831 0.06758470
v -0.04586282 -0.02495762 0.04164296
v -0.03862311 -0.03061594 0.06300089
v 0.05702125 -0.02717067 0.14040805
v 0.05288171 -0.03382156 0.14084741
v 0.05500323 -0.03249128 0.13143381
v -0.02360787 -0.04339638 0.12193441
v -0.04084805 -0.02928526 0.09114134
v -0.00736666 -0.04594821 0.09402871
v 0.00018463 -0.05328337 0.13045919
v -0.00240894 -0.05084234 0.11444749
v 0.00433623 -0.05051009 0.10566559
v 0.05393402 -0.03428077 0.12642431
v -0.04714406 -0.00026620 0.13412085
v -0.04450742 -0.01594263 0.13031618
v -0.04640755 -0.00612104 0.12938412
v 0.05031598 -0.03302025 0.15447512
v 0.05613560 -0.02289250 0.15531778
v -0.04686099 0.03113490 0.08656663
v -0.04041905 0.03496319 0.09325113
v -0.04529664 0.03687916 0.07816055
v -0.04494342 0.02000756 0.10647131
v -0.04245022 0.02174102 0.11709795
v -0.03856076 0.02981681 0.11529550
v -0.01740265 -0.04500218 0.10631322
v 0.05373114 -0.02975207 0.14997010
v 0.01038143 -0.05356097 0.12321208
v -0.04734834 -0.01326839 0.10578249
v -0.04934458 -0.01611550 0.09487806
v 0.00360371 -0.05443874 0.14041863
v -0.05147410 -0.02256834 0.07306063
v -0.05187597 -0.02267223 0.06775492
v 0.05929106 -0.01916460 0.14699553
v 0.05074264 0.03495794 0.14626212
v 0.06096303 -0.02142286 0.12815709
v -0.04567046 -0.01448239 0.11349417
v -0.04683927 -0.00900851 0.11321088
v -0.04851909 -0.00498553 0.10648550
v 0.00456595 0.04957092 0.09913430
v 0.01664557 0.04859016 0.10074782
v -0.02181676 -0.04351787 0.11124536
v -0.03093752 -0.03805337 0.12748975
v -0.03338600 -0.03524086 0.11321814
v 0.01280743 -0.05433827 0.13167042
v 0.01370829 -0.05133237 0.10625719
v -0.02686031 -0.04245231 0.13645141
v 0.00921672 0.04803626 0.09340346
v 0.02266121 0.04453218 0.08842508
v 0.05813869 -0.01838846 0.15427253
v -0.02364464 -0.03728050 0.07257840
v 0.00916542 -0.05460994 0.14930785
v -0.04978622 -0.02064869 0.08601677
v -0.02625297 0.04393470 0.06385218
v -0.02173361 0.04574990 0.08692225
v -0.01298250 0.04663856 0.08231548
v -0.04252280 -0.02575551 0.03661088
v 0.01553504 -0.05440058 0.14183161
v 0.06100795 -0.01248405 0.14778417
v 0.06197193 -0.01694932 0.13311069
v 0.01709381 -0.05403673 0.13054474
v -0.04155125 0.03237268 0.09615687
v 0.06426991 -0.00627179 0.13187285
v -0.04027233 -0.02651594 0.13410664
v -0.02824673 0.04201266 0.10745943
v -0.01929377 0.04695618 0.12166016
v -0.02145994 0.04582413 0.11186982
v 0.01911403 -0.05195987 0.11175536
v -0.03813449 -0.02965997 0.11599709
v -0.04458318 -0.02374079 0.09732220
v 0.02338530 -0.05324853 0.13597216
v 0.01706991 -0.05361942 0.15143530
v 0.02411875 -0.05290474 0.12877776
v 0.05447338 0.03092873 0.14300439
v -0.04259954 0.02093678 0.13008167
v -0.05380239 0.00576506 0.09027551
v -0.05212634 -0.00264217 0.09501922
v 0.02801715 -0.05034496 0.11063909
v -0.05632723 -0.01729170 0.02342127
v -0.05335187 -0.02119251 0.05555416
v -0.05516227 -0.01911796 0.07048903
v -0.01766837 -0.04740612 0.12836909
v 0.03321141 -0.05020946 0.13331828
v 0.05276709 0.03443363 0.12540662
v 0.02733692 -0.05180316 0.14295647
v -0.02393590 0.04489478 0.13475612
v -0.01982391 0.04806365 0.13993821
v -0.01097452 -0.04662279 0.10235020
v -0.04151551 -0.02389083 0.11854464
v -0.05351347 -0.00690797 0.09061352
v -0.05005019 0.02417340 0.08836135
v -0.04421608 0.02710513 0.09840555
v -0.01641477 -0.04945555 0.14345896
v 0.02726527 -0.05042164 0.15378295
v 0.03136351 -0.05043564 0.12162267
v -0.04816533 -0.00007970 0.10854638
v -0.04777170 0.01242369 0.10378474
v -0.05116861 0.00601805 0.09657586
v -0.05735456 -0.01488056 0.07480294
v -0.01124095 -0.04933231 0.12158707
v 0.03840538 -0.04717053 0.13965665
v 0.03843480 -0.04769327 0.12932520
v -0.04670826 0.00586331 0.13335955
v 0.03496510 -0.04673996 0.15352236
v -0.04564304 0.01184492 0.11495637
v -0.04658307 0.00296340 0.11853894
v -0.02737000 0.04169099 0.12485135
v 0.03644955 -0.04832513 0.12115292
v -0.04642714 0.00310233 0.12718390
v 0.04288959 -0.04477382 0.12368287
v -0.03758740 -0.03015811 0.12561883
v -0.00915040 -0.05215740 0.14317833
v -0.03737186 -0.03143301 0.10588641
v 0.04744590 0.03874401 0.14493670
v 0.04630917 -0.04031053 0.14487824
v 0.04833772 -0.04044991 0.13036123
v 0.04253401 -0.04128348 0.15408140
v 0.04696274 -0.04108737 0.13764895
v -0.00570068 -0.05128767 0.12378193
v 0.05205571 0.03540173 0.13245459
v 0.04656763 -0.03796500 0.15261693
v 0.04889334 0.03702357 0.11376700
v 0.04998925 0.03709923 0.12298962
v 0.04862413 0.03554141 0.10523172
v -0.02967470 0.04019206 0.11451451
v 0.00713792 0.05428179 0.13398683
v -0.01515692 0.02040435 0.03361595
v 0.03642343 0.01071237 0.07611898
v 0.02502600 0.01353643 0.06763244
v -0.01961023 0.02113047 0.02518666
v -0.02115540 0.02137373 0.02050115
v 0.00171088 0.01801139 0.05100567
v -0.03308932 0.04285055 0.06110051
v -0.04098364 0.03896263 0.03077448
v -0.02300258 0.01581940 0.00661509
v -0.02252765 0.02317831 0.00681467
v -0.02249502 0.02710169 0.01643241
v -0.04451561 0.01478497 0.12824850
v -0.00406129 0.01962177 0.04614184
v -0.01095049 0.01967849 0.03913496
v 0.04253550 -0.00143060 0.08193604
v -0.03232488 0.04191878 0.08914877
v 0.04269378 0.00821136 0.08168010
v 0.04652991 0.02385621 0.09070367
v 0.04911417 0.01522287 0.09012021
v 0.04203444 0.02059083 0.08378753
v 0.04156918 0.04060218 0.10181594
v 0.03584939 0.03977917 0.09236023
v 0.03717031 0.04229029 0.09835401
v 0.04378163 0.03364179 0.09494916
v 0.03089111 0.04392453 0.09471141
v 0.04115506 0.01441866 0.08097544
v 0.03891562 0.02816544 0.08447924
v -0.04115537 0.03812409 0.01250069
v 0.03464954 0.03216841 0.08310815
v 0.02654715 0.04173322 0.08632163
v 0.06228762 -0.00222634 0.11019585
v 0.06528266 -0.00269519 0.12329827
v 0.06477731 0.00526704 0.11998943
v 0.06303674 0.00855234 0.11425158
v 0.06389124 0.01199148 0.12066803
v 0.02805567 0.03829400 0.08313155
v 0.05866206 0.01697897 0.10700034
v 0.05632888 -0.00081697 0.09797106
v 0.05979204 -0.00504445 0.10471174
v 0.06134842 0.00339735 0.10778236
v 0.03475685 0.02500291 0.07859436
v 0.05450994 0.02986481 0.10989039
v 0.04888429 0.02905889 0.09801728
v 0.05844171 0.00966669 0.10292371
v 0.03108535 0.02093612 0.07372343
v 0.05421269 0.01752726 0.09856171
v 0.05629245 0.02427362 0.10757871
v 0.05329805 0.00668564 0.09378725
v 0.02849992 0.03464631 0.07987300
v 0.04972711 0.00142214 0.08903237
v 0.03025988 0.02510078 0.07485481
v 0.01250851 0.03607693 0.06894041
v 0.00282383 0.03229975 0.05734295
v -0.00001879 0.03870190 0.06113931
v 0.01207189 0.02160817 0.05984152
v 0.01067967 0.04020553 0.07199037
v 0.01520003 0.02909741 0.06581775
v 0.00120440 0.02587597 0.05215916
v -0.01470004 0.04226948 0.05490008
v -0.01090839 0.03859013 0.05055893
v -0.02800767 0.03735590 0.02270486
v -0.02769426 0.03480683 0.00693170
v -0.03148070 0.03755368 0.00590623
v -0.01507296 0.03281048 0.03815078
v -0.02301197 0.03269465 0.02319506
v -0.00994574 0.02721019 0.04129151
v -0.01592075 0.02858194 0.03391697
v -0.02120224 0.02740566 0.02208304
v -0.02296949 0.02629204 0.00755819
v -0.01796191 0.03686983 0.03948410
v -0.02527464 0.03188525 0.00662422
v 0.04846610 0.03895105 0.13409331
v -0.00831087 0.03203505 0.04576771
v -0.05894005 0.02541695 0.05609960
v -0.05592376 0.02998758 0.06828762
v -0.05568808 0.03172133 0.04932356
v -0.05215530 0.03228986 0.07402012
v -0.06057419 0.02036825 0.04465965
v -0.06031581 0.02021859 0.06179284
v -0.05899771 0.02344444 0.06651172
v -0.05676297 0.02506790 0.07538321
v -0.05478916 0.03251865 0.06055314
v -0.05373026 0.03261897 0.01999054
v -0.05758246 0.02748187 0.02950972
v -0.05313835 0.03423914 0.03922946
v -0.05508142 0.02951308 0.00687685
v -0.05670794 0.02656012 0.00787232
v -0.04948363 0.03560460 0.01706757
v -0.04666340 0.03327071 -0.05756624
v -0.06072984 0.01611238 0.01731171
v -0.05946911 0.02169864 0.02336817
v -0.05202726 0.02582122 -0.05875096
v -0.04928415 0.03034058 -0.05924169
v -0.05753006 -0.00222736 -0.05966632
v -0.05740589 0.00412267 -0.05770490
v -0.05692487 0.00781571 -0.05901714
v -0.05514004 0.01656838 -0.05976197
v -0.04422497 0.03931019 0.05630457
v -0.05769401 -0.01042836 -0.13089116
v -0.05943250 -0.00684935 -0.12409181
v -0.05811783 -0.00269901 -0.13110261
v -0.05546926 -0.02335116 -0.12165818
v -0.05825730 -0.01757497 -0.11687908
v -0.05870314 -0.01318386 -0.12384688
v -0.05488201 0.00682634 -0.13910706
v -0.05659299 0.01135969 -0.13152769
v -0.05432107 0.01394517 -0.13719051
v -0.05242885 -0.02796332 -0.11895820
v -0.05665638 -0.01732716 -0.12893449
v -0.05985023 -0.01024620 -0.11650570
v -0.06032535 -0.00204610 -0.10579949
v -0.06029774 0.00259247 -0.11183027
v -0.05104372 0.03223582 -0.12426347
v -0.05579476 0.02165856 -0.12286704
v -0.05201701 0.03204143 -0.11550643
v -0.05847055 0.00729118 -0.12603191
v -0.04502685 0.03303946 -0.13937134
v -0.04460596 0.02845119 -0.14480828
v -0.05119183 0.02515633 -0.13610782
v -0.04867772 0.03673677 -0.12035973
v -0.05949401 0.00342683 -0.12235402
v -0.05648732 0.02195580 -0.10963107
v -0.05682982 -0.02012764 -0.10579859
v -0.04071784 0.02584081 -0.15026134
v -0.04061648 0.03390393 -0.14333624
v -0.05277428 0.03045007 -0.10774855
v -0.05836831 0.01533664 -0.10937591
v -0.05826537 0.01374177 -0.09984173
v -0.04576520 0.04043168 -0.11586218
v -0.03898910 0.04521931 -0.11508645
v -0.04258465 0.04274848 -0.12100060
v -0.05004082 0.03516026 -0.11160301
v -0.04539716 0.04004541 -0.10631995
v -0.05334347 0.02341152 -0.08010282
v -0.04121573 0.03729346 -0.13830562
v -0.05157781 0.02855435 -0.08696065
v -0.05776048 0.01540104 -0.12092915
v -0.05860231 -0.01548558 -0.10697099
v -0.05972427 -0.01123309 -0.11041397
v -0.04889486 0.03321544 -0.13071202
v -0.04303434 0.03930927 -0.13206375
v -0.05935691 0.00563830 -0.09744219
v -0.05538345 0.01759404 -0.08053464
v -0.05753282 0.00302163 -0.07528935
v -0.05739335 -0.01027272 -0.08386854
v -0.04102949 0.04239168 -0.12755999
v -0.04842569 0.03177216 -0.07828858
v -0.05143185 0.02650032 -0.06524049
v -0.05745639 -0.00331924 -0.07229739
v -0.05039343 0.03325238 -0.10036409
v -0.04911387 -0.00936144 -0.14837600
v -0.04886004 -0.01662947 -0.14484172
v -0.05236100 -0.01619725 -0.14050311
v -0.04865790 -0.02192310 -0.14066486
v 0.04245101 0.04223563 0.11647434
v -0.00019296 0.05138854 0.11092472
v -0.05415375 -0.02313514 -0.12836729
v -0.05129126 -0.02772791 -0.12625040
v -0.04858765 -0.00368577 -0.15041666
v -0.04726798 0.00681306 -0.15189888
v -0.04533193 0.00233157 -0.15393701
v -0.05256265 0.00254683 -0.14499240
v 0.04299854 0.04234060 0.14690900
v -0.05164734 -0.00424095 -0.14637877
v -0.05464303 -0.00173382 -0.14108944
v -0.05065530 0.01186066 -0.14611027
v -0.04744866 0.02175210 -0.14609370
v -0.04387118 0.01049413 -0.15432806
v -0.05515850 -0.01200492 -0.13757630
v -0.05098872 0.02159874 -0.13993470
v -0.05432057 -0.01639066 -0.13663994
v -0.02392060 0.04517986 0.09166786
v -0.00639318 0.04665045 0.08132569
v 0.04358917 0.04227154 0.12345216
v -0.03006566 0.03935923 0.12727843
v -0.04388916 0.03660613 -0.08415432
v -0.03469370 0.04520513 -0.10113455
v -0.03829717 0.04475790 -0.10720578
v -0.02765530 0.04898909 -0.10826612
v -0.02429302 0.04741734 -0.09900924
v -0.04241475 0.03621783 -0.07475992
v -0.03626363 0.03968129 -0.08089247
v 0.00000550 0.05445292 0.14005552
v -0.03003172 0.04887807 -0.11300947
v -0.04299674 -0.02278157 -0.14600745
v -0.04054168 -0.02024201 -0.14994195
v -0.04279365 -0.01382023 -0.15200073
v -0.03002086 -0.02465271 -0.15247066
v -0.03501234 -0.01431382 -0.15641694
v -0.03034848 -0.01371365 -0.15852422
v -0.02925382 -0.04240245 -0.12295397
v -0.03872162 -0.03858313 -0.12259230
v -0.03469653 -0.03830086 -0.13124363
v -0.04449039 -0.03536180 -0.11874808
v -0.02698769 -0.02030429 -0.15634771
v -0.02422560 -0.01069857 -0.16114493
v -0.03613541 -0.02797052 -0.14644091
v -0.03827943 -0.00493436 -0.15768620
v -0.02881653 -0.00435440 -0.16157974
v -0.01875311 -0.01868014 -0.15856396
v -0.01866372 -0.01099010 -0.16170833
v -0.03252343 -0.03139219 -0.14486375
v -0.02308741 -0.00131090 -0.16319406
v -0.01929768 0.00392588 -0.16380307
v -0.04577336 -0.02668580 -0.13893493
v -0.03872471 0.00545096 -0.15817121
v -0.03281562 -0.04174856 -0.11472192
v -0.02799305 0.00498755 -0.16237554
v -0.04283318 -0.00548802 -0.15480477
v -0.03787918 -0.03409823 -0.13686740
v -0.03230578 -0.03473569 -0.14045602
v -0.00904331 -0.01373746 -0.16027498
v -0.04175405 -0.03582847 -0.12691662
v 0.03610284 0.04649636 0.15280461
v -0.01061883 -0.01940846 -0.15792122
v -0.01484263 0.00753575 -0.16369183
v -0.03953150 0.01184649 -0.15686458
v -0.03629151 0.01948388 -0.15625584
v -0.02957837 0.04682875 -0.13031922
v -0.03352585 0.04739915 -0.12170212
v -0.02508430 0.04908141 -0.12621561
v -0.02592562 0.04399092 -0.13902722
v -0.01396245 0.04802566 -0.13258633
v -0.03202309 0.01739535 -0.15887009
v -0.02779195 0.02327928 -0.15785952
v -0.03148967 0.02710361 -0.15453196
v -0.03219163 0.03437767 -0.14857101
v -0.02565372 0.03339405 -0.15189885
v -0.01249438 0.02267157 -0.15960462
v -0.02061302 0.02652561 -0.15757203
v -0.01852400 0.03271354 -0.15361197
v -0.01114184 0.03887580 -0.14752452
v -0.01111298 0.04193936 -0.14365087
v -0.00411673 0.03910629 -0.14528902
v -0.01027367 0.02726196 -0.15697663
v -0.01435530 0.03332354 -0.15316685
v -0.00332997 0.02996121 -0.15357938
v -0.03315308 0.04358371 -0.13521247
v -0.02081240 0.02025608 -0.16049699
v -0.00537638 0.00438476 -0.16267093
v -0.00463878 0.00975235 -0.16203943
v -0.01567236 0.01099291 -0.16325827
v -0.02187429 0.01180484 -0.16276966
v -0.02030749 0.05026525 -0.12350946
v -0.01894887 0.03887607 -0.14777179
v -0.03058268 0.04078889 -0.14185321
v -0.03570103 0.03923094 -0.14067420
v -0.00401347 0.01505349 -0.16079536
v -0.02472863 0.01527976 -0.16153400
v -0.00353382 0.02020074 -0.15895995
v -0.02346883 0.05042853 -0.11809239
v -0.03384781 0.00952910 -0.16004197
v -0.01461207 0.04993174 -0.12614930
v -0.01717744 0.04521105 -0.13888790
v -0.01791243 0.05095259 -0.11357640
v -0.04741106 0.03764531 0.06599290
v -0.04312683 0.03505989 -0.05881141
v -0.00612152 0.04819456 -0.12884828
v -0.00527873 0.04567970 -0.13518481
v -0.01782581 0.05029394 -0.10769363
v -0.05100843 0.03479240 0.06876759
v -0.00361189 0.03408838 -0.15036806
v -0.00409434 0.04226477 -0.14089054
v -0.00285097 0.02519376 -0.15640062
v 0.03976244 0.04522664 0.14125134
v -0.05234047 0.01720414 0.08877011
v -0.01214517 0.04150597 -0.08432300
v -0.03061719 0.03849800 -0.07202008
v -0.01917214 0.03860511 -0.07508742
v -0.03160449 0.04097617 -0.08221901
v -0.02627514 0.03672313 -0.06166777
v -0.01390719 0.04775613 -0.09865049
v -0.03939693 0.03677892 -0.06881631
v -0.03689393 0.03689325 -0.05811662
v -0.03040669 0.03718442 -0.05725115
v 0.00064547 0.04368254 -0.09132062
v -0.02535138 0.03549942 -0.05662807
v -0.01933264 0.02820369 -0.05810697
v -0.02191254 0.03216693 -0.05555362
v -0.01832816 0.02098957 -0.05473317
v -0.01622160 0.03338225 -0.06949551
v -0.00764384 0.03209738 -0.07341512
v -0.01138888 0.03681947 -0.07622629
v -0.01045737 0.02276317 -0.06765503
v -0.01951382 0.03111699 -0.06277099
v -0.01873512 0.00865270 -0.05838686
v -0.01550369 0.02213099 -0.06408534
v -0.01755483 0.02228779 -0.06063861
v -0.02081374 0.03334121 -0.06364354
v -0.02039625 0.03608764 -0.06882837
v 0.00497836 0.03231885 -0.07554077
v 0.00025861 0.03285689 -0.07576554
v -0.00108801 0.02472726 -0.07005929
v -0.00182201 0.00739426 -0.06373966
v -0.01000286 0.01361175 -0.06532059
v -0.00099207 0.01578389 -0.06589123
v -0.00685090 0.02662957 -0.07040830
v 0.03720855 0.04676967 0.13260673
v -0.01416993 0.01306188 -0.06373606
v -0.02710644 -0.04208157 -0.10461455
v -0.02386811 -0.04411881 -0.11716741
v -0.02267252 -0.04327545 -0.12590542
v -0.02558390 -0.04359958 -0.11140112
v 0.03587921 0.04555109 0.11463969
v 0.04299506 0.00913953 -0.05507787
v 0.03965956 -0.05204976 -0.08306086
v 0.05564493 0.03757361 -0.08589715
v 0.03736430 -0.04052085 -0.06624562
v 0.03882337 -0.04971860 -0.07819190
v 0.03773926 -0.04427390 -0.07024999
v 0.06483050 0.02487116 -0.13070495
v 0.06512390 0.01631883 -0.13761495
v 0.06506923 0.02078771 -0.13439357
v 0.03723772 -0.02916670 -0.05810986
v 0.03857823 -0.01374695 -0.05303201
v 0.03714892 -0.03341936 -0.06061935
v 0.06305385 0.03430469 -0.11734625
v 0.06441101 0.02851573 -0.12659766
v 0.06381606 0.03167465 -0.12212425
v 0.03771288 -0.02164855 -0.05492947
v 0.05295698 -0.04441938 -0.13042800
v 0.05607180 -0.03650658 -0.13740382
v 0.05453669 -0.04067715 -0.13414791
v 0.05135347 -0.04768438 -0.12629309
v 0.05842057 0.03894243 -0.09593485
v 0.06213412 0.03637191 -0.11232480
v 0.06106912 0.03784895 -0.10712679
v 0.04974675 -0.05043016 -0.12179632
v 0.06137074 -0.01672336 -0.14501935
v 0.05754119 -0.03196495 -0.14015059
v 0.04815868 -0.05261920 -0.11699871
v 0.04660986 -0.05422321 -0.11196271
v 0.04512079 -0.05522106 -0.10675491
v 0.04240561 -0.05535500 -0.09612536
v 0.03986460 -0.00536834 -0.05247577
v 0.06020842 -0.02200712 -0.14398396
v 0.05892639 -0.02710985 -0.14235413
v -0.03532188 0.03456037 0.11377645
v 0.04175105 0.00401400 -0.05361348
v 0.05717150 0.03859262 -0.09123875
v 0.04435895 0.01408147 -0.05713889
v 0.05271404 0.03407210 -0.07668068
v 0.05408004 0.03593633 -0.08081994
v 0.04371123 -0.05559933 -0.10144433
v 0.06499371 0.01152589 -0.14032443
v 0.06352382 -0.00415834 -0.14506935
v 0.06277438 -0.00910231 -0.14543548
v 0.04950449 0.02818470 -0.06796876
v 0.04562621 0.01815101 -0.05940522
v 0.04809459 0.02493759 -0.06458618
v 0.04121911 -0.05450119 -0.09086678
v 0.06468054 0.00646963 -0.14248846
v 0.06418834 0.00121853 -0.14407679
v -0.00848540 0.05033983 -0.11892334
v -0.01040493 0.05018151 -0.10897012
v -0.01260977 0.04875564 -0.10179105
v 0.02821551 0.05080369 0.15024383
v 0.00527542 0.03785165 -0.08184813
v -0.03653496 0.03184409 0.12497631
v -0.04588446 0.03709433 0.01665581
v 0.02164907 0.05282493 0.13791752
v -0.01087180 0.04945563 0.10673195
v -0.01003706 0.05153709 0.13225080
v -0.03601300 0.03913055 0.09205542
v 0.06127592 0.01626646 0.14403929
v 0.06323345 0.01478731 0.13027520
v 0.06370503 0.00965986 0.13667110
v 0.02571002 0.05036866 0.12310351
v 0.02498805 0.05210694 0.14331190
v 0.06320531 0.00748289 0.14233397
v 0.06165017 0.00583274 0.15217827
v 0.03008452 0.04983691 0.13136117
v 0.06504864 0.00529766 0.12509967
v 0.06145061 -0.00277327 0.15334687
v 0.06379978 -0.00136925 0.13941753
v 0.03234511 0.04927019 0.13936871
v 0.06483565 0.00186185 0.13107662
vt 0.56458333 0.34821429
vt 0.56458333 0.34821429
vt 0.56458333 0.34821429
vt 0.56458333 0.34821429
vt 0.56458333 0.34821429
vt 0.56458333 0.34821429
vt 0.56458333 0.34821429
vt 0.56458333 0.34821429
vt 0.56458333 0.34821429
vt 0.56458333 0.34821429
vt 0.56458333 0.34821429
vt 0.56458333 0.34821429
vt 0.56458333 0.34821429
vt 0.56458333 0.34821429
vt 0.56458333 0.34821429
vt 0.56458333 0.34821429
vt 0.56458333 0.34821429
vt 0.56458333 0.34821429
vt 0.56458333 0.34821429
vt 0.56458333 0.34821429
vt 0.56458333 0.34821429
vt 0.56458333 0.34821429
vt 0.56458333 0.34821429
vt 0.56458333 0.34821429
vt 0.56458333 0.34821429
vt 0.56458333 0.34821429
vt 0.56458333 0.34821429
vt 0.56458333 0.34821429
vt 0.56458333 0.34821429
vt 0.56458333 0.34821429
vt 0.56458333 0.34821429
vt 0.56458333 0.34821429
vt 0.56458333 0.34821429
vt 0.56458333 0.34821429
vt 0.56458333 0.34821429
vt 0.56458333 0.34821429
vt 0.56458333 0.34821429
vt 0.56458333 0.34821429
vt 0.56458333 0.34821429
vt 0.56458333 0.34821429
vt 0.56458333 0.34821429
vt 0.56458333 0.34821429
vt 0.56458333 0.34821429
vt 0.56458333 0.34821429
vt 0.56458333 0.34821429
vt 0.56458333 0.34821429
vt 0.56458333 0.34821429
vt 0.56458333 0.34821429
vt 0.56458333 0.34821429
vt 0.56458333 0.34821429
vt 0.56458333 0.34821429
vt 0.56458333 0.34821429
vt 0.56458333 0.34821429
vt 0.56458333 0.34821429
vt 0.56458333 0.34821429
vt 0.56458333 0.34821429
vt 0.56458333 0.34821429
vt 0.56458333 0.34821429
vt 0.56458333 0.34821429
vt 0.56458333 0.34821429
vt 0.56458333 0.34821429
vt 0.56458333 0.34821429
vt 0.56458333 0.34821429
vt 0.56458333 0.34821429
vt 0.56458333 0.34821429
vt 0.56458333 0.34821429
vt 0.56458333 0.34821429
vt 0.56458333 0.34821429
vt 0.56458333 0.34821429
vt 0.56458333 0.34821429
vt 0.56458333 0.34821429
vt 0.56458333 0.34821429
vt 0.56458333 0.34821429
vt 0.56458333 0.34821429
vt 0.56458333 0.34821429
vt 0.56458333 0.34821429
vt 0.56458333 0.34821429
vt 0.56458333 0.34821429
vt 0.56458333 0.34821429
vt 0.56458333 0.34821429
vt 0.56458333 0.34821429
vt 0.56458333 0.34821429
vt 0.56458333 0.34821429
vt 0.56458333 0.34821429
vt 0.56458333 0.34821429
vt 0.56458333 0.34821429
vt 0.56458333 0.34821429
vt 0.56458333 0.34821429
vt 0.56458333 0.34821429
vt 0.56458333 0.34821429
vt 0.56458333 0.34821429
vt 0.56458333 0.34821429
vt 0.56458333 0.34821429
vt 0.56458333 0.34821429
vt 0.56458333 0.34821429
vt 0.56458333 0.34821429
vt 0.56458333 0.34821429
vt 0.56458333 0.34821429
vt 0.56458333 0.34821429
vt 0.56458333 0.34821429
vt 0.56458333 0.34821429
vt 0.56458333 0.34821429
vt 0.56458333 0.34821429
vt 0.56458333 0.34821429
vt 0.56458333 0.34821429
vt 0.56458333 0.34821429
vt 0.56458333 0.34821429
vt 0.56458333 0.34821429
vt 0.56458333 0.34821429
vt 0.56458333 0.34821429
vt 0.56458333 0.34821429
vt 0.56458333 0.34821429
vt 0.56458333 0.34821429
vt 0.56458333 0.34821429
vt 0.56458333 0.34821429
vt 0.56458333 0.34821429
vt 0.56458333 0.34821429
vt 0.56458333 0.34821429
vt 0.56458333 0.34821429
vt 0.56458333 0.34821429
vt 0.56458333 0.34821429
vt 0.56458333 0.34821429
vt 0.56458333 0.34821429
vt 0.56458333 0.34821429
vt 0.56458333 0.34821429
vt 0.56458333 0.34821429
vt 0.56458333 0.34821429
vt 0.56458333 0.34821429
vt 0.56458333 0.34821429
vt 0.56458333 0.34821429
vt 0.56458333 0.34821429
vt 0.56458333 0.34821429
vt 0.56458333 0.34821429
vt 0.56458333 0.34821429
vt 0.56458333 0.34821429
vt 0.56458333 0.34821429
vt 0.56458333 0.34821429
vt 0.56458333 0.34821429
vt 0.56458333 0.34821429
vt 0.56458333 0.34821429
vt 0.56458333 0.34821429
vt 0.56458333 0.34821429
vt 0.56458333 0.34821429
vt 0.56458333 0.34821429
vt 0.56458333 0.34821429
vt 0.56458333 0.34821429
vt 0.56458333 0.34821429
vt 0.56458333 0.34821429
vt 0.56458333 0.34821429
vt 0.56458333 0.34821429
vt 0.56458333 0.34821429
vt 0.56458333 0.34821429
vt 0.56458333 0.34821429
vt 0.56458333 0.34821429
vt 0.56458333 0.34821429
vt 0.56458333 0.34821429
vt 0.56458333 0.34821429
vt 0.56458333 0.34821429
vt 0.56458333 0.34821429
vt 0.56458333 0.34821429
vt 0.56458333 0.34821429
vt 0.56458333 0.34821429
vt 0.56458333 0.34821429
vt 0.56458333 0.34821429
vt 0.56458333 0.34821429
vt 0.56458333 0.34821429
vt 0.56458333 0.34821429
vt 0.56458333 0.34821429
vt 0.56458333 0.34821429
vt 0.56458333 0.34821429
vt 0.56458333 0.34821429
vt 0.56458333 0.34821429
vt 0.56458333 0.34821429
vt 0.56458333 0.34821429
vt 0.56458333 0.34821429
vt 0.56458333 0.34821429
vt 0.56458333 0.34821429
vt 0.56458333 0.34821429
vt 0.56458333 0.34821429
vt 0.56458333 0.34821429
vt 0.56458333 0.34821429
vt 0.56458333 0.34821429
vt 0.56458333 0.34821429
vt 0.56458333 0.34821429
vt 0.56458333 0.34821429
vt 0.56458333 0.34821429
vt 0.56458333 0.34821429
vt 0.56458333 0.34821429
vt 0.56458333 0.34821429
vt 0.56458333 0.34821429
vt 0.56458333 0.34821429
vt 0.56458333 0.34821429
vt 0.56458333 0.34821429
vt 0.56458333 0.34821429
vt 0.56458333 0.34821429
vt 0.56458333 0.34821429
vt 0.56458333 0.34821429
vt 0.56458333 0.34821429
vt 0.56458333 0.34821429
vt 0.56458333 0.34821429
vt 0.56458333 0.34821429
vt 0.56458333 0.34821429
vt 0.56458333 0.34821429
vt 0.56458333 0.34821429
vt 0.56458333 0.34821429
vt 0.56458333 0.34821429
vt 0.56458333 0.34821429
vt 0.56458333 0.34821429
vt 0.56458333 0.34821429
vt 0.56458333 0.34821429
vt 0.56458333 0.34821429
vt 0.56458333 0.34821429
vt 0.56458333 0.34821429
vt 0.56458333 0.34821429
vt 0.56458333 0.34821429
vt 0.56458333 0.34821429
vt 0.56458333 0.34821429
vt 0.56458333 0.34821429
vt 0.56458333 0.34821429
vt 0.56458333 0.34821429
vt 0.56458333 0.34821429
vt 0.56458333 0.34821429
vt 0.56458333 0.34821429
vt 0.56458333 0.34821429
vt 0.56458333 0.34821429
vt 0.56458333 0.34821429
vt 0.56458333 0.34821429
vt 0.56458333 0.34821429
vt 0.56458333 0.34821429
vt 0.56458333 0.34821429
vt 0.56458333 0.34821429
vt 0.56458333 0.34821429
vt 0.56458333 0.34821429
vt 0.56458333 0.34821429
vt 0.56458333 0.34821429
vt 0.56458333 0.34821429
vt 0.56458333 0.34821429
vt 0.56458333 0.34821429
vt 0.56458333 0.34821429
vt 0.56458333 0.34821429
vt 0.56458333 0.34821429
vt 0.56458333 0.34821429
vt 0.56458333 0.34821429
vt 0.56458333 0.34821429
vt 0.56458333 0.34821429
vt 0.56458333 0.34821429
vt 0.56458333 0.34821429
vt 0.56458333 0.34821429
vt 0.56458333 0.34821429
vt 0.56458333 0.34821429
vt 0.56458333 0.34821429
vt 0.56458333 0.34821429
vt 0.56458333 0.34821429
vt 0.56458333 0.34821429
vt 0.56458333 0.34821429
vt 0.56458333 0.34821429
vt 0.56458333 0.34821429
vt 0.56458333 0.34821429
vt 0.56458333 0.34821429
vt 0.56458333 0.34821429
vt 0.56458333 0.34821429
vt 0.56458333 0.34821429
vt 0.56458333 0.34821429
vt 0.56458333 0.34821429
vt 0.56458333 0.34821429
vt 0.56458333 0.34821429
vt 0.56458333 0.34821429
vt 0.56458333 0.34821429
vt 0.56458333 0.34821429
vt 0.56458333 0.34821429
vt 0.56458333 0.34821429
vt 0.56458333 0.34821429
vt 0.56458333 0.34821429
vt 0.56458333 0.34821429
vt 0.56458333 0.34821429
vt 0.56458333 0.34821429
vt 0.56458333 0.34821429
vt 0.56458333 0.34821429
vt 0.56458333 0.34821429
vt 0.56458333 0.34821429
vt 0.56458333 0.34821429
vt 0.56458333 0.34821429
vt 0.56458333 0.34821429
vt 0.56458333 0.34821429
vt 0.56458333 0.34821429
vt 0.56458333 0.34821429
vt 0.56458333 0.34821429
vt 0.56458333 0.34821429
vt 0.56458333 0.34821429
vt 0.56458333 0.34821429
vt 0.56458333 0.34821429
vt 0.56458333 0.34821429
vt 0.56458333 0.34821429
vt 0.56458333 0.34821429
vt 0.56458333 0.34821429
vt 0.56458333 0.34821429
vt 0.56458333 0.34821429
vt 0.56458333 0.34821429
vt 0.56458333 0.34821429
vt 0.56458333 0.34821429
vt 0.56458333 0.34821429
vt 0.56458333 0.34821429
vt 0.56458333 0.34821429
vt 0.56458333 0.34821429
vt 0.56458333 0.34821429
vt 0.56458333 0.34821429
vt 0.56458333 0.34821429
vt 0.56458333 0.34821429
vt 0.56458333 0.34821429
vt 0.56458333 0.34821429
vt 0.56458333 0.34821429
vt 0.56458333 0.34821429
vt 0.56458333 0.34821429
vt 0.56458333 0.34821429
vt 0.56458333 0.34821429
vt 0.56458333 0.34821429
vt 0.56458333 0.34821429
vt 0.56458333 0.34821429
vt 0.56458333 0.34821429
vt 0.56458333 0.34821429
vt 0.56458333 0.34821429
vt 0.56458333 0.34821429
vt 0.56458333 0.34821429
vt 0.56458333 0.34821429
vt 0.56458333 0.34821429
vt 0.56458333 0.34821429
vt 0.56458333 0.34821429
vt 0.56458333 0.34821429
vt 0.56458333 0.34821429
vt 0.56458333 0.34821429
vt 0.56458333 0.34821429
vt 0.56458333 0.34821429
vt 0.56458333 0.34821429
vt 0.56458333 0.34821429
vt 0.56458333 0.34821429
vt 0.56458333 0.34821429
vt 0.56458333 0.34821429
vt 0.56458333 0.34821429
vt 0.56458333 0.34821429
vt 0.56458333 0.34821429
vt 0.56458333 0.34821429
vt 0.56458333 0.34821429
vt 0.56458333 0.34821429
vt 0.56458333 0.34821429
vt 0.56458333 0.34821429
vt 0.56458333 0.34821429
vt 0.56458333 0.34821429
vt 0.56458333 0.34821429
vt 0.56458333 0.34821429
vt 0.56458333 0.34821429
vt 0.56458333 0.34821429
vt 0.56458333 0.34821429
vt 0.56458333 0.34821429
vt 0.56458333 0.34821429
vt 0.56458333 0.34821429
vt 0.56458333 0.34821429
vt 0.56458333 0.34821429
vt 0.56458333 0.34821429
vt 0.56458333 0.34821429
vt 0.56458333 0.34821429
vt 0.56458333 0.34821429
vt 0.56458333 0.34821429
vt 0.56458333 0.34821429
vt 0.56458333 0.34821429
vt 0.56458333 0.34821429
vt 0.56458333 0.34821429
vt 0.56458333 0.34821429
vt 0.56458333 0.34821429
vt 0.56458333 0.34821429
vt 0.56458333 0.34821429
vt 0.56458333 0.34821429
vt 0.56458333 0.34821429
vt 0.56458333 0.34821429
vt 0.56458333 0.34821429
vt 0.56458333 0.34821429
vt 0.56458333 0.34821429
vt 0.56458333 0.34821429
vt 0.56458333 0.34821429
vt 0.56458333 0.34821429
vt 0.56458333 0.34821429
vt 0.56458333 0.34821429
vt 0.56458333 0.34821429
vt 0.56458333 0.34821429
vt 0.56458333 0.34821429
vt 0.56458333 0.34821429
vt 0.56458333 0.34821429
vt 0.56458333 0.34821429
vt 0.56458333 0.34821429
vt 0.56458333 0.34821429
vt 0.56458333 0.34821429
vt 0.56458333 0.34821429
vt 0.56458333 0.34821429
vt 0.56458333 0.34821429
vt 0.56458333 0.34821429
vt 0.56458333 0.34821429
vt 0.56458333 0.34821429
vt 0.56458333 0.34821429
vt 0.56458333 0.34821429
vt 0.56458333 0.34821429
vt 0.56458333 0.34821429
vt 0.56458333 0.34821429
vt 0.56458333 0.34821429
vt 0.56458333 0.34821429
vt 0.56458333 0.34821429
vt 0.56458333 0.34821429
vt 0.56458333 0.34821429
vt 0.56458333 0.34821429
vt 0.56458333 0.34821429
vt 0.56458333 0.34821429
vt 0.56458333 0.34821429
vt 0.56458333 0.34821429
vt 0.56458333 0.34821429
vt 0.56458333 0.34821429
vt 0.56458333 0.34821429
vt 0.56458333 0.34821429
vt 0.56458333 0.34821429
vt 0.56458333 0.34821429
vt 0.56458333 0.34821429
vt 0.56458333 0.34821429
vt 0.56458333 0.34821429
vt 0.56458333 0.34821429
vt 0.56458333 0.34821429
vt 0.56458333 0.34821429
vt 0.56458333 0.34821429
vt 0.56458333 0.34821429
vt 0.56458333 0.34821429
vt 0.56458333 0.34821429
vt 0.56458333 0.34821429
vt 0.56458333 0.34821429
vt 0.56458333 0.34821429
vt 0.56458333 0.34821429
vt 0.56458333 0.34821429
vt 0.56458333 0.34821429
vt 0.56458333 0.34821429
vt 0.56458333 0.34821429
vt 0.56458333 0.34821429
vt 0.56458333 0.34821429
vt 0.56458333 0.34821429
vt 0.56458333 0.34821429
vt 0.56458333 0.34821429
vt 0.56458333 0.34821429
vt 0.56458333 0.34821429
vt 0.56458333 0.34821429
vt 0.56458333 0.34821429
vt 0.56458333 0.34821429
vt 0.56458333 0.34821429
vt 0.56458333 0.34821429
vt 0.56458333 0.34821429
vt 0.56458333 0.34821429
vt 0.56458333 0.34821429
vt 0.56458333 0.34821429
vt 0.56458333 0.34821429
vt 0.56458333 0.34821429
vt 0.56458333 0.34821429
vt 0.56458333 0.34821429
vt 0.56458333 0.34821429
vt 0.56458333 0.34821429
vt 0.56458333 0.34821429
vt 0.56458333 0.34821429
vt 0.56458333 0.34821429
vt 0.56458333 0.34821429
vt 0.56458333 0.34821429
vt 0.56458333 0.34821429
vt 0.56458333 0.34821429
vt 0.56458333 0.34821429
vt 0.56458333 0.34821429
vt 0.56458333 0.34821429
vt 0.56458333 0.34821429
vt 0.56458333 0.34821429
vt 0.56458333 0.34821429
vt 0.56458333 0.34821429
vt 0.56458333 0.34821429
vt 0.56458333 0.34821429
vt 0.56458333 0.34821429
vt 0.56458333 0.34821429
vt 0.56458333 0.34821429
vt 0.56458333 0.34821429
vt 0.56458333 0.34821429
vt 0.56458333 0.34821429
vt 0.56458333 0.34821429
vt 0.56458333 0.34821429
vt 0.56458333 0.34821429
vt 0.56458333 0.34821429
vt 0.56458333 0.34821429
vt 0.56458333 0.34821429
vt 0.56458333 0.34821429
vt 0.56458333 0.34821429
vt 0.56458333 0.34821429
vt 0.56458333 0.34821429
vt 0.56458333 0.34821429
vt 0.56458333 0.34821429
vt 0.56458333 0.34821429
vt 0.56458333 0.34821429
vt 0.56458333 0.34821429
vt 0.56458333 0.34821429
vt 0.56458333 0.34821429
vt 0.56458333 0.34821429
vt 0.56458333 0.34821429
vt 0.56458333 0.34821429
vt 0.56458333 0.34821429
vt 0.56458333 0.34821429
vt 0.56458333 0.34821429
vt 0.56458333 0.34821429
vt 0.56458333 0.34821429
vt 0.56458333 0.34821429
vt 0.56458333 0.34821429
vt 0.56458333 0.34821429
vt 0.56458333 0.34821429
vt 0.56458333 0.34821429
vt 0.56458333 0.34821429
vt 0.56458333 0.34821429
vt 0.56458333 0.34821429
vt 0.56458333 0.34821429
vt 0.56458333 0.34821429
vt 0.56458333 0.34821429
vt 0.56458333 0.34821429
vt 0.56458333 0.34821429
vt 0.56458333 0.34821429
vt 0.56458333 0.34821429
vt 0.56458333 0.34821429
vt 0.56458333 0.34821429
vt 0.56458333 0.34821429
vt 0.56458333 0.34821429
vt 0.56458333 0.34821429
vt 0.56458333 0.34821429
vt 0.56458333 0.34821429
vt 0.56458333 0.34821429
vt 0.56458333 0.34821429
vt 0.56458333 0.34821429
vt 0.56458333 0.34821429
vt 0.56458333 0.34821429
vt 0.56458333 0.34821429
vt 0.56458333 0.34821429
vt 0.56458333 0.34821429
vt 0.56458333 0.34821429
vt 0.56458333 0.34821429
vt 0.56458333 0.34821429
vt 0.56458333 0.34821429
vt 0.56458333 0.34821429
vt 0.56458333 0.34821429
vt 0.56458333 0.34821429
vt 0.56458333 0.34821429
vt 0.56458333 0.34821429
vt 0.56458333 0.34821429
vt 0.56458333 0.34821429
vt 0.56458333 0.34821429
vt 0.56458333 0.34821429
vt 0.56458333 0.34821429
vt 0.56458333 0.34821429
vt 0.56458333 0.34821429
vt 0.56458333 0.34821429
vt 0.56458333 0.34821429
vt 0.56458333 0.34821429
vt 0.56458333 0.34821429
vt 0.56458333 0.34821429
vt 0.56458333 0.34821429
vt 0.56458333 0.34821429
vt 0.56458333 0.34821429
vt 0.56458333 0.34821429
vt 0.56458333 0.34821429
vt 0.56458333 0.34821429
vt 0.56458333 0.34821429
vt 0.56458333 0.34821429
vt 0.56458333 0.34821429
vt 0.56458333 0.34821429
vt 0.56458333 0.34821429
vt 0.56458333 0.34821429
vt 0.56458333 0.34821429
vt 0.56458333 0.34821429
vt 0.56458333 0.34821429
vt 0.56458333 0.34821429
vt 0.56458333 0.34821429
vt 0.56458333 0.34821429
vt 0.56458333 0.34821429
vt 0.56458333 0.34821429
vt 0.56458333 0.34821429
vt 0.56458333 0.34821429
vt 0.56458333 0.34821429
vt 0.56458333 0.34821429
vt 0.56458333 0.34821429
vt 0.56458333 0.34821429
vt 0.56458333 0.34821429
vt 0.56458333 0.34821429
vt 0.56458333 0.34821429
vt 0.56458333 0.34821429
vt 0.56458333 0.34821429
vt 0.56458333 0.34821429
vt 0.56458333 0.34821429
vt 0.56458333 0.34821429
vt 0.56458333 0.34821429
vt 0.56458333 0.34821429
vt 0.56458333 0.34821429
vt 0.56458333 0.34821429
vt 0.56458333 0.34821429
vt 0.56458333 0.34821429
vt 0.56458333 0.34821429
vt 0.56458333 0.34821429
vt 0.56458333 0.34821429
vt 0.56458333 0.34821429
vt 0.56458333 0.34821429
vt 0.56458333 0.34821429
vt 0.56458333 0.34821429
vt 0.56458333 0.34821429
vt 0.56458333 0.34821429
vt 0.56458333 0.34821429
vt 0.56458333 0.34821429
vt 0.56458333 0.34821429
vt 0.56458333 0.34821429
vt 0.56458333 0.34821429
vt 0.56458333 0.34821429
vt 0.56458333 0.34821429
vt 0.56458333 0.34821429
vt 0.56458333 0.34821429
vt 0.56458333 0.34821429
vt 0.56458333 0.34821429
vt 0.56458333 0.34821429
vt 0.56458333 0.34821429
vt 0.56458333 0.34821429
vt 0.56458333 0.34821429
vt 0.56458333 0.34821429
vt 0.56458333 0.34821429
vt 0.56458333 0.34821429
vt 0.56458333 0.34821429
vt 0.56458333 0.34821429
vt 0.56458333 0.34821429
vt 0.56458333 0.34821429
vt 0.56458333 0.34821429
vt 0.56458333 0.34821429
vt 0.56458333 0.34821429
vt 0.56458333 0.34821429
vt 0.56458333 0.34821429
vt 0.56458333 0.34821429
vt 0.56458333 0.34821429
vt 0.56458333 0.34821429
vt 0.56458333 0.34821429
vt 0.56458333 0.34821429
vt 0.56458333 0.34821429
vt 0.56458333 0.34821429
vt 0.56458333 0.34821429
vt 0.56458333 0.34821429
vt 0.56458333 0.34821429
vt 0.56458333 0.34821429
vt 0.56458333 0.34821429
vt 0.56458333 0.34821429
vt 0.56458333 0.34821429
vt 0.56458333 0.34821429
vt 0.56458333 0.34821429
vt 0.56458333 0.34821429
vt 0.56458333 0.34821429
vt 0.56458333 0.34821429
vt 0.56458333 0.34821429
vt 0.56458333 0.34821429
vt 0.56458333 0.34821429
vt 0.56458333 0.34821429
vt 0.56458333 0.34821429
vt 0.56458333 0.34821429
vt 0.56458333 0.34821429
vt 0.56458333 0.34821429
vt 0.56458333 0.34821429
vt 0.56458333 0.34821429
vt 0.56458333 0.34821429
vt 0.56458333 0.34821429
vt 0.56458333 0.34821429
vt 0.56458333 0.34821429
vt 0.56458333 0.34821429
vt 0.56458333 0.34821429
vt 0.56458333 0.34821429
vt 0.56458333 0.34821429
vt 0.56458333 0.34821429
vt 0.56458333 0.34821429
vt 0.56458333 0.34821429
vt 0.56458333 0.34821429
vt 0.56458333 0.34821429
vt 0.56458333 0.34821429
vt 0.56458333 0.34821429
vt 0.56458333 0.34821429
vt 0.56458333 0.34821429
vt 0.56458333 0.34821429
vt 0.56458333 0.34821429
vt 0.56458333 0.34821429
vt 0.56458333 0.34821429
vt 0.56458333 0.34821429
vt 0.56458333 0.34821429
vt 0.56458333 0.34821429
vt 0.56458333 0.34821429
vt 0.56458333 0.34821429
vt 0.56458333 0.34821429
vt 0.56458333 0.34821429
vt 0.56458333 0.34821429
vt 0.56458333 0.34821429
vt 0.56458333 0.34821429
vt 0.56458333 0.34821429
vt 0.56458333 0.34821429
vt 0.56458333 0.34821429
vt 0.56458333 0.34821429
vt 0.56458333 0.34821429
vt 0.56458333 0.34821429
vt 0.56458333 0.34821429
vt 0.56458333 0.34821429
vt 0.56458333 0.34821429
vt 0.56458333 0.34821429
vt 0.56458333 0.34821429
vt 0.56458333 0.34821429
vt 0.56458333 0.34821429
vt 0.56458333 0.34821429
vt 0.56458333 0.34821429
vt 0.56458333 0.34821429
vt 0.56458333 0.34821429
vt 0.56458333 0.34821429
vt 0.56458333 0.34821429
vt 0.56458333 0.34821429
vt 0.56458333 0.34821429
vt 0.56458333 0.34821429
vt 0.56458333 0.34821429
vt 0.56458333 0.34821429
vt 0.56458333 0.34821429
vt 0.56458333 0.34821429
vt 0.56458333 0.34821429
vt 0.56458333 0.34821429
vt 0.56458333 0.34821429
vt 0.56458333 0.34821429
vt 0.56458333 0.34821429
vt 0.56458333 0.34821429
vt 0.56458333 0.34821429
vt 0.56458333 0.34821429
vt 0.56458333 0.34821429
vt 0.56458333 0.34821429
vt 0.56458333 0.34821429
vt 0.56458333 0.34821429
vt 0.56458333 0.34821429
vt 0.56458333 0.34821429
vt 0.56458333 0.34821429
vt 0.56458333 0.34821429
vt 0.56458333 0.34821429
vt 0.56458333 0.34821429
vt 0.56458333 0.34821429
vt 0.56458333 0.34821429
vt 0.56458333 0.34821429
vt 0.56458333 0.34821429
vt 0.56458333 0.34821429
vt 0.56458333 0.34821429
vt 0.56458333 0.34821429
vt 0.56458333 0.34821429
vt 0.56458333 0.34821429
vt 0.56458333 0.34821429
vt 0.56458333 0.34821429
vt 0.56458333 0.34821429
vt 0.56458333 0.34821429
vt 0.56458333 0.34821429
vt 0.56458333 0.34821429
vt 0.56458333 0.34821429
vt 0.56458333 0.34821429
vt 0.56458333 0.34821429
vt 0.56458333 0.34821429
vt 0.56458333 0.34821429
vt 0.56458333 0.34821429
vt 0.56458333 0.34821429
vt 0.56458333 0.34821429
vt 0.56458333 0.34821429
vt 0.56458333 0.34821429
vt 0.56458333 0.34821429
vt 0.56458333 0.34821429
vt 0.56458333 0.34821429
vt 0.56458333 0.34821429
vt 0.56458333 0.34821429
vt 0.56458333 0.34821429
vt 0.56458333 0.34821429
vt 0.56458333 0.34821429
vt 0.56458333 0.34821429
vt 0.56458333 0.34821429
vt 0.56458333 0.34821429
vt 0.56458333 0.34821429
vt 0.56458333 0.34821429
vt 0.56458333 0.34821429
vt 0.56458333 0.34821429
vt 0.56458333 0.34821429
vt 0.56458333 0.34821429
vt 0.56458333 0.34821429
vt 0.56458333 0.34821429
vt 0.56458333 0.34821429
vt 0.56458333 0.34821429
vt 0.56458333 0.34821429
vt 0.56458333 0.34821429
vt 0.56458333 0.34821429
vt 0.56458333 0.34821429
vt 0.56458333 0.34821429
vt 0.56458333 0.34821429
vt 0.56458333 0.34821429
vt 0.56458333 0.34821429
vt 0.56458333 0.34821429
vt 0.56458333 0.34821429
vt 0.56458333 0.34821429
vt 0.56458333 0.34821429
vt 0.56458333 0.34821429
vt 0.56458333 0.34821429
vt 0.56458333 0.34821429
vt 0.56458333 0.34821429
vt 0.56458333 0.34821429
vt 0.56458333 0.34821429
vt 0.56458333 0.34821429
vt 0.56458333 0.34821429
vt 0.56458333 0.34821429
vt 0.56458333 0.34821429
vt 0.56458333 0.34821429
vt 0.56458333 0.34821429
vt 0.56458333 0.34821429
vt 0.56458333 0.34821429
vt 0.56458333 0.34821429
vt 0.56458333 0.34821429
vt 0.56458333 0.34821429
vt 0.56458333 0.34821429
vt 0.56458333 0.34821429
vt 0.56458333 0.34821429
vt 0.56458333 0.34821429
vt 0.56458333 0.34821429
vt 0.56458333 0.34821429
vt 0.56458333 0.34821429
vt 0.56458333 0.34821429
vt 0.56458333 0.34821429
vt 0.56458333 0.34821429
vt 0.56458333 0.34821429
vt 0.56458333 0.34821429
vt 0.56458333 0.34821429
vt 0.56458333 0.34821429
vt 0.56458333 0.34821429
vt 0.56458333 0.34821429
vt 0.56458333 0.34821429
vt 0.56458333 0.34821429
vt 0.56458333 0.34821429
vt 0.56458333 0.34821429
vt 0.56458333 0.34821429
vt 0.56458333 0.34821429
vt 0.56458333 0.34821429
vt 0.56458333 0.34821429
vt 0.56458333 0.34821429
vt 0.56458333 0.34821429
vt 0.56458333 0.34821429
vt 0.56458333 0.34821429
vt 0.56458333 0.34821429
vt 0.56458333 0.34821429
vt 0.56458333 0.34821429
vt 0.56458333 0.34821429
vt 0.56458333 0.34821429
vt 0.56458333 0.34821429
vt 0.56458333 0.34821429
vt 0.56458333 0.34821429
vt 0.56458333 0.34821429
vt 0.56458333 0.34821429
vt 0.56458333 0.34821429
vt 0.56458333 0.34821429
vt 0.56458333 0.34821429
vt 0.56458333 0.34821429
vt 0.56458333 0.34821429
vt 0.56458333 0.34821429
vt 0.56458333 0.34821429
vt 0.56458333 0.34821429
vt 0.56458333 0.34821429
vt 0.56458333 0.34821429
vt 0.56458333 0.34821429
vt 0.56458333 0.34821429
vt 0.56458333 0.34821429
vt 0.56458333 0.34821429
vt 0.56458333 0.34821429
vt 0.56458333 0.34821429
vt 0.56458333 0.34821429
vt 0.56458333 0.34821429
vt 0.56458333 0.34821429
vt 0.56458333 0.34821429
vt 0.56458333 0.34821429
vt 0.56458333 0.34821429
vt 0.56458333 0.34821429
vt 0.56458333 0.34821429
vt 0.56458333 0.34821429
vt 0.56458333 0.34821429
vt 0.56458333 0.34821429
vt 0.56458333 0.34821429
vt 0.56458333 0.34821429
vt 0.56458333 0.34821429
vt 0.56458333 0.34821429
vt 0.56458333 0.34821429
vt 0.56458333 0.34821429
vt 0.56458333 0.34821429
vt 0.56458333 0.34821429
vt 0.56458333 0.34821429
vt 0.56458333 0.34821429
vt 0.56458333 0.34821429
vt 0.56458333 0.34821429
vt 0.56458333 0.34821429
vt 0.56458333 0.34821429
vt 0.56458333 0.34821429
vt 0.56458333 0.34821429
vt 0.56458333 0.34821429
vt 0.56458333 0.34821429
vt 0.56458333 0.34821429
vt 0.56458333 0.34821429
vt 0.56458333 0.34821429
vt 0.56458333 0.34821429
vt 0.56458333 0.34821429
vt 0.56458333 0.34821429
vt 0.56458333 0.34821429
vt 0.56458333 0.34821429
vt 0.56458333 0.34821429
vt 0.16458333 0.34821429
vt 0.16458333 0.34821429
vt 0.16458333 0.34821429
vt 0.16458333 0.34821429
vt 0.16458333 0.34821429
vt 0.16458333 0.34821429
vt 0.16458333 0.34821429
vt 0.16458333 0.34821429
vt 0.16458333 0.34821429
vt 0.16458333 0.34821429
vt 0.16458333 0.34821429
vt 0.16458333 0.34821429
vt 0.16458333 0.34821429
vt 0.16458333 0.34821429
vt 0.16458333 0.34821429
vt 0.16458333 0.34821429
vt 0.16458333 0.34821429
vt 0.16458333 0.34821429
vt 0.16458333 0.34821429
vt 0.16458333 0.34821429
vt 0.16458333 0.34821429
vt 0.16458333 0.34821429
vt 0.16458333 0.34821429
vt 0.16458333 0.34821429
vt 0.16458333 0.34821429
vt 0.16458333 0.34821429
vt 0.16458333 0.34821429
vt 0.16458333 0.34821429
vt 0.16458333 0.34821429
vt 0.16458333 0.34821429
vt 0.16458333 0.34821429
vt 0.16458333 0.34821429
vt 0.16458333 0.34821429
vt 0.16458333 0.34821429
vt 0.16458333 0.34821429
vt 0.16458333 0.34821429
vt 0.16458333 0.34821429
vt 0.16458333 0.34821429
vt 0.16458333 0.34821429
vt 0.16458333 0.34821429
vt 0.16458333 0.34821429
vt 0.16458333 0.34821429
vt 0.16458333 0.34821429
vt 0.16458333 0.34821429
vt 0.16458333 0.34821429
vt 0.16458333 0.34821429
vt 0.16458333 0.34821429
vt 0.16458333 0.34821429
vt 0.16458333 0.34821429
vt 0.16458333 0.34821429
vt 0.16458333 0.34821429
vt 0.16458333 0.34821429
vt 0.16458333 0.34821429
vt 0.16458333 0.34821429
vt 0.16458333 0.34821429
vt 0.16458333 0.34821429
vt 0.16458333 0.34821429
vt 0.16458333 0.34821429
vt 0.16458333 0.34821429
vt 0.16458333 0.34821429
vt 0.16458333 0.34821429
vt 0.16458333 0.34821429
vt 0.16458333 0.34821429
vt 0.16458333 0.34821429
vt 0.16458333 0.34821429
vt 0.16458333 0.34821429
vt 0.16458333 0.34821429
vt 0.16458333 0.34821429
vt 0.16458333 0.34821429
vt 0.16458333 0.34821429
vt 0.16458333 0.34821429
vt 0.16458333 0.34821429
vt 0.16458333 0.34821429
vt 0.16458333 0.34821429
vt 0.16458333 0.34821429
vt 0.16458333 0.34821429
vt 0.16458333 0.34821429
vt 0.16458333 0.34821429
vt 0.16458333 0.34821429
vt 0.16458333 0.34821429
vt 0.16458333 0.34821429
vt 0.16458333 0.34821429
vt 0.16458333 0.34821429
vt 0.16458333 0.34821429
vt 0.16458333 0.34821429
vt 0.16458333 0.34821429
vt 0.16458333 0.34821429
vt 0.16458333 0.34821429
vt 0.16458333 0.34821429
vt 0.16458333 0.34821429
vt 0.16458333 0.34821429
vt 0.16458333 0.34821429
vt 0.16458333 0.34821429
vt 0.16458333 0.34821429
vt 0.16458333 0.34821429
vt 0.16458333 0.34821429
vt 0.16458333 0.34821429
vt 0.16458333 0.34821429
vt 0.16458333 0.34821429
vt 0.16458333 0.34821429
vt 0.16458333 0.34821429
vt 0.16458333 0.34821429
vt 0.16458333 0.34821429
vt 0.16458333 0.34821429
vt 0.16458333 0.34821429
vt 0.16458333 0.34821429
vt 0.16458333 0.34821429
vt 0.16458333 0.34821429
vt 0.16458333 0.34821429
vt 0.16458333 0.34821429
vt 0.16458333 0.34821429
vt 0.16458333 0.34821429
vt 0.16458333 0.34821429
vt 0.16458333 0.34821429
vt 0.16458333 0.34821429
vt 0.16458333 0.34821429
vt 0.16458333 0.34821429
vt 0.16458333 0.34821429
vt 0.16458333 0.34821429
vt 0.16458333 0.34821429
vt 0.16458333 0.34821429
vt 0.16458333 0.34821429
vt 0.16458333 0.34821429
vt 0.16458333 0.34821429
vt 0.16458333 0.34821429
vt 0.16458333 0.34821429
vt 0.16458333 0.34821429
vt 0.16458333 0.34821429
vt 0.16458333 0.34821429
vt 0.16458333 0.34821429
vt 0.16458333 0.34821429
vt 0.16458333 0.34821429
vt 0.16458333 0.34821429
vt 0.16458333 0.34821429
vt 0.16458333 0.34821429
vt 0.16458333 0.34821429
vt 0.16458333 0.34821429
vt 0.16458333 0.34821429
vt 0.16458333 0.34821429
vt 0.16458333 0.34821429
vt 0.16458333 0.34821429
vt 0.16458333 0.34821429
vt 0.16458333 0.34821429
vt 0.16458333 0.34821429
vt 0.16458333 0.34821429
vt 0.16458333 0.34821429
vt 0.16458333 0.34821429
vt 0.16458333 0.34821429
vt 0.16458333 0.34821429
vt 0.16458333 0.34821429
vt 0.16458333 0.34821429
vt 0.16458333 0.34821429
vt 0.16458333 0.34821429
vt 0.16458333 0.34821429
vt 0.16458333 0.34821429
vt 0.16458333 0.34821429
vt 0.16458333 0.34821429
vt 0.16458333 0.34821429
vt 0.16458333 0.34821429
vt 0.16458333 0.34821429
vt 0.16458333 0.34821429
vt 0.16458333 0.34821429
vt 0.16458333 0.34821429
vt 0.16458333 0.34821429
vt 0.16458333 0.34821429
vt 0.16458333 0.34821429
vt 0.16458333 0.34821429
vt 0.16458333 0.34821429
vt 0.16458333 0.34821429
vt 0.16458333 0.34821429
vt 0.16458333 0.34821429
vt 0.16458333 0.34821429
vt 0.16458333 0.34821429
vt 0.16458333 0.34821429
vt 0.16458333 0.34821429
vt 0.16458333 0.34821429
vt 0.16458333 0.34821429
vt 0.16458333 0.34821429
vt 0.16458333 0.34821429
vt 0.16458333 0.34821429
vt 0.16458333 0.34821429
vt 0.16458333 0.34821429
vt 0.16458333 0.34821429
vt 0.16458333 0.34821429
vt 0.16458333 0.34821429
vt 0.16458333 0.34821429
vt 0.16458333 0.34821429
vt 0.16458333 0.34821429
vt 0.16458333 0.34821429
vt 0.16458333 0.34821429
vt 0.16458333 0.34821429
vt 0.16458333 0.34821429
vt 0.16458333 0.34821429
vt 0.16458333 0.34821429
vt 0.16458333 0.34821429
vt 0.16458333 0.34821429
vt 0.16458333 0.34821429
vt 0.16458333 0.34821429
vt 0.16458333 0.34821429
vt 0.16458333 0.34821429
vt 0.16458333 0.34821429
vt 0.16458333 0.34821429
vt 0.16458333 0.34821429
vt 0.16458333 0.34821429
vt 0.16458333 0.34821429
vt 0.16458333 0.34821429
vt 0.16458333 0.34821429
vt 0.16458333 0.34821429
vt 0.16458333 0.34821429
vt 0.16458333 0.34821429
vt 0.16458333 0.34821429
vt 0.16458333 0.34821429
vt 0.16458333 0.34821429
vt 0.16458333 0.34821429
vt 0.16458333 0.34821429
vt 0.16458333 0.34821429
vt 0.16458333 0.34821429
vt 0.16458333 0.34821429
vt 0.16458333 0.34821429
vt 0.16458333 0.34821429
vt 0.16458333 0.34821429
vt 0.16458333 0.34821429
vt 0.16458333 0.34821429
vt 0.16458333 0.34821429
vt 0.16458333 0.34821429
vt 0.16458333 0.34821429
vt 0.16458333 0.34821429
vt 0.16458333 0.34821429
vt 0.16458333 0.34821429
vt 0.16458333 0.34821429
vt 0.16458333 0.34821429
vt 0.16458333 0.34821429
vt 0.16458333 0.34821429
vt 0.16458333 0.34821429
vt 0.16458333 0.34821429
vt 0.16458333 0.34821429
vt 0.16458333 0.34821429
vt 0.16458333 0.34821429
vt 0.16458333 0.34821429
vt 0.16458333 0.34821429
vt 0.16458333 0.34821429
vt 0.16458333 0.34821429
vt 0.16458333 0.34821429
vt 0.16458333 0.34821429
vt 0.16458333 0.34821429
vt 0.16458333 0.34821429
vt 0.16458333 0.34821429
vt 0.16458333 0.34821429
vt 0.16458333 0.34821429
vt 0.16458333 0.34821429
vt 0.16458333 0.34821429
vt 0.16458333 0.34821429
vt 0.16458333 0.34821429
vt 0.16458333 0.34821429
vt 0.16458333 0.34821429
vt 0.16458333 0.34821429
vt 0.16458333 0.34821429
vt 0.16458333 0.34821429
vt 0.16458333 0.34821429
vt 0.16458333 0.34821429
vt 0.16458333 0.34821429
vt 0.16458333 0.34821429
vt 0.16458333 0.34821429
vt 0.16458333 0.34821429
vt 0.16458333 0.34821429
vt 0.16458333 0.34821429
vt 0.16458333 0.34821429
vt 0.16458333 0.34821429
vt 0.16458333 0.34821429
vt 0.16458333 0.34821429
vt 0.16458333 0.34821429
vt 0.16458333 0.34821429
vt 0.16458333 0.34821429
vt 0.16458333 0.34821429
vt 0.16458333 0.34821429
vt 0.16458333 0.34821429
vt 0.16458333 0.34821429
vt 0.16458333 0.34821429
vt 0.16458333 0.34821429
vt 0.16458333 0.34821429
vt 0.16458333 0.34821429
vt 0.16458333 0.34821429
vt 0.16458333 0.34821429
vt 0.16458333 0.34821429
vt 0.16458333 0.34821429
vt 0.16458333 0.34821429
vt 0.16458333 0.34821429
vt 0.16458333 0.34821429
vt 0.16458333 0.34821429
vt 0.16458333 0.34821429
vt 0.16458333 0.34821429
vt 0.16458333 0.34821429
vt 0.16458333 0.34821429
vt 0.16458333 0.34821429
vt 0.16458333 0.34821429
vt 0.16458333 0.34821429
vt 0.16458333 0.34821429
vt 0.16458333 0.34821429
vt 0.16458333 0.34821429
vt 0.16458333 0.34821429
vt 0.16458333 0.34821429
vt 0.16458333 0.34821429
vt 0.16458333 0.34821429
vt 0.16458333 0.34821429
vt 0.16458333 0.34821429
vt 0.16458333 0.34821429
vt 0.16458333 0.34821429
vt 0.16458333 0.34821429
vt 0.16458333 0.34821429
vt 0.16458333 0.34821429
vt 0.16458333 0.34821429
vt 0.16458333 0.34821429
vt 0.16458333 0.34821429
vt 0.16458333 0.34821429
vt 0.16458333 0.34821429
vt 0.16458333 0.34821429
vt 0.16458333 0.34821429
vt 0.16458333 0.34821429
vt 0.16458333 0.34821429
vt 0.16458333 0.34821429
vt 0.16458333 0.34821429
vt 0.16458333 0.34821429
vt 0.16458333 0.34821429
vt 0.16458333 0.34821429
vt 0.16458333 0.34821429
vt 0.16458333 0.34821429
vt 0.16458333 0.34821429
vt 0.16458333 0.34821429
vt 0.16458333 0.34821429
vt 0.16458333 0.34821429
vt 0.16458333 0.34821429
vt 0.16458333 0.34821429
vt 0.16458333 0.34821429
vt 0.16458333 0.34821429
vt 0.16458333 0.34821429
vt 0.16458333 0.34821429
vt 0.16458333 0.34821429
vt 0.16458333 0.34821429
vt 0.16458333 0.34821429
vt 0.16458333 0.34821429
vt 0.16458333 0.34821429
vt 0.16458333 0.34821429
vt 0.16458333 0.34821429
vt 0.16458333 0.34821429
vt 0.16458333 0.34821429
vt 0.16458333 0.34821429
vt 0.16458333 0.34821429
vt 0.16458333 0.34821429
vt 0.16458333 0.34821429
vt 0.16458333 0.34821429
vt 0.16458333 0.34821429
vt 0.16458333 0.34821429
vt 0.16458333 0.34821429
vt 0.16458333 0.34821429
vt 0.16458333 0.34821429
vt 0.16458333 0.34821429
vt 0.16458333 0.34821429
vt 0.16458333 0.34821429
vt 0.16458333 0.34821429
vt 0.16458333 0.34821429
vt 0.16458333 0.34821429
vt 0.16458333 0.34821429
vt 0.16458333 0.34821429
vt 0.16458333 0.34821429
vt 0.16458333 0.34821429
vt 0.16458333 0.34821429
vt 0.16458333 0.34821429
vt 0.16458333 0.34821429
vt 0.16458333 0.34821429
vt 0.16458333 0.34821429
vt 0.16458333 0.34821429
vt 0.16458333 0.34821429
vt 0.16458333 0.34821429
vt 0.16458333 0.34821429
vt 0.16458333 0.34821429
vt 0.16458333 0.34821429
vt 0.16458333 0.34821429
vt 0.16458333 0.34821429
vt 0.16458333 0.34821429
vt 0.16458333 0.34821429
vt 0.16458333 0.34821429
vt 0.16458333 0.34821429
vt 0.16458333 0.34821429
vt 0.16458333 0.34821429
vt 0.16458333 0.34821429
vt 0.16458333 0.34821429
vt 0.16458333 0.34821429
vt 0.16458333 0.34821429
vt 0.16458333 0.34821429
vt 0.16458333 0.34821429
vt 0.16458333 0.34821429
vt 0.16458333 0.34821429
vt 0.16458333 0.34821429
vt 0.16458333 0.34821429
vt 0.16458333 0.34821429
vt 0.16458333 0.34821429
vt 0.16458333 0.34821429
vt 0.16458333 0.34821429
vt 0.16458333 0.34821429
vt 0.16458333 0.34821429
vt 0.16458333 0.34821429
vt 0.16458333 0.34821429
vt 0.16458333 0.34821429
vt 0.16458333 0.34821429
vt 0.16458333 0.34821429
vt 0.16458333 0.34821429
vt 0.16458333 0.34821429
vt 0.16458333 0.34821429
vt 0.16458333 0.34821429
vt 0.16458333 0.34821429
vt 0.16458333 0.34821429
vt 0.16458333 0.34821429
vt 0.16458333 0.34821429
vt 0.16458333 0.34821429
vt 0.16458333 0.34821429
vt 0.16458333 0.34821429
vt 0.16458333 0.34821429
vt 0.16458333 0.34821429
vt 0.16458333 0.34821429
vt 0.16458333 0.34821429
vt 0.16458333 0.34821429
vt 0.16458333 0.34821429
vt 0.16458333 0.34821429
vt 0.16458333 0.34821429
vt 0.16458333 0.34821429
vt 0.16458333 0.34821429
vt 0.16458333 0.34821429
vt 0.16458333 0.34821429
vt 0.16458333 0.34821429
vt 0.16458333 0.34821429
vt 0.16458333 0.34821429
vt 0.16458333 0.34821429
vt 0.16458333 0.34821429
vt 0.16458333 0.34821429
vt 0.16458333 0.34821429
vt 0.16458333 0.34821429
vt 0.16458333 0.34821429
vt 0.16458333 0.34821429
vt 0.16458333 0.34821429
vt 0.16458333 0.34821429
vt 0.16458333 0.34821429
vt 0.16458333 0.34821429
vt 0.16458333 0.34821429
vt 0.16458333 0.34821429
vt 0.16458333 0.34821429
vt 0.16458333 0.34821429
vt 0.16458333 0.34821429
vt 0.16458333 0.34821429
vt 0.16458333 0.34821429
vt 0.16458333 0.34821429
vt 0.16458333 0.34821429
vt 0.16458333 0.34821429
vt 0.16458333 0.34821429
vt 0.16458333 0.34821429
vt 0.16458333 0.34821429
vt 0.16458333 0.34821429
vt 0.16458333 0.34821429
vt 0.16458333 0.34821429
vt 0.16458333 0.34821429
vt 0.16458333 0.34821429
vt 0.16458333 0.34821429
vt 0.16458333 0.34821429
vt 0.16458333 0.34821429
vt 0.16458333 0.34821429
vt 0.16458333 0.34821429
vt 0.16458333 0.34821429
vt 0.16458333 0.34821429
vt 0.16458333 0.34821429
vt 0.16458333 0.34821429
vt 0.16458333 0.34821429
vt 0.16458333 0.34821429
vt 0.16458333 0.34821429
vt 0.16458333 0.34821429
vt 0.16458333 0.34821429
vt 0.16458333 0.34821429
vt 0.16458333 0.34821429
vt 0.16458333 0.34821429
vt 0.16458333 0.34821429
vt 0.16458333 0.34821429
vt 0.16458333 0.34821429
vt 0.16458333 0.34821429
vt 0.16458333 0.34821429
vt 0.16458333 0.34821429
vt 0.16458333 0.34821429
vt 0.16458333 0.34821429
vt 0.16458333 0.34821429
vt 0.16458333 0.34821429
vt 0.16458333 0.34821429
vt 0.16458333 0.34821429
vt 0.16458333 0.34821429
vt 0.16458333 0.34821429
vt 0.16458333 0.34821429
vt 0.16458333 0.34821429
vt 0.16458333 0.34821429
vt 0.16458333 0.34821429
vt 0.16458333 0.34821429
vt 0.16458333 0.34821429
vt 0.16458333 0.34821429
vt 0.16458333 0.34821429
vt 0.16458333 0.34821429
vt 0.16458333 0.34821429
vt 0.16458333 0.34821429
vt 0.16458333 0.34821429
vt 0.16458333 0.34821429
vt 0.16458333 0.34821429
vt 0.16458333 0.34821429
vt 0.16458333 0.34821429
vt 0.16458333 0.34821429
vt 0.16458333 0.34821429
vt 0.16458333 0.34821429
vt 0.16458333 0.34821429
vt 0.16458333 0.34821429
vt 0.16458333 0.34821429
vt 0.16458333 0.34821429
vt 0.16458333 0.34821429
vt 0.16458333 0.34821429
vt 0.16458333 0.34821429
vt 0.16458333 0.34821429
vt 0.16458333 0.34821429
vt 0.16458333 0.34821429
vt 0.16458333 0.34821429
vt 0.16458333 0.34821429
vt 0.16458333 0.34821429
vt 0.16458333 0.34821429
vt 0.16458333 0.34821429
vt 0.16458333 0.34821429
vt 0.16458333 0.34821429
vt 0.16458333 0.34821429
vt 0.16458333 0.34821429
vt 0.16458333 0.34821429
vt 0.16458333 0.34821429
vt 0.16458333 0.34821429
vt 0.16458333 0.34821429
vt 0.16458333 0.34821429
vt 0.16458333 0.34821429
vt 0.16458333 0.34821429
vt 0.16458333 0.34821429
vt 0.16458333 0.34821429
vt 0.16458333 0.34821429
vt 0.16458333 0.34821429
vt 0.16458333 0.34821429
vt 0.16458333 0.34821429
vt 0.16458333 0.34821429
vt 0.16458333 0.34821429
vt 0.16458333 0.34821429
vt 0.16458333 0.34821429
vt 0.16458333 0.34821429
vt 0.16458333 0.34821429
vt 0.16458333 0.34821429
vt 0.16458333 0.34821429
vt 0.16458333 0.34821429
vt 0.16458333 0.34821429
vt 0.16458333 0.34821429
vt 0.16458333 0.34821429
vt 0.16458333 0.34821429
vt 0.16458333 0.34821429
vt 0.16458333 0.34821429
vt 0.16458333 0.34821429
vt 0.16458333 0.34821429
vt 0.16458333 0.34821429
vt 0.16458333 0.34821429
vt 0.16458333 0.34821429
vt 0.16458333 0.34821429
vt 0.16458333 0.34821429
vt 0.16458333 0.34821429
vt 0.16458333 0.34821429
vt 0.16458333 0.34821429
vt 0.16458333 0.34821429
vt 0.16458333 0.34821429
vt 0.16458333 0.34821429
vt 0.16458333 0.34821429
vt 0.16458333 0.34821429
vt 0.16458333 0.34821429
vt 0.16458333 0.34821429
vt 0.16458333 0.34821429
vt 0.16458333 0.34821429
vt 0.16458333 0.34821429
vt 0.16458333 0.34821429
vt 0.16458333 0.34821429
vt 0.16458333 0.34821429
vt 0.16458333 0.34821429
vt 0.16458333 0.34821429
vt 0.16458333 0.34821429
vt 0.16458333 0.34821429
vt 0.16458333 0.34821429
vt 0.16458333 0.34821429
vt 0.16458333 0.34821429
vt 0.16458333 0.34821429
vt 0.16458333 0.34821429
vt 0.16458333 0.34821429
vt 0.16458333 0.34821429
vt 0.16458333 0.34821429
vt 0.16458333 0.34821429
vt 0.16458333 0.34821429
vt 0.16458333 0.34821429
vt 0.16458333 0.34821429
vt 0.16458333 0.34821429
vt 0.16458333 0.34821429
vt 0.16458333 0.34821429
vt 0.16458333 0.34821429
vt 0.16458333 0.34821429
vt 0.16458333 0.34821429
vt 0.16458333 0.34821429
vt 0.16458333 0.34821429
vt 0.16458333 0.34821429
vt 0.16458333 0.34821429
vt 0.16458333 0.34821429
vt 0.16458333 0.34821429
vt 0.16458333 0.34821429
vt 0.16458333 0.34821429
vt 0.16458333 0.34821429
vt 0.16458333 0.34821429
vt 0.16458333 0.34821429
vt 0.16458333 0.34821429
vt 0.16458333 0.34821429
vt 0.16458333 0.34821429
vt 0.16458333 0.34821429
vt 0.16458333 0.34821429
vt 0.16458333 0.34821429
vt 0.16458333 0.34821429
vt 0.16458333 0.34821429
vt 0.16458333 0.34821429
vt 0.16458333 0.34821429
vt 0.16458333 0.34821429
vt 0.16458333 0.34821429
vt 0.16458333 0.34821429
vt 0.16458333 0.34821429
vt 0.16458333 0.34821429
vt 0.16458333 0.34821429
vt 0.16458333 0.34821429
vt 0.16458333 0.34821429
vt 0.16458333 0.34821429
vt 0.16458333 0.34821429
vt 0.16458333 0.34821429
vt 0.16458333 0.34821429
vt 0.16458333 0.34821429
vt 0.16458333 0.34821429
vt 0.16458333 0.34821429
vt 0.16458333 0.34821429
vt 0.16458333 0.34821429
vt 0.16458333 0.34821429
vt 0.16458333 0.34821429
vt 0.16458333 0.34821429
vt 0.16458333 0.34821429
vt 0.16458333 0.34821429
vt 0.16458333 0.34821429
vt 0.16458333 0.34821429
vt 0.16458333 0.34821429
vt 0.16458333 0.34821429
vt 0.16458333 0.34821429
vt 0.16458333 0.34821429
vt 0.16458333 0.34821429
vt 0.16458333 0.34821429
vt 0.16458333 0.34821429
vt 0.16458333 0.34821429
vt 0.16458333 0.34821429
vt 0.16458333 0.34821429
vt 0.16458333 0.34821429
vt 0.16458333 0.34821429
vt 0.16458333 0.34821429
vt 0.16458333 0.34821429
vt 0.16458333 0.34821429
vt 0.16458333 0.34821429
vt 0.16458333 0.34821429
vt 0.16458333 0.34821429
vt 0.16458333 0.34821429
vt 0.16458333 0.34821429
vt 0.16458333 0.34821429
vt 0.16458333 0.34821429
vt 0.16458333 0.34821429
vt 0.16458333 0.34821429
vt 0.16458333 0.34821429
vt 0.16458333 0.34821429
vt 0.16458333 0.34821429
vt 0.16458333 0.34821429
vt 0.16458333 0.34821429
vt 0.16458333 0.34821429
vt 0.16458333 0.34821429
vt 0.16458333 0.34821429
vt 0.16458333 0.34821429
vt 0.16458333 0.34821429
vt 0.16458333 0.34821429
vt 0.16458333 0.34821429
vt 0.16458333 0.34821429
vt 0.16458333 0.34821429
vt 0.16458333 0.34821429
vt 0.16458333 0.34821429
vt 0.16458333 0.34821429
vt 0.16458333 0.34821429
vt 0.16458333 0.34821429
vt 0.16458333 0.34821429
vt 0.16458333 0.34821429
vt 0.16458333 0.34821429
vt 0.16458333 0.34821429
vt 0.16458333 0.34821429
vt 0.16458333 0.34821429
vt 0.16458333 0.34821429
vt 0.16458333 0.34821429
vt 0.16458333 0.34821429
vt 0.16458333 0.34821429
vt 0.16458333 0.34821429
vt 0.16458333 0.34821429
vt 0.16458333 0.34821429
vt 0.16458333 0.34821429
vt 0.16458333 0.34821429
vt 0.16458333 0.34821429
vt 0.16458333 0.34821429
vt 0.16458333 0.34821429
vt 0.16458333 0.34821429
vt 0.16458333 0.34821429
vt 0.16458333 0.34821429
vt 0.16458333 0.34821429
vt 0.16458333 0.34821429
vt 0.16458333 0.34821429
vt 0.16458333 0.34821429
vt 0.16458333 0.34821429
vt 0.16458333 0.34821429
vt 0.16458333 0.34821429
vt 0.16458333 0.34821429
vt 0.16458333 0.34821429
vt 0.16458333 0.34821429
vt 0.16458333 0.34821429
vt 0.16458333 0.34821429
vt 0.16458333 0.34821429
vt 0.16458333 0.34821429
vt 0.16458333 0.34821429
vt 0.16458333 0.34821429
vt 0.16458333 0.34821429
vt 0.16458333 0.34821429
vt 0.16458333 0.34821429
vt 0.16458333 0.34821429
vt 0.16458333 0.34821429
vt 0.16458333 0.34821429
vt 0.16458333 0.34821429
vt 0.16458333 0.34821429
vt 0.16458333 0.34821429
vt 0.16458333 0.34821429
vt 0.16458333 0.34821429
vt 0.16458333 0.34821429
vt 0.16458333 0.34821429
vt 0.16458333 0.34821429
vt 0.16458333 0.34821429
vt 0.16458333 0.34821429
f 1/1 2/2 3/3
f 4/4 5/5 6/6
f 7/7 6/6 8/8
f 6/6 5/5 8/8
f 9/9 5/5 4/4
f 9/9 8/8 5/5
f 7/7 9/9 6/6
f 10/10 11/11 12/12
f 10/10 13/13 11/11
f 14/14 15/15 1/1
f 1/1 15/15 2/2
f 6/6 9/9 4/4
f 16/16 17/17 18/18
f 19/19 18/18 17/17
f 20/20 13/13 10/10
f 16/16 19/19 17/17
f 21/21 22/22 23/23
f 22/22 24/24 23/23
f 25/25 15/15 14/14
f 22/22 26/26 24/24
f 3/3 13/13 20/20
f 24/24 27/27 23/23
f 25/25 28/28 15/15
f 3/3 2/2 13/13
f 29/29 28/28 25/25
f 27/27 21/21 23/23
f 24/24 26/26 27/27
f 26/26 22/22 30/30
f 22/22 21/21 30/30
f 31/31 32/32 33/33
f 33/33 32/32 34/34
f 35/35 32/32 31/31
f 36/36 37/37 38/38
f 39/39 40/40 41/41
f 42/42 37/37 36/36
f 43/43 40/40 39/39
f 44/44 32/32 35/35
f 44/44 34/34 32/32
f 33/33 44/44 31/31
f 31/31 44/44 35/35
f 45/45 46/46 47/47
f 45/45 47/47 48/48
f 49/49 40/40 43/43
f 38/38 10/10 12/12
f 48/48 47/47 50/50
f 51/51 52/52 42/42
f 40/40 53/53 41/41
f 54/54 52/52 51/51
f 37/37 10/10 38/38
f 42/42 55/55 37/37
f 48/48 50/50 56/56
f 56/56 50/50 57/57
f 56/56 57/57 58/58
f 52/52 55/55 42/42
f 56/56 58/58 59/59
f 41/41 60/60 61/61
f 59/59 58/58 62/62
f 52/52 63/63 55/55
f 64/64 62/62 65/65
f 59/59 62/62 64/64
f 66/66 67/67 68/68
f 64/64 65/65 69/69
f 55/55 10/10 37/37
f 64/64 69/69 70/70
f 71/71 64/64 70/70
f 67/67 72/72 68/68
f 61/61 73/73 74/74
f 53/53 60/60 41/41
f 71/71 70/70 75/75
f 71/71 75/75 76/76
f 55/55 20/20 10/10
f 74/74 1/1 77/77
f 71/71 76/76 78/78
f 74/74 79/79 1/1
f 73/73 79/79 74/74
f 60/60 73/73 61/61
f 80/80 20/20 55/55
f 71/71 78/78 81/81
f 71/71 81/81 82/82
f 71/71 82/82 83/83
f 72/72 84/84 68/68
f 71/71 83/83 85/85
f 71/71 85/85 86/86
f 86/86 85/85 87/87
f 80/80 3/3 20/20
f 88/88 89/89 90/90
f 89/89 91/91 90/90
f 79/79 14/14 1/1
f 39/39 80/80 63/63
f 92/92 93/93 94/94
f 95/95 93/93 92/92
f 96/96 95/95 92/92
f 67/67 97/97 72/72
f 98/98 95/95 96/96
f 99/99 72/72 97/97
f 100/100 95/95 98/98
f 84/84 72/72 101/101
f 99/99 102/102 72/72
f 72/72 102/102 103/103
f 94/94 93/93 104/104
f 105/105 100/100 98/98
f 106/106 107/107 102/102
f 108/108 100/100 105/105
f 102/102 107/107 103/103
f 101/101 36/36 109/109
f 110/110 111/111 112/112
f 112/112 111/111 113/113
f 114/114 115/115 116/116
f 101/101 109/109 84/84
f 116/116 115/115 117/117
f 51/51 42/42 103/103
f 54/54 51/51 107/107
f 118/118 119/119 120/120
f 72/72 103/103 101/101
f 109/109 38/38 84/84
f 120/120 119/119 121/121
f 122/122 123/123 124/124
f 124/124 125/125 126/126
f 124/124 126/126 127/127
f 128/128 52/52 54/54
f 127/127 126/126 129/129
f 127/127 129/129 130/130
f 129/129 131/131 132/132
f 63/63 80/80 55/55
f 132/132 131/131 133/133
f 133/133 131/131 134/134
f 103/103 36/36 101/101
f 128/128 39/39 52/52
f 124/124 29/29 135/135
f 52/52 39/39 63/63
f 124/124 123/123 29/29
f 136/136 3/3 80/80
f 124/124 135/135 125/125
f 137/137 122/122 138/138
f 122/122 124/124 138/138
f 139/139 39/39 128/128
f 36/36 38/38 109/109
f 124/124 127/127 138/138
f 137/137 123/123 122/122
f 130/130 140/140 127/127
f 130/130 141/141 140/140
f 103/103 42/42 36/36
f 130/130 133/133 141/141
f 39/39 136/136 80/80
f 133/133 142/142 141/141
f 3/3 136/136 77/77
f 130/130 129/129 132/132
f 130/130 132/132 133/133
f 61/61 136/136 41/41
f 41/41 136/136 39/39
f 143/143 144/144 145/145
f 146/146 147/147 148/148
f 146/146 149/149 147/147
f 150/150 151/151 152/152
f 153/153 39/39 139/139
f 43/43 39/39 153/153
f 77/77 136/136 74/74
f 74/74 136/136 61/61
f 152/152 151/151 154/154
f 155/155 156/156 157/157
f 158/158 159/159 160/160
f 161/161 162/162 163/163
f 107/107 51/51 103/103
f 162/162 164/164 163/163
f 3/3 77/77 1/1
f 165/165 166/166 167/167
f 168/168 169/169 170/170
f 171/171 168/168 170/170
f 172/172 173/173 174/174
f 172/172 158/158 173/173
f 81/81 99/99 82/82
f 82/82 99/99 97/97
f 175/175 176/176 170/170
f 57/57 49/49 58/58
f 78/78 102/102 81/81
f 69/69 139/139 128/128
f 81/81 102/102 99/99
f 85/85 177/177 87/87
f 65/65 139/139 69/69
f 50/50 178/178 57/57
f 76/76 106/106 78/78
f 65/65 153/153 139/139
f 57/57 178/178 49/49
f 78/78 106/106 102/102
f 76/76 107/107 106/106
f 75/75 107/107 76/76
f 179/179 180/180 181/181
f 181/181 180/180 182/182
f 47/47 183/183 50/50
f 50/50 183/183 178/178
f 62/62 153/153 65/65
f 85/85 66/66 177/177
f 70/70 54/54 75/75
f 184/184 185/185 186/186
f 187/187 188/188 189/189
f 75/75 54/54 107/107
f 187/187 190/190 188/188
f 46/46 134/134 47/47
f 47/47 134/134 183/183
f 62/62 43/43 153/153
f 58/58 43/43 62/62
f 85/85 67/67 66/66
f 191/191 171/171 192/192
f 83/83 67/67 85/85
f 70/70 128/128 54/54
f 82/82 97/97 83/83
f 69/69 128/128 70/70
f 83/83 97/97 67/67
f 58/58 49/49 43/43
f 193/193 194/194 195/195
f 196/196 46/46 45/45
f 134/134 131/131 183/183
f 60/60 135/135 73/73
f 135/135 25/25 73/73
f 131/131 197/197 183/183
f 73/73 25/25 14/14
f 196/196 45/45 194/194
f 193/193 196/196 194/194
f 195/195 194/194 198/198
f 197/197 129/129 199/199
f 200/200 201/201 202/202
f 131/131 129/129 197/197
f 203/203 204/204 205/205
f 49/49 197/197 40/40
f 199/199 125/125 60/60
f 206/206 202/202 207/207
f 204/204 201/201 200/200
f 208/208 204/204 200/200
f 197/197 53/53 40/40
f 60/60 125/125 135/135
f 129/129 126/126 199/199
f 178/178 183/183 49/49
f 205/205 204/204 208/208
f 209/209 206/206 210/210
f 211/211 209/209 212/212
f 126/126 125/125 199/199
f 183/183 197/197 49/49
f 210/210 206/206 207/207
f 206/206 209/209 213/213
f 209/209 211/211 213/213
f 201/201 207/207 202/202
f 135/135 29/29 25/25
f 214/214 215/215 216/216
f 217/217 218/218 219/219
f 220/220 221/221 214/214
f 217/217 222/222 223/223
f 224/224 225/225 226/226
f 227/227 226/226 225/225
f 221/221 220/220 228/228
f 229/229 230/230 231/231
f 232/232 233/233 234/234
f 197/197 199/199 53/53
f 73/73 14/14 79/79
f 53/53 199/199 60/60
f 235/235 236/236 237/237
f 223/223 218/218 217/217
f 238/238 239/239 240/240
f 241/241 242/242 243/243
f 244/244 245/245 242/242
f 229/229 231/231 246/246
f 247/247 248/248 244/244
f 244/244 248/248 245/245
f 218/218 249/249 219/219
f 247/247 250/250 248/248
f 219/219 249/249 233/233
f 251/251 250/250 252/252
f 252/252 250/250 247/247
f 253/253 254/254 255/255
f 256/256 257/257 258/258
f 258/258 257/257 259/259
f 219/219 233/233 232/232
f 260/260 257/257 256/256
f 177/177 261/261 87/87
f 259/259 262/262 263/263
f 262/262 264/264 263/263
f 263/263 264/264 265/265
f 264/264 266/266 265/265
f 265/265 266/266 267/267
f 268/268 267/267 269/269
f 267/267 268/268 270/270
f 271/271 240/240 224/224
f 268/268 272/272 270/270
f 272/272 273/273 270/270
f 274/274 273/273 272/272
f 240/240 271/271 238/238
f 274/274 241/241 273/273
f 273/273 241/241 243/243
f 261/261 275/275 276/276
f 243/243 242/242 245/245
f 277/277 275/275 261/261
f 278/278 279/279 280/280
f 246/246 281/281 255/255
f 276/276 279/279 278/278
f 278/278 282/282 276/276
f 283/283 284/284 285/285
f 87/87 261/261 282/282
f 286/286 256/256 283/283
f 253/253 236/236 254/254
f 254/254 236/236 235/235
f 283/283 256/256 284/284
f 267/267 266/266 269/269
f 287/287 288/288 280/280
f 266/266 289/289 269/269
f 260/260 256/256 286/286
f 235/235 237/237 290/290
f 221/221 215/215 214/214
f 291/291 224/224 226/226
f 292/292 257/257 260/260
f 293/293 259/259 292/292
f 292/292 259/259 257/257
f 291/291 271/271 224/224
f 294/294 262/262 293/293
f 293/293 262/262 259/259
f 238/238 234/234 239/239
f 295/295 228/228 296/296
f 294/294 264/264 262/262
f 289/289 266/266 294/294
f 294/294 266/266 264/264
f 297/297 226/226 227/227
f 285/285 284/284 298/298
f 230/230 229/229 295/295
f 284/284 256/256 298/298
f 298/298 256/256 299/299
f 256/256 258/258 299/299
f 297/297 291/291 226/226
f 258/258 259/259 299/299
f 297/297 227/227 300/300
f 177/177 277/277 261/261
f 259/259 263/263 299/299
f 263/263 265/265 299/299
f 300/300 227/227 301/301
f 265/265 267/267 299/299
f 299/299 267/267 302/302
f 282/282 261/261 276/276
f 267/267 270/270 302/302
f 280/280 288/288 278/278
f 270/270 273/273 302/302
f 282/282 278/278 288/288
f 302/302 273/273 303/303
f 273/273 243/243 303/303
f 222/222 290/290 223/223
f 295/295 296/296 230/230
f 288/288 287/287 282/282
f 243/243 245/245 303/303
f 303/303 245/245 304/304
f 245/245 248/248 304/304
f 296/296 228/228 220/220
f 248/248 250/250 304/304
f 304/304 250/250 305/305
f 246/246 231/231 281/281
f 253/253 255/255 281/281
f 232/232 234/234 238/238
f 250/250 251/251 305/305
f 290/290 237/237 223/223
f 156/156 306/306 307/307
f 287/287 280/280 216/216
f 215/215 287/287 216/216
f 308/308 309/309 310/310
f 104/104 311/311 312/312
f 313/313 314/314 315/315
f 316/316 314/314 313/313
f 317/317 318/318 319/319
f 148/148 147/147 320/320
f 321/321 319/319 322/322
f 166/166 145/145 323/323
f 314/314 324/324 315/315
f 167/167 325/325 113/113
f 167/167 323/323 325/325
f 167/167 166/166 323/323
f 326/326 327/327 328/328
f 307/307 157/157 156/156
f 321/321 322/322 329/329
f 329/329 322/322 324/324
f 330/330 327/327 326/326
f 331/331 308/308 332/332
f 333/333 90/90 157/157
f 334/334 145/145 166/166
f 331/331 335/335 308/308
f 121/121 336/336 120/120
f 337/337 338/338 339/339
f 340/340 341/341 342/342
f 343/343 344/344 345/345
f 167/167 113/113 336/336
f 167/167 346/346 192/192
f 333/333 157/157 307/307
f 347/347 337/337 348/348
f 336/336 349/349 346/346
f 336/336 346/346 167/167
f 160/160 350/350 174/174
f 339/339 338/338 351/351
f 352/352 350/350 160/160
f 342/342 341/341 353/353
f 343/343 345/345 354/354
f 334/334 166/166 355/355
f 350/350 356/356 174/174
f 357/357 308/308 163/163
f 357/357 332/332 308/308
f 333/333 307/307 334/334
f 358/358 340/340 342/342
f 323/323 359/359 343/343
f 360/360 340/340 358/358
f 361/361 316/316 313/313
f 362/362 363/363 364/364
f 333/333 334/334 355/355
f 365/365 349/349 366/366
f 366/366 349/349 336/336
f 323/323 354/354 362/362
f 323/323 343/343 354/354
f 311/311 189/189 188/188
f 192/192 367/367 167/167
f 116/116 332/332 357/357
f 336/336 356/356 366/366
f 368/368 336/336 121/121
f 369/369 355/355 367/367
f 369/369 333/333 355/355
f 116/116 323/323 332/332
f 369/369 367/367 192/192
f 163/163 308/308 327/327
f 356/356 336/336 174/174
f 170/170 192/192 171/171
f 348/348 337/337 370/370
f 174/174 336/336 368/368
f 323/323 362/362 364/364
f 371/371 360/360 358/358
f 370/370 337/337 339/339
f 372/372 316/316 361/361
f 373/373 374/374 189/189
f 369/369 192/192 170/170
f 371/371 358/358 375/375
f 347/347 348/348 225/225
f 376/376 371/371 375/375
f 174/174 368/368 374/374
f 225/225 348/348 370/370
f 377/377 371/371 376/376
f 224/224 347/347 225/225
f 160/160 174/174 173/173
f 373/373 189/189 311/311
f 369/369 170/170 350/350
f 225/225 370/370 378/378
f 160/160 173/173 158/158
f 227/227 225/225 378/378
f 379/379 174/174 374/374
f 380/380 352/352 160/160
f 380/380 160/160 381/381
f 374/374 373/373 382/382
f 315/315 383/383 313/313
f 301/301 227/227 378/378
f 384/384 377/377 338/338
f 338/338 377/377 376/376
f 351/351 376/376 375/375
f 338/338 376/376 351/351
f 337/337 384/384 338/338
f 385/385 386/386 387/387
f 388/388 386/386 385/385
f 323/323 116/116 117/117
f 369/369 350/350 389/389
f 382/382 379/379 374/374
f 390/390 391/391 392/392
f 393/393 388/388 394/394
f 395/395 163/163 396/396
f 394/394 388/388 385/385
f 316/316 397/397 398/398
f 398/398 397/397 387/387
f 389/389 382/382 369/369
f 399/399 393/393 394/394
f 382/382 389/389 379/379
f 391/391 393/393 399/399
f 390/390 392/392 400/400
f 401/401 383/383 315/315
f 117/117 402/402 403/403
f 327/327 396/396 163/163
f 386/386 398/398 387/387
f 404/404 359/359 323/323
f 405/405 117/117 403/403
f 333/333 359/359 406/406
f 392/392 391/391 399/399
f 407/407 181/181 182/182
f 320/320 147/147 315/315
f 408/408 163/163 395/395
f 401/401 409/409 383/383
f 161/161 163/163 408/408
f 323/323 117/117 405/405
f 410/410 411/411 362/362
f 412/412 407/407 182/182
f 323/323 91/91 404/404
f 362/362 411/411 363/363
f 343/343 361/361 407/407
f 406/406 359/359 404/404
f 413/413 353/353 341/341
f 413/413 341/341 414/414
f 323/323 405/405 161/161
f 152/152 91/91 323/323
f 415/415 416/416 413/413
f 327/327 188/188 417/417
f 343/343 407/407 412/412
f 418/418 320/320 315/315
f 418/418 315/315 308/308
f 413/413 414/414 11/11
f 11/11 414/414 419/419
f 323/323 420/420 152/152
f 416/416 421/421 413/413
f 372/372 361/361 343/343
f 11/11 422/422 12/12
f 154/154 90/90 91/91
f 423/423 418/418 308/308
f 343/343 412/412 409/409
f 323/323 161/161 325/325
f 418/418 423/423 354/354
f 144/144 420/420 323/323
f 11/11 419/419 424/424
f 186/186 185/185 344/344
f 310/310 423/423 308/308
f 421/421 425/425 413/413
f 328/328 327/327 417/417
f 90/90 426/426 427/427
f 90/90 406/406 426/426
f 420/420 144/144 428/428
f 323/323 145/145 144/144
f 354/354 345/345 418/418
f 154/154 91/91 152/152
f 11/11 429/429 422/422
f 120/120 336/336 327/327
f 325/325 430/430 112/112
f 343/343 186/186 344/344
f 333/333 406/406 90/90
f 311/311 188/188 327/327
f 359/359 372/372 343/343
f 120/120 327/327 330/330
f 113/113 325/325 112/112
f 425/425 431/431 413/413
f 176/176 350/350 170/170
f 432/432 433/433 346/346
f 432/432 346/346 349/349
f 11/11 424/424 434/434
f 435/435 383/383 409/409
f 435/435 436/436 383/383
f 11/11 437/437 429/429
f 313/313 438/438 361/361
f 439/439 438/438 313/313
f 431/431 440/440 413/413
f 11/11 434/434 441/441
f 440/440 442/442 413/413
f 11/11 443/443 437/437
f 444/444 445/445 354/354
f 442/442 446/446 413/413
f 11/11 441/441 447/447
f 423/423 444/444 354/354
f 446/446 448/448 413/413
f 11/11 447/447 443/443
f 448/448 449/449 413/413
f 112/112 430/430 110/110
f 449/449 450/450 413/413
f 451/451 430/430 325/325
f 413/413 450/450 452/452
f 396/396 453/453 454/454
f 413/413 452/452 353/353
f 455/455 456/456 457/457
f 458/458 459/459 460/460
f 456/456 461/461 458/458
f 395/395 396/396 454/454
f 462/462 463/463 464/464
f 465/465 459/459 466/466
f 466/466 329/329 314/314
f 453/453 396/396 327/327
f 466/466 467/467 329/329
f 468/468 469/469 470/470
f 471/471 397/397 372/372
f 397/397 316/316 372/372
f 388/388 465/465 386/386
f 460/460 459/459 465/465
f 472/472 458/458 460/460
f 104/104 473/473 311/311
f 93/93 473/473 104/104
f 188/188 474/474 417/417
f 190/190 474/474 188/188
f 417/417 475/475 328/328
f 474/474 475/475 417/417
f 402/402 117/117 115/115
f 476/476 402/402 115/115
f 405/405 162/162 161/161
f 477/477 162/162 405/405
f 185/185 478/478 344/344
f 479/479 480/480 459/459
f 481/481 482/482 483/483
f 457/457 456/456 484/484
f 426/426 406/406 485/485
f 486/486 460/460 391/391
f 459/459 480/480 467/467
f 466/466 314/314 316/316
f 161/161 451/451 325/325
f 487/487 451/451 161/161
f 315/315 488/488 401/401
f 463/463 489/489 481/481
f 490/490 488/488 315/315
f 491/491 184/184 186/186
f 491/491 186/186 343/343
f 492/492 489/489 463/463
f 493/493 462/462 464/464
f 494/494 468/468 458/458
f 495/495 444/444 423/423
f 495/495 423/423 310/310
f 411/411 496/496 364/364
f 363/363 411/411 364/364
f 458/458 468/468 470/470
f 497/497 498/498 486/486
f 456/456 458/458 472/472
f 483/483 461/461 456/456
f 336/336 453/453 327/327
f 460/460 393/393 391/391
f 499/499 453/453 336/336
f 308/308 500/500 309/309
f 390/390 486/486 391/391
f 335/335 500/500 308/308
f 458/458 470/470 479/479
f 365/365 432/432 349/349
f 398/398 466/466 316/316
f 368/368 501/501 374/374
f 502/502 501/501 368/368
f 433/433 191/191 192/192
f 346/346 433/433 192/192
f 464/464 455/455 457/457
f 90/90 155/155 157/157
f 503/503 155/155 90/90
f 501/501 187/187 189/189
f 374/374 501/501 189/189
f 504/504 494/494 461/461
f 461/461 494/494 458/458
f 481/481 483/483 455/455
f 458/458 479/479 459/459
f 428/428 150/150 420/420
f 459/459 467/467 466/466
f 166/166 505/505 355/355
f 497/497 486/486 390/390
f 165/165 505/505 166/166
f 164/164 506/506 357/357
f 164/164 357/357 163/163
f 409/409 491/491 343/343
f 507/507 491/491 409/409
f 508/508 509/509 330/330
f 508/508 330/330 326/326
f 364/364 510/510 323/323
f 496/496 510/510 364/364
f 361/361 511/511 407/407
f 438/438 511/511 361/361
f 181/181 407/407 511/511
f 179/179 181/181 511/511
f 328/328 508/508 326/326
f 475/475 508/508 328/328
f 493/493 464/464 512/512
f 159/159 381/381 160/160
f 352/352 513/513 350/350
f 514/514 480/480 479/479
f 154/154 503/503 90/90
f 151/151 503/503 154/154
f 512/512 464/464 457/457
f 482/482 515/515 516/516
f 89/89 517/517 404/404
f 89/89 404/404 91/91
f 379/379 172/172 174/174
f 518/518 172/172 379/379
f 473/473 373/373 311/311
f 386/386 466/466 398/398
f 519/519 520/520 521/521
f 473/473 522/522 373/373
f 522/522 382/382 373/373
f 523/523 492/492 462/462
f 522/522 369/369 382/382
f 462/462 492/492 463/463
f 457/457 484/484 486/486
f 460/460 465/465 388/388
f 345/345 524/524 418/418
f 525/525 519/519 521/521
f 463/463 481/481 455/455
f 465/465 466/466 386/386
f 526/526 524/524 345/345
f 524/524 527/527 320/320
f 524/524 320/320 418/418
f 149/149 490/490 315/315
f 149/149 315/315 147/147
f 307/307 306/306 334/334
f 519/519 514/514 528/528
f 516/516 504/504 461/461
f 143/143 145/145 334/334
f 306/306 143/143 334/334
f 505/505 529/529 367/367
f 505/505 367/367 355/355
f 488/488 507/507 409/409
f 401/401 488/488 409/409
f 514/514 519/519 525/525
f 404/404 485/485 406/406
f 517/517 485/485 404/404
f 482/482 516/516 483/483
f 513/513 530/530 389/389
f 513/513 389/389 350/350
f 436/436 439/439 313/313
f 436/436 313/313 383/383
f 113/113 499/499 336/336
f 111/111 499/499 113/113
f 403/403 477/477 405/405
f 531/531 477/477 403/403
f 320/320 146/146 148/148
f 525/525 521/521 532/532
f 527/527 146/146 320/320
f 121/121 502/502 368/368
f 119/119 502/502 121/121
f 533/533 528/528 514/514
f 532/532 321/321 329/329
f 455/455 483/483 456/456
f 534/534 321/321 532/532
f 480/480 514/514 525/525
f 521/521 520/520 535/535
f 486/486 484/484 472/472
f 521/521 535/535 534/534
f 534/534 319/319 321/321
f 317/317 534/534 535/535
f 484/484 456/456 472/472
f 534/534 317/317 319/319
f 314/314 329/329 324/324
f 470/470 536/536 533/533
f 512/512 457/457 498/498
f 525/525 532/532 467/467
f 521/521 534/534 532/532
f 486/486 472/472 460/460
f 329/329 467/467 532/532
f 510/510 331/331 332/332
f 323/323 510/510 332/332
f 464/464 463/463 455/455
f 469/469 536/536 470/470
f 175/175 170/170 169/169
f 533/533 514/514 479/479
f 483/483 516/516 461/461
f 344/344 526/526 345/345
f 478/478 526/526 344/344
f 354/354 410/410 362/362
f 445/445 410/410 354/354
f 427/427 88/88 90/90
f 480/480 525/525 467/467
f 251/251 537/537 538/538
f 252/252 537/537 251/251
f 537/537 539/539 538/538
f 539/539 540/540 538/538
f 539/539 318/318 540/540
f 460/460 388/388 393/393
f 541/541 369/369 522/522
f 203/203 523/523 462/462
f 470/470 533/533 479/479
f 541/541 333/333 369/369
f 542/542 333/333 541/541
f 498/498 457/457 486/486
f 509/509 118/118 330/330
f 543/543 372/372 359/359
f 471/471 372/372 543/543
f 330/330 118/118 120/120
f 408/408 544/544 545/545
f 408/408 395/395 544/544
f 205/205 546/546 547/547
f 395/395 454/454 544/544
f 547/547 546/546 548/548
f 543/543 359/359 333/333
f 542/542 543/543 333/333
f 548/548 546/546 549/549
f 530/530 379/379 389/389
f 549/549 546/546 550/550
f 546/546 551/551 550/550
f 550/550 551/551 552/552
f 530/530 518/518 379/379
f 552/552 551/551 553/553
f 554/554 555/555 556/556
f 553/553 551/551 557/557
f 557/557 551/551 558/558
f 212/212 209/209 559/559
f 551/551 560/560 558/558
f 558/558 560/560 561/561
f 561/561 560/560 562/562
f 563/563 564/564 565/565
f 562/562 560/560 566/566
f 567/567 559/559 568/568
f 569/569 570/570 571/571
f 563/563 565/565 569/569
f 566/566 560/560 572/572
f 569/569 571/571 573/573
f 572/572 560/560 574/574
f 560/560 575/575 574/574
f 559/559 576/576 577/577
f 575/575 578/578 574/574
f 579/579 580/580 570/570
f 581/581 582/582 583/583
f 575/575 584/584 578/578
f 585/585 581/581 573/573
f 586/586 587/587 585/585
f 571/571 585/585 573/573
f 575/575 588/588 584/584
f 575/575 589/589 588/588
f 209/209 210/210 559/559
f 589/589 540/540 588/588
f 577/577 590/590 591/591
f 205/205 592/592 546/546
f 208/208 592/592 205/205
f 200/200 592/592 208/208
f 593/593 594/594 595/595
f 555/555 498/498 497/497
f 571/571 570/570 586/586
f 202/202 592/592 200/200
f 202/202 596/596 592/592
f 206/206 596/596 202/202
f 593/593 556/556 594/594
f 582/582 581/581 597/597
f 585/585 597/597 581/581
f 201/201 204/204 493/493
f 213/213 596/596 206/206
f 201/201 493/493 576/576
f 555/555 497/497 556/556
f 211/211 596/596 213/213
f 598/598 599/599 600/600
f 601/601 599/599 598/598
f 580/580 602/602 570/570
f 603/603 596/596 211/211
f 603/603 604/604 596/596
f 605/605 604/604 603/603
f 580/580 568/568 602/602
f 606/606 564/564 563/563
f 607/607 604/604 605/605
f 608/608 604/604 607/607
f 591/591 555/555 554/554
f 609/609 604/604 608/608
f 609/609 610/610 604/604
f 586/586 593/593 595/595
f 571/571 586/586 585/585
f 577/577 591/591 602/602
f 611/611 610/610 609/609
f 556/556 497/497 594/594
f 612/612 610/610 611/611
f 210/210 207/207 201/201
f 204/204 203/203 462/462
f 576/576 613/613 577/577
f 585/585 587/587 597/597
f 614/614 195/195 198/198
f 497/497 390/390 594/594
f 614/614 610/610 612/612
f 198/198 610/610 614/614
f 589/589 615/615 540/540
f 615/615 251/251 538/538
f 305/305 251/251 615/615
f 538/538 540/540 615/615
f 493/493 512/512 613/613
f 515/515 482/482 553/553
f 210/210 201/201 576/576
f 570/570 602/602 616/616
f 613/613 512/512 590/590
f 590/590 498/498 591/591
f 574/574 533/533 572/572
f 558/558 504/504 516/516
f 210/210 576/576 559/559
f 204/204 462/462 493/493
f 561/561 562/562 494/494
f 617/617 618/618 619/619
f 602/602 554/554 616/616
f 620/620 621/621 520/520
f 576/576 493/493 613/613
f 568/568 559/559 577/577
f 205/205 547/547 523/523
f 566/566 536/536 469/469
f 547/547 492/492 523/523
f 564/564 622/622 579/579
f 564/564 579/579 565/565
f 468/468 566/566 469/469
f 622/622 623/623 580/580
f 622/622 580/580 579/579
f 619/619 574/574 578/578
f 572/572 533/533 536/536
f 590/590 512/512 498/498
f 602/602 591/591 554/554
f 591/591 498/498 555/555
f 561/561 504/504 558/558
f 616/616 593/593 586/586
f 624/624 620/620 520/520
f 625/625 626/626 627/627
f 584/584 588/588 620/620
f 580/580 623/623 567/567
f 628/628 317/317 535/535
f 626/626 599/599 627/627
f 573/573 629/629 599/599
f 588/588 540/540 318/318
f 599/599 626/626 573/573
f 626/626 625/625 563/563
f 554/554 556/556 593/593
f 570/570 616/616 586/586
f 548/548 492/492 547/547
f 504/504 561/561 494/494
f 573/573 626/626 569/569
f 563/563 569/569 626/626
f 568/568 577/577 602/602
f 601/601 630/630 627/627
f 577/577 613/613 590/590
f 552/552 553/553 482/482
f 601/601 627/627 599/599
f 557/557 516/516 515/515
f 600/600 599/599 629/629
f 566/566 494/494 562/562
f 205/205 523/523 203/203
f 468/468 494/494 566/566
f 565/565 570/570 569/569
f 528/528 533/533 574/574
f 572/572 536/536 566/566
f 565/565 579/579 570/570
f 578/578 617/617 619/619
f 528/528 574/574 619/619
f 625/625 606/606 563/563
f 628/628 620/620 588/588
f 573/573 583/583 629/629
f 628/628 588/588 317/317
f 317/317 588/588 318/318
f 580/580 567/567 568/568
f 212/212 559/559 567/567
f 584/584 617/617 578/578
f 586/586 595/595 587/587
f 616/616 554/554 593/593
f 619/619 519/519 528/528
f 573/573 581/581 583/583
f 618/618 519/519 619/619
f 618/618 584/584 624/624
f 617/617 584/584 618/618
f 631/631 632/632 633/633
f 584/584 620/620 624/624
f 634/634 635/635 636/636
f 637/637 285/285 298/298
f 618/618 624/624 519/519
f 492/492 548/548 489/489
f 549/549 489/489 548/548
f 519/519 624/624 520/520
f 638/638 637/637 298/298
f 550/550 552/552 481/481
f 520/520 621/621 535/535
f 639/639 638/638 298/298
f 628/628 535/535 621/621
f 640/640 639/639 298/298
f 481/481 552/552 482/482
f 641/641 640/640 298/298
f 628/628 621/621 620/620
f 632/632 641/641 298/298
f 489/489 549/549 550/550
f 631/631 641/641 632/632
f 642/642 633/633 632/632
f 558/558 516/516 557/557
f 489/489 550/550 481/481
f 643/643 642/642 632/632
f 644/644 643/643 632/632
f 515/515 553/553 557/557
f 645/645 644/644 632/632
f 196/196 134/134 46/46
f 193/193 134/134 196/196
f 193/193 133/133 134/134
f 646/646 644/644 645/645
f 193/193 195/195 133/133
f 195/195 142/142 133/133
f 647/647 646/646 645/645
f 648/648 647/647 645/645
f 649/649 647/647 648/648
f 650/650 625/625 651/651
f 651/651 652/652 611/611
f 653/653 649/649 648/648
f 627/627 651/651 625/625
f 611/611 652/652 612/612
f 652/652 630/630 612/612
f 612/612 630/630 654/654
f 627/627 652/652 651/651
f 630/630 652/652 627/627
f 655/655 653/653 648/648
f 654/654 656/656 612/612
f 612/612 656/656 614/614
f 657/657 655/655 648/648
f 630/630 601/601 654/654
f 636/636 657/657 634/634
f 634/634 657/657 648/648
f 603/603 567/567 623/623
f 658/658 635/635 634/634
f 608/608 607/607 564/564
f 606/606 659/659 609/609
f 607/607 622/622 564/564
f 609/609 608/608 606/606
f 660/660 658/658 634/634
f 661/661 660/660 634/634
f 598/598 654/654 601/601
f 662/662 660/660 661/661
f 659/659 650/650 609/609
f 654/654 598/598 656/656
f 663/663 662/662 661/661
f 564/564 606/606 608/608
f 300/300 663/663 661/661
f 664/664 614/614 656/656
f 665/665 232/232 238/238
f 650/650 651/651 609/609
f 598/598 664/664 656/656
f 609/609 651/651 611/611
f 666/666 232/232 665/665
f 271/271 665/665 238/238
f 86/86 87/87 282/282
f 86/86 282/282 287/287
f 659/659 625/625 650/650
f 606/606 625/625 659/659
f 667/667 142/142 664/664
f 211/211 212/212 567/567
f 86/86 287/287 215/215
f 86/86 215/215 221/221
f 86/86 221/221 668/668
f 668/668 221/221 228/228
f 667/667 664/664 598/598
f 664/664 195/195 614/614
f 668/668 228/228 295/295
f 142/142 195/195 664/664
f 668/668 295/295 229/229
f 668/668 229/229 246/246
f 211/211 567/567 603/603
f 669/669 246/246 255/255
f 668/668 246/246 669/669
f 669/669 255/255 254/254
f 669/669 254/254 235/235
f 669/669 235/235 290/290
f 669/669 290/290 222/222
f 669/669 222/222 217/217
f 669/669 217/217 666/666
f 666/666 217/217 219/219
f 605/605 622/622 607/607
f 622/622 605/605 623/623
f 623/623 605/605 603/603
f 666/666 219/219 232/232
f 400/400 594/594 390/390
f 670/670 594/594 400/400
f 665/665 271/271 291/291
f 665/665 291/291 671/671
f 671/671 291/291 297/297
f 672/672 594/594 670/670
f 672/672 595/595 594/594
f 671/671 297/297 300/300
f 671/671 300/300 661/661
f 673/673 595/595 672/672
f 487/487 161/161 545/545
f 161/161 408/408 545/545
f 674/674 595/595 673/673
f 674/674 587/587 595/595
f 150/150 152/152 420/420
f 357/357 506/506 116/116
f 675/675 587/587 674/674
f 506/506 114/114 116/116
f 675/675 597/597 587/587
f 143/143 428/428 144/144
f 366/366 676/676 365/365
f 677/677 678/678 679/679
f 279/279 680/680 280/280
f 681/681 597/597 675/675
f 253/253 682/682 683/683
f 681/681 582/582 597/597
f 281/281 682/682 253/253
f 684/684 441/441 434/434
f 681/681 137/137 582/582
f 685/685 679/679 686/686
f 687/687 441/441 684/684
f 688/688 108/108 105/105
f 413/413 108/108 415/415
f 689/689 690/690 691/691
f 692/692 693/693 694/694
f 415/415 108/108 695/695
f 686/686 690/690 689/689
f 108/108 696/696 695/695
f 697/697 698/698 699/699
f 108/108 688/688 696/696
f 340/340 700/700 341/341
f 341/341 700/700 414/414
f 137/137 138/138 583/583
f 140/140 600/600 629/629
f 683/683 701/701 677/677
f 667/667 600/600 141/141
f 682/682 702/702 703/703
f 694/694 693/693 704/704
f 231/231 702/702 682/682
f 141/141 600/600 140/140
f 697/697 699/699 700/700
f 679/679 685/685 705/705
f 253/253 683/683 236/236
f 706/706 705/705 685/685
f 629/629 127/127 140/140
f 705/705 706/706 237/237
f 583/583 138/138 629/629
f 685/685 707/707 706/706
f 684/684 434/434 708/708
f 127/127 629/629 138/138
f 667/667 598/598 600/600
f 218/218 706/706 707/707
f 706/706 218/218 223/223
f 709/709 710/710 687/687
f 705/705 677/677 679/679
f 711/711 712/712 713/713
f 141/141 142/142 667/667
f 583/583 582/582 137/137
f 182/182 714/714 412/412
f 180/180 714/714 182/182
f 715/715 716/716 712/712
f 123/123 717/717 29/29
f 712/712 716/716 707/707
f 123/123 137/137 717/717
f 137/137 681/681 717/717
f 717/717 28/28 29/29
f 718/718 710/710 709/709
f 495/495 310/310 309/309
f 685/685 686/686 719/719
f 500/500 495/495 309/309
f 720/720 356/356 350/350
f 176/176 720/720 350/350
f 721/721 704/704 718/718
f 233/233 716/716 715/715
f 722/722 723/723 637/637
f 683/683 677/677 705/705
f 637/637 724/724 285/285
f 723/723 724/724 637/637
f 712/712 711/711 725/725
f 715/715 712/712 725/725
f 725/725 239/239 715/715
f 240/240 239/239 725/725
f 224/224 240/240 347/347
f 689/689 691/691 726/726
f 727/727 722/722 638/638
f 285/285 728/728 283/283
f 726/726 691/691 698/698
f 724/724 728/728 285/285
f 719/719 686/686 689/689
f 694/694 704/704 729/729
f 730/730 638/638 731/731
f 237/237 683/683 705/705
f 731/731 639/639 640/640
f 732/732 730/730 731/731
f 236/236 683/683 237/237
f 708/708 434/434 424/424
f 422/422 733/733 734/734
f 735/735 698/698 697/697
f 731/731 638/638 639/639
f 732/732 731/731 640/640
f 733/733 422/422 429/429
f 728/728 724/724 283/283
f 736/736 687/687 684/684
f 709/709 687/687 736/736
f 638/638 722/722 637/637
f 697/697 700/700 360/360
f 737/737 689/689 726/726
f 738/738 734/734 733/733
f 739/739 429/429 437/437
f 727/727 723/723 722/722
f 726/726 698/698 735/735
f 730/730 727/727 638/638
f 740/740 734/734 738/738
f 738/738 733/733 429/429
f 707/707 685/685 719/719
f 724/724 741/741 283/283
f 742/742 704/704 721/721
f 729/729 704/704 742/742
f 743/743 744/744 745/745
f 360/360 700/700 340/340
f 280/280 692/692 216/216
f 746/746 709/709 736/736
f 214/214 692/692 694/694
f 747/747 748/748 749/749
f 735/735 697/697 371/371
f 734/734 740/740 84/84
f 750/750 736/736 684/684
f 351/351 751/751 748/748
f 721/721 718/718 709/709
f 752/752 738/738 429/429
f 753/753 754/754 755/755
f 719/719 689/689 737/737
f 756/756 437/437 443/443
f 351/351 375/375 757/757
f 371/371 697/697 360/360
f 754/754 758/758 755/755
f 759/759 84/84 740/740
f 757/757 751/751 351/351
f 216/216 692/692 214/214
f 760/760 761/761 762/762
f 742/742 721/721 763/763
f 764/764 301/301 378/378
f 756/756 739/739 437/437
f 684/684 708/708 765/765
f 378/378 743/743 764/764
f 737/737 726/726 735/735
f 752/752 429/429 739/739
f 761/761 760/760 766/766
f 743/743 745/745 764/764
f 378/378 370/370 743/743
f 767/767 745/745 768/768
f 721/721 709/709 769/769
f 342/342 770/770 358/358
f 771/771 735/735 371/371
f 708/708 424/424 772/772
f 740/740 738/738 752/752
f 223/223 237/237 706/706
f 214/214 694/694 220/220
f 712/712 719/719 737/737
f 421/421 773/773 774/774
f 768/768 745/745 744/744
f 775/775 776/776 777/777
f 421/421 416/416 773/773
f 370/370 339/339 743/743
f 746/746 736/736 750/750
f 737/737 735/735 771/771
f 339/339 747/747 743/743
f 750/750 684/684 765/765
f 712/712 737/737 713/713
f 220/220 694/694 729/729
f 416/416 778/778 773/773
f 777/777 779/779 775/775
f 707/707 719/719 712/712
f 771/771 371/371 377/377
f 68/68 759/759 780/780
f 743/743 747/747 744/744
f 763/763 721/721 769/769
f 759/759 740/740 781/781
f 781/781 740/740 752/752
f 744/744 782/782 761/761
f 744/744 747/747 782/782
f 218/218 707/707 716/716
f 756/756 443/443 783/783
f 784/784 785/785 786/786
f 713/713 737/737 771/771
f 769/769 709/709 703/703
f 703/703 709/709 746/746
f 220/220 729/729 296/296
f 770/770 375/375 358/358
f 757/757 775/775 751/751
f 765/765 708/708 787/787
f 713/713 771/771 384/384
f 788/788 752/752 739/739
f 296/296 729/729 742/742
f 746/746 750/750 765/765
f 749/749 782/782 747/747
f 786/786 785/785 789/789
f 775/775 784/784 751/751
f 744/744 761/761 790/790
f 249/249 218/218 716/716
f 375/375 776/776 757/757
f 786/786 789/789 791/791
f 702/702 763/763 769/769
f 384/384 771/771 377/377
f 711/711 713/713 384/384
f 781/781 780/780 759/759
f 776/776 775/775 757/757
f 788/788 739/739 756/756
f 790/790 761/761 792/792
f 770/770 776/776 375/375
f 781/781 752/752 793/793
f 249/249 716/716 233/233
f 748/748 751/751 749/749
f 419/419 772/772 424/424
f 794/794 746/746 765/765
f 762/762 782/782 749/749
f 783/783 443/443 795/795
f 796/796 789/789 785/785
f 711/711 384/384 337/337
f 784/784 775/775 779/779
f 797/797 756/756 783/783
f 793/793 752/752 788/788
f 787/787 708/708 772/772
f 296/296 742/742 763/763
f 798/798 772/772 419/419
f 776/776 770/770 777/777
f 779/779 785/785 784/784
f 702/702 769/769 703/703
f 799/799 788/788 756/756
f 800/800 792/792 766/766
f 68/68 780/780 66/66
f 762/762 761/761 782/782
f 770/770 353/353 452/452
f 800/800 801/801 802/802
f 770/770 452/452 777/777
f 234/234 233/233 715/715
f 725/725 711/711 347/347
f 803/803 804/804 785/785
f 766/766 792/792 761/761
f 784/784 762/762 749/749
f 777/777 785/785 779/779
f 789/789 805/805 791/791
f 806/806 446/446 807/807
f 791/791 805/805 808/808
f 234/234 715/715 239/239
f 798/798 419/419 414/414
f 777/777 803/803 785/785
f 446/446 442/442 807/807
f 347/347 711/711 337/337
f 442/442 440/440 809/809
f 810/810 765/765 787/787
f 766/766 811/811 801/801
f 240/240 725/725 347/347
f 680/680 781/781 793/793
f 812/812 431/431 813/813
f 440/440 431/431 812/812
f 791/791 766/766 760/760
f 794/794 765/765 810/810
f 762/762 786/786 760/760
f 425/425 813/813 431/431
f 796/796 805/805 789/789
f 296/296 763/763 230/230
f 814/814 758/758 754/754
f 452/452 803/803 777/777
f 791/791 811/811 766/766
f 678/678 746/746 794/794
f 425/425 815/815 813/813
f 804/804 796/796 785/785
f 801/801 811/811 816/816
f 808/808 805/805 817/817
f 66/66 780/780 177/177
f 795/795 443/443 447/447
f 342/342 353/353 770/770
f 703/703 746/746 678/678
f 808/808 811/811 791/791
f 230/230 763/763 702/702
f 799/799 756/756 797/797
f 814/814 818/818 758/758
f 277/277 780/780 781/781
f 177/177 780/780 277/277
f 815/815 425/425 814/814
f 798/798 414/414 699/699
f 814/814 774/774 818/818
f 764/764 745/745 767/767
f 787/787 772/772 691/691
f 791/791 760/760 786/786
f 811/811 819/819 816/816
f 805/805 820/820 817/817
f 793/793 788/788 693/693
f 693/693 788/788 799/799
f 795/795 447/447 687/687
f 682/682 703/703 701/701
f 797/797 783/783 795/795
f 691/691 772/772 798/798
f 277/277 781/781 275/275
f 701/701 703/703 678/678
f 821/821 822/822 816/816
f 690/690 787/787 691/691
f 810/810 787/787 690/690
f 425/425 774/774 814/814
f 421/421 774/774 425/425
f 823/823 820/820 796/796
f 796/796 820/820 805/805
f 817/817 820/820 824/824
f 704/704 799/799 797/797
f 774/774 773/773 825/825
f 699/699 414/414 700/700
f 826/826 827/827 821/821
f 821/821 827/827 822/822
f 692/692 793/793 693/693
f 679/679 794/794 810/810
f 768/768 744/744 828/828
f 817/817 819/819 808/808
f 808/808 819/819 811/811
f 680/680 793/793 692/692
f 450/450 803/803 452/452
f 276/276 781/781 680/680
f 275/275 781/781 276/276
f 230/230 702/702 231/231
f 762/762 784/784 786/786
f 819/819 821/821 816/816
f 683/683 682/682 701/701
f 351/351 748/748 339/339
f 829/829 449/449 830/830
f 830/830 449/449 448/448
f 687/687 447/447 441/441
f 276/276 680/680 279/279
f 828/828 744/744 831/831
f 678/678 794/794 679/679
f 830/830 796/796 804/804
f 806/806 448/448 446/446
f 442/442 809/809 807/807
f 701/701 678/678 677/677
f 803/803 450/450 804/804
f 339/339 748/748 747/747
f 679/679 810/810 686/686
f 718/718 797/797 710/710
f 774/774 825/825 818/818
f 710/710 797/797 795/795
f 817/817 821/821 819/819
f 824/824 821/821 817/817
f 686/686 810/810 690/690
f 744/744 790/790 831/831
f 806/806 830/830 448/448
f 821/821 832/832 826/826
f 691/691 798/798 698/698
f 823/823 796/796 830/830
f 824/824 832/832 821/821
f 833/833 832/832 824/824
f 824/824 820/820 833/833
f 704/704 797/797 718/718
f 804/804 829/829 830/830
f 790/790 792/792 834/834
f 832/832 835/835 826/826
f 792/792 800/800 834/834
f 836/836 820/820 823/823
f 281/281 231/231 682/682
f 450/450 829/829 804/804
f 693/693 799/799 704/704
f 835/835 832/832 833/833
f 698/698 798/798 699/699
f 280/280 680/680 692/692
f 710/710 795/795 687/687
f 327/327 837/837 311/311
f 311/311 837/837 312/312
f 751/751 784/784 749/749
f 449/449 829/829 450/450
f 838/838 312/312 839/839
f 840/840 835/835 841/841
f 837/837 315/315 324/324
f 308/308 315/315 837/837
f 837/837 324/324 322/322
f 839/839 322/322 319/319
f 836/836 833/833 820/820
f 842/842 319/319 318/318
f 802/802 801/801 843/843
f 839/839 837/837 322/322
f 842/842 839/839 319/319
f 842/842 318/318 539/539
f 766/766 801/801 800/800
f 835/835 844/844 841/841
f 845/845 839/839 842/842
f 801/801 816/816 843/843
f 833/833 846/846 847/847
f 838/838 839/839 848/848
f 830/830 806/806 823/823
f 847/847 844/844 835/835
f 849/849 844/844 847/847
f 848/848 839/839 845/845
f 843/843 816/816 822/822
f 837/837 839/839 312/312
f 836/836 846/846 833/833
f 845/845 537/537 252/252
f 823/823 806/806 836/836
f 539/539 845/845 842/842
f 849/849 850/850 844/844
f 851/851 850/850 849/849
f 537/537 845/845 539/539
f 308/308 837/837 327/327
f 476/476 531/531 402/402
f 849/849 846/846 836/836
f 846/846 849/849 847/847
f 402/402 531/531 403/403
f 851/851 852/852 850/850
f 720/720 676/676 356/356
f 806/806 807/807 836/836
f 852/852 853/853 854/854
f 356/356 676/676 366/366
f 855/855 852/852 851/851
f 529/529 165/165 167/167
f 529/529 167/167 367/367
f 96/96 92/92 856/856
f 857/857 858/858 859/859
f 826/826 840/840 860/860
f 855/855 853/853 852/852
f 294/294 861/861 289/289
f 857/857 859/859 862/862
f 853/853 863/863 854/854
f 864/864 865/865 274/274
f 836/836 809/809 849/849
f 809/809 836/836 807/807
f 866/866 867/867 857/857
f 855/855 863/863 853/853
f 274/274 242/242 241/241
f 778/778 867/867 866/866
f 826/826 835/835 840/840
f 868/868 869/869 870/870
f 862/862 859/859 861/861
f 753/753 863/863 855/855
f 871/871 869/869 872/872
f 862/862 861/861 873/873
f 416/416 415/415 778/778
f 866/866 857/857 862/862
f 809/809 874/874 849/849
f 841/841 844/844 875/875
f 851/851 876/876 855/855
f 849/849 876/876 851/851
f 872/872 869/869 868/868
f 859/859 877/877 289/289
f 872/872 105/105 871/871
f 878/878 874/874 809/809
f 879/879 872/872 868/868
f 879/879 868/868 880/880
f 874/874 876/876 849/849
f 863/863 881/881 882/882
f 268/268 883/883 272/272
f 875/875 850/850 884/884
f 844/844 850/850 875/875
f 272/272 883/883 864/864
f 866/866 862/862 885/885
f 753/753 881/881 863/863
f 886/886 880/880 887/887
f 888/888 876/876 874/874
f 884/884 850/850 889/889
f 890/890 838/838 891/891
f 891/891 838/838 848/848
f 850/850 852/852 889/889
f 886/886 887/887 883/883
f 755/755 881/881 753/753
f 876/876 888/888 855/855
f 889/889 852/852 892/892
f 886/886 883/883 877/877
f 833/833 847/847 835/835
f 242/242 865/865 845/845
f 852/852 854/854 892/892
f 855/855 893/893 753/753
f 894/894 862/862 873/873
f 272/272 864/864 274/274
f 886/886 877/877 859/859
f 289/289 877/877 269/269
f 809/809 440/440 878/878
f 868/868 870/870 880/880
f 895/895 96/96 856/856
f 878/878 812/812 874/874
f 888/888 893/893 855/855
f 813/813 893/893 888/888
f 861/861 294/294 873/873
f 873/873 294/294 293/293
f 873/873 292/292 894/894
f 896/896 755/755 758/758
f 894/894 292/292 897/897
f 883/883 898/898 864/864
f 897/897 260/260 286/286
f 897/897 286/286 896/896
f 755/755 896/896 741/741
f 874/874 812/812 888/888
f 896/896 286/286 741/741
f 856/856 890/890 895/895
f 732/732 882/882 730/730
f 854/854 863/863 732/732
f 885/885 862/862 894/894
f 741/741 286/286 283/283
f 252/252 247/247 845/845
f 730/730 882/882 727/727
f 688/688 105/105 872/872
f 292/292 873/873 293/293
f 887/887 870/870 898/898
f 895/895 890/890 891/891
f 878/878 440/440 812/812
f 812/812 813/813 888/888
f 863/863 882/882 732/732
f 242/242 845/845 247/247
f 815/815 893/893 813/813
f 893/893 754/754 753/753
f 882/882 881/881 727/727
f 773/773 778/778 866/866
f 825/825 866/866 885/885
f 758/758 818/818 896/896
f 818/818 825/825 896/896
f 727/727 881/881 723/723
f 891/891 848/848 865/865
f 887/887 898/898 883/883
f 94/94 104/104 312/312
f 814/814 754/754 815/815
f 815/815 754/754 893/893
f 773/773 866/866 825/825
f 880/880 870/870 887/887
f 723/723 755/755 724/724
f 825/825 885/885 894/894
f 897/897 292/292 260/260
f 825/825 894/894 897/897
f 869/869 96/96 895/895
f 688/688 872/872 879/879
f 881/881 755/755 723/723
f 871/871 98/98 96/96
f 896/896 825/825 897/897
f 755/755 741/741 724/724
f 826/826 644/644 827/827
f 877/877 883/883 268/268
f 631/631 633/633 875/875
f 644/644 860/860 643/643
f 871/871 96/96 869/869
f 696/696 688/688 879/879
f 877/877 268/268 269/269
f 886/886 879/879 880/880
f 696/696 879/879 886/886
f 869/869 895/895 870/870
f 695/695 696/696 899/899
f 860/860 644/644 826/826
f 92/92 94/94 890/890
f 646/646 647/647 822/822
f 244/244 242/242 247/247
f 831/831 834/834 900/900
f 790/790 834/834 831/831
f 647/647 901/901 822/822
f 899/899 696/696 886/886
f 898/898 895/895 891/891
f 899/899 886/886 858/858
f 858/858 886/886 859/859
f 890/890 94/94 312/312
f 649/649 902/902 647/647
f 867/867 695/695 899/899
f 902/902 901/901 647/647
f 890/890 312/312 838/838
f 856/856 92/92 890/890
f 415/415 695/695 867/867
f 867/867 899/899 857/857
f 857/857 899/899 858/858
f 884/884 641/641 631/631
f 870/870 895/895 898/898
f 861/861 859/859 289/289
f 898/898 891/891 864/864
f 864/864 891/891 865/865
f 105/105 98/98 871/871
f 764/764 663/663 301/301
f 764/764 662/662 663/663
f 767/767 662/662 764/764
f 633/633 642/642 841/841
f 767/767 660/660 662/662
f 768/768 660/660 767/767
f 660/660 768/768 658/658
f 641/641 884/884 889/889
f 828/828 658/658 768/768
f 828/828 635/635 658/658
f 831/831 636/636 828/828
f 828/828 636/636 635/635
f 831/831 657/657 636/636
f 900/900 657/657 831/831
f 657/657 900/900 655/655
f 892/892 641/641 889/889
f 834/834 655/655 900/900
f 655/655 834/834 653/653
f 732/732 640/640 854/854
f 800/800 653/653 834/834
f 865/865 848/848 845/845
f 778/778 415/415 867/867
f 301/301 663/663 300/300
f 653/653 800/800 649/649
f 800/800 802/802 649/649
f 274/274 865/865 242/242
f 84/84 38/38 734/734
f 802/802 902/902 649/649
f 642/642 643/643 840/840
f 901/901 843/843 822/822
f 68/68 84/84 759/759
f 827/827 644/644 822/822
f 38/38 12/12 422/422
f 734/734 38/38 422/422
f 641/641 892/892 640/640
f 714/714 435/435 412/412
f 412/412 435/435 409/409
f 854/854 640/640 892/892
f 884/884 631/631 875/875
f 644/644 646/646 822/822
f 902/902 843/843 901/901
f 841/841 642/642 840/840
f 902/902 802/802 843/843
f 841/841 875/875 633/633
f 643/643 860/860 840/840
f 903/903 904/904 905/905
f 906/906 907/907 908/908
f 906/906 908/908 909/909
f 910/910 911/911 909/909
f 912/912 906/906 911/911
f 913/913 914/914 915/915
f 911/911 916/916 912/912
f 917/917 911/911 910/910
f 918/918 919/919 920/920
f 921/921 922/922 923/923
f 924/924 925/925 926/926
f 927/927 928/928 918/918
f 929/929 924/924 926/926
f 930/930 931/931 932/932
f 933/933 934/934 929/929
f 918/918 935/935 919/919
f 928/928 936/936 918/918
f 937/937 934/934 938/938
f 939/939 940/940 941/941
f 911/911 906/906 909/909
f 942/942 906/906 912/912
f 918/918 943/943 935/935
f 936/936 944/944 918/918
f 914/914 913/913 924/924
f 924/924 913/913 945/945
f 945/945 925/925 924/924
f 931/931 922/922 946/946
f 922/922 921/921 946/946
f 944/944 947/947 918/918
f 916/916 911/911 917/917
f 942/942 907/907 906/906
f 929/929 934/934 924/924
f 918/918 948/948 943/943
f 917/917 910/910 949/949
f 941/941 940/940 930/930
f 950/950 912/912 916/916
f 942/942 912/912 950/950
f 917/917 949/949 951/951
f 947/947 952/952 918/918
f 931/931 946/946 953/953
f 954/954 918/918 955/955
f 950/950 916/916 930/930
f 918/918 956/956 948/948
f 940/940 939/939 938/938
f 952/952 957/957 918/918
f 931/931 916/916 917/917
f 932/932 931/931 953/953
f 926/926 925/925 907/907
f 941/941 930/930 958/958
f 922/922 917/917 951/951
f 926/926 907/907 942/942
f 930/930 932/932 958/958
f 940/940 950/950 930/930
f 957/957 959/959 918/918
f 918/918 960/960 956/956
f 926/926 942/942 929/929
f 923/923 951/951 961/961
f 930/930 916/916 931/931
f 923/923 961/961 962/962
f 959/959 963/963 918/918
f 955/955 918/918 964/964
f 950/950 929/929 942/942
f 938/938 934/934 933/933
f 933/933 929/929 950/950
f 922/922 951/951 923/923
f 963/963 965/965 918/918
f 931/931 917/917 922/922
f 918/918 966/966 960/960
f 933/933 950/950 940/940
f 964/964 918/918 967/967
f 938/938 933/933 940/940
f 941/941 958/958 968/968
f 968/968 958/958 969/969
f 958/958 932/932 953/953
f 953/953 946/946 970/970
f 946/946 971/971 970/970
f 958/958 970/970 969/969
f 923/923 972/972 921/921
f 967/967 918/918 973/973
f 971/971 972/972 974/974
f 968/968 969/969 975/975
f 962/962 976/976 972/972
f 969/969 977/977 975/975
f 918/918 978/978 966/966
f 965/965 979/979 918/918
f 973/973 918/918 980/980
f 923/923 962/962 972/972
f 970/970 981/981 969/969
f 968/968 975/975 982/982
f 980/980 918/918 983/983
f 953/953 970/970 958/958
f 970/970 971/971 981/981
f 921/921 971/971 946/946
f 983/983 918/918 984/984
f 984/984 918/918 920/920
f 921/921 972/972 971/971
f 985/985 986/986 987/987
f 988/988 989/989 990/990
f 918/918 991/991 978/978
f 992/992 993/993 994/994
f 995/995 987/987 993/993
f 989/989 996/996 990/990
f 996/996 997/997 998/998
f 997/997 974/974 985/985
f 979/979 991/991 918/918
f 996/996 998/998 990/990
f 988/988 990/990 999/999
f 974/974 972/972 1000/1000
f 974/974 1000/1000 985/985
f 994/994 993/993 1001/1001
f 1002/1002 999/999 992/992
f 993/993 987/987 1003/1003
f 997/997 985/985 998/998
f 990/990 995/995 999/999
f 1002/1002 992/992 1004/1004
f 990/990 998/998 995/995
f 993/993 1003/1003 1001/1001
f 975/975 1005/1005 982/982
f 975/975 977/977 1005/1005
f 969/969 996/996 977/977
f 969/969 981/981 996/996
f 977/977 988/988 1005/1005
f 999/999 993/993 992/992
f 999/999 995/995 993/993
f 987/987 986/986 1003/1003
f 977/977 996/996 989/989
f 1003/1003 986/986 1006/1006
f 1004/1004 992/992 994/994
f 981/981 971/971 974/974
f 977/977 989/989 988/988
f 1007/1007 947/947 944/944
f 998/998 985/985 995/995
f 981/981 997/997 996/996
f 995/995 985/985 987/987
f 981/981 974/974 997/997
f 1006/1006 1008/1008 1009/1009
f 1006/1006 1010/1010 1011/1011
f 1010/1010 1012/1012 1011/1011
f 1010/1010 1013/1013 1012/1012
f 1013/1013 1014/1014 1012/1012
f 1013/1013 1015/1015 1014/1014
f 1006/1006 1011/1011 1008/1008
f 1016/1016 1017/1017 1018/1018
f 1019/1019 1020/1020 1017/1017
f 1017/1017 1021/1021 1022/1022
f 1023/1023 1024/1024 1025/1025
f 1026/1026 1027/1027 1028/1028
f 1029/1029 1030/1030 1024/1024
f 1020/1020 1021/1021 1017/1017
f 1031/1031 1032/1032 1033/1033
f 1034/1034 1035/1035 1036/1036
f 1032/1032 1027/1027 1033/1033
f 1037/1037 1024/1024 1030/1030
f 1022/1022 1030/1030 1029/1029
f 1022/1022 1029/1029 1017/1017
f 1029/1029 1024/1024 1017/1017
f 1017/1017 1024/1024 1018/1018
f 1018/1018 1024/1024 1023/1023
f 1018/1018 1023/1023 1033/1033
f 1018/1018 1033/1033 1038/1038
f 1038/1038 1033/1033 1026/1026
f 1033/1033 1027/1027 1026/1026
f 1024/1024 1037/1037 1025/1025
f 1023/1023 1031/1031 1033/1033
f 1031/1031 1025/1025 1039/1039
f 1023/1023 1025/1025 1031/1031
f 1040/1040 1039/1039 1041/1041
f 1031/1031 1040/1040 1032/1032
f 1031/1031 1039/1039 1040/1040
f 1028/1028 904/904 903/903
f 1028/1028 1027/1027 904/904
f 1027/1027 1042/1042 904/904
f 1027/1027 1032/1032 1042/1042
f 1043/1043 905/905 904/904
f 1044/1044 1045/1045 1046/1046
f 1044/1044 1046/1046 1047/1047
f 1048/1048 1002/1002 1004/1004
f 1049/1049 1036/1036 1050/1050
f 1048/1048 1051/1051 1052/1052
f 1053/1053 1054/1054 1055/1055
f 1048/1048 1004/1004 1051/1051
f 1056/1056 999/999 1002/1002
f 1057/1057 1058/1058 1059/1059
f 1044/1044 941/941 1060/1060
f 1061/1061 1062/1062 1063/1063
f 1044/1044 1060/1060 1045/1045
f 1045/1045 1064/1064 1046/1046
f 1060/1060 941/941 968/968
f 1065/1065 1066/1066 1051/1051
f 1045/1045 1060/1060 982/982
f 1051/1051 1004/1004 1065/1065
f 1060/1060 968/968 982/982
f 1045/1045 982/982 1067/1067
f 957/957 952/952 1068/1068
f 1067/1067 1005/1005 1069/1069
f 1067/1067 982/982 1005/1005
f 1004/1004 994/994 1065/1065
f 1065/1065 994/994 1070/1070
f 1069/1069 999/999 1056/1056
f 1069/1069 1005/1005 999/999
f 1044/1044 939/939 941/941
f 1056/1056 1002/1002 1048/1048
f 1005/1005 988/988 999/999
f 1001/1001 1071/1071 1072/1072
f 1001/1001 1003/1003 1071/1071
f 1003/1003 1009/1009 1071/1071
f 1070/1070 994/994 1073/1073
f 994/994 1072/1072 1073/1073
f 994/994 1001/1001 1072/1072
f 1003/1003 1006/1006 1009/1009
f 1074/1074 1075/1075 1076/1076
f 1077/1077 1078/1078 1074/1074
f 1079/1079 1080/1080 1081/1081
f 1074/1074 1081/1081 1075/1075
f 1074/1074 1079/1079 1081/1081
f 1076/1076 1075/1075 1082/1082
f 1082/1082 1077/1077 1076/1076
f 1081/1081 1080/1080 1075/1075
f 1077/1077 1074/1074 1076/1076
f 1083/1083 1084/1084 1085/1085
f 1086/1086 1087/1087 1073/1073
f 1088/1088 1085/1085 1086/1086
f 1078/1078 1089/1089 1083/1083
f 1071/1071 1086/1086 1073/1073
f 1079/1079 1086/1086 1090/1090
f 1089/1089 1091/1091 1092/1092
f 1093/1093 1094/1094 1095/1095
f 1085/1085 1096/1096 1087/1087
f 1097/1097 1098/1098 1099/1099
f 1073/1073 1087/1087 1097/1097
f 1071/1071 1073/1073 1072/1072
f 1100/1100 1101/1101 1084/1084
f 1061/1061 1102/1102 1062/1062
f 1103/1103 1100/1100 1084/1084
f 1090/1090 1071/1071 1009/1009
f 1084/1084 1101/1101 1096/1096
f 1086/1086 1085/1085 1087/1087
f 1074/1074 1088/1088 1079/1079
f 1078/1078 1083/1083 1088/1088
f 1080/1080 1090/1090 1009/1009
f 1079/1079 1090/1090 1080/1080
f 1079/1079 1088/1088 1086/1086
f 1088/1088 1083/1083 1085/1085
f 1008/1008 1080/1080 1009/1009
f 1083/1083 1103/1103 1084/1084
f 1090/1090 1086/1086 1071/1071
f 1092/1092 1103/1103 1083/1083
f 1084/1084 1096/1096 1085/1085
f 1089/1089 1092/1092 1083/1083
f 1074/1074 1078/1078 1088/1088
f 1099/1099 1073/1073 1097/1097
f 1104/1104 1105/1105 1106/1106
f 1043/1043 1107/1107 905/905
f 1104/1104 1106/1106 1108/1108
f 1107/1107 1109/1109 1104/1104
f 1106/1106 1110/1110 1108/1108
f 1107/1107 1108/1108 905/905
f 1104/1104 1108/1108 1107/1107
f 1109/1109 1111/1111 1104/1104
f 1109/1109 1107/1107 1043/1043
f 1018/1018 1112/1112 1016/1016
f 1113/1113 1036/1036 1049/1049
f 1114/1114 1115/1115 1116/1116
f 1117/1117 1118/1118 1119/1119
f 1120/1120 1114/1114 1116/1116
f 1121/1121 1117/1117 1122/1122
f 1123/1123 1124/1124 1125/1125
f 1028/1028 903/903 1015/1015
f 1026/1026 1028/1028 1015/1015
f 1126/1126 1026/1026 1015/1015
f 1115/1115 1121/1121 1122/1122
f 1118/1118 1127/1127 1119/1119
f 1014/1014 903/903 905/905
f 1116/1116 1115/1115 1122/1122
f 903/903 1014/1014 1015/1015
f 1110/1110 1106/1106 1128/1128
f 1018/1018 1038/1038 1112/1112
f 1075/1075 1129/1129 1082/1082
f 1012/1012 1130/1130 1011/1011
f 1129/1129 1075/1075 1131/1131
f 1131/1131 1080/1080 1011/1011
f 1132/1132 1129/1129 1130/1130
f 1130/1130 1131/1131 1011/1011
f 905/905 1130/1130 1014/1014
f 1014/1014 1130/1130 1012/1012
f 1130/1130 1129/1129 1131/1131
f 1093/1093 1133/1133 1094/1094
f 1093/1093 1134/1134 1133/1133
f 1108/1108 1132/1132 905/905
f 1011/1011 1080/1080 1008/1008
f 1131/1131 1075/1075 1080/1080
f 905/905 1132/1132 1130/1130
f 1129/1129 1135/1135 1082/1082
f 1132/1132 1136/1136 1135/1135
f 1110/1110 1136/1136 1132/1132
f 1135/1135 1129/1129 1132/1132
f 1108/1108 1110/1110 1132/1132
f 985/985 1137/1137 986/986
f 915/915 1138/1138 913/913
f 976/976 1139/1139 972/972
f 913/913 1138/1138 945/945
f 945/945 1140/1140 925/925
f 925/925 1140/1140 908/908
f 925/925 908/908 907/907
f 1139/1139 1000/1000 972/972
f 985/985 1000/1000 1137/1137
f 1113/1113 1049/1049 1058/1058
f 1141/1141 1142/1142 1143/1143
f 986/986 1137/1137 1006/1006
f 1144/1144 1145/1145 1146/1146
f 1147/1147 1148/1148 1149/1149
f 1150/1150 1151/1151 1141/1141
f 1152/1152 1139/1139 976/976
f 1153/1153 1154/1154 1155/1155
f 1149/1149 1156/1156 1140/1140
f 965/965 1157/1157 1158/1158
f 1158/1158 1157/1157 1159/1159
f 919/919 1160/1160 1161/1161
f 1140/1140 1156/1156 908/908
f 1162/1162 1163/1163 1164/1164
f 935/935 1160/1160 919/919
f 1165/1165 1166/1166 1167/1167
f 1168/1168 1143/1143 1146/1146
f 1161/1161 1160/1160 1169/1169
f 1170/1170 1153/1153 1155/1155
f 1171/1171 1019/1019 1172/1172
f 1161/1161 1169/1169 1147/1147
f 1173/1173 1153/1153 1170/1170
f 956/956 960/960 1173/1173
f 1155/1155 1152/1152 962/962
f 962/962 1152/1152 976/976
f 1174/1174 1175/1175 1144/1144
f 1161/1161 1147/1147 1176/1176
f 1177/1177 967/967 1034/1034
f 1178/1178 1149/1149 1140/1140
f 1179/1179 1180/1180 1181/1181
f 1182/1182 1063/1063 1183/1183
f 1150/1150 1141/1141 1184/1184
f 1185/1185 1186/1186 1150/1150
f 1159/1159 1180/1180 1158/1158
f 1178/1178 1140/1140 945/945
f 1150/1150 1186/1186 1151/1151
f 1187/1187 1173/1173 1170/1170
f 919/919 1161/1161 920/920
f 1170/1170 1155/1155 1188/1188
f 978/978 1185/1185 1189/1189
f 1190/1190 1183/1183 1191/1191
f 1192/1192 1161/1161 1176/1176
f 1168/1168 1146/1146 1193/1193
f 956/956 1173/1173 1194/1194
f 1184/1184 1141/1141 1143/1143
f 1188/1188 1155/1155 962/962
f 1192/1192 920/920 1161/1161
f 1179/1179 1181/1181 1171/1171
f 1194/1194 1173/1173 1187/1187
f 979/979 965/965 1158/1158
f 966/966 978/978 1189/1189
f 1195/1195 1174/1174 1151/1151
f 1189/1189 1185/1185 1150/1150
f 1196/1196 1197/1197 1198/1198
f 1146/1146 1145/1145 1199/1199
f 1000/1000 1199/1199 1137/1137
f 1142/1142 1174/1174 1144/1144
f 1194/1194 1187/1187 1200/1200
f 1201/1201 1176/1176 1202/1202
f 1151/1151 1174/1174 1142/1142
f 1187/1187 1170/1170 1203/1203
f 1138/1138 1178/1178 945/945
f 1204/1204 1163/1163 1162/1162
f 1201/1201 1202/1202 1205/1205
f 920/920 1192/1192 984/984
f 1200/1200 1187/1187 1203/1203
f 1158/1158 1180/1180 1179/1179
f 1205/1205 1202/1202 1138/1138
f 979/979 1158/1158 1206/1206
f 1207/1207 1208/1208 1209/1209
f 1170/1170 1188/1188 1210/1210
f 1203/1203 1170/1170 1210/1210
f 1171/1171 1172/1172 1211/1211
f 1212/1212 1172/1172 1195/1195
f 1188/1188 962/962 961/961
f 1200/1200 1203/1203 1213/1213
f 956/956 1194/1194 1214/1214
f 1184/1184 1143/1143 1168/1168
f 1215/1215 1203/1203 1210/1210
f 1216/1216 1034/1034 1036/1036
f 1193/1193 1146/1146 1199/1199
f 1214/1214 1194/1194 1200/1200
f 1148/1148 1147/1147 1169/1169
f 1178/1178 1147/1147 1149/1149
f 1178/1178 1176/1176 1147/1147
f 1176/1176 1178/1178 1202/1202
f 1213/1213 1203/1203 1215/1215
f 1176/1176 1201/1201 1192/1192
f 1217/1217 957/957 1068/1068
f 1143/1143 1142/1142 1144/1144
f 1138/1138 1202/1202 1178/1178
f 1210/1210 1188/1188 961/961
f 1201/1201 984/984 1192/1192
f 1021/1021 1020/1020 1218/1218
f 1219/1219 1218/1218 1020/1020
f 1215/1215 1210/1210 1220/1220
f 1214/1214 1200/1200 1213/1213
f 1015/1015 1221/1221 1126/1126
f 1038/1038 1026/1026 1126/1126
f 1222/1222 1126/1126 1221/1221
f 1206/1206 1158/1158 1179/1179
f 956/956 1214/1214 948/948
f 1038/1038 1126/1126 1223/1223
f 1151/1151 1212/1212 1195/1195
f 1189/1189 1150/1150 1224/1224
f 1223/1223 1112/1112 1038/1038
f 1219/1219 1020/1020 1019/1019
f 1213/1213 1215/1215 1225/1225
f 1057/1057 1226/1226 1058/1058
f 1214/1214 1213/1213 1227/1227
f 1228/1228 1229/1229 1208/1208
f 1230/1230 1168/1168 1193/1193
f 966/966 1189/1189 1224/1224
f 1231/1231 1179/1179 1171/1171
f 1013/1013 1221/1221 1015/1015
f 1231/1231 1171/1171 1211/1211
f 1232/1232 1017/1017 1016/1016
f 1150/1150 1184/1184 1224/1224
f 951/951 1210/1210 961/961
f 1233/1233 1234/1234 1204/1204
f 1226/1226 1113/1113 1058/1058
f 1232/1232 1019/1019 1017/1017
f 1220/1220 1210/1210 951/951
f 1235/1235 966/966 1224/1224
f 1227/1227 1213/1213 1225/1225
f 1236/1236 1214/1214 1227/1227
f 1225/1225 1215/1215 1237/1237
f 1215/1215 1220/1220 1237/1237
f 948/948 1214/1214 1236/1236
f 1061/1061 1063/1063 1182/1182
f 1238/1238 1239/1239 1240/1240
f 1241/1241 1016/1016 1112/1112
f 1177/1177 1034/1034 1216/1216
f 1143/1143 1144/1144 1146/1146
f 1235/1235 1224/1224 1242/1242
f 949/949 1220/1220 951/951
f 1224/1224 1184/1184 1168/1168
f 1152/1152 1193/1193 1000/1000
f 1144/1144 1222/1222 1221/1221
f 1243/1243 1227/1227 1225/1225
f 1225/1225 1237/1237 1244/1244
f 1223/1223 1126/1126 1175/1175
f 1236/1236 1227/1227 1243/1243
f 1206/1206 1179/1179 1231/1231
f 979/979 1206/1206 991/991
f 963/963 959/959 1245/1245
f 1246/1246 1236/1236 1243/1243
f 1247/1247 1238/1238 1248/1248
f 1241/1241 1112/1112 1223/1223
f 1145/1145 1144/1144 1221/1221
f 1249/1249 1228/1228 1208/1208
f 948/948 1236/1236 943/943
f 1212/1212 1211/1211 1172/1172
f 1181/1181 1240/1240 1218/1218
f 1152/1152 1000/1000 1139/1139
f 1244/1244 1237/1237 1250/1250
f 960/960 966/966 1235/1235
f 1237/1237 1220/1220 949/949
f 1175/1175 1126/1126 1222/1222
f 1216/1216 1036/1036 1113/1113
f 1251/1251 1247/1247 1248/1248
f 1152/1152 1230/1230 1193/1193
f 1243/1243 1225/1225 1244/1244
f 1145/1145 1221/1221 1013/1013
f 1244/1244 1250/1250 1252/1252
f 1250/1250 1237/1237 949/949
f 943/943 1236/1236 1246/1246
f 1242/1242 1224/1224 1168/1168
f 1181/1181 1238/1238 1240/1240
f 1206/1206 1231/1231 1253/1253
f 1145/1145 1013/1013 1010/1010
f 960/960 1235/1235 1254/1254
f 1250/1250 949/949 910/910
f 1255/1255 1212/1212 1151/1151
f 1256/1256 967/967 1177/1177
f 1181/1181 1218/1218 1219/1219
f 1254/1254 1235/1235 1242/1242
f 1242/1242 1168/1168 1230/1230
f 1246/1246 1243/1243 1257/1257
f 1199/1199 1145/1145 1010/1010
f 1244/1244 1252/1252 1258/1258
f 1243/1243 1244/1244 1258/1258
f 1211/1211 1212/1212 1255/1255
f 963/963 1245/1245 1157/1157
f 943/943 1246/1246 1259/1259
f 1250/1250 910/910 909/909
f 1257/1257 1243/1243 1260/1260
f 1259/1259 1246/1246 1257/1257
f 1260/1260 1243/1243 1258/1258
f 1157/1157 1245/1245 1251/1251
f 1141/1141 1151/1151 1142/1142
f 991/991 1206/1206 1253/1253
f 1199/1199 1010/1010 1137/1137
f 1261/1261 1242/1242 1230/1230
f 1252/1252 1250/1250 909/909
f 1172/1172 1232/1232 1016/1016
f 1253/1253 1231/1231 1211/1211
f 1195/1195 1241/1241 1223/1223
f 1171/1171 1219/1219 1019/1019
f 1254/1254 1242/1242 1261/1261
f 1180/1180 1248/1248 1238/1238
f 1262/1262 1113/1113 1226/1226
f 1261/1261 1230/1230 1154/1154
f 1174/1174 1223/1223 1175/1175
f 1263/1263 1259/1259 1257/1257
f 1172/1172 1016/1016 1241/1241
f 1264/1264 1265/1265 1057/1057
f 1148/1148 1260/1260 1258/1258
f 1154/1154 1230/1230 1152/1152
f 1190/1190 1182/1182 1183/1183
f 1264/1264 1057/1057 1266/1266
f 1185/1185 991/991 1253/1253
f 1160/1160 1257/1257 1260/1260
f 1258/1258 1252/1252 1156/1156
f 1137/1137 1010/1010 1006/1006
f 1172/1172 1241/1241 1195/1195
f 943/943 1259/1259 935/935
f 1172/1172 1019/1019 1232/1232
f 1251/1251 1248/1248 1159/1159
f 1175/1175 1222/1222 1144/1144
f 1160/1160 1260/1260 1148/1148
f 1157/1157 1251/1251 1159/1159
f 965/965 963/963 1157/1157
f 1195/1195 1223/1223 1174/1174
f 1186/1186 1253/1253 1211/1211
f 1160/1160 1263/1263 1257/1257
f 1186/1186 1255/1255 1151/1151
f 1181/1181 1219/1219 1171/1171
f 1154/1154 1152/1152 1155/1155
f 1148/1148 1258/1258 1149/1149
f 1149/1149 1258/1258 1156/1156
f 1249/1249 1208/1208 1267/1267
f 935/935 1259/1259 1263/1263
f 978/978 991/991 1185/1185
f 1159/1159 1248/1248 1180/1180
f 1186/1186 1211/1211 1255/1255
f 1173/1173 1254/1254 1261/1261
f 1156/1156 1252/1252 908/908
f 1252/1252 909/909 908/908
f 935/935 1263/1263 1160/1160
f 1193/1193 1199/1199 1000/1000
f 1173/1173 1261/1261 1153/1153
f 1185/1185 1253/1253 1186/1186
f 1268/1268 1102/1102 1061/1061
f 1169/1169 1160/1160 1148/1148
f 1165/1165 1167/1167 1234/1234
f 960/960 1254/1254 1173/1173
f 1153/1153 1261/1261 1154/1154
f 1180/1180 1238/1238 1181/1181
f 1269/1269 1056/1056 1048/1048
f 1270/1270 1047/1047 1046/1046
f 1271/1271 1270/1270 1046/1046
f 1269/1269 1048/1048 1272/1272
f 1271/1271 1046/1046 1064/1064
f 1272/1272 1048/1048 1052/1052
f 1064/1064 1045/1045 1067/1067
f 1273/1273 1272/1272 1052/1052
f 1271/1271 1064/1064 1274/1274
f 1055/1055 1275/1275 1276/1276
f 1265/1265 1226/1226 1057/1057
f 1051/1051 1066/1066 1277/1277
f 1262/1262 1216/1216 1113/1113
f 1064/1064 1067/1067 1274/1274
f 1274/1274 1067/1067 1069/1069
f 1278/1278 1051/1051 1277/1277
f 1279/1279 1052/1052 1051/1051
f 1273/1273 1052/1052 1279/1279
f 1280/1280 1217/1217 1166/1166
f 1279/1279 1051/1051 1278/1278
f 1281/1281 1274/1274 1069/1069
f 1281/1281 1069/1069 1282/1282
f 1256/1256 964/964 967/967
f 1283/1283 939/939 1044/1044
f 1283/1283 1044/1044 1047/1047
f 1268/1268 918/918 1102/1102
f 1164/1164 1284/1284 1053/1053
f 1282/1282 1069/1069 1056/1056
f 1282/1282 1056/1056 1269/1269
f 1283/1283 1047/1047 1270/1270
f 1285/1285 1283/1283 1270/1270
f 1286/1286 1287/1287 1288/1288
f 1289/1289 1290/1290 1291/1291
f 1292/1292 1290/1290 1289/1289
f 1291/1291 1290/1290 1293/1293
f 1285/1285 1294/1294 1287/1287
f 1286/1286 1288/1288 1295/1295
f 1296/1296 1093/1093 1095/1095
f 1292/1292 1295/1295 1297/1297
f 1292/1292 1297/1297 1290/1290
f 1293/1293 1290/1290 1298/1298
f 1294/1294 1285/1285 1270/1270
f 915/915 1299/1299 1300/1300
f 1300/1300 1299/1299 1301/1301
f 1302/1302 1303/1303 1301/1301
f 1290/1290 1297/1297 1304/1304
f 1302/1302 1305/1305 1303/1303
f 1306/1306 1307/1307 934/934
f 937/937 1306/1306 934/934
f 1305/1305 1059/1059 1303/1303
f 1302/1302 1301/1301 1308/1308
f 1288/1288 1309/1309 1295/1295
f 914/914 1307/1307 1299/1299
f 924/924 1307/1307 914/914
f 1267/1267 1208/1208 1207/1207
f 1298/1298 1290/1290 1304/1304
f 1307/1307 924/924 934/934
f 1295/1295 1309/1309 1297/1297
f 1310/1310 1311/1311 1266/1266
f 1307/1307 1306/1306 1308/1308
f 1266/1266 1292/1292 1289/1289
f 1308/1308 1306/1306 1312/1312
f 1288/1288 1294/1294 1313/1313
f 1292/1292 1266/1266 1311/1311
f 1309/1309 1288/1288 1313/1313
f 1314/1314 1305/1305 1312/1312
f 1305/1305 1314/1314 1315/1315
f 1312/1312 1306/1306 1316/1316
f 1314/1314 1311/1311 1315/1315
f 1304/1304 1297/1297 1317/1317
f 938/938 1283/1283 1318/1318
f 1292/1292 1311/1311 1295/1295
f 1318/1318 1306/1306 937/937
f 1318/1318 1316/1316 1306/1306
f 1295/1295 1311/1311 1286/1286
f 937/937 938/938 1318/1318
f 1286/1286 1311/1311 1314/1314
f 1286/1286 1314/1314 1287/1287
f 1285/1285 1316/1316 1318/1318
f 1285/1285 1287/1287 1316/1316
f 1285/1285 1318/1318 1283/1283
f 1297/1297 1309/1309 1317/1317
f 1287/1287 1294/1294 1288/1288
f 1309/1309 1313/1313 1319/1319
f 914/914 1299/1299 915/915
f 1299/1299 1308/1308 1301/1301
f 1294/1294 1270/1270 1313/1313
f 1299/1299 1307/1307 1308/1308
f 1305/1305 1302/1302 1312/1312
f 1312/1312 1302/1302 1308/1308
f 1315/1315 1310/1310 1059/1059
f 1315/1315 1059/1059 1305/1305
f 1313/1313 1270/1270 1271/1271
f 1315/1315 1311/1311 1310/1310
f 1312/1312 1316/1316 1314/1314
f 1287/1287 1314/1314 1316/1316
f 939/939 1283/1283 938/938
f 1320/1320 1321/1321 1322/1322
f 1323/1323 1271/1271 1274/1274
f 1319/1319 1313/1313 1323/1323
f 1324/1324 1320/1320 1322/1322
f 944/944 936/936 1229/1229
f 1320/1320 1319/1319 1325/1325
f 1320/1320 1325/1325 1321/1321
f 1321/1321 1325/1325 1323/1323
f 1317/1317 1319/1319 1320/1320
f 1326/1326 1323/1323 1274/1274
f 1304/1304 1317/1317 1320/1320
f 1298/1298 1304/1304 1324/1324
f 1321/1321 1323/1323 1326/1326
f 1191/1191 1322/1322 1327/1327
f 1293/1293 1298/1298 1191/1191
f 1309/1309 1319/1319 1317/1317
f 1327/1327 1322/1322 1328/1328
f 1320/1320 1324/1324 1304/1304
f 1298/1298 1322/1322 1191/1191
f 1298/1298 1324/1324 1322/1322
f 1323/1323 1313/1313 1271/1271
f 1319/1319 1323/1323 1325/1325
f 1094/1094 1329/1329 1330/1330
f 1094/1094 1330/1330 1095/1095
f 1095/1095 1330/1330 1331/1331
f 1138/1138 915/915 1300/1300
f 1057/1057 1310/1310 1266/1266
f 1328/1328 1322/1322 1332/1332
f 1332/1332 1333/1333 1329/1329
f 1334/1334 1282/1282 1335/1335
f 1094/1094 1332/1332 1329/1329
f 1333/1333 1336/1336 1279/1279
f 1268/1268 927/927 918/918
f 1337/1337 1279/1279 1278/1278
f 1332/1332 1334/1334 1335/1335
f 1335/1335 1269/1269 1272/1272
f 1328/1328 1332/1332 1338/1338
f 1333/1333 1279/1279 1339/1339
f 1329/1329 1333/1333 1339/1339
f 1327/1327 1328/1328 1133/1133
f 1279/1279 1337/1337 1339/1339
f 1335/1335 1272/1272 1336/1336
f 1133/1133 1328/1328 1338/1338
f 1340/1340 1216/1216 1262/1262
f 1336/1336 1272/1272 1273/1273
f 1329/1329 1339/1339 1330/1330
f 1332/1332 1335/1335 1333/1333
f 1336/1336 1273/1273 1279/1279
f 1133/1133 1338/1338 1094/1094
f 1274/1274 1281/1281 1334/1334
f 1094/1094 1338/1338 1332/1332
f 1326/1326 1274/1274 1334/1334
f 1333/1333 1335/1335 1336/1336
f 1334/1334 1281/1281 1282/1282
f 1326/1326 1341/1341 1321/1321
f 1341/1341 1326/1326 1334/1334
f 1321/1321 1332/1332 1322/1322
f 1321/1321 1341/1341 1332/1332
f 1335/1335 1282/1282 1269/1269
f 1332/1332 1341/1341 1334/1334
f 1342/1342 1343/1343 1344/1344
f 1345/1345 1162/1162 1164/1164
f 1346/1346 1037/1037 1347/1347
f 1347/1347 1037/1037 1030/1030
f 1346/1346 1347/1347 1342/1342
f 1022/1022 1348/1348 1030/1030
f 1265/1265 1262/1262 1226/1226
f 1021/1021 1349/1349 1348/1348
f 1344/1344 1343/1343 1350/1350
f 1348/1348 1349/1349 1343/1343
f 1351/1351 1352/1352 1344/1344
f 1353/1353 1351/1351 1344/1344
f 1348/1348 1342/1342 1347/1347
f 1344/1344 1350/1350 1353/1353
f 1342/1342 1348/1348 1343/1343
f 1342/1342 1344/1344 1352/1352
f 1352/1352 1354/1354 1355/1355
f 1347/1347 1030/1030 1348/1348
f 1352/1352 1351/1351 1354/1354
f 1022/1022 1021/1021 1348/1348
f 1353/1353 1356/1356 1357/1357
f 1353/1353 1357/1357 1351/1351
f 1358/1358 1359/1359 1355/1355
f 1359/1359 1346/1346 1352/1352
f 1346/1346 1358/1358 1039/1039
f 1037/1037 1346/1346 1025/1025
f 1358/1358 1346/1346 1359/1359
f 1346/1346 1039/1039 1025/1025
f 1041/1041 1039/1039 1358/1358
f 1359/1359 1352/1352 1355/1355
f 1346/1346 1342/1342 1352/1352
f 1355/1355 1354/1354 1360/1360
f 1354/1354 1361/1361 1360/1360
f 1354/1354 1351/1351 1361/1361
f 1351/1351 1357/1357 1361/1361
f 1032/1032 1040/1040 1362/1362
f 1032/1032 1362/1362 1042/1042
f 1040/1040 1363/1363 1362/1362
f 1040/1040 1364/1364 1363/1363
f 1040/1040 1041/1041 1364/1364
f 1041/1041 1365/1365 1364/1364
f 1041/1041 1358/1358 1365/1365
f 1358/1358 1355/1355 1365/1365
f 1053/1053 1055/1055 1366/1366
f 944/944 1229/1229 1228/1228
f 1355/1355 1360/1360 1365/1365
f 1367/1367 1368/1368 1369/1369
f 1370/1370 1371/1371 1372/1372
f 1373/1373 1374/1374 1375/1375
f 1376/1376 1111/1111 1370/1370
f 1367/1367 1377/1377 1372/1372
f 1378/1378 1379/1379 1380/1380
f 1247/1247 1280/1280 1166/1166
f 1370/1370 1111/1111 1371/1371
f 1381/1381 1382/1382 1383/1383
f 1374/1374 1373/1373 1384/1384
f 1340/1340 1177/1177 1216/1216
f 1372/1372 1368/1368 1367/1367
f 1385/1385 1386/1386 1387/1387
f 1381/1381 1383/1383 1388/1388
f 1247/1247 1166/1166 1165/1165
f 1369/1369 1389/1389 1384/1384
f 1383/1383 1382/1382 1390/1390
f 1111/1111 1391/1391 1371/1371
f 1392/1392 1386/1386 1393/1393
f 1390/1390 1394/1394 1383/1383
f 1372/1372 1378/1378 1368/1368
f 1395/1395 1396/1396 1390/1390
f 1397/1397 1398/1398 1399/1399
f 1400/1400 1401/1401 1397/1397
f 1289/1289 1264/1264 1266/1266
f 1394/1394 1390/1390 1402/1402
f 1385/1385 1403/1403 1393/1393
f 1394/1394 1402/1402 1404/1404
f 1374/1374 1405/1405 1382/1382
f 1368/1368 1380/1380 1389/1389
f 1371/1371 1406/1406 1407/1407
f 1384/1384 1389/1389 1405/1405
f 1368/1368 1378/1378 1380/1380
f 1408/1408 1387/1387 1381/1381
f 1385/1385 1409/1409 1403/1403
f 1405/1405 1389/1389 1380/1380
f 1378/1378 1407/1407 1379/1379
f 1396/1396 1410/1410 1411/1411
f 1411/1411 1410/1410 1412/1412
f 1411/1411 1412/1412 1365/1365
f 1407/1407 1413/1413 1379/1379
f 1405/1405 1390/1390 1382/1382
f 1412/1412 1364/1364 1365/1365
f 1411/1411 1365/1365 1402/1402
f 1380/1380 1410/1410 1395/1395
f 1409/1409 1399/1399 1414/1414
f 1415/1415 1404/1404 1402/1402
f 1415/1415 1402/1402 1416/1416
f 1383/1383 1400/1400 1388/1388
f 1402/1402 1365/1365 1416/1416
f 1365/1365 1360/1360 1416/1416
f 1360/1360 1361/1361 1416/1416
f 1388/1388 1400/1400 1397/1397
f 1165/1165 1234/1234 1239/1239
f 1396/1396 1402/1402 1390/1390
f 1401/1401 1398/1398 1397/1397
f 1413/1413 1043/1043 1417/1417
f 1400/1400 1418/1418 1401/1401
f 1256/1256 1177/1177 1340/1340
f 1394/1394 1404/1404 1418/1418
f 1391/1391 1406/1406 1371/1371
f 1417/1417 1412/1412 1379/1379
f 1401/1401 1418/1418 1415/1415
f 1043/1043 904/904 1042/1042
f 1419/1419 1420/1420 1421/1421
f 1421/1421 1420/1420 1422/1422
f 1423/1423 1264/1264 1289/1289
f 1424/1424 1061/1061 1182/1182
f 1327/1327 1190/1190 1191/1191
f 1422/1422 1425/1425 1421/1421
f 1043/1043 1042/1042 1417/1417
f 1425/1425 1426/1426 1370/1370
f 1362/1362 1412/1412 1417/1417
f 1426/1426 1376/1376 1370/1370
f 1369/1369 1368/1368 1389/1389
f 1404/1404 1415/1415 1418/1418
f 1111/1111 1109/1109 1391/1391
f 1412/1412 1362/1362 1363/1363
f 1374/1374 1384/1384 1405/1405
f 1363/1363 1364/1364 1412/1412
f 1380/1380 1395/1395 1405/1405
f 1381/1381 1388/1388 1408/1408
f 1388/1388 1409/1409 1408/1408
f 1406/1406 1413/1413 1407/1407
f 1427/1427 1428/1428 1429/1429
f 1391/1391 1043/1043 1406/1406
f 1395/1395 1390/1390 1405/1405
f 1265/1265 1340/1340 1262/1262
f 1391/1391 1109/1109 1043/1043
f 1428/1428 1427/1427 1430/1430
f 1409/1409 1388/1388 1399/1399
f 1410/1410 1380/1380 1379/1379
f 1388/1388 1397/1397 1399/1399
f 1396/1396 1395/1395 1410/1410
f 1406/1406 1043/1043 1413/1413
f 1383/1383 1394/1394 1400/1400
f 1394/1394 1418/1418 1400/1400
f 1431/1431 964/964 1256/1256
f 1417/1417 1379/1379 1413/1413
f 1432/1432 1433/1433 1430/1430
f 1412/1412 1410/1410 1379/1379
f 1396/1396 1411/1411 1402/1402
f 1362/1362 1417/1417 1042/1042
f 1428/1428 1434/1434 1435/1435
f 1436/1436 1429/1429 1428/1428
f 1427/1427 1419/1419 1432/1432
f 1430/1430 1427/1427 1432/1432
f 1437/1437 1369/1369 1433/1433
f 1419/1419 1421/1421 1432/1432
f 1434/1434 1438/1438 1435/1435
f 1421/1421 1437/1437 1432/1432
f 1428/1428 1430/1430 1434/1434
f 1007/1007 944/944 1228/1228
f 1437/1437 1433/1433 1432/1432
f 1437/1437 1421/1421 1439/1439
f 1421/1421 1425/1425 1439/1439
f 1435/1435 1386/1386 1392/1392
f 1424/1424 1268/1268 1061/1061
f 1430/1430 1433/1433 1373/1373
f 1434/1434 1430/1430 1373/1373
f 1284/1284 1209/1209 1440/1440
f 1438/1438 1386/1386 1435/1435
f 1436/1436 1428/1428 1435/1435
f 1438/1438 1387/1387 1386/1386
f 1134/1134 1441/1441 1327/1327
f 1375/1375 1387/1387 1438/1438
f 1373/1373 1375/1375 1434/1434
f 1375/1375 1438/1438 1434/1434
f 1442/1442 1265/1265 1264/1264
f 1439/1439 1367/1367 1437/1437
f 1377/1377 1439/1439 1425/1425
f 1435/1435 1392/1392 1436/1436
f 1371/1371 1378/1378 1372/1372
f 1433/1433 1369/1369 1373/1373
f 1367/1367 1439/1439 1377/1377
f 1377/1377 1425/1425 1370/1370
f 1437/1437 1367/1367 1369/1369
f 1387/1387 1408/1408 1385/1385
f 1387/1387 1375/1375 1382/1382
f 1280/1280 957/957 1217/1217
f 1393/1393 1386/1386 1385/1385
f 1375/1375 1374/1374 1382/1382
f 1382/1382 1381/1381 1387/1387
f 1443/1443 1228/1228 1249/1249
f 1378/1378 1371/1371 1407/1407
f 1369/1369 1384/1384 1373/1373
f 1377/1377 1370/1370 1372/1372
f 1385/1385 1408/1408 1409/1409
f 1444/1444 1415/1415 1361/1361
f 1445/1445 1446/1446 1444/1444
f 1447/1447 1445/1445 1448/1448
f 1361/1361 1415/1415 1416/1416
f 1449/1449 1444/1444 1361/1361
f 1450/1450 1448/1448 1445/1445
f 1444/1444 1446/1446 1401/1401
f 1401/1401 1415/1415 1444/1444
f 1446/1446 1398/1398 1401/1401
f 1450/1450 1445/1445 1444/1444
f 1449/1449 1361/1361 1357/1357
f 1451/1451 927/927 1268/1268
f 1445/1445 1452/1452 1446/1446
f 1452/1452 1445/1445 1447/1447
f 1450/1450 1444/1444 1449/1449
f 1453/1453 1422/1422 1420/1420
f 1196/1196 1198/1198 1441/1441
f 1454/1454 1420/1420 1455/1455
f 1456/1456 1454/1454 1457/1457
f 1442/1442 1340/1340 1265/1265
f 1456/1456 1457/1457 1458/1458
f 1459/1459 1460/1460 1461/1461
f 1128/1128 1105/1105 1462/1462
f 1463/1463 1458/1458 1464/1464
f 1465/1465 1454/1454 1456/1456
f 1458/1458 1466/1466 1467/1467
f 1207/1207 1209/1209 1284/1284
f 1468/1468 1464/1464 1469/1469
f 1464/1464 1458/1458 1467/1467
f 1470/1470 1456/1456 1121/1121
f 1128/1128 1106/1106 1105/1105
f 1123/1123 1471/1471 1472/1472
f 1123/1123 1472/1472 1124/1124
f 1473/1473 1426/1426 1425/1425
f 1376/1376 1105/1105 1111/1111
f 1423/1423 1442/1442 1264/1264
f 1467/1467 1466/1466 1474/1474
f 1459/1459 1475/1475 1460/1460
f 1467/1467 1476/1476 1472/1472
f 1454/1454 1455/1455 1457/1457
f 1455/1455 1419/1419 1477/1477
f 1457/1457 1455/1455 1466/1466
f 1276/1276 1134/1134 1093/1093
f 1478/1478 1473/1473 1465/1465
f 1469/1469 1464/1464 1471/1471
f 1479/1479 1478/1478 1470/1470
f 1467/1467 1474/1474 1476/1476
f 1115/1115 1470/1470 1121/1121
f 1419/1419 1427/1427 1477/1477
f 1480/1480 1469/1469 1125/1125
f 1114/1114 1461/1461 1115/1115
f 1478/1478 1481/1481 1473/1473
f 1459/1459 1461/1461 1114/1114
f 1473/1473 1422/1422 1453/1453
f 1481/1481 1462/1462 1426/1426
f 1482/1482 964/964 1431/1431
f 1118/1118 1468/1468 1127/1127
f 1469/1469 1471/1471 1123/1123
f 1483/1483 1468/1468 1480/1480
f 1115/1115 1479/1479 1470/1470
f 1115/1115 1461/1461 1479/1479
f 1472/1472 1484/1484 1124/1124
f 1453/1453 1420/1420 1454/1454
f 1456/1456 1458/1458 1463/1463
f 1466/1466 1477/1477 1474/1474
f 1468/1468 1469/1469 1480/1480
f 1118/1118 1463/1463 1468/1468
f 1465/1465 1473/1473 1453/1453
f 1477/1477 1429/1429 1474/1474
f 1117/1117 1121/1121 1118/1118
f 1475/1475 1462/1462 1460/1460
f 1455/1455 1477/1477 1466/1466
f 1105/1105 1104/1104 1111/1111
f 1470/1470 1478/1478 1465/1465
f 1465/1465 1453/1453 1454/1454
f 1462/1462 1376/1376 1426/1426
f 1475/1475 1128/1128 1462/1462
f 1470/1470 1465/1465 1456/1456
f 1477/1477 1427/1427 1429/1429
f 1118/1118 1456/1456 1463/1463
f 1420/1420 1419/1419 1455/1455
f 1468/1468 1483/1483 1127/1127
f 1461/1461 1460/1460 1481/1481
f 1461/1461 1481/1481 1478/1478
f 1125/1125 1469/1469 1123/1123
f 1461/1461 1478/1478 1479/1479
f 1462/1462 1105/1105 1376/1376
f 1429/1429 1436/1436 1474/1474
f 1471/1471 1467/1467 1472/1472
f 1458/1458 1457/1457 1466/1466
f 1431/1431 1256/1256 1340/1340
f 1464/1464 1467/1467 1471/1471
f 1463/1463 1464/1464 1468/1468
f 1460/1460 1462/1462 1481/1481
f 1121/1121 1456/1456 1118/1118
f 1473/1473 1425/1425 1422/1422
f 1481/1481 1426/1426 1473/1473
f 1485/1485 1436/1436 1486/1486
f 1487/1487 1488/1488 1489/1489
f 1490/1490 1489/1489 1491/1491
f 1492/1492 1486/1486 1493/1493
f 1494/1494 1495/1495 1496/1496
f 1497/1497 1498/1498 1499/1499
f 1500/1500 1501/1501 1502/1502
f 1503/1503 1504/1504 1505/1505
f 1409/1409 1414/1414 1506/1506
f 1507/1507 1493/1493 1498/1498
f 1490/1490 1487/1487 1489/1489
f 1508/1508 1124/1124 1484/1484
f 1484/1484 1509/1509 1508/1508
f 1509/1509 1484/1484 1510/1510
f 1486/1486 1436/1436 1392/1392
f 1472/1472 1510/1510 1484/1484
f 1472/1472 1476/1476 1511/1511
f 1503/1503 1499/1499 1504/1504
f 1472/1472 1511/1511 1510/1510
f 1488/1488 1512/1512 1489/1489
f 1500/1500 1513/1513 1501/1501
f 1054/1054 1440/1440 1197/1197
f 1514/1514 1515/1515 1506/1506
f 1510/1510 1497/1497 1516/1516
f 1476/1476 1517/1517 1511/1511
f 1398/1398 1452/1452 1488/1488
f 1518/1518 1516/1516 1497/1497
f 1392/1392 1393/1393 1495/1495
f 1493/1493 1486/1486 1494/1494
f 1488/1488 1519/1519 1512/1512
f 1476/1476 1520/1520 1517/1517
f 1486/1486 1392/1392 1494/1494
f 1251/1251 1280/1280 1247/1247
f 1493/1493 1494/1494 1498/1498
f 1520/1520 1476/1476 1474/1474
f 1491/1491 1512/1512 1521/1521
f 1510/1510 1511/1511 1507/1507
f 1510/1510 1507/1507 1497/1497
f 1520/1520 1474/1474 1485/1485
f 1495/1495 1515/1515 1514/1514
f 1514/1514 1506/1506 1490/1490
f 1520/1520 1492/1492 1517/1517
f 1504/1504 1500/1500 1505/1505
f 1403/1403 1409/1409 1515/1515
f 1398/1398 1446/1446 1452/1452
f 955/955 964/964 1482/1482
f 1495/1495 1514/1514 1496/1496
f 1511/1511 1517/1517 1507/1507
f 1496/1496 1490/1490 1513/1513
f 1505/1505 1500/1500 1502/1502
f 1513/1513 1522/1522 1501/1501
f 1239/1239 1247/1247 1165/1165
f 1495/1495 1393/1393 1515/1515
f 1515/1515 1409/1409 1506/1506
f 1452/1452 1519/1519 1488/1488
f 1506/1506 1414/1414 1487/1487
f 1491/1491 1489/1489 1512/1512
f 1513/1513 1490/1490 1522/1522
f 1520/1520 1485/1485 1492/1492
f 1498/1498 1494/1494 1496/1496
f 1498/1498 1496/1496 1499/1499
f 1490/1490 1506/1506 1487/1487
f 1496/1496 1514/1514 1490/1490
f 1474/1474 1436/1436 1485/1485
f 1485/1485 1486/1486 1492/1492
f 1522/1522 1490/1490 1491/1491
f 1414/1414 1399/1399 1488/1488
f 1517/1517 1492/1492 1493/1493
f 1517/1517 1493/1493 1507/1507
f 1519/1519 1523/1523 1512/1512
f 1393/1393 1403/1403 1515/1515
f 1524/1524 1164/1164 1053/1053
f 1504/1504 1499/1499 1513/1513
f 1504/1504 1513/1513 1500/1500
f 1399/1399 1398/1398 1488/1488
f 1494/1494 1392/1392 1495/1495
f 1414/1414 1488/1488 1487/1487
f 1452/1452 1447/1447 1519/1519
f 1522/1522 1491/1491 1501/1501
f 1507/1507 1498/1498 1497/1497
f 1447/1447 1523/1523 1519/1519
f 1499/1499 1496/1496 1513/1513
f 1497/1497 1499/1499 1503/1503
f 1356/1356 1525/1525 1357/1357
f 1526/1526 1527/1527 1491/1491
f 1357/1357 1450/1450 1449/1449
f 1447/1447 1528/1528 1523/1523
f 1350/1350 1343/1343 1529/1529
f 1529/1529 1343/1343 1345/1345
f 1448/1448 1528/1528 1447/1447
f 1502/1502 1530/1530 1505/1505
f 1531/1531 1502/1502 1501/1501
f 1510/1510 1516/1516 1509/1509
f 1162/1162 1345/1345 1343/1343
f 1503/1503 1505/1505 1532/1532
f 1162/1162 1343/1343 1349/1349
f 1527/1527 1531/1531 1501/1501
f 1503/1503 1532/1532 1497/1497
f 1491/1491 1527/1527 1501/1501
f 1233/1233 1349/1349 1021/1021
f 1533/1533 1431/1431 1340/1340
f 1233/1233 1021/1021 1534/1534
f 1535/1535 1536/1536 1537/1537
f 1538/1538 1536/1536 1535/1535
f 1537/1537 1536/1536 1539/1539
f 1540/1540 1528/1528 1448/1448
f 1541/1541 1450/1450 1357/1357
f 1538/1538 1541/1541 1536/1536
f 1541/1541 1542/1542 1536/1536
f 1541/1541 1357/1357 1525/1525
f 1541/1541 1525/1525 1542/1542
f 1448/1448 1538/1538 1540/1540
f 1239/1239 1234/1234 1534/1534
f 1007/1007 1228/1228 1443/1443
f 1535/1535 1540/1540 1538/1538
f 1448/1448 1450/1450 1538/1538
f 1543/1543 1539/1539 1536/1536
f 1536/1536 1542/1542 1543/1543
f 1544/1544 1540/1540 1535/1535
f 1538/1538 1450/1450 1541/1541
f 1331/1331 1330/1330 1545/1545
f 1339/1339 1337/1337 1546/1546
f 1330/1330 1547/1547 1545/1545
f 1337/1337 1278/1278 1548/1548
f 1337/1337 1548/1548 1546/1546
f 1330/1330 1339/1339 1547/1547
f 1339/1339 1546/1546 1547/1547
f 1278/1278 1277/1277 1548/1548
f 1277/1277 1098/1098 1548/1548
f 1245/1245 1280/1280 1251/1251
f 1277/1277 1066/1066 1098/1098
f 1066/1066 1099/1099 1098/1098
f 1533/1533 1482/1482 1431/1431
f 1066/1066 1065/1065 1099/1099
f 1065/1065 1073/1073 1099/1099
f 1065/1065 1070/1070 1073/1073
f 1549/1549 1550/1550 1551/1551
f 1096/1096 1097/1097 1087/1087
f 1552/1552 1549/1549 1553/1553
f 1554/1554 1098/1098 1097/1097
f 1097/1097 1555/1555 1554/1554
f 1556/1556 1546/1546 1548/1548
f 1553/1553 1549/1549 1557/1557
f 1556/1556 1553/1553 1546/1546
f 1549/1549 1558/1558 1557/1557
f 1559/1559 1560/1560 1561/1561
f 1554/1554 1555/1555 1556/1556
f 1556/1556 1548/1548 1098/1098
f 1096/1096 1101/1101 1562/1562
f 1096/1096 1562/1562 1563/1563
f 1562/1562 1564/1564 1563/1563
f 1564/1564 1561/1561 1565/1565
f 1556/1556 1098/1098 1554/1554
f 1529/1529 1164/1164 1524/1524
f 1561/1561 1560/1560 1565/1565
f 1566/1566 1340/1340 1442/1442
f 1564/1564 1565/1565 1563/1563
f 1563/1563 1567/1567 1096/1096
f 1552/1552 1565/1565 1549/1549
f 1366/1366 1055/1055 1276/1276
f 1566/1566 1533/1533 1340/1340
f 1560/1560 1550/1550 1565/1565
f 1553/1553 1547/1547 1546/1546
f 1424/1424 1451/1451 1268/1268
f 1553/1553 1545/1545 1547/1547
f 1553/1553 1557/1557 1545/1545
f 1567/1567 1097/1097 1096/1096
f 1550/1550 1549/1549 1565/1565
f 1567/1567 1555/1555 1097/1097
f 1545/1545 1557/1557 1539/1539
f 1563/1563 1565/1565 1552/1552
f 1555/1555 1552/1552 1553/1553
f 1563/1563 1555/1555 1567/1567
f 1563/1563 1552/1552 1555/1555
f 1555/1555 1553/1553 1556/1556
f 1568/1568 1136/1136 1128/1128
f 1128/1128 1136/1136 1110/1110
f 1569/1569 1475/1475 1459/1459
f 1568/1568 1135/1135 1136/1136
f 1569/1569 1459/1459 1570/1570
f 1569/1569 1571/1571 1475/1475
f 1570/1570 1114/1114 1120/1120
f 1570/1570 1459/1459 1114/1114
f 1475/1475 1568/1568 1128/1128
f 1572/1572 1423/1423 1289/1289
f 1475/1475 1571/1571 1568/1568
f 1573/1573 1574/1574 1575/1575
f 1576/1576 1574/1574 1573/1573
f 1577/1577 1574/1574 1576/1576
f 1578/1578 1577/1577 1576/1576
f 1579/1579 1580/1580 1581/1581
f 1582/1582 1576/1576 1583/1583
f 1245/1245 957/957 1280/1280
f 1583/1583 1576/1576 1573/1573
f 1584/1584 1576/1576 1582/1582
f 1585/1585 1579/1579 1586/1586
f 1585/1585 1586/1586 1587/1587
f 1588/1588 1582/1582 1583/1583
f 1579/1579 1589/1589 1590/1590
f 1590/1590 1589/1589 1591/1591
f 1592/1592 1589/1589 1579/1579
f 1593/1593 1594/1594 1595/1595
f 1596/1596 1592/1592 1585/1585
f 1585/1585 1592/1592 1579/1579
f 1597/1597 1590/1590 1598/1598
f 1579/1579 1590/1590 1580/1580
f 1580/1580 1590/1590 1597/1597
f 1594/1594 1596/1596 1585/1585
f 1599/1599 1596/1596 1600/1600
f 1600/1600 1596/1596 1601/1601
f 1601/1601 1596/1596 1602/1602
f 1593/1593 1596/1596 1594/1594
f 1602/1602 1596/1596 1593/1593
f 1603/1603 1583/1583 1573/1573
f 1604/1604 1598/1598 1605/1605
f 1597/1597 1598/1598 1604/1604
f 1606/1606 1249/1249 1267/1267
f 1607/1607 1603/1603 1573/1573
f 1575/1575 1593/1593 1608/1608
f 1573/1573 1575/1575 1609/1609
f 1610/1610 1575/1575 1611/1611
f 1609/1609 1575/1575 1610/1610
f 1612/1612 1601/1601 1602/1602
f 1580/1580 1597/1597 1613/1613
f 1614/1614 1597/1597 1615/1615
f 1613/1613 1597/1597 1614/1614
f 1616/1616 1609/1609 1610/1610
f 1617/1617 1609/1609 1616/1616
f 1345/1345 1164/1164 1529/1529
f 1574/1574 1602/1602 1575/1575
f 1618/1618 1617/1617 1616/1616
f 1575/1575 1602/1602 1593/1593
f 1619/1619 1602/1602 1574/1574
f 1613/1613 1614/1614 1620/1620
f 1620/1620 1614/1614 1621/1621
f 1091/1091 1584/1584 1582/1582
f 1091/1091 1089/1089 1584/1584
f 1296/1296 1276/1276 1093/1093
f 1089/1089 1078/1078 1584/1584
f 1078/1078 1576/1576 1584/1584
f 1245/1245 959/959 957/957
f 1078/1078 1077/1077 1576/1576
f 1077/1077 1578/1578 1576/1576
f 1077/1077 1082/1082 1578/1578
f 1082/1082 1577/1577 1578/1578
f 1082/1082 1574/1574 1577/1577
f 1082/1082 1135/1135 1574/1574
f 1135/1135 1568/1568 1574/1574
f 1568/1568 1619/1619 1574/1574
f 1568/1568 1571/1571 1619/1619
f 1571/1571 1602/1602 1619/1619
f 1441/1441 1182/1182 1190/1190
f 1571/1571 1569/1569 1602/1602
f 1569/1569 1612/1612 1602/1602
f 1569/1569 1570/1570 1601/1601
f 1569/1569 1601/1601 1612/1612
f 1570/1570 1600/1600 1601/1601
f 1570/1570 1120/1120 1600/1600
f 1120/1120 1599/1599 1600/1600
f 1120/1120 1116/1116 1599/1599
f 1116/1116 1596/1596 1599/1599
f 1116/1116 1122/1122 1596/1596
f 1122/1122 1592/1592 1596/1596
f 1572/1572 1289/1289 1291/1291
f 1122/1122 1117/1117 1592/1592
f 1117/1117 1589/1589 1592/1592
f 1117/1117 1119/1119 1591/1591
f 1117/1117 1591/1591 1589/1589
f 1119/1119 1590/1590 1591/1591
f 1119/1119 1127/1127 1590/1590
f 1127/1127 1598/1598 1590/1590
f 1127/1127 1483/1483 1598/1598
f 1101/1101 1100/1100 1603/1603
f 1356/1356 1366/1366 1276/1276
f 1483/1483 1605/1605 1598/1598
f 1483/1483 1480/1480 1605/1605
f 1100/1100 1583/1583 1603/1603
f 1480/1480 1604/1604 1605/1605
f 1100/1100 1103/1103 1588/1588
f 1100/1100 1588/1588 1583/1583
f 1480/1480 1125/1125 1604/1604
f 1125/1125 1597/1597 1604/1604
f 1125/1125 1124/1124 1597/1597
f 1103/1103 1092/1092 1588/1588
f 1092/1092 1582/1582 1588/1588
f 1353/1353 1053/1053 1366/1366
f 1092/1092 1091/1091 1582/1582
f 1124/1124 1615/1615 1597/1597
f 1491/1491 1521/1521 1526/1526
f 1526/1526 1521/1521 1622/1622
f 1523/1523 1623/1623 1622/1622
f 1540/1540 1624/1624 1528/1528
f 1625/1625 955/955 1482/1482
f 1528/1528 1623/1623 1523/1523
f 1521/1521 1512/1512 1622/1622
f 1528/1528 1624/1624 1623/1623
f 1518/1518 1497/1497 1532/1532
f 1512/1512 1523/1523 1622/1622
f 1532/1532 1580/1580 1613/1613
f 1532/1532 1505/1505 1580/1580
f 1505/1505 1581/1581 1580/1580
f 1505/1505 1530/1530 1581/1581
f 1530/1530 1579/1579 1581/1581
f 1530/1530 1502/1502 1579/1579
f 1502/1502 1586/1586 1579/1579
f 1502/1502 1531/1531 1586/1586
f 1531/1531 1587/1587 1586/1586
f 1531/1531 1527/1527 1587/1587
f 1527/1527 1585/1585 1587/1587
f 1527/1527 1526/1526 1585/1585
f 1526/1526 1594/1594 1585/1585
f 1526/1526 1595/1595 1594/1594
f 1526/1526 1622/1622 1595/1595
f 1622/1622 1593/1593 1595/1595
f 1622/1622 1623/1623 1593/1593
f 1623/1623 1608/1608 1593/1593
f 1623/1623 1624/1624 1575/1575
f 1623/1623 1575/1575 1608/1608
f 1624/1624 1540/1540 1611/1611
f 1624/1624 1611/1611 1575/1575
f 1540/1540 1544/1544 1611/1611
f 1544/1544 1610/1610 1611/1611
f 1233/1233 1204/1204 1162/1162
f 1544/1544 1626/1626 1610/1610
f 1626/1626 1616/1616 1610/1610
f 1626/1626 1559/1559 1616/1616
f 1559/1559 1618/1618 1616/1616
f 1559/1559 1617/1617 1618/1618
f 1559/1559 1561/1561 1617/1617
f 1267/1267 1207/1207 1163/1163
f 1627/1627 1007/1007 1443/1443
f 1561/1561 1609/1609 1617/1617
f 1561/1561 1573/1573 1609/1609
f 1124/1124 1508/1508 1615/1615
f 1561/1561 1564/1564 1573/1573
f 1508/1508 1509/1509 1614/1614
f 1508/1508 1614/1614 1615/1615
f 1564/1564 1607/1607 1573/1573
f 1509/1509 1516/1516 1621/1621
f 1509/1509 1621/1621 1614/1614
f 1564/1564 1562/1562 1607/1607
f 1562/1562 1603/1603 1607/1607
f 1516/1516 1620/1620 1621/1621
f 1516/1516 1518/1518 1620/1620
f 1562/1562 1101/1101 1603/1603
f 1518/1518 1613/1613 1620/1620
f 1518/1518 1532/1532 1613/1613
f 1558/1558 1551/1551 1537/1537
f 1539/1539 1557/1557 1558/1558
f 1537/1537 1551/1551 1535/1535
f 1423/1423 1566/1566 1442/1442
f 1559/1559 1626/1626 1560/1560
f 1239/1239 1238/1238 1247/1247
f 1537/1537 1539/1539 1558/1558
f 1626/1626 1551/1551 1560/1560
f 1535/1535 1626/1626 1544/1544
f 1551/1551 1626/1626 1535/1535
f 1550/1550 1560/1560 1551/1551
f 1558/1558 1549/1549 1551/1551
f 1095/1095 1331/1331 1539/1539
f 1331/1331 1545/1545 1539/1539
f 1628/1628 1296/1296 1542/1542
f 1296/1296 1543/1543 1542/1542
f 1296/1296 1095/1095 1543/1543
f 1356/1356 1628/1628 1525/1525
f 1628/1628 1542/1542 1525/1525
f 1095/1095 1539/1539 1543/1543
f 1102/1102 954/954 1629/1629
f 1102/1102 918/918 954/954
f 1440/1440 1630/1630 1197/1197
f 1055/1055 1054/1054 1275/1275
f 1229/1229 936/936 1631/1631
f 1102/1102 1629/1629 1062/1062
f 1163/1163 1632/1632 1164/1164
f 1057/1057 1059/1059 1310/1310
f 1534/1534 1234/1234 1233/1233
f 1036/1036 1035/1035 1050/1050
f 1058/1058 1049/1049 1059/1059
f 1164/1164 1632/1632 1284/1284
f 1050/1050 1035/1035 1633/1633
f 1034/1034 973/973 1035/1035
f 1606/1606 1443/1443 1249/1249
f 1229/1229 1631/1631 1208/1208
f 1049/1049 1050/1050 1634/1634
f 1167/1167 1606/1606 1234/1234
f 1034/1034 967/967 973/973
f 1524/1524 1053/1053 1353/1353
f 1183/1183 1063/1063 1062/1062
f 1217/1217 1068/1068 1166/1166
f 1050/1050 1635/1635 1634/1634
f 1049/1049 1303/1303 1059/1059
f 1050/1050 1633/1633 1635/1635
f 1275/1275 1196/1196 1276/1276
f 1630/1630 1451/1451 1424/1424
f 1062/1062 1629/1629 1636/1636
f 1275/1275 1197/1197 1196/1196
f 1629/1629 954/954 1637/1637
f 1209/1209 1630/1630 1440/1440
f 1633/1633 1638/1638 1635/1635
f 1166/1166 1627/1627 1167/1167
f 1166/1166 1068/1068 1627/1627
f 1631/1631 936/936 928/928
f 1625/1625 1482/1482 1533/1533
f 1049/1049 1634/1634 1303/1303
f 1208/1208 1631/1631 1209/1209
f 1035/1035 1639/1639 1633/1633
f 1068/1068 952/952 1627/1627
f 1053/1053 1284/1284 1440/1440
f 1134/1134 1327/1327 1133/1133
f 973/973 980/980 1035/1035
f 1183/1183 1293/1293 1191/1191
f 1636/1636 1629/1629 1640/1640
f 1276/1276 1196/1196 1134/1134
f 1633/1633 1639/1639 1638/1638
f 1183/1183 1062/1062 1293/1293
f 952/952 1007/1007 1627/1627
f 1053/1053 1440/1440 1054/1054
f 1303/1303 1634/1634 1641/1641
f 1062/1062 1636/1636 1293/1293
f 1629/1629 1637/1637 1640/1640
f 1638/1638 1639/1639 1642/1642
f 1209/1209 1631/1631 1630/1630
f 1630/1630 1424/1424 1197/1197
f 1303/1303 1641/1641 1301/1301
f 952/952 947/947 1007/1007
f 1638/1638 1642/1642 1643/1643
f 1628/1628 1276/1276 1296/1296
f 1637/1637 954/954 1625/1625
f 1639/1639 983/983 1642/1642
f 1637/1637 1644/1644 1640/1640
f 1635/1635 1645/1645 1634/1634
f 1635/1635 1638/1638 1645/1645
f 1167/1167 1627/1627 1443/1443
f 1645/1645 1641/1641 1634/1634
f 1645/1645 1638/1638 1643/1643
f 1639/1639 1035/1035 980/980
f 1639/1639 980/980 983/983
f 1636/1636 1640/1640 1572/1572
f 1197/1197 1424/1424 1198/1198
f 1643/1643 1205/1205 1645/1645
f 1645/1645 1300/1300 1641/1641
f 1205/1205 1300/1300 1645/1645
f 1021/1021 1218/1218 1534/1534
f 1198/1198 1424/1424 1182/1182
f 1198/1198 1182/1182 1441/1441
f 1641/1641 1300/1300 1301/1301
f 1234/1234 1606/1606 1204/1204
f 1441/1441 1190/1190 1327/1327
f 1353/1353 1366/1366 1356/1356
f 1631/1631 928/928 1451/1451
f 1637/1637 1625/1625 1644/1644
f 1167/1167 1443/1443 1606/1606
f 1632/1632 1207/1207 1284/1284
f 1643/1643 1642/1642 1201/1201
f 1643/1643 1201/1201 1205/1205
f 1625/1625 954/954 955/955
f 1350/1350 1524/1524 1353/1353
f 1218/1218 1239/1239 1534/1534
f 1636/1636 1291/1291 1293/1293
f 1640/1640 1644/1644 1566/1566
f 1218/1218 1240/1240 1239/1239
f 1632/1632 1163/1163 1207/1207
f 1350/1350 1529/1529 1524/1524
f 1642/1642 984/984 1201/1201
f 1606/1606 1267/1267 1204/1204
f 1642/1642 983/983 984/984
f 928/928 927/927 1451/1451
f 1636/1636 1572/1572 1291/1291
f 1300/1300 1205/1205 1138/1138
f 1349/1349 1233/1233 1162/1162
f 1631/1631 1451/1451 1630/1630
f 1644/1644 1625/1625 1533/1533
f 1640/1640 1566/1566 1572/1572
f 1356/1356 1276/1276 1628/1628
f 1054/1054 1197/1197 1275/1275
f 1196/1196 1441/1441 1134/1134
f 1572/1572 1566/1566 1423/1423
f 1644/1644 1533/1533 1566/1566
f 1204/1204 1267/1267 1163/1163

